dfm_path	pas_unit	surface	form_class	object_path	component_name	component_class	class_unit	inherited	property	kind	wrapper	format	bytes	width	height	bpp	palette_entries	count_prop	count_value	count_default	count_effective	inferred_n	agree	payload_sha	image_file
C:\Projects\M2022\ABOUT_BX.dfm	ABOUT_BX.pas	dfm	TAboutBox		AboutBox	TAboutBox			Icon.Data	single		ico	1150	0	0	0	0							87829c566615525191dec99da56caf00d42442aaa72a701af21d38cb4d4598be	images\87829c566615525191dec99da56caf00d42442aaa72a701af21d38cb4d4598be.ico
C:\Projects\M2022\ABOUT_BX.dfm	ABOUT_BX.pas	dfm	TAboutBox	Panel1.Panel2.cxImage1	cxImage1	TcxImage			Picture.Data	single	TdxSmartImage		6709	0	0	0	0							322222c79f9dffa7339c7209ff1871c6e9446c4d93317cc49750f7a08e23ff38	images\322222c79f9dffa7339c7209ff1871c6e9446c4d93317cc49750f7a08e23ff38.bin
C:\Projects\M2022\ABOUT_BX.dfm	ABOUT_BX.pas	dfm	TAboutBox	Panel3.RzPanel2.RzMenuButton1	RzMenuButton1	TcxButton			OptionsImage.Glyph.Data	single		svg	311	0	0	0	0							ab2833c13bab5dcf5c52f24bf054fc6b3ced8666064942a91cc8b758a6e53202	images\ab2833c13bab5dcf5c52f24bf054fc6b3ced8666064942a91cc8b758a6e53202.svg
C:\Projects\M2022\ActiveUsers.dfm	ActiveUsers.pas	dfm	TfrmActiveUsers		frmActiveUsers	TfrmActiveUsers			Icon.Data	single		ico	1150	0	0	0	0							87829c566615525191dec99da56caf00d42442aaa72a701af21d38cb4d4598be	images\87829c566615525191dec99da56caf00d42442aaa72a701af21d38cb4d4598be.ico
C:\Projects\M2022\ActiveUsers.dfm	ActiveUsers.pas	dfm	TfrmActiveUsers	Panel1.RzMenuButton1	RzMenuButton1	TcxButton			OptionsImage.Glyph.Data	single		svg	311	0	0	0	0							ab2833c13bab5dcf5c52f24bf054fc6b3ced8666064942a91cc8b758a6e53202	images\ab2833c13bab5dcf5c52f24bf054fc6b3ced8666064942a91cc8b758a6e53202.svg
C:\Projects\M2022\ActiveUsers.dfm	ActiveUsers.pas	dfm	TfrmActiveUsers	qry1	qry1	TQuery			Data	single			645	0	0	0	0							a6d12c037bcd03ebd5cabc4fd006d355dccdfacdec86bef55c057dbf2c05e7a9	images\a6d12c037bcd03ebd5cabc4fd006d355dccdfacdec86bef55c057dbf2c05e7a9.bin
C:\Projects\M2022\AskNewToolCounter.dfm	AskNewToolCounter.pas	dfm	TfrmAskNewToolCounter		frmAskNewToolCounter	TfrmAskNewToolCounter			Icon.Data	single		ico	766	0	0	0	0							f97bf4dec162607c66fa8fef3ff7cc32ac8ca761a250890afc6434fabbd46443	images\f97bf4dec162607c66fa8fef3ff7cc32ac8ca761a250890afc6434fabbd46443.ico
C:\Projects\M2022\AskNewToolCounter.dfm	AskNewToolCounter.pas	dfm	TfrmAskNewToolCounter	dxBarManager1.btnExit	btnExit	TdxBarButton			Glyph.Data	single		bmp	1078	16	16	32	0					1		d1f5d5f839df61eb3317ff82c09de63b57e908669df38bd26a96a6dd5b8d7ad7	images\d1f5d5f839df61eb3317ff82c09de63b57e908669df38bd26a96a6dd5b8d7ad7.bmp
C:\Projects\M2022\AskNewToolCounter.dfm	AskNewToolCounter.pas	dfm	TfrmAskNewToolCounter	dxBarManager1.btnMaximize	btnMaximize	TdxBarButton			Glyph.Data	single		bmp	1078	16	16	32	0					1		d979d0b7b77a3576b3ea07e84c5ebda63b9ff26d22cf4e477f50474bd456c113	images\d979d0b7b77a3576b3ea07e84c5ebda63b9ff26d22cf4e477f50474bd456c113.bmp
C:\Projects\M2022\AskNewToolCounter.dfm	AskNewToolCounter.pas	dfm	TfrmAskNewToolCounter	dxBarManager1.btnCancel	btnCancel	TdxBarButton			Glyph.Data	single		bmp	1078	16	16	32	0					1		d8be263f447bb2946a9ecf5e82e5052aebdb1fe0336a015e65e001415629d619	images\d8be263f447bb2946a9ecf5e82e5052aebdb1fe0336a015e65e001415629d619.bmp
C:\Projects\M2022\AssignGroups.dfm	AssignGroups.pas	dfm	TfrmAssignGroups		frmAssignGroups	TfrmAssignGroups			Icon.Data	single		ico	766	0	0	0	0							ff66307bd79fe7ed8b4531ae81ef3204cb3be14d8de48ef8f75f7f95693b8981	images\ff66307bd79fe7ed8b4531ae81ef3204cb3be14d8de48ef8f75f7f95693b8981.ico
C:\Projects\M2022\AssignGroups.dfm	AssignGroups.pas	dfm	TfrmAssignGroups	Panel1.BitBtn1	BitBtn1	TcxButton			OptionsImage.Glyph.Data	strip		bmp	2646	36	18	32	0	OptionsImage.NumGlyphs	2		2	2	Y	cb0963b13f440ab0c3e40c1c2890dbd35a5489c1e92385f22fd2cafd5a266ac5	images\cb0963b13f440ab0c3e40c1c2890dbd35a5489c1e92385f22fd2cafd5a266ac5.bmp
C:\Projects\M2022\AssignGroups.dfm	AssignGroups.pas	dfm	TfrmAssignGroups	qryCurGroups	qryCurGroups	TQuery			Data	single			1400	0	0	0	0							f12baac29e9c09b86d3d9bc1eb6be56c8cacdf1ca85a8063997d68a4d221ba95	images\f12baac29e9c09b86d3d9bc1eb6be56c8cacdf1ca85a8063997d68a4d221ba95.bin
C:\Projects\M2022\AssignGroups.dfm	AssignGroups.pas	dfm	TfrmAssignGroups	dxBarManager1.btnExit	btnExit	TdxBarButton			Glyph.Data	single		bmp	1078	16	16	32	0					1		d1f5d5f839df61eb3317ff82c09de63b57e908669df38bd26a96a6dd5b8d7ad7	images\d1f5d5f839df61eb3317ff82c09de63b57e908669df38bd26a96a6dd5b8d7ad7.bmp
C:\Projects\M2022\AssignGroups.dfm	AssignGroups.pas	dfm	TfrmAssignGroups	dxBarManager1.ddlOperation2	ddlOperation2	TdxBarLookupCombo			Glyph.Data	single		bmp	1078	16	16	32	0					1		bbc4108921a351ec72897a48f2154efc1912a9110484d6471ef4ae5072a64f09	images\bbc4108921a351ec72897a48f2154efc1912a9110484d6471ef4ae5072a64f09.bmp
C:\Projects\M2022\AssignTools2.dfm	AssignTools2.pas	dfm	TfrmAssignTool2		frmAssignTool2	TfrmAssignTool2			Icon.Data	single		ico	1150	0	0	0	0							87829c566615525191dec99da56caf00d42442aaa72a701af21d38cb4d4598be	images\87829c566615525191dec99da56caf00d42442aaa72a701af21d38cb4d4598be.ico
C:\Projects\M2022\AssignTools2.dfm	AssignTools2.pas	dfm	TfrmAssignTool2	dxBarManager1.dllOperation	dllOperation	TdxBarLookupCombo			Glyph.Data	single		bmp	1078	16	16	32	0					1		bbc4108921a351ec72897a48f2154efc1912a9110484d6471ef4ae5072a64f09	images\bbc4108921a351ec72897a48f2154efc1912a9110484d6471ef4ae5072a64f09.bmp
C:\Projects\M2022\AssignTools2.dfm	AssignTools2.pas	dfm	TfrmAssignTool2	dxBarManager1.dllMachine	dllMachine	TdxBarLookupCombo			Glyph.Data	single		bmp	1078	16	16	32	0					1		bbc4108921a351ec72897a48f2154efc1912a9110484d6471ef4ae5072a64f09	images\bbc4108921a351ec72897a48f2154efc1912a9110484d6471ef4ae5072a64f09.bmp
C:\Projects\M2022\AssignTools2.dfm	AssignTools2.pas	dfm	TfrmAssignTool2	dxBarManager1.dxBarBDBNavFirst	dxBarBDBNavFirst	TdxBarDBNavButton			Glyph.Data	single		bmp	1078	16	16	32	0					1		6607ef3da8822b74fe4b0acb662061780182bbfdc0c2cd0056156349e880dd94	images\6607ef3da8822b74fe4b0acb662061780182bbfdc0c2cd0056156349e880dd94.bmp
C:\Projects\M2022\AssignTools2.dfm	AssignTools2.pas	dfm	TfrmAssignTool2	dxBarManager1.dxBarBDBNavPrev	dxBarBDBNavPrev	TdxBarDBNavButton			Glyph.Data	single		bmp	1078	16	16	32	0					1		4506a08e333bf65e1241dc1d265c0ec790826f394a1e425324e80125ac979066	images\4506a08e333bf65e1241dc1d265c0ec790826f394a1e425324e80125ac979066.bmp
C:\Projects\M2022\AssignTools2.dfm	AssignTools2.pas	dfm	TfrmAssignTool2	dxBarManager1.dxBarBDBNavNext	dxBarBDBNavNext	TdxBarDBNavButton			Glyph.Data	single		bmp	1078	16	16	32	0					1		f1e077905d1aeb2d609668d4ed60b14af4e2852c7b1589986eed9a6c045d1e58	images\f1e077905d1aeb2d609668d4ed60b14af4e2852c7b1589986eed9a6c045d1e58.bmp
C:\Projects\M2022\AssignTools2.dfm	AssignTools2.pas	dfm	TfrmAssignTool2	dxBarManager1.dxBarBDBNavLast	dxBarBDBNavLast	TdxBarDBNavButton			Glyph.Data	single		bmp	1078	16	16	32	0					1		fce3745ba5ba9d6f747c39ade70e5bb3a43705557a11a01b17788a0cfe930304	images\fce3745ba5ba9d6f747c39ade70e5bb3a43705557a11a01b17788a0cfe930304.bmp
C:\Projects\M2022\AssignTools2.dfm	AssignTools2.pas	dfm	TfrmAssignTool2	dxBarManager1.dxBarBDBNavDelete	dxBarBDBNavDelete	TdxBarDBNavButton			Glyph.Data	single		bmp	1078	16	16	32	0					1		cb064bbb443aecb6b9c0d982ca7ef5e728083d86e4bf49b09e7330eed54dea24	images\cb064bbb443aecb6b9c0d982ca7ef5e728083d86e4bf49b09e7330eed54dea24.bmp
C:\Projects\M2022\AssignTools2.dfm	AssignTools2.pas	dfm	TfrmAssignTool2	dxBarManager1.dxBarBDBNavEdit	dxBarBDBNavEdit	TdxBarDBNavButton			Glyph.Data	single		bmp	1078	16	16	32	0					1		22e66cc36468572cbdcae127edc7fe7560a3f052fa05202b746f2491175a05cf	images\22e66cc36468572cbdcae127edc7fe7560a3f052fa05202b746f2491175a05cf.bmp
C:\Projects\M2022\AssignTools2.dfm	AssignTools2.pas	dfm	TfrmAssignTool2	dxBarManager1.dxBarBDBNavPost	dxBarBDBNavPost	TdxBarDBNavButton			Glyph.Data	single		bmp	1078	16	16	32	0					1		6212bc92930d93605cc9b6b3699601807dc1633fa573890fdac82faca790c47f	images\6212bc92930d93605cc9b6b3699601807dc1633fa573890fdac82faca790c47f.bmp
C:\Projects\M2022\AssignTools2.dfm	AssignTools2.pas	dfm	TfrmAssignTool2	dxBarManager1.dxBarBDBNavCancel	dxBarBDBNavCancel	TdxBarDBNavButton			Glyph.Data	single		bmp	1078	16	16	32	0					1		975795a643484a5073c6e0223bb36e40eaf96637165ace0ca753593af1dde849	images\975795a643484a5073c6e0223bb36e40eaf96637165ace0ca753593af1dde849.bmp
C:\Projects\M2022\AssignTools2.dfm	AssignTools2.pas	dfm	TfrmAssignTool2	dxBarManager1.dxBarBDBNavRefresh	dxBarBDBNavRefresh	TdxBarDBNavButton			Glyph.Data	single		bmp	1078	16	16	32	0					1		5d9485a834adeff5da0f68c84a8055425e3e8e58c4f93d181d2aa5086a8e39be	images\5d9485a834adeff5da0f68c84a8055425e3e8e58c4f93d181d2aa5086a8e39be.bmp
C:\Projects\M2022\AssignTools2.dfm	AssignTools2.pas	dfm	TfrmAssignTool2	dxBarManager1.btnAddTool	btnAddTool	TdxBarLargeButton			Glyph.Data	strip		bmp	2102	32	16	32	0					2		831b83886402403e60ff0597ba9838f2cbc64d8a59fefa98922841e4e6b3d758	images\831b83886402403e60ff0597ba9838f2cbc64d8a59fefa98922841e4e6b3d758.bmp
C:\Projects\M2022\AssignTools2.dfm	AssignTools2.pas	dfm	TfrmAssignTool2	dxBarManager1.btnAddTool	btnAddTool	TdxBarLargeButton			LargeGlyph.Data	single		bmp	4150	32	32	32	0					1		8d8cdaca5b10749c93ec994adc488d64a63d1b7c74e3191725b50ffeabaa8511	images\8d8cdaca5b10749c93ec994adc488d64a63d1b7c74e3191725b50ffeabaa8511.bmp
C:\Projects\M2022\AssignTools2.dfm	AssignTools2.pas	dfm	TfrmAssignTool2	dxBarManager1.btnRemove	btnRemove	TdxBarLargeButton			LargeGlyph.Data	single		bmp	4150	32	32	32	0					1		57cd650ca2244b524ae4690032d9c5c382804974f09f6f687f32d03d4e03b9ac	images\57cd650ca2244b524ae4690032d9c5c382804974f09f6f687f32d03d4e03b9ac.bmp
C:\Projects\M2022\AssignTools2.dfm	AssignTools2.pas	dfm	TfrmAssignTool2	dxBarManager1.dxBarLargeButton1	dxBarLargeButton1	TdxBarLargeButton			LargeGlyph.Data	single		bmp	4150	32	32	32	0					1		360c9c0647c09d8441f902ea87440b4e262ef05b2fa0ef5bc34f085f7fc824e8	images\360c9c0647c09d8441f902ea87440b4e262ef05b2fa0ef5bc34f085f7fc824e8.bmp
C:\Projects\M2022\AssignTools2.dfm	AssignTools2.pas	dfm	TfrmAssignTool2	dxBarManager1.dxBarButton1	dxBarButton1	TdxBarButton			Glyph.Data	single		bmp	1078	16	16	32	0					1		d1f5d5f839df61eb3317ff82c09de63b57e908669df38bd26a96a6dd5b8d7ad7	images\d1f5d5f839df61eb3317ff82c09de63b57e908669df38bd26a96a6dd5b8d7ad7.bmp
C:\Projects\M2022\AssignTools2.dfm	AssignTools2.pas	dfm	TfrmAssignTool2	qryToolGroups2	qryToolGroups2	TQuery			Data	single			658	0	0	0	0							f14cdb24af20d3ef25a9aa210e5d0d1b0a89737aa928c4354d78be89afd9157a	images\f14cdb24af20d3ef25a9aa210e5d0d1b0a89737aa928c4354d78be89afd9157a.bin
C:\Projects\M2022\AttrInsp.dfm	AttrInsp.pas	dfm	TfrmAttrInsp		frmAttrInsp	TfrmAttrInsp			Icon.Data	single		ico	1150	0	0	0	0							87829c566615525191dec99da56caf00d42442aaa72a701af21d38cb4d4598be	images\87829c566615525191dec99da56caf00d42442aaa72a701af21d38cb4d4598be.ico
C:\Projects\M2022\AttrInsp.dfm	AttrInsp.pas	dfm	TfrmAttrInsp	Panel1.Panel7.BitBtn1	BitBtn1	TBitBtn			Glyph.Data	strip		bmp	2002	36	18	24	0	NumGlyphs	2		2	2	Y	e0eb440933305d2932dcd2291622c4b925879d4f8d95ac5fd930d81a4c5ed4bf	images\e0eb440933305d2932dcd2291622c4b925879d4f8d95ac5fd930d81a4c5ed4bf.bmp
C:\Projects\M2022\AttrInsp.dfm	AttrInsp.pas	dfm	TfrmAttrInsp	Panel1.Panel7.btnPrint	btnPrint	TBitBtn			Glyph.Data	strip		bmp	378	32	16	4	16	NumGlyphs	2		2	2	Y	bd068e92bb24123f46edd6a0fa2c7ddc953ec3efcd5864739f7faf73a40b224f	images\bd068e92bb24123f46edd6a0fa2c7ddc953ec3efcd5864739f7faf73a40b224f.bmp
C:\Projects\M2022\AttrInsp.dfm	AttrInsp.pas	dfm	TfrmAttrInsp	cllDataCell	cllDataCell	TOvcTCSimpleField			RangeHigh	single			10	0	0	0	0							01d448afd928065458cf670b60f5a594d735af0172c8d67f22a81680132681ca	images\01d448afd928065458cf670b60f5a594d735af0172c8d67f22a81680132681ca.bin
C:\Projects\M2022\AttrInsp.dfm	AttrInsp.pas	dfm	TfrmAttrInsp	cllDataCell	cllDataCell	TOvcTCSimpleField			RangeLow	single			10	0	0	0	0							01d448afd928065458cf670b60f5a594d735af0172c8d67f22a81680132681ca	images\01d448afd928065458cf670b60f5a594d735af0172c8d67f22a81680132681ca.bin
C:\Projects\M2022\AttrInsp.dfm	AttrInsp.pas	dfm	TfrmAttrInsp	cllDefectsData	cllDefectsData	TOvcTCSimpleField			RangeHigh	single			10	0	0	0	0							7aef47f1de3be50d508efbbfb6db945c4a0ad740a15a3542bea0ceaeb3fa915f	images\7aef47f1de3be50d508efbbfb6db945c4a0ad740a15a3542bea0ceaeb3fa915f.bin
C:\Projects\M2022\AttrInsp.dfm	AttrInsp.pas	dfm	TfrmAttrInsp	cllDefectsData	cllDefectsData	TOvcTCSimpleField			RangeLow	single			10	0	0	0	0							01d448afd928065458cf670b60f5a594d735af0172c8d67f22a81680132681ca	images\01d448afd928065458cf670b60f5a594d735af0172c8d67f22a81680132681ca.bin
C:\Projects\M2022\AttrInsp.dfm	AttrInsp.pas	dfm	TfrmAttrInsp	cllAttrData	cllAttrData	TOvcTCSimpleField			RangeHigh	single			10	0	0	0	0							01d448afd928065458cf670b60f5a594d735af0172c8d67f22a81680132681ca	images\01d448afd928065458cf670b60f5a594d735af0172c8d67f22a81680132681ca.bin
C:\Projects\M2022\AttrInsp.dfm	AttrInsp.pas	dfm	TfrmAttrInsp	cllAttrData	cllAttrData	TOvcTCSimpleField			RangeLow	single			10	0	0	0	0							01d448afd928065458cf670b60f5a594d735af0172c8d67f22a81680132681ca	images\01d448afd928065458cf670b60f5a594d735af0172c8d67f22a81680132681ca.bin
C:\Projects\M2022\AttrInsp.dfm	AttrInsp.pas	dfm	TfrmAttrInsp	cllSummDefects	cllSummDefects	TOvcTCSimpleField			RangeHigh	single			10	0	0	0	0							7aef47f1de3be50d508efbbfb6db945c4a0ad740a15a3542bea0ceaeb3fa915f	images\7aef47f1de3be50d508efbbfb6db945c4a0ad740a15a3542bea0ceaeb3fa915f.bin
C:\Projects\M2022\AttrInsp.dfm	AttrInsp.pas	dfm	TfrmAttrInsp	cllSummDefects	cllSummDefects	TOvcTCSimpleField			RangeLow	single			10	0	0	0	0							01d448afd928065458cf670b60f5a594d735af0172c8d67f22a81680132681ca	images\01d448afd928065458cf670b60f5a594d735af0172c8d67f22a81680132681ca.bin
C:\Projects\M2022\AttrInsp.dfm	AttrInsp.pas	dfm	TfrmAttrInsp	cllSummPercent	cllSummPercent	TOvcTCSimpleField			RangeHigh	single			10	0	0	0	0							e202858d67084cf31a2b94b4546dbbd5662ffc2f6ed54d0e37dacf16fd4d827a	images\e202858d67084cf31a2b94b4546dbbd5662ffc2f6ed54d0e37dacf16fd4d827a.bin
C:\Projects\M2022\AttrInsp.dfm	AttrInsp.pas	dfm	TfrmAttrInsp	cllSummPercent	cllSummPercent	TOvcTCSimpleField			RangeLow	single			10	0	0	0	0							01d448afd928065458cf670b60f5a594d735af0172c8d67f22a81680132681ca	images\01d448afd928065458cf670b60f5a594d735af0172c8d67f22a81680132681ca.bin
C:\Projects\M2022\AttrInsp.dfm	AttrInsp.pas	dfm	TfrmAttrInsp	cllSummPcsInsp	cllSummPcsInsp	TOvcTCSimpleField			RangeHigh	single			10	0	0	0	0							f73535d07d5429b860ce91e50e45fe0b6a1fbf4e245049339df82692c833cfbb	images\f73535d07d5429b860ce91e50e45fe0b6a1fbf4e245049339df82692c833cfbb.bin
C:\Projects\M2022\AttrInsp.dfm	AttrInsp.pas	dfm	TfrmAttrInsp	cllSummPcsInsp	cllSummPcsInsp	TOvcTCSimpleField			RangeLow	single			10	0	0	0	0							01d448afd928065458cf670b60f5a594d735af0172c8d67f22a81680132681ca	images\01d448afd928065458cf670b60f5a594d735af0172c8d67f22a81680132681ca.bin
C:\Projects\M2022\AttrInsp.dfm	AttrInsp.pas	dfm	TfrmAttrInsp	cllHeadDefs	cllHeadDefs	TOvcTCSimpleField			RangeHigh	single			10	0	0	0	0							bc1131c6b541ad09f4d729fa6f1fa55a5154bc7d1f645c30c50848cdb2181878	images\bc1131c6b541ad09f4d729fa6f1fa55a5154bc7d1f645c30c50848cdb2181878.bin
C:\Projects\M2022\AttrInsp.dfm	AttrInsp.pas	dfm	TfrmAttrInsp	cllHeadDefs	cllHeadDefs	TOvcTCSimpleField			RangeLow	single			10	0	0	0	0							01d448afd928065458cf670b60f5a594d735af0172c8d67f22a81680132681ca	images\01d448afd928065458cf670b60f5a594d735af0172c8d67f22a81680132681ca.bin
C:\Projects\M2022\AttrInsp.dfm	AttrInsp.pas	dfm	TfrmAttrInsp	qryNextVar	qryNextVar	TQuery			Data	single			3542	0	0	0	0							f7aff1f08494d83c3597532b693d9289588d768999a31e3ae1c5b4b554f03495	images\f7aff1f08494d83c3597532b693d9289588d768999a31e3ae1c5b4b554f03495.bin
C:\Projects\M2022\Backups\ImportPDFFile.dfm	ImportPDFFile.pas	dfm	TfrmImportPDFFile		frmImportPDFFile	TfrmImportPDFFile			Icon.Data	single		ico	1150	0	0	0	0							87829c566615525191dec99da56caf00d42442aaa72a701af21d38cb4d4598be	images\87829c566615525191dec99da56caf00d42442aaa72a701af21d38cb4d4598be.ico
C:\Projects\M2022\Backups\ImportPDFFile.dfm	ImportPDFFile.pas	dfm	TfrmImportPDFFile	RzSplitter2.RzPanel1.RzPanel5.SpeedButton1	SpeedButton1	TcxButton			OptionsImage.Glyph.Data	strip		bmp	2102	32	16	32	0	OptionsImage.NumGlyphs	2		2	2	Y	1187a92e3d663f6565ef8a93c0f46fb1daa396efc0eeb551db02007f6782687f	images\1187a92e3d663f6565ef8a93c0f46fb1daa396efc0eeb551db02007f6782687f.bmp
C:\Projects\M2022\Backups\ImportPDFFile.dfm	ImportPDFFile.pas	dfm	TfrmImportPDFFile	RzSplitter2.RzPanel1.RzPanel5.btnApplyFieldToSelected	btnApplyFieldToSelected	TcxButton			OptionsImage.Glyph.Data	strip		bmp	2102	32	16	32	0	OptionsImage.NumGlyphs	2		2	2	Y	c4e2dc8989cdc75473a956de45acde0acc528920ac8631c068dd28b47d74c0cc	images\c4e2dc8989cdc75473a956de45acde0acc528920ac8631c068dd28b47d74c0cc.bmp
C:\Projects\M2022\Backups\ImportPDFFile.dfm	ImportPDFFile.pas	dfm	TfrmImportPDFFile	RzSplitter2.RzPanel1.pnlBalloon.brnBalloon9	brnBalloon9	TcxButton			OptionsImage.Glyph.Data	single		bmp	8246	32	64	32	0							793daa646ba19cc03a52a9127a174569ebfd426fadb15ab8321c229aee19cfd2	images\793daa646ba19cc03a52a9127a174569ebfd426fadb15ab8321c229aee19cfd2.bmp
C:\Projects\M2022\Backups\ImportPDFFile.dfm	ImportPDFFile.pas	dfm	TfrmImportPDFFile	RzSplitter2.RzPanel1.pnlBalloon.btnBalloon1	btnBalloon1	TcxButton			OptionsImage.Glyph.Data	single		bmp	2358	24	24	32	0					1		f4f70f0998275b25f1c04c6a1be671643a9ca288c87db7c058eeae63eb4c2b1a	images\f4f70f0998275b25f1c04c6a1be671643a9ca288c87db7c058eeae63eb4c2b1a.bmp
C:\Projects\M2022\Backups\ImportPDFFile.dfm	ImportPDFFile.pas	dfm	TfrmImportPDFFile	dxBarManager1.btnExit	btnExit	TdxBarButton			Glyph.Data	single		bmp	1078	16	16	32	0					1		d1f5d5f839df61eb3317ff82c09de63b57e908669df38bd26a96a6dd5b8d7ad7	images\d1f5d5f839df61eb3317ff82c09de63b57e908669df38bd26a96a6dd5b8d7ad7.bmp
C:\Projects\M2022\Backups\ImportPDFFile.dfm	ImportPDFFile.pas	dfm	TfrmImportPDFFile	dxBarManager1.btnMaximize	btnMaximize	TdxBarButton			Glyph.Data	single		bmp	1078	16	16	32	0					1		d979d0b7b77a3576b3ea07e84c5ebda63b9ff26d22cf4e477f50474bd456c113	images\d979d0b7b77a3576b3ea07e84c5ebda63b9ff26d22cf4e477f50474bd456c113.bmp
C:\Projects\M2022\Backups\ImportPDFFile.dfm	ImportPDFFile.pas	dfm	TfrmImportPDFFile	dxBarManager1.btnCancel	btnCancel	TdxBarButton			Glyph.Data	single		bmp	1078	16	16	32	0					1		d8be263f447bb2946a9ecf5e82e5052aebdb1fe0336a015e65e001415629d619	images\d8be263f447bb2946a9ecf5e82e5052aebdb1fe0336a015e65e001415629d619.bmp
C:\Projects\M2022\Backups\ImportPDFFile.dfm	ImportPDFFile.pas	dfm	TfrmImportPDFFile	dxBarManager1.btnSaveToOperation	btnSaveToOperation	TdxBarButton			Glyph.Data	single		bmp	1078	16	16	32	0					1		73f8d7829293829e26b41246906634217fcb2356acd4ccab9ad84b52474c46ec	images\73f8d7829293829e26b41246906634217fcb2356acd4ccab9ad84b52474c46ec.bmp
C:\Projects\M2022\Backups\ImportPDFFile.dfm	ImportPDFFile.pas	dfm	TfrmImportPDFFile	dxBarManager1.btnPrint	btnPrint	TdxBarButton			Glyph.Data	single		bmp	1078	16	16	32	0					1		946d8ef4176300b7514b0712f480d3449521bbc5f097c0f596a6516e63518d3c	images\946d8ef4176300b7514b0712f480d3449521bbc5f097c0f596a6516e63518d3c.bmp
C:\Projects\M2022\Backups\ImportPDFFile.dfm	ImportPDFFile.pas	dfm	TfrmImportPDFFile	dxBarManager1.btnClear	btnClear	TdxBarButton			Glyph.Data	single		bmp	1078	16	16	32	0					1		0eb430c3bf766d2880fb74dcbba407cf82fd63719978d05d02e3bd7f7a2a0a3c	images\0eb430c3bf766d2880fb74dcbba407cf82fd63719978d05d02e3bd7f7a2a0a3c.bmp
C:\Projects\M2022\Backups\ImportPDFFile.dfm	ImportPDFFile.pas	dfm	TfrmImportPDFFile	dxBarManager1.btnOpenPDFFile	btnOpenPDFFile	TdxBarButton			Glyph.Data	single		bmp	1078	16	16	32	0					1		a48d7c162b33133c1659189ea21dbed94fb16f80febeabd3e1469a685163b1e8	images\a48d7c162b33133c1659189ea21dbed94fb16f80febeabd3e1469a685163b1e8.bmp
C:\Projects\M2022\Backups\ImportPDFFile.dfm	ImportPDFFile.pas	dfm	TfrmImportPDFFile	dxBarManager1.btnBalloon2	btnBalloon2	TdxBarButton			Glyph.Data	single		bmp	1078	16	16	32	0					1		4fa8009421e78349cf03aace07c018c6dbb298079d416dd561620540ec25536f	images\4fa8009421e78349cf03aace07c018c6dbb298079d416dd561620540ec25536f.bmp
C:\Projects\M2022\Backups\ImportPDFFile.dfm	ImportPDFFile.pas	dfm	TfrmImportPDFFile	dxBarManager1.btnDeleteBalloon	btnDeleteBalloon	TdxBarButton			Glyph.Data	single		bmp	1078	16	16	32	0					1		3761e5e1595ec5664bcb11309422d8e4030620841870f72e9f2ff9bbf55d70b0	images\3761e5e1595ec5664bcb11309422d8e4030620841870f72e9f2ff9bbf55d70b0.bmp
C:\Projects\M2022\Backups\ImportPDFFile.dfm	ImportPDFFile.pas	dfm	TfrmImportPDFFile	dxBarManager1.dxBarDBNavFirst1	dxBarDBNavFirst1	TdxBarDBNavButton			Glyph.Data	single		bmp	1078	16	16	32	0					1		6607ef3da8822b74fe4b0acb662061780182bbfdc0c2cd0056156349e880dd94	images\6607ef3da8822b74fe4b0acb662061780182bbfdc0c2cd0056156349e880dd94.bmp
C:\Projects\M2022\Backups\ImportPDFFile.dfm	ImportPDFFile.pas	dfm	TfrmImportPDFFile	dxBarManager1.dxBarDBNavPrev1	dxBarDBNavPrev1	TdxBarDBNavButton			Glyph.Data	single		bmp	1078	16	16	32	0					1		4506a08e333bf65e1241dc1d265c0ec790826f394a1e425324e80125ac979066	images\4506a08e333bf65e1241dc1d265c0ec790826f394a1e425324e80125ac979066.bmp
C:\Projects\M2022\Backups\ImportPDFFile.dfm	ImportPDFFile.pas	dfm	TfrmImportPDFFile	dxBarManager1.dxBarDBNavNext1	dxBarDBNavNext1	TdxBarDBNavButton			Glyph.Data	single		bmp	1078	16	16	32	0					1		f1e077905d1aeb2d609668d4ed60b14af4e2852c7b1589986eed9a6c045d1e58	images\f1e077905d1aeb2d609668d4ed60b14af4e2852c7b1589986eed9a6c045d1e58.bmp
C:\Projects\M2022\Backups\ImportPDFFile.dfm	ImportPDFFile.pas	dfm	TfrmImportPDFFile	dxBarManager1.dxBarDBNavLast1	dxBarDBNavLast1	TdxBarDBNavButton			Glyph.Data	single		bmp	1078	16	16	32	0					1		fce3745ba5ba9d6f747c39ade70e5bb3a43705557a11a01b17788a0cfe930304	images\fce3745ba5ba9d6f747c39ade70e5bb3a43705557a11a01b17788a0cfe930304.bmp
C:\Projects\M2022\Backups\ImportPDFFile.dfm	ImportPDFFile.pas	dfm	TfrmImportPDFFile	dxBarManager1.dxBarDBNavInsert1	dxBarDBNavInsert1	TdxBarDBNavButton			Glyph.Data	single		bmp	1078	16	16	32	0					1		92fe26357ca1eb8b80d4569e8d964d745176af78ed91390a4672ecf7ad4ec08d	images\92fe26357ca1eb8b80d4569e8d964d745176af78ed91390a4672ecf7ad4ec08d.bmp
C:\Projects\M2022\Backups\ImportPDFFile.dfm	ImportPDFFile.pas	dfm	TfrmImportPDFFile	dxBarManager1.dxBarDBNavDelete1	dxBarDBNavDelete1	TdxBarDBNavButton			Glyph.Data	single		bmp	1078	16	16	32	0					1		138fb8a254c41a3d544a6e211e0931b71b63ae49aa1fc467fbc2587564ac9f09	images\138fb8a254c41a3d544a6e211e0931b71b63ae49aa1fc467fbc2587564ac9f09.bmp
C:\Projects\M2022\Backups\ImportPDFFile.dfm	ImportPDFFile.pas	dfm	TfrmImportPDFFile	dxBarManager1.dxBarDBNavEdit1	dxBarDBNavEdit1	TdxBarDBNavButton			Glyph.Data	single		bmp	1078	16	16	32	0					1		22e66cc36468572cbdcae127edc7fe7560a3f052fa05202b746f2491175a05cf	images\22e66cc36468572cbdcae127edc7fe7560a3f052fa05202b746f2491175a05cf.bmp
C:\Projects\M2022\Backups\ImportPDFFile.dfm	ImportPDFFile.pas	dfm	TfrmImportPDFFile	dxBarManager1.dxBarDBNavPost1	dxBarDBNavPost1	TdxBarDBNavButton			Glyph.Data	single		bmp	1078	16	16	32	0					1		6212bc92930d93605cc9b6b3699601807dc1633fa573890fdac82faca790c47f	images\6212bc92930d93605cc9b6b3699601807dc1633fa573890fdac82faca790c47f.bmp
C:\Projects\M2022\Backups\ImportPDFFile.dfm	ImportPDFFile.pas	dfm	TfrmImportPDFFile	dxBarManager1.dxBarDBNavCancel1	dxBarDBNavCancel1	TdxBarDBNavButton			Glyph.Data	single		bmp	1078	16	16	32	0					1		9783ce9280a68543a87a9f680a6ef8de9abb900c49638ad3c6fb701da6c545e9	images\9783ce9280a68543a87a9f680a6ef8de9abb900c49638ad3c6fb701da6c545e9.bmp
C:\Projects\M2022\Backups\ImportPDFFile.dfm	ImportPDFFile.pas	dfm	TfrmImportPDFFile	dxBarManager1.dxBarDBNavRefresh1	dxBarDBNavRefresh1	TdxBarDBNavButton			Glyph.Data	single		bmp	1078	16	16	32	0					1		5d9485a834adeff5da0f68c84a8055425e3e8e58c4f93d181d2aa5086a8e39be	images\5d9485a834adeff5da0f68c84a8055425e3e8e58c4f93d181d2aa5086a8e39be.bmp
C:\Projects\M2022\Backups\ImportPDFFile.dfm	ImportPDFFile.pas	dfm	TfrmImportPDFFile	dxBarManager1.btnZoomIn	btnZoomIn	TdxBarButton			Glyph.Data	single		bmp	1078	16	16	32	0					1		3e5d73c376ecaca25e5cf389c91ab8b34381e5bb25a073dde0f09b9c7bebba98	images\3e5d73c376ecaca25e5cf389c91ab8b34381e5bb25a073dde0f09b9c7bebba98.bmp
C:\Projects\M2022\Backups\ImportPDFFile.dfm	ImportPDFFile.pas	dfm	TfrmImportPDFFile	dxBarManager1.btnZoomOut	btnZoomOut	TdxBarButton			Glyph.Data	single		bmp	1078	16	16	32	0					1		1fb1554c15af9249848768d81b40abec208b98a780ad263c578bf414474f6ee6	images\1fb1554c15af9249848768d81b40abec208b98a780ad263c578bf414474f6ee6.bmp
C:\Projects\M2022\Backups\ImportPDFFile.dfm	ImportPDFFile.pas	dfm	TfrmImportPDFFile	dxBarManager1.cmbZoom	cmbZoom	TdxBarImageCombo			Glyph.Data	single		bmp	1078	16	16	32	0					1		9c41a85fa5ce6f5ec03987b719f3b171c7de40ed8bd799565cd38495132bf080	images\9c41a85fa5ce6f5ec03987b719f3b171c7de40ed8bd799565cd38495132bf080.bmp
C:\Projects\M2022\Backups\INSPFLDR-2022-12-29-bad.dfm		dfm	TInspFolderFrm		InspFolderFrm	TInspFolderFrm			Icon.Data	single		ico	1150	0	0	0	0							87829c566615525191dec99da56caf00d42442aaa72a701af21d38cb4d4598be	images\87829c566615525191dec99da56caf00d42442aaa72a701af21d38cb4d4598be.ico
C:\Projects\M2022\Backups\INSPFLDR-2022-12-29-bad.dfm		dfm	TInspFolderFrm	dxBarManager1.dxbGridLayoutName	dxbGridLayoutName	TcxBarEditItem			Glyph.Data	single		svg	818	0	0	0	0							b83bd8e52ab7c37bae8c738b042a78a3fb004dd984237ba87cf7242153b0122f	images\b83bd8e52ab7c37bae8c738b042a78a3fb004dd984237ba87cf7242153b0122f.svg
C:\Projects\M2022\Backups\INSPFLDR-2022-12-29-bad.dfm		dfm	TInspFolderFrm	dxBarManager1.dxbGridLayoutName	dxbGridLayoutName	TcxBarEditItem			LargeGlyph.Data	single		svg	818	0	0	0	0							b83bd8e52ab7c37bae8c738b042a78a3fb004dd984237ba87cf7242153b0122f	images\b83bd8e52ab7c37bae8c738b042a78a3fb004dd984237ba87cf7242153b0122f.svg
C:\Projects\M2022\Backups\INSPFLDR-2022-12-29-bad.dfm		dfm	TInspFolderFrm	qryJobOper	qryJobOper	TQuery			Data	single			561	0	0	0	0							a54aa83431268ba1aab01b181d049248bdac104828d265d9f4596b5cd4b72e73	images\a54aa83431268ba1aab01b181d049248bdac104828d265d9f4596b5cd4b72e73.bin
C:\Projects\M2022\Backups\INSPFLDR-2022-12-29-bad.dfm		dfm	TInspFolderFrm	qryCountValidResults	qryCountValidResults	TQuery			Data	single			716	0	0	0	0							2eba32b887f48184c83ba360a612e7fc864862bdbeb146fbc240e47eccbb50a1	images\2eba32b887f48184c83ba360a612e7fc864862bdbeb146fbc240e47eccbb50a1.bin
C:\Projects\M2022\Backups\INSPFLDR-2022-12-29-bad.dfm		dfm	TInspFolderFrm	qryAllUsedSublots	qryAllUsedSublots	TQuery			Data	single			922	0	0	0	0							5e86bfd7209b270da4c92548f71ac71704e7189e6f9b854dbf1d0de2bb3f055d	images\5e86bfd7209b270da4c92548f71ac71704e7189e6f9b854dbf1d0de2bb3f055d.bin
C:\Projects\M2022\Backups\INSPFLDR-2022-12-29-bad.dfm		dfm	TInspFolderFrm	qryOnOffList	qryOnOffList	TQuery			Data	single			1733	0	0	0	0							92dd839f6c231c8692321be581be1a045f42b4aa9cbbb20e9592f289db588203	images\92dd839f6c231c8692321be581be1a045f42b4aa9cbbb20e9592f289db588203.bin
C:\Projects\M2022\Backups\INSPFLDR-2022-12-29-bad.dfm		dfm	TInspFolderFrm	imlEOProcess	imlEOProcess	TImageList			Bitmap	container			30082	0	0	0	0							de529d34a8e3f2b4bdb44aa8b9e7ef97bc2db1c4c72892fe3c4747976cae7447	images\de529d34a8e3f2b4bdb44aa8b9e7ef97bc2db1c4c72892fe3c4747976cae7447.bin
C:\Projects\M2022\Backups\INSPFLDR-2022-12-29-bad.dfm		dfm	TInspFolderFrm	qryOsubMax	qryOsubMax	TQuery			Data	single			418	0	0	0	0							9ae802e65b9167036f70d4a5b1c29f09d5aa10d5566ed533204934f9a3ebf327	images\9ae802e65b9167036f70d4a5b1c29f09d5aa10d5566ed533204934f9a3ebf327.bin
C:\Projects\M2022\Backups\INSPFLDR-2022-12-29-bad.dfm		dfm	TInspFolderFrm	qryResMax	qryResMax	TQuery			Data	single			420	0	0	0	0							7e3c5ff0205271172dee2e0d815e43985e387785cbe128f0163274a4eb3a3766	images\7e3c5ff0205271172dee2e0d815e43985e387785cbe128f0163274a4eb3a3766.bin
C:\Projects\M2022\Backups\INSPFLDR.dfm	INSPFLDR.pas	dfm	TInspFolderFrm	qryJobOper	qryJobOper	TQuery			Data	single			561	0	0	0	0							a54aa83431268ba1aab01b181d049248bdac104828d265d9f4596b5cd4b72e73	images\a54aa83431268ba1aab01b181d049248bdac104828d265d9f4596b5cd4b72e73.bin
C:\Projects\M2022\Backups\INSPFLDR.dfm	INSPFLDR.pas	dfm	TInspFolderFrm	qryCountValidResults	qryCountValidResults	TQuery			Data	single			716	0	0	0	0							2eba32b887f48184c83ba360a612e7fc864862bdbeb146fbc240e47eccbb50a1	images\2eba32b887f48184c83ba360a612e7fc864862bdbeb146fbc240e47eccbb50a1.bin
C:\Projects\M2022\Backups\INSPFLDR.dfm	INSPFLDR.pas	dfm	TInspFolderFrm	qryAllUsedSublots	qryAllUsedSublots	TQuery			Data	single			922	0	0	0	0							5e86bfd7209b270da4c92548f71ac71704e7189e6f9b854dbf1d0de2bb3f055d	images\5e86bfd7209b270da4c92548f71ac71704e7189e6f9b854dbf1d0de2bb3f055d.bin
C:\Projects\M2022\Backups\INSPFLDR.dfm	INSPFLDR.pas	dfm	TInspFolderFrm	qryOnOffList	qryOnOffList	TQuery			Data	single			1733	0	0	0	0							92dd839f6c231c8692321be581be1a045f42b4aa9cbbb20e9592f289db588203	images\92dd839f6c231c8692321be581be1a045f42b4aa9cbbb20e9592f289db588203.bin
C:\Projects\M2022\Backups\INSPFLDR.dfm	INSPFLDR.pas	dfm	TInspFolderFrm	imlEOProcess	imlEOProcess	TImageList			Bitmap	container			30082	0	0	0	0							de529d34a8e3f2b4bdb44aa8b9e7ef97bc2db1c4c72892fe3c4747976cae7447	images\de529d34a8e3f2b4bdb44aa8b9e7ef97bc2db1c4c72892fe3c4747976cae7447.bin
C:\Projects\M2022\Backups\INSPFLDR.dfm	INSPFLDR.pas	dfm	TInspFolderFrm	qryOsubMax	qryOsubMax	TQuery			Data	single			418	0	0	0	0							9ae802e65b9167036f70d4a5b1c29f09d5aa10d5566ed533204934f9a3ebf327	images\9ae802e65b9167036f70d4a5b1c29f09d5aa10d5566ed533204934f9a3ebf327.bin
C:\Projects\M2022\Backups\INSPFLDR.dfm	INSPFLDR.pas	dfm	TInspFolderFrm	qryResMax	qryResMax	TQuery			Data	single			420	0	0	0	0							7e3c5ff0205271172dee2e0d815e43985e387785cbe128f0163274a4eb3a3766	images\7e3c5ff0205271172dee2e0d815e43985e387785cbe128f0163274a4eb3a3766.bin
C:\Projects\M2022\Backups\INSPFLDR.dfm	INSPFLDR.pas	dfm	TInspFolderFrm	FDMemTable1	FDMemTable1	TFDMemTable			Content	single			2631	0	0	0	0							649eed2c88c7916a01fef2994a74380049a824ada3786dd4c23e8390ec4f84c1	images\649eed2c88c7916a01fef2994a74380049a824ada3786dd4c23e8390ec4f84c1.bin
C:\Projects\M2022\Backups\MAIN3.dfm		dfm	TMainFrm		MainFrm	TMainFrm			Icon.Data	single		ico	766	0	0	0	0							ff66307bd79fe7ed8b4531ae81ef3204cb3be14d8de48ef8f75f7f95693b8981	images\ff66307bd79fe7ed8b4531ae81ef3204cb3be14d8de48ef8f75f7f95693b8981.ico
C:\Projects\M2022\Backups\MAIN3.dfm		dfm	TMainFrm	RzSplitter1.Panel3.cxGrid1.cxGrid1DBTableView1.cxGrid1DBTableView1QFlagOFF1	cxGrid1DBTableView1QFlagOFF1	TcxGridDBColumn			Properties.Glyph.Data	strip		bmp	6198	96	16	32	0					6		617cadb05a07b992a6f1733ebead0bb5eb78d6575fe39752963edbe7267b1e6c	images\617cadb05a07b992a6f1733ebead0bb5eb78d6575fe39752963edbe7267b1e6c.bmp
C:\Projects\M2022\Backups\MAIN3.dfm		dfm	TMainFrm	RzSplitter1.Panel3.cxGrid1.cxGrid1DBTableView1.cxGrid1DBTableView1TFlagOff1	cxGrid1DBTableView1TFlagOff1	TcxGridDBColumn			Properties.Glyph.Data	strip		bmp	6198	96	16	32	0					6		617cadb05a07b992a6f1733ebead0bb5eb78d6575fe39752963edbe7267b1e6c	images\617cadb05a07b992a6f1733ebead0bb5eb78d6575fe39752963edbe7267b1e6c.bmp
C:\Projects\M2022\Backups\MAIN3.dfm		dfm	TMainFrm	RzSplitter1.tabInfoSearch.TOvcTabPage.Panel4.RzMenuButton3	RzMenuButton3	TRzMenuButton			Glyph.Data	single		bmp	250	16	16	4	16					1		54eb147199964a21839e931938ee67730620d1a628ba9a8657d75e07efc26fc9	images\54eb147199964a21839e931938ee67730620d1a628ba9a8657d75e07efc26fc9.bmp
C:\Projects\M2022\Backups\MAIN3.dfm		dfm	TMainFrm	RzSplitter1.tabInfoSearch.TOvcTabPage.Panel4.RzMenuButton4	RzMenuButton4	TRzMenuButton			Glyph.Data	single		bmp	1338	16	16	8	256					1		da052995531f425578675ab77a202baf5cfe1faa5799837a95df9aedecb687eb	images\da052995531f425578675ab77a202baf5cfe1faa5799837a95df9aedecb687eb.bmp
C:\Projects\M2022\Backups\MAIN3.dfm		dfm	TMainFrm	RzSplitter1.tabInfoSearch.TOvcTabPage.Panel9.RzMenuButton1	RzMenuButton1	TRzMenuButton			Glyph.Data	single		bmp	250	16	16	4	16					1		54eb147199964a21839e931938ee67730620d1a628ba9a8657d75e07efc26fc9	images\54eb147199964a21839e931938ee67730620d1a628ba9a8657d75e07efc26fc9.bmp
C:\Projects\M2022\Backups\MAIN3.dfm		dfm	TMainFrm	RzSplitter1.tabInfoSearch.TOvcTabPage.Panel9.RzMenuButton2	RzMenuButton2	TRzMenuButton			Glyph.Data	single		bmp	250	16	16	4	16					1		53dff5d6ff8baf9ec5a1fd6dc60a008e07b93cbb1bcf12485e476ab136979930	images\53dff5d6ff8baf9ec5a1fd6dc60a008e07b93cbb1bcf12485e476ab136979930.bmp
C:\Projects\M2022\Backups\MAIN3.dfm		dfm	TMainFrm	RzSplitter1.tabInfoSearch.TOvcTabPage.Panel10.BitBtn3	BitBtn3	TBitBtn			Glyph.Data	single		bmp	1082	16	16	32	0					1		cf932b157a81a4e0728cc48ebe71e7f3ad3376558322a3e0667fb8f9a840ccc7	images\cf932b157a81a4e0728cc48ebe71e7f3ad3376558322a3e0667fb8f9a840ccc7.bmp
C:\Projects\M2022\Backups\MAIN3.dfm		dfm	TMainFrm	RzSplitter1.tabInfoSearch.TOvcTabPage.Panel14.BitBtn8	BitBtn8	TBitBtn			Glyph.Data	single		bmp	250	16	16	4	16					1		54eb147199964a21839e931938ee67730620d1a628ba9a8657d75e07efc26fc9	images\54eb147199964a21839e931938ee67730620d1a628ba9a8657d75e07efc26fc9.bmp
C:\Projects\M2022\Backups\MAIN3.dfm		dfm	TMainFrm	dxBarManager1.SetupDataChannels1	SetupDataChannels1	TdxBarButton			Glyph.Data	single		bmp	1078	16	16	32	0					1		151a130ce376538191306991346d042f3cf69270ee57298fb52de624982a2e95	images\151a130ce376538191306991346d042f3cf69270ee57298fb52de624982a2e95.bmp
C:\Projects\M2022\Backups\MAIN3.dfm		dfm	TMainFrm	dxBarManager1.ReportCover1	ReportCover1	TdxBarButton			Glyph.Data	single		bmp	1078	16	16	32	0					1		eeb2c6e24f9d93d2a66004fbb6bc05e2cd771b1b377856347bdbd0a2462199a3	images\eeb2c6e24f9d93d2a66004fbb6bc05e2cd771b1b377856347bdbd0a2462199a3.bmp
C:\Projects\M2022\Backups\MAIN3.dfm		dfm	TMainFrm	dxBarManager1.CoverLetter1	CoverLetter1	TdxBarButton			Glyph.Data	single		bmp	1078	16	16	32	0					1		793518bc731aca7aacc94e8d359e598b17e0eeea2f384566e5a9f26ae01e8283	images\793518bc731aca7aacc94e8d359e598b17e0eeea2f384566e5a9f26ae01e8283.bmp
C:\Projects\M2022\Backups\MAIN3.dfm		dfm	TMainFrm	dxBarManager1.DefaultSettings1	DefaultSettings1	TdxBarButton			Glyph.Data	single		bmp	1078	16	16	32	0					1		d66772b6d7013799d995b62d8b99d75dc6a66bd42a75b212b1f05a5ee4da881a	images\d66772b6d7013799d995b62d8b99d75dc6a66bd42a75b212b1f05a5ee4da881a.bmp
C:\Projects\M2022\Backups\MAIN3.dfm		dfm	TMainFrm	dxBarManager1.Station1	Station1	TdxBarButton			Glyph.Data	single		bmp	1078	16	16	32	0					1		151a130ce376538191306991346d042f3cf69270ee57298fb52de624982a2e95	images\151a130ce376538191306991346d042f3cf69270ee57298fb52de624982a2e95.bmp
C:\Projects\M2022\Backups\MAIN3.dfm		dfm	TMainFrm	dxBarManager1.Repairdataforselectedfolder1	Repairdataforselectedfolder1	TdxBarButton			Glyph.Data	single		bmp	1078	16	16	32	0					1		85404abc4c37c25b2f1e6be353eecf4fcae1629b9a629e438c27cbe6725a9989	images\85404abc4c37c25b2f1e6be353eecf4fcae1629b9a629e438c27cbe6725a9989.bmp
C:\Projects\M2022\Backups\MAIN3.dfm		dfm	TMainFrm	dxBarManager1.Repaircommondata1	Repaircommondata1	TdxBarButton			Glyph.Data	single		bmp	1078	16	16	32	0					1		c898988ca92e278b6d422ffcb9645469a666db07a9fa5a6a0f017185f16d1a6c	images\c898988ca92e278b6d422ffcb9645469a666db07a9fa5a6a0f017185f16d1a6c.bmp
C:\Projects\M2022\Backups\MAIN3.dfm		dfm	TMainFrm	dxBarManager1.Deletefolderunconditionally1	Deletefolderunconditionally1	TdxBarButton			Glyph.Data	single		bmp	1078	16	16	32	0					1		7a88eb4552b50513b93a786e4bc387c803d244a625242acc314e373c386ad871	images\7a88eb4552b50513b93a786e4bc387c803d244a625242acc314e373c386ad871.bmp
C:\Projects\M2022\Backups\MAIN3.dfm		dfm	TMainFrm	dxBarManager1.PrinterSetup1	PrinterSetup1	TdxBarButton			Glyph.Data	single		bmp	1078	16	16	32	0					1		383b66e31614cfd367fd86eff310c03f71c852ddc00de4a2ba039946774a6724	images\383b66e31614cfd367fd86eff310c03f71c852ddc00de4a2ba039946774a6724.bmp
C:\Projects\M2022\Backups\MAIN3.dfm		dfm	TMainFrm	dxBarManager1.PageSetup	PageSetup	TdxBarButton			Glyph.Data	single		bmp	1078	16	16	32	0					1		8be2f34a432c91bb18ca5eb9559471e305e72353b4554dba09f5f26e7bfe6821	images\8be2f34a432c91bb18ca5eb9559471e305e72353b4554dba09f5f26e7bfe6821.bmp
C:\Projects\M2022\Backups\MAIN3.dfm		dfm	TMainFrm	dxBarManager1.Stylesetup	Stylesetup	TdxBarButton			Glyph.Data	single		bmp	1078	16	16	32	0					1		01bc2296ee2e2edc1cb59c40894c5d30a9587b387a75908399066833ca20b6c1	images\01bc2296ee2e2edc1cb59c40894c5d30a9587b387a75908399066833ca20b6c1.bmp
C:\Projects\M2022\Backups\MAIN3.dfm		dfm	TMainFrm	dxBarManager1.dxBarInPlaceSubItem1	dxBarInPlaceSubItem1	TdxBarInPlaceSubItem			Glyph.Data	single		bmp	4150	32	32	32	0					1		998f83344afbcef7e5f6e056d77601a66c70cca413e6efe72ee3342cf75f8e47	images\998f83344afbcef7e5f6e056d77601a66c70cca413e6efe72ee3342cf75f8e47.bmp
C:\Projects\M2022\Backups\MAIN3.dfm		dfm	TMainFrm	dxBarManager1.btnJobVerifierRemover	btnJobVerifierRemover	TdxBarButton			Glyph.Data	single		bmp	1654	20	20	32	0					1		9c46b91930cdda392888882a4dc1afe9dd1a09ece5561f2f4f32a215fa6bbbe5	images\9c46b91930cdda392888882a4dc1afe9dd1a09ece5561f2f4f32a215fa6bbbe5.bmp
C:\Projects\M2022\Backups\MAIN3.dfm		dfm	TMainFrm	dxBarManager1.btnWhatIsThis	btnWhatIsThis	TdxBarButton			Glyph.Data	single		bmp	1078	16	16	32	0					1		330fb5acb41990676be05ac3c299f56b7fb873a29dea2d08ab12269cafdebc09	images\330fb5acb41990676be05ac3c299f56b7fb873a29dea2d08ab12269cafdebc09.bmp
C:\Projects\M2022\Backups\MAIN3.dfm		dfm	TMainFrm	dxBarManager1.HelpOnMicronite	HelpOnMicronite	TdxBarButton			Glyph.Data	single		bmp	1078	16	16	32	0					1		ac7fabcb83cb04ea347df7e26a69df04ec3759c43d3ffb6de6a747f1cbf1e0fc	images\ac7fabcb83cb04ea347df7e26a69df04ec3759c43d3ffb6de6a747f1cbf1e0fc.bmp
C:\Projects\M2022\Backups\MAIN3.dfm		dfm	TMainFrm	dxBarManager1.dxBarDBNavFirst1	dxBarDBNavFirst1	TdxBarDBNavButton			Glyph.Data	single		bmp	1078	16	16	32	0					1		6607ef3da8822b74fe4b0acb662061780182bbfdc0c2cd0056156349e880dd94	images\6607ef3da8822b74fe4b0acb662061780182bbfdc0c2cd0056156349e880dd94.bmp
C:\Projects\M2022\Backups\MAIN3.dfm		dfm	TMainFrm	dxBarManager1.dxBarDBNavPrev1	dxBarDBNavPrev1	TdxBarDBNavButton			Glyph.Data	single		bmp	1078	16	16	32	0					1		4506a08e333bf65e1241dc1d265c0ec790826f394a1e425324e80125ac979066	images\4506a08e333bf65e1241dc1d265c0ec790826f394a1e425324e80125ac979066.bmp
C:\Projects\M2022\Backups\MAIN3.dfm		dfm	TMainFrm	dxBarManager1.dxBarDBNavNext1	dxBarDBNavNext1	TdxBarDBNavButton			Glyph.Data	single		bmp	1078	16	16	32	0					1		f1e077905d1aeb2d609668d4ed60b14af4e2852c7b1589986eed9a6c045d1e58	images\f1e077905d1aeb2d609668d4ed60b14af4e2852c7b1589986eed9a6c045d1e58.bmp
C:\Projects\M2022\Backups\MAIN3.dfm		dfm	TMainFrm	dxBarManager1.dxBarDBNavLast1	dxBarDBNavLast1	TdxBarDBNavButton			Glyph.Data	single		bmp	1078	16	16	32	0					1		fce3745ba5ba9d6f747c39ade70e5bb3a43705557a11a01b17788a0cfe930304	images\fce3745ba5ba9d6f747c39ade70e5bb3a43705557a11a01b17788a0cfe930304.bmp
C:\Projects\M2022\Backups\MAIN3.dfm		dfm	TMainFrm	dxBarManager1.btnMaximize	btnMaximize	TdxBarButton			Glyph.Data	single		bmp	1078	16	16	32	0					1		d979d0b7b77a3576b3ea07e84c5ebda63b9ff26d22cf4e477f50474bd456c113	images\d979d0b7b77a3576b3ea07e84c5ebda63b9ff26d22cf4e477f50474bd456c113.bmp
C:\Projects\M2022\Backups\MAIN3.dfm		dfm	TMainFrm	dxBarManager1.btnWMaximize	btnWMaximize	TdxBarButton			Glyph.Data	single		bmp	1078	16	16	32	0					1		d979d0b7b77a3576b3ea07e84c5ebda63b9ff26d22cf4e477f50474bd456c113	images\d979d0b7b77a3576b3ea07e84c5ebda63b9ff26d22cf4e477f50474bd456c113.bmp
C:\Projects\M2022\Backups\MAIN3.dfm		dfm	TMainFrm	dxBarManager1.btnWMinimize	btnWMinimize	TdxBarButton			Glyph.Data	single		bmp	1078	16	16	32	0					1		af76295104362ffb5ebee713e66fd2401596b8487729aefd8c9cdc75cc7b22fa	images\af76295104362ffb5ebee713e66fd2401596b8487729aefd8c9cdc75cc7b22fa.bmp
C:\Projects\M2022\Backups\MAIN3.dfm		dfm	TMainFrm	dxBarManager1.btnWRestore	btnWRestore	TdxBarButton			Glyph.Data	single		bmp	1078	16	16	32	0					1		26be8b3852a24731443645ef1d981adf4ef634e73d26634da3bb7d0f6352ae2d	images\26be8b3852a24731443645ef1d981adf4ef634e73d26634da3bb7d0f6352ae2d.bmp
C:\Projects\M2022\Backups\MAIN3.dfm		dfm	TMainFrm	dxBarManager1.btnRefreshGrid	btnRefreshGrid	TdxBarButton			Glyph.Data	single		bmp	1078	16	16	32	0					1		5eb99db077d1e2c8646ed6b8535aa79cacb4b1869156c2bfdfee007056bab648	images\5eb99db077d1e2c8646ed6b8535aa79cacb4b1869156c2bfdfee007056bab648.bmp
C:\Projects\M2022\Backups\MAIN3.dfm		dfm	TMainFrm	qryFldrDueIn	qryFldrDueIn	TQuery			Data	single			1073	0	0	0	0							0304fbfaf2deb131239b5b4ebf336f82b96dce91fc6097e8dcd0a26d4d89b25d	images\0304fbfaf2deb131239b5b4ebf336f82b96dce91fc6097e8dcd0a26d4d89b25d.bin
C:\Projects\M2022\Backups\MAIN3.dfm		dfm	TMainFrm	qryHeats	qryHeats	TQuery			Data	single			767	0	0	0	0							a9d6e0b538399d13a989d36c1e38f27d1f19ba807d4c42c416727d549fc09549	images\a9d6e0b538399d13a989d36c1e38f27d1f19ba807d4c42c416727d549fc09549.bin
C:\Projects\M2022\Backups\MAIN3.dfm		dfm	TMainFrm	ImageList1	ImageList1	TImageList			Bitmap	container			33958	0	0	0	0							8196628aa921c4ae48d591b4131ff4cbf9b09d4349ff5885f74ed34d3b42c778	images\8196628aa921c4ae48d591b4131ff4cbf9b09d4349ff5885f74ed34d3b42c778.bin
C:\Projects\M2022\Backups\MAIN3.dfm		dfm	TMainFrm	imlProblems	imlProblems	TImageList			Bitmap	container			8614	0	0	0	0							6a0537d6de49e3f3d1ce45bcdf232ae4ed5f98397ea3d85237f4aefeaeaab116	images\6a0537d6de49e3f3d1ce45bcdf232ae4ed5f98397ea3d85237f4aefeaeaab116.bin
C:\Projects\M2022\Backups\MAIN3.dfm		dfm	TMainFrm	imgLotStatus	imgLotStatus	TImageList			Bitmap	container			12838	0	0	0	0							4cc0a1f62587897d37754c0174e3d2ba97706308d955db52113c078e1287d36e	images\4cc0a1f62587897d37754c0174e3d2ba97706308d955db52113c078e1287d36e.bin
C:\Projects\M2022\Backups\MAIN3.dfm		dfm	TMainFrm	imgTFlags	imgTFlags	TImageList			Bitmap	container			12838	0	0	0	0							6cc15d65dad5052781a8cc7850b989f08c60f5bc1e96fb2228da66354401579d	images\6cc15d65dad5052781a8cc7850b989f08c60f5bc1e96fb2228da66354401579d.bin
C:\Projects\M2022\Backups\MAIN3.dfm		dfm	TMainFrm	dxPrinter	dxPrinter	TdxComponentPrinter			PreviewOptions.PreviewBoundsRect	single			16	0	0	0	0							18d8151f66606a942343a741d4656ace0b528084a1d56efeb3ece946689ff1af	images\18d8151f66606a942343a741d4656ace0b528084a1d56efeb3ece946689ff1af.bin
C:\Projects\M2022\Backups\MAIN3.dfm		dfm	TMainFrm	dxComponentPrinter1	dxComponentPrinter1	TdxComponentPrinter			PreviewOptions.PreviewBoundsRect	single			16	0	0	0	0							658104d37dc30ac2ae09c7ab210f21787a076927ad43faae9e2cceb297cea1c8	images\658104d37dc30ac2ae09c7ab210f21787a076927ad43faae9e2cceb297cea1c8.bin
C:\Projects\M2022\Backups\MAIN_X1.dfm	MAIN_X1.pas	dfm	TMainFrm		MainFrm	TMainFrm			Icon.Data	single		ico	1406	0	0	0	0							b20526ee9cb9f5fbe5fa12c7fd7f9f5b0b9fd9e0b956489c7fce10dc396d0ceb	images\b20526ee9cb9f5fbe5fa12c7fd7f9f5b0b9fd9e0b956489c7fce10dc396d0ceb.ico
C:\Projects\M2022\Backups\MAIN_X1.dfm	MAIN_X1.pas	dfm	TMainFrm	dxRibbon1	dxRibbon1	TdxRibbon			ApplicationButton.Glyph.Data	single		png	5232	0	0	0	0							b70c238ac308b24cc89e769ec9df7f28ccd28859b58396755dac9c4076cd15c6	images\b70c238ac308b24cc89e769ec9df7f28ccd28859b58396755dac9c4076cd15c6.png
C:\Projects\M2022\Backups\MAIN_X1.dfm	MAIN_X1.pas	dfm	TMainFrm	RzSplitter1.Panel3.dxDBGrid1	dxDBGrid1	TdxDBGrid			Filter.Criteria	single			4	0	0	0	0							df3f619804a92fdb4057192dc43dd748ea778adc52bc498ce80524c014b81119	images\df3f619804a92fdb4057192dc43dd748ea778adc52bc498ce80524c014b81119.bin
C:\Projects\M2022\Backups\MAIN_X1.dfm	MAIN_X1.pas	dfm	TMainFrm	RzSplitter1.Panel3.dxDBGrid1.dxDBGrid1QFlagOFF	dxDBGrid1QFlagOFF	TdxDBGridCheckColumn			Glyph.Data	strip		bmp	4666	96	16	24	0					6		20de6362cd769f0d2bc7de0d3989e2f39f4f3bddfbbc543770b733d6d41704a9	images\20de6362cd769f0d2bc7de0d3989e2f39f4f3bddfbbc543770b733d6d41704a9.bmp
C:\Projects\M2022\Backups\MAIN_X1.dfm	MAIN_X1.pas	dfm	TMainFrm	RzSplitter1.Panel3.dxDBGrid1.dxDBGrid1TFlagOff	dxDBGrid1TFlagOff	TdxDBGridCheckColumn			Glyph.Data	strip		bmp	4666	96	16	24	0					6		20de6362cd769f0d2bc7de0d3989e2f39f4f3bddfbbc543770b733d6d41704a9	images\20de6362cd769f0d2bc7de0d3989e2f39f4f3bddfbbc543770b733d6d41704a9.bmp
C:\Projects\M2022\Backups\MAIN_X1.dfm	MAIN_X1.pas	dfm	TMainFrm	RzSplitter1.Panel3.cxGrid1.cxGrid1DBTableView1.cxGrid1DBTableView1QFlagOFF1	cxGrid1DBTableView1QFlagOFF1	TcxGridDBColumn			Properties.Glyph.Data	strip		bmp	4666	96	16	24	0					6		20de6362cd769f0d2bc7de0d3989e2f39f4f3bddfbbc543770b733d6d41704a9	images\20de6362cd769f0d2bc7de0d3989e2f39f4f3bddfbbc543770b733d6d41704a9.bmp
C:\Projects\M2022\Backups\MAIN_X1.dfm	MAIN_X1.pas	dfm	TMainFrm	RzSplitter1.Panel3.cxGrid1.cxGrid1DBTableView1.cxGrid1DBTableView1TFlagOff1	cxGrid1DBTableView1TFlagOff1	TcxGridDBColumn			Properties.Glyph.Data	strip		bmp	4666	96	16	24	0					6		20de6362cd769f0d2bc7de0d3989e2f39f4f3bddfbbc543770b733d6d41704a9	images\20de6362cd769f0d2bc7de0d3989e2f39f4f3bddfbbc543770b733d6d41704a9.bmp
C:\Projects\M2022\Backups\MAIN_X1.dfm	MAIN_X1.pas	dfm	TMainFrm	RzSplitter1.tabInfoSearch.TOvcTabPage.Panel4.RzMenuButton3	RzMenuButton3	TRzMenuButton			Glyph.Data	single		bmp	250	16	16	4	16					1		54eb147199964a21839e931938ee67730620d1a628ba9a8657d75e07efc26fc9	images\54eb147199964a21839e931938ee67730620d1a628ba9a8657d75e07efc26fc9.bmp
C:\Projects\M2022\Backups\MAIN_X1.dfm	MAIN_X1.pas	dfm	TMainFrm	RzSplitter1.tabInfoSearch.TOvcTabPage.Panel4.RzMenuButton4	RzMenuButton4	TRzMenuButton			Glyph.Data	single		bmp	1338	16	16	8	256					1		da052995531f425578675ab77a202baf5cfe1faa5799837a95df9aedecb687eb	images\da052995531f425578675ab77a202baf5cfe1faa5799837a95df9aedecb687eb.bmp
C:\Projects\M2022\Backups\MAIN_X1.dfm	MAIN_X1.pas	dfm	TMainFrm	RzSplitter1.tabInfoSearch.TOvcTabPage.Panel9.RzMenuButton1	RzMenuButton1	TRzMenuButton			Glyph.Data	single		bmp	250	16	16	4	16					1		54eb147199964a21839e931938ee67730620d1a628ba9a8657d75e07efc26fc9	images\54eb147199964a21839e931938ee67730620d1a628ba9a8657d75e07efc26fc9.bmp
C:\Projects\M2022\Backups\MAIN_X1.dfm	MAIN_X1.pas	dfm	TMainFrm	RzSplitter1.tabInfoSearch.TOvcTabPage.Panel9.RzMenuButton2	RzMenuButton2	TRzMenuButton			Glyph.Data	single		bmp	250	16	16	4	16					1		53dff5d6ff8baf9ec5a1fd6dc60a008e07b93cbb1bcf12485e476ab136979930	images\53dff5d6ff8baf9ec5a1fd6dc60a008e07b93cbb1bcf12485e476ab136979930.bmp
C:\Projects\M2022\Backups\MAIN_X1.dfm	MAIN_X1.pas	dfm	TMainFrm	RzSplitter1.tabInfoSearch.TOvcTabPage.Panel10.BitBtn3	BitBtn3	TBitBtn			Glyph.Data	single		bmp	1082	16	16	32	0					1		cf932b157a81a4e0728cc48ebe71e7f3ad3376558322a3e0667fb8f9a840ccc7	images\cf932b157a81a4e0728cc48ebe71e7f3ad3376558322a3e0667fb8f9a840ccc7.bmp
C:\Projects\M2022\Backups\MAIN_X1.dfm	MAIN_X1.pas	dfm	TMainFrm	RzSplitter1.tabInfoSearch.TOvcTabPage.Panel14.BitBtn8	BitBtn8	TBitBtn			Glyph.Data	single		bmp	250	16	16	4	16					1		54eb147199964a21839e931938ee67730620d1a628ba9a8657d75e07efc26fc9	images\54eb147199964a21839e931938ee67730620d1a628ba9a8657d75e07efc26fc9.bmp
C:\Projects\M2022\Backups\MAIN_X1.dfm	MAIN_X1.pas	dfm	TMainFrm	RzSplitter1.tabInfoSearch.TOvcTabPage.RzSplitter2.Panel7.dxDBGrid2	dxDBGrid2	TdxDBGrid			Filter.Criteria	single			4	0	0	0	0							df3f619804a92fdb4057192dc43dd748ea778adc52bc498ce80524c014b81119	images\df3f619804a92fdb4057192dc43dd748ea778adc52bc498ce80524c014b81119.bin
C:\Projects\M2022\Backups\MAIN_X1.dfm	MAIN_X1.pas	dfm	TMainFrm	dxBarManager1.SetupDataChannels1	SetupDataChannels1	TdxBarButton			Glyph.Data	single		bmp	1338	16	16	8	256					1		a9776d4ca028cbcff00becfc1aba1c185b916606a4bca4a7339a5dc39b9daddc	images\a9776d4ca028cbcff00becfc1aba1c185b916606a4bca4a7339a5dc39b9daddc.bmp
C:\Projects\M2022\Backups\MAIN_X1.dfm	MAIN_X1.pas	dfm	TMainFrm	dxBarManager1.ReportCover1	ReportCover1	TdxBarButton			Glyph.Data	single		bmp	250	16	16	4	16					1		7049e993f12e5915bedf7952180b95a628dc2be866299571b3590970be560537	images\7049e993f12e5915bedf7952180b95a628dc2be866299571b3590970be560537.bmp
C:\Projects\M2022\Backups\MAIN_X1.dfm	MAIN_X1.pas	dfm	TMainFrm	dxBarManager1.CoverLetter1	CoverLetter1	TdxBarButton			Glyph.Data	single		bmp	250	16	16	4	16					1		c43ac79453735a4af2871c97dda291c0efb7c378121e535c27b00b6467b59160	images\c43ac79453735a4af2871c97dda291c0efb7c378121e535c27b00b6467b59160.bmp
C:\Projects\M2022\Backups\MAIN_X1.dfm	MAIN_X1.pas	dfm	TMainFrm	dxBarManager1.DefaultSettings1	DefaultSettings1	TdxBarButton			Glyph.Data	single		bmp	250	16	16	4	16					1		700430b5c8963962c7081270cbf309dd3d0c2fe9960fc90b0b679b0eac9f9d9e	images\700430b5c8963962c7081270cbf309dd3d0c2fe9960fc90b0b679b0eac9f9d9e.bmp
C:\Projects\M2022\Backups\MAIN_X1.dfm	MAIN_X1.pas	dfm	TMainFrm	dxBarManager1.Station1	Station1	TdxBarButton			Glyph.Data	single		bmp	1338	16	16	8	256					1		a9776d4ca028cbcff00becfc1aba1c185b916606a4bca4a7339a5dc39b9daddc	images\a9776d4ca028cbcff00becfc1aba1c185b916606a4bca4a7339a5dc39b9daddc.bmp
C:\Projects\M2022\Backups\MAIN_X1.dfm	MAIN_X1.pas	dfm	TMainFrm	dxBarManager1.Repairdataforselectedfolder1	Repairdataforselectedfolder1	TdxBarButton			Glyph.Data	single		bmp	250	16	16	4	16					1		49247a2d65bc58008d5d7d7f95cccb22925fe37aa65599dbbfb9da46b0e8f83a	images\49247a2d65bc58008d5d7d7f95cccb22925fe37aa65599dbbfb9da46b0e8f83a.bmp
C:\Projects\M2022\Backups\MAIN_X1.dfm	MAIN_X1.pas	dfm	TMainFrm	dxBarManager1.Repaircommondata1	Repaircommondata1	TdxBarButton			Glyph.Data	single		bmp	250	16	16	4	16					1		15bbdb6d076256766b92d4bd619449978fc234ea94c444cd4e9a26020a422f96	images\15bbdb6d076256766b92d4bd619449978fc234ea94c444cd4e9a26020a422f96.bmp
C:\Projects\M2022\Backups\MAIN_X1.dfm	MAIN_X1.pas	dfm	TMainFrm	dxBarManager1.Deletefolderunconditionally1	Deletefolderunconditionally1	TdxBarButton			Glyph.Data	single		bmp	250	16	16	4	16					1		da94198eb69dbc3ed556b8270901a0c67ee706297e96a98393331db67f069c9f	images\da94198eb69dbc3ed556b8270901a0c67ee706297e96a98393331db67f069c9f.bmp
C:\Projects\M2022\Backups\MAIN_X1.dfm	MAIN_X1.pas	dfm	TMainFrm	dxBarManager1.PrinterSetup1	PrinterSetup1	TdxBarButton			Glyph.Data	single		bmp	250	16	16	4	16					1		543ba675e800d8c79c479f5f67a925294e52f35af525149b38c4c676dd870ed6	images\543ba675e800d8c79c479f5f67a925294e52f35af525149b38c4c676dd870ed6.bmp
C:\Projects\M2022\Backups\MAIN_X1.dfm	MAIN_X1.pas	dfm	TMainFrm	dxBarManager1.PageSetup	PageSetup	TdxBarButton			Glyph.Data	single		bmp	250	16	16	4	16					1		21150020d52ba2c6b94b85cf5d19d2b4086a4fa146a174b0cf36001ce6053e54	images\21150020d52ba2c6b94b85cf5d19d2b4086a4fa146a174b0cf36001ce6053e54.bmp
C:\Projects\M2022\Backups\MAIN_X1.dfm	MAIN_X1.pas	dfm	TMainFrm	dxBarManager1.Stylesetup	Stylesetup	TdxBarButton			Glyph.Data	single		bmp	250	16	16	4	16					1		2dbcd3c751e01645395cce803680c78041caa183bb90c436870d5838f1b60f97	images\2dbcd3c751e01645395cce803680c78041caa183bb90c436870d5838f1b60f97.bmp
C:\Projects\M2022\Backups\MAIN_X1.dfm	MAIN_X1.pas	dfm	TMainFrm	dxBarManager1.dxBarInPlaceSubItem1	dxBarInPlaceSubItem1	TdxBarInPlaceSubItem			Glyph.Data	single		bmp	2106	32	32	8	256					1		a0986e750b954d498f474f48e7505401f2214fc61392fa65901e6c0b617b293a	images\a0986e750b954d498f474f48e7505401f2214fc61392fa65901e6c0b617b293a.bmp
C:\Projects\M2022\Backups\MAIN_X1.dfm	MAIN_X1.pas	dfm	TMainFrm	dxBarManager1.btnWhatIsThis	btnWhatIsThis	TdxBarButton			Glyph.Data	single		bmp	250	16	16	4	16					1		5dc290258c30d6643e74814b157b71409e253aaaa6a75ec06ca76aaa757b0596	images\5dc290258c30d6643e74814b157b71409e253aaaa6a75ec06ca76aaa757b0596.bmp
C:\Projects\M2022\Backups\MAIN_X1.dfm	MAIN_X1.pas	dfm	TMainFrm	dxBarManager1.dxBarDBNavFirst1	dxBarDBNavFirst1	TdxBarDBNavButton			Glyph.Data	single		bmp	250	16	16	4	16					1		2ea14019e18dd0aaee7703631bf2916352f08ee5726836b8d7c70f23e3ca1545	images\2ea14019e18dd0aaee7703631bf2916352f08ee5726836b8d7c70f23e3ca1545.bmp
C:\Projects\M2022\Backups\MAIN_X1.dfm	MAIN_X1.pas	dfm	TMainFrm	dxBarManager1.dxBarDBNavPrev1	dxBarDBNavPrev1	TdxBarDBNavButton			Glyph.Data	single		bmp	250	16	16	4	16					1		bc26a12d8d820a28456e0f5cc295df0ce239230f4c1eb8d54af18961e607f045	images\bc26a12d8d820a28456e0f5cc295df0ce239230f4c1eb8d54af18961e607f045.bmp
C:\Projects\M2022\Backups\MAIN_X1.dfm	MAIN_X1.pas	dfm	TMainFrm	dxBarManager1.dxBarDBNavNext1	dxBarDBNavNext1	TdxBarDBNavButton			Glyph.Data	single		bmp	250	16	16	4	16					1		735275fa89f69911947bd47fdaed12ecb63463a11f808c2ecbefc860a823d6d4	images\735275fa89f69911947bd47fdaed12ecb63463a11f808c2ecbefc860a823d6d4.bmp
C:\Projects\M2022\Backups\MAIN_X1.dfm	MAIN_X1.pas	dfm	TMainFrm	dxBarManager1.dxBarDBNavLast1	dxBarDBNavLast1	TdxBarDBNavButton			Glyph.Data	single		bmp	250	16	16	4	16					1		76cafaa91a8991de44ccaa783c0752452d941b22463077498d4092dcb1e0cbb4	images\76cafaa91a8991de44ccaa783c0752452d941b22463077498d4092dcb1e0cbb4.bmp
C:\Projects\M2022\Backups\MAIN_X1.dfm	MAIN_X1.pas	dfm	TMainFrm	dxBarManager1.btnMaximize	btnMaximize	TdxBarButton			Glyph.Data	single		bmp	1338	16	16	8	256					1		95a11122e11fad993e99a395ed6f399403cacee9d4941746c25025d59e836124	images\95a11122e11fad993e99a395ed6f399403cacee9d4941746c25025d59e836124.bmp
C:\Projects\M2022\Backups\MAIN_X1.dfm	MAIN_X1.pas	dfm	TMainFrm	dxBarManager1.btnWMaximize	btnWMaximize	TdxBarButton			Glyph.Data	single		bmp	1338	16	16	8	256					1		95a11122e11fad993e99a395ed6f399403cacee9d4941746c25025d59e836124	images\95a11122e11fad993e99a395ed6f399403cacee9d4941746c25025d59e836124.bmp
C:\Projects\M2022\Backups\MAIN_X1.dfm	MAIN_X1.pas	dfm	TMainFrm	dxBarManager1.btnWMinimize	btnWMinimize	TdxBarButton			Glyph.Data	single		bmp	826	16	16	24	0					1		d9cf0857cc59afb19d6015768ceeac5f8fe5c8e1f18d9a5f769ba40ca685c530	images\d9cf0857cc59afb19d6015768ceeac5f8fe5c8e1f18d9a5f769ba40ca685c530.bmp
C:\Projects\M2022\Backups\MAIN_X1.dfm	MAIN_X1.pas	dfm	TMainFrm	dxBarManager1.btnWRestore	btnWRestore	TdxBarButton			Glyph.Data	single		bmp	826	16	16	24	0					1		dfc54f4fd9398272df4318effaf8355c425ebd322827ac714680d01a1ff95dbd	images\dfc54f4fd9398272df4318effaf8355c425ebd322827ac714680d01a1ff95dbd.bmp
C:\Projects\M2022\Backups\MAIN_X1.dfm	MAIN_X1.pas	dfm	TMainFrm	dxBarManager1.HelpOnMicronite	HelpOnMicronite	TdxBarButton			Glyph.Data	single		bmp	250	16	16	4	16					1		ad49913d3c3832debeecfa5793ade9cf547dc4b8ed50dce626d03c6c2a35bf7a	images\ad49913d3c3832debeecfa5793ade9cf547dc4b8ed50dce626d03c6c2a35bf7a.bmp
C:\Projects\M2022\Backups\MAIN_X1.dfm	MAIN_X1.pas	dfm	TMainFrm	dxBarManager1.btnRefreshGrid	btnRefreshGrid	TdxBarButton			Glyph.Data	single		bmp	826	16	16	24	0					1		f734751d5c8f9dd8c52e694f3732357e1f3c4581a65c1229c5226610c683c879	images\f734751d5c8f9dd8c52e694f3732357e1f3c4581a65c1229c5226610c683c879.bmp
C:\Projects\M2022\Backups\MAIN_X1.dfm	MAIN_X1.pas	dfm	TMainFrm	dxBarManager1.btnJobVerifierRemover	btnJobVerifierRemover	TdxBarButton			Glyph.Data	single		bmp	362	20	20	4	16					1		9dfc5aa67cc358e051ba1f9ed46f80d06421f7baa3aa433f94505cdb01bb274e	images\9dfc5aa67cc358e051ba1f9ed46f80d06421f7baa3aa433f94505cdb01bb274e.bmp
C:\Projects\M2022\Backups\MAIN_X1.dfm	MAIN_X1.pas	dfm	TMainFrm	qryFldrDueIn	qryFldrDueIn	TQuery			Data	single			1073	0	0	0	0							0304fbfaf2deb131239b5b4ebf336f82b96dce91fc6097e8dcd0a26d4d89b25d	images\0304fbfaf2deb131239b5b4ebf336f82b96dce91fc6097e8dcd0a26d4d89b25d.bin
C:\Projects\M2022\Backups\MAIN_X1.dfm	MAIN_X1.pas	dfm	TMainFrm	qryHeats	qryHeats	TQuery			Data	single			767	0	0	0	0							a9d6e0b538399d13a989d36c1e38f27d1f19ba807d4c42c416727d549fc09549	images\a9d6e0b538399d13a989d36c1e38f27d1f19ba807d4c42c416727d549fc09549.bin
C:\Projects\M2022\Backups\MAIN_X1.dfm	MAIN_X1.pas	dfm	TMainFrm	ImageList1	ImageList1	TImageList			Bitmap	container			38182	0	0	0	0							f56e38a114182298508e6ae208ded6931cb0de5839d857223691a2a408e81882	images\f56e38a114182298508e6ae208ded6931cb0de5839d857223691a2a408e81882.bin
C:\Projects\M2022\Backups\MAIN_X1.dfm	MAIN_X1.pas	dfm	TMainFrm	imlProblems	imlProblems	TImageList			Bitmap	container			12838	0	0	0	0							2a38aa85561f25e045680a46243ff6dbb92029b7e21394abe565b93c1575cc1c	images\2a38aa85561f25e045680a46243ff6dbb92029b7e21394abe565b93c1575cc1c.bin
C:\Projects\M2022\Backups\MAIN_X1.dfm	MAIN_X1.pas	dfm	TMainFrm	imgLotStatus	imgLotStatus	TImageList			Bitmap	container			12838	0	0	0	0							0d35969e6304b8b685857816752b0888c0a791e1adb410e1130209ecd47dfc12	images\0d35969e6304b8b685857816752b0888c0a791e1adb410e1130209ecd47dfc12.bin
C:\Projects\M2022\Backups\MAIN_X1.dfm	MAIN_X1.pas	dfm	TMainFrm	imgTFlags	imgTFlags	TImageList			Bitmap	container			12838	0	0	0	0							150b72bd30cd2a1cbff07bbf134a77dea0e68b5151e76dffafe7dc2538ee37a6	images\150b72bd30cd2a1cbff07bbf134a77dea0e68b5151e76dffafe7dc2538ee37a6.bin
C:\Projects\M2022\Backups\MAIN_X1.dfm	MAIN_X1.pas	dfm	TMainFrm	dxPrinter	dxPrinter	TdxComponentPrinter			PreviewOptions.PreviewBoundsRect	single			16	0	0	0	0							18d8151f66606a942343a741d4656ace0b528084a1d56efeb3ece946689ff1af	images\18d8151f66606a942343a741d4656ace0b528084a1d56efeb3ece946689ff1af.bin
C:\Projects\M2022\Backups\MAIN_X1.dfm	MAIN_X1.pas	dfm	TMainFrm	dxComponentPrinter1	dxComponentPrinter1	TdxComponentPrinter			PreviewOptions.PreviewBoundsRect	single			16	0	0	0	0							658104d37dc30ac2ae09c7ab210f21787a076927ad43faae9e2cceb297cea1c8	images\658104d37dc30ac2ae09c7ab210f21787a076927ad43faae9e2cceb297cea1c8.bin
C:\Projects\M2022\Backups\MAIN__.dfm	MAIN__.pas	dfm	TMainFrm		MainFrm	TMainFrm			Icon.Data	single		ico	1406	0	0	0	0							b20526ee9cb9f5fbe5fa12c7fd7f9f5b0b9fd9e0b956489c7fce10dc396d0ceb	images\b20526ee9cb9f5fbe5fa12c7fd7f9f5b0b9fd9e0b956489c7fce10dc396d0ceb.ico
C:\Projects\M2022\Backups\MAIN__.dfm	MAIN__.pas	dfm	TMainFrm	dxRibbon1	dxRibbon1	TdxRibbon			ApplicationButton.Glyph.Data	single		png	5232	0	0	0	0							b70c238ac308b24cc89e769ec9df7f28ccd28859b58396755dac9c4076cd15c6	images\b70c238ac308b24cc89e769ec9df7f28ccd28859b58396755dac9c4076cd15c6.png
C:\Projects\M2022\Backups\MAIN__.dfm	MAIN__.pas	dfm	TMainFrm	RzSplitter1.Panel3.cxGrid1.cxGrid1DBTableView1.cxGrid1DBTableView1QFlagOFF1	cxGrid1DBTableView1QFlagOFF1	TcxGridDBColumn			Properties.Glyph.Data	strip		bmp	6198	96	16	32	0					6		617cadb05a07b992a6f1733ebead0bb5eb78d6575fe39752963edbe7267b1e6c	images\617cadb05a07b992a6f1733ebead0bb5eb78d6575fe39752963edbe7267b1e6c.bmp
C:\Projects\M2022\Backups\MAIN__.dfm	MAIN__.pas	dfm	TMainFrm	RzSplitter1.Panel3.cxGrid1.cxGrid1DBTableView1.cxGrid1DBTableView1TFlagOff1	cxGrid1DBTableView1TFlagOff1	TcxGridDBColumn			Properties.Glyph.Data	strip		bmp	6198	96	16	32	0					6		617cadb05a07b992a6f1733ebead0bb5eb78d6575fe39752963edbe7267b1e6c	images\617cadb05a07b992a6f1733ebead0bb5eb78d6575fe39752963edbe7267b1e6c.bmp
C:\Projects\M2022\Backups\MAIN__.dfm	MAIN__.pas	dfm	TMainFrm	RzSplitter1.tabInfoSearch.TOvcTabPage.Panel4.RzMenuButton3	RzMenuButton3	TRzMenuButton			Glyph.Data	single		bmp	250	16	16	4	16					1		54eb147199964a21839e931938ee67730620d1a628ba9a8657d75e07efc26fc9	images\54eb147199964a21839e931938ee67730620d1a628ba9a8657d75e07efc26fc9.bmp
C:\Projects\M2022\Backups\MAIN__.dfm	MAIN__.pas	dfm	TMainFrm	RzSplitter1.tabInfoSearch.TOvcTabPage.Panel4.RzMenuButton4	RzMenuButton4	TRzMenuButton			Glyph.Data	single		bmp	1338	16	16	8	256					1		da052995531f425578675ab77a202baf5cfe1faa5799837a95df9aedecb687eb	images\da052995531f425578675ab77a202baf5cfe1faa5799837a95df9aedecb687eb.bmp
C:\Projects\M2022\Backups\MAIN__.dfm	MAIN__.pas	dfm	TMainFrm	RzSplitter1.tabInfoSearch.TOvcTabPage.Panel9.RzMenuButton1	RzMenuButton1	TRzMenuButton			Glyph.Data	single		bmp	250	16	16	4	16					1		54eb147199964a21839e931938ee67730620d1a628ba9a8657d75e07efc26fc9	images\54eb147199964a21839e931938ee67730620d1a628ba9a8657d75e07efc26fc9.bmp
C:\Projects\M2022\Backups\MAIN__.dfm	MAIN__.pas	dfm	TMainFrm	RzSplitter1.tabInfoSearch.TOvcTabPage.Panel9.RzMenuButton2	RzMenuButton2	TRzMenuButton			Glyph.Data	single		bmp	250	16	16	4	16					1		53dff5d6ff8baf9ec5a1fd6dc60a008e07b93cbb1bcf12485e476ab136979930	images\53dff5d6ff8baf9ec5a1fd6dc60a008e07b93cbb1bcf12485e476ab136979930.bmp
C:\Projects\M2022\Backups\MAIN__.dfm	MAIN__.pas	dfm	TMainFrm	RzSplitter1.tabInfoSearch.TOvcTabPage.Panel10.BitBtn3	BitBtn3	TBitBtn			Glyph.Data	single		bmp	1082	16	16	32	0					1		cf932b157a81a4e0728cc48ebe71e7f3ad3376558322a3e0667fb8f9a840ccc7	images\cf932b157a81a4e0728cc48ebe71e7f3ad3376558322a3e0667fb8f9a840ccc7.bmp
C:\Projects\M2022\Backups\MAIN__.dfm	MAIN__.pas	dfm	TMainFrm	RzSplitter1.tabInfoSearch.TOvcTabPage.Panel14.BitBtn8	BitBtn8	TBitBtn			Glyph.Data	single		bmp	250	16	16	4	16					1		54eb147199964a21839e931938ee67730620d1a628ba9a8657d75e07efc26fc9	images\54eb147199964a21839e931938ee67730620d1a628ba9a8657d75e07efc26fc9.bmp
C:\Projects\M2022\Backups\MAIN__.dfm	MAIN__.pas	dfm	TMainFrm	qryFldrDueIn	qryFldrDueIn	TQuery			Data	single			1073	0	0	0	0							0304fbfaf2deb131239b5b4ebf336f82b96dce91fc6097e8dcd0a26d4d89b25d	images\0304fbfaf2deb131239b5b4ebf336f82b96dce91fc6097e8dcd0a26d4d89b25d.bin
C:\Projects\M2022\Backups\MAIN__.dfm	MAIN__.pas	dfm	TMainFrm	qryHeats	qryHeats	TQuery			Data	single			767	0	0	0	0							a9d6e0b538399d13a989d36c1e38f27d1f19ba807d4c42c416727d549fc09549	images\a9d6e0b538399d13a989d36c1e38f27d1f19ba807d4c42c416727d549fc09549.bin
C:\Projects\M2022\Backups\MAIN__.dfm	MAIN__.pas	dfm	TMainFrm	ImageList1	ImageList1	TImageList			Bitmap	container			33958	0	0	0	0							8196628aa921c4ae48d591b4131ff4cbf9b09d4349ff5885f74ed34d3b42c778	images\8196628aa921c4ae48d591b4131ff4cbf9b09d4349ff5885f74ed34d3b42c778.bin
C:\Projects\M2022\Backups\MAIN__.dfm	MAIN__.pas	dfm	TMainFrm	imlProblems	imlProblems	TImageList			Bitmap	container			8614	0	0	0	0							6a0537d6de49e3f3d1ce45bcdf232ae4ed5f98397ea3d85237f4aefeaeaab116	images\6a0537d6de49e3f3d1ce45bcdf232ae4ed5f98397ea3d85237f4aefeaeaab116.bin
C:\Projects\M2022\Backups\MAIN__.dfm	MAIN__.pas	dfm	TMainFrm	imgLotStatus	imgLotStatus	TImageList			Bitmap	container			12838	0	0	0	0							4cc0a1f62587897d37754c0174e3d2ba97706308d955db52113c078e1287d36e	images\4cc0a1f62587897d37754c0174e3d2ba97706308d955db52113c078e1287d36e.bin
C:\Projects\M2022\Backups\MAIN__.dfm	MAIN__.pas	dfm	TMainFrm	imgTFlags	imgTFlags	TImageList			Bitmap	container			12838	0	0	0	0							6cc15d65dad5052781a8cc7850b989f08c60f5bc1e96fb2228da66354401579d	images\6cc15d65dad5052781a8cc7850b989f08c60f5bc1e96fb2228da66354401579d.bin
C:\Projects\M2022\Backups\MAIN__.dfm	MAIN__.pas	dfm	TMainFrm	dxPrinter	dxPrinter	TdxComponentPrinter			PreviewOptions.PreviewBoundsRect	single			16	0	0	0	0							18d8151f66606a942343a741d4656ace0b528084a1d56efeb3ece946689ff1af	images\18d8151f66606a942343a741d4656ace0b528084a1d56efeb3ece946689ff1af.bin
C:\Projects\M2022\Backups\MAIN__.dfm	MAIN__.pas	dfm	TMainFrm	dxComponentPrinter1	dxComponentPrinter1	TdxComponentPrinter			PreviewOptions.PreviewBoundsRect	single			16	0	0	0	0							658104d37dc30ac2ae09c7ab210f21787a076927ad43faae9e2cceb297cea1c8	images\658104d37dc30ac2ae09c7ab210f21787a076927ad43faae9e2cceb297cea1c8.bin
C:\Projects\M2022\Backups\SetupDefaults  - Copy.dfm	SetupDefaults  - Copy.pas	dfm	TdlgSetupDefaults		dlgSetupDefaults	TdlgSetupDefaults			Icon.Data	single		ico	1150	0	0	0	0							87829c566615525191dec99da56caf00d42442aaa72a701af21d38cb4d4598be	images\87829c566615525191dec99da56caf00d42442aaa72a701af21d38cb4d4598be.ico
C:\Projects\M2022\Backups\SetupDefaults  - Copy.dfm	SetupDefaults  - Copy.pas	dfm	TdlgSetupDefaults	OvcNotebook1ZZ1.Page2.edtIPDefCPrd2S	edtIPDefCPrd2S	TOvcSimpleField			RangeHigh	single			10	0	0	0	0							8183c64e867670d7f6c3cada0d8ba4577448c2ad940c00e406ac8783c8b22d42	images\8183c64e867670d7f6c3cada0d8ba4577448c2ad940c00e406ac8783c8b22d42.bin
C:\Projects\M2022\Backups\SetupDefaults  - Copy.dfm	SetupDefaults  - Copy.pas	dfm	TdlgSetupDefaults	OvcNotebook1ZZ1.Page2.edtIPDefCPrd2S	edtIPDefCPrd2S	TOvcSimpleField			RangeLow	single			10	0	0	0	0							01d448afd928065458cf670b60f5a594d735af0172c8d67f22a81680132681ca	images\01d448afd928065458cf670b60f5a594d735af0172c8d67f22a81680132681ca.bin
C:\Projects\M2022\Backups\SetupDefaults  - Copy.dfm	SetupDefaults  - Copy.pas	dfm	TdlgSetupDefaults	OvcNotebook1ZZ1.Page2.edtIPDefCPrd2C	edtIPDefCPrd2C	TOvcSimpleField			RangeHigh	single			10	0	0	0	0							8183c64e867670d7f6c3cada0d8ba4577448c2ad940c00e406ac8783c8b22d42	images\8183c64e867670d7f6c3cada0d8ba4577448c2ad940c00e406ac8783c8b22d42.bin
C:\Projects\M2022\Backups\SetupDefaults  - Copy.dfm	SetupDefaults  - Copy.pas	dfm	TdlgSetupDefaults	OvcNotebook1ZZ1.Page2.edtIPDefCPrd2C	edtIPDefCPrd2C	TOvcSimpleField			RangeLow	single			10	0	0	0	0							01d448afd928065458cf670b60f5a594d735af0172c8d67f22a81680132681ca	images\01d448afd928065458cf670b60f5a594d735af0172c8d67f22a81680132681ca.bin
C:\Projects\M2022\Backups\SetupDefaults  - Copy.dfm	SetupDefaults  - Copy.pas	dfm	TdlgSetupDefaults	OvcNotebook1ZZ1.Page2.edtIPDefCPrd2M	edtIPDefCPrd2M	TOvcSimpleField			RangeHigh	single			10	0	0	0	0							8183c64e867670d7f6c3cada0d8ba4577448c2ad940c00e406ac8783c8b22d42	images\8183c64e867670d7f6c3cada0d8ba4577448c2ad940c00e406ac8783c8b22d42.bin
C:\Projects\M2022\Backups\SetupDefaults  - Copy.dfm	SetupDefaults  - Copy.pas	dfm	TdlgSetupDefaults	OvcNotebook1ZZ1.Page2.edtIPDefCPrd2M	edtIPDefCPrd2M	TOvcSimpleField			RangeLow	single			10	0	0	0	0							01d448afd928065458cf670b60f5a594d735af0172c8d67f22a81680132681ca	images\01d448afd928065458cf670b60f5a594d735af0172c8d67f22a81680132681ca.bin
C:\Projects\M2022\Backups\SetupDefaults  - Copy.dfm	SetupDefaults  - Copy.pas	dfm	TdlgSetupDefaults	OvcNotebook1ZZ1.Page2.edtIPDefCPsS	edtIPDefCPsS	TOvcSimpleField			RangeHigh	single			10	0	0	0	0							8183c64e867670d7f6c3cada0d8ba4577448c2ad940c00e406ac8783c8b22d42	images\8183c64e867670d7f6c3cada0d8ba4577448c2ad940c00e406ac8783c8b22d42.bin
C:\Projects\M2022\Backups\SetupDefaults  - Copy.dfm	SetupDefaults  - Copy.pas	dfm	TdlgSetupDefaults	OvcNotebook1ZZ1.Page2.edtIPDefCPsS	edtIPDefCPsS	TOvcSimpleField			RangeLow	single			10	0	0	0	0							01d448afd928065458cf670b60f5a594d735af0172c8d67f22a81680132681ca	images\01d448afd928065458cf670b60f5a594d735af0172c8d67f22a81680132681ca.bin
C:\Projects\M2022\Backups\SetupDefaults  - Copy.dfm	SetupDefaults  - Copy.pas	dfm	TdlgSetupDefaults	OvcNotebook1ZZ1.Page2.edtIPDefCPsC	edtIPDefCPsC	TOvcSimpleField			RangeHigh	single			10	0	0	0	0							8183c64e867670d7f6c3cada0d8ba4577448c2ad940c00e406ac8783c8b22d42	images\8183c64e867670d7f6c3cada0d8ba4577448c2ad940c00e406ac8783c8b22d42.bin
C:\Projects\M2022\Backups\SetupDefaults  - Copy.dfm	SetupDefaults  - Copy.pas	dfm	TdlgSetupDefaults	OvcNotebook1ZZ1.Page2.edtIPDefCPsC	edtIPDefCPsC	TOvcSimpleField			RangeLow	single			10	0	0	0	0							01d448afd928065458cf670b60f5a594d735af0172c8d67f22a81680132681ca	images\01d448afd928065458cf670b60f5a594d735af0172c8d67f22a81680132681ca.bin
C:\Projects\M2022\Backups\SetupDefaults  - Copy.dfm	SetupDefaults  - Copy.pas	dfm	TdlgSetupDefaults	OvcNotebook1ZZ1.Page2.edtIPDefCPsM	edtIPDefCPsM	TOvcSimpleField			RangeHigh	single			10	0	0	0	0							8183c64e867670d7f6c3cada0d8ba4577448c2ad940c00e406ac8783c8b22d42	images\8183c64e867670d7f6c3cada0d8ba4577448c2ad940c00e406ac8783c8b22d42.bin
C:\Projects\M2022\Backups\SetupDefaults  - Copy.dfm	SetupDefaults  - Copy.pas	dfm	TdlgSetupDefaults	OvcNotebook1ZZ1.Page2.edtIPDefCPsM	edtIPDefCPsM	TOvcSimpleField			RangeLow	single			10	0	0	0	0							01d448afd928065458cf670b60f5a594d735af0172c8d67f22a81680132681ca	images\01d448afd928065458cf670b60f5a594d735af0172c8d67f22a81680132681ca.bin
C:\Projects\M2022\Backups\SetupDefaults  - Copy.dfm	SetupDefaults  - Copy.pas	dfm	TdlgSetupDefaults	OvcNotebook1ZZ1.Page2.edtIPDefCPkrd2S	edtIPDefCPkrd2S	TOvcSimpleField			RangeHigh	single			10	0	0	0	0							8183c64e867670d7f6c3cada0d8ba4577448c2ad940c00e406ac8783c8b22d42	images\8183c64e867670d7f6c3cada0d8ba4577448c2ad940c00e406ac8783c8b22d42.bin
C:\Projects\M2022\Backups\SetupDefaults  - Copy.dfm	SetupDefaults  - Copy.pas	dfm	TdlgSetupDefaults	OvcNotebook1ZZ1.Page2.edtIPDefCPkrd2S	edtIPDefCPkrd2S	TOvcSimpleField			RangeLow	single			10	0	0	0	0							01d448afd928065458cf670b60f5a594d735af0172c8d67f22a81680132681ca	images\01d448afd928065458cf670b60f5a594d735af0172c8d67f22a81680132681ca.bin
C:\Projects\M2022\Backups\SetupDefaults  - Copy.dfm	SetupDefaults  - Copy.pas	dfm	TdlgSetupDefaults	OvcNotebook1ZZ1.Page2.edtIPDefCPkrd2C	edtIPDefCPkrd2C	TOvcSimpleField			RangeHigh	single			10	0	0	0	0							8183c64e867670d7f6c3cada0d8ba4577448c2ad940c00e406ac8783c8b22d42	images\8183c64e867670d7f6c3cada0d8ba4577448c2ad940c00e406ac8783c8b22d42.bin
C:\Projects\M2022\Backups\SetupDefaults  - Copy.dfm	SetupDefaults  - Copy.pas	dfm	TdlgSetupDefaults	OvcNotebook1ZZ1.Page2.edtIPDefCPkrd2C	edtIPDefCPkrd2C	TOvcSimpleField			RangeLow	single			10	0	0	0	0							01d448afd928065458cf670b60f5a594d735af0172c8d67f22a81680132681ca	images\01d448afd928065458cf670b60f5a594d735af0172c8d67f22a81680132681ca.bin
C:\Projects\M2022\Backups\SetupDefaults  - Copy.dfm	SetupDefaults  - Copy.pas	dfm	TdlgSetupDefaults	OvcNotebook1ZZ1.Page2.edtIPDefCPkrd2M	edtIPDefCPkrd2M	TOvcSimpleField			RangeHigh	single			10	0	0	0	0							8183c64e867670d7f6c3cada0d8ba4577448c2ad940c00e406ac8783c8b22d42	images\8183c64e867670d7f6c3cada0d8ba4577448c2ad940c00e406ac8783c8b22d42.bin
C:\Projects\M2022\Backups\SetupDefaults  - Copy.dfm	SetupDefaults  - Copy.pas	dfm	TdlgSetupDefaults	OvcNotebook1ZZ1.Page2.edtIPDefCPkrd2M	edtIPDefCPkrd2M	TOvcSimpleField			RangeLow	single			10	0	0	0	0							01d448afd928065458cf670b60f5a594d735af0172c8d67f22a81680132681ca	images\01d448afd928065458cf670b60f5a594d735af0172c8d67f22a81680132681ca.bin
C:\Projects\M2022\Backups\SetupDefaults  - Copy.dfm	SetupDefaults  - Copy.pas	dfm	TdlgSetupDefaults	OvcNotebook1ZZ1.Page2.edtIPDefCPksS	edtIPDefCPksS	TOvcSimpleField			RangeHigh	single			10	0	0	0	0							8183c64e867670d7f6c3cada0d8ba4577448c2ad940c00e406ac8783c8b22d42	images\8183c64e867670d7f6c3cada0d8ba4577448c2ad940c00e406ac8783c8b22d42.bin
C:\Projects\M2022\Backups\SetupDefaults  - Copy.dfm	SetupDefaults  - Copy.pas	dfm	TdlgSetupDefaults	OvcNotebook1ZZ1.Page2.edtIPDefCPksS	edtIPDefCPksS	TOvcSimpleField			RangeLow	single			10	0	0	0	0							01d448afd928065458cf670b60f5a594d735af0172c8d67f22a81680132681ca	images\01d448afd928065458cf670b60f5a594d735af0172c8d67f22a81680132681ca.bin
C:\Projects\M2022\Backups\SetupDefaults  - Copy.dfm	SetupDefaults  - Copy.pas	dfm	TdlgSetupDefaults	OvcNotebook1ZZ1.Page2.edtIPDefCPksC	edtIPDefCPksC	TOvcSimpleField			RangeHigh	single			10	0	0	0	0							8183c64e867670d7f6c3cada0d8ba4577448c2ad940c00e406ac8783c8b22d42	images\8183c64e867670d7f6c3cada0d8ba4577448c2ad940c00e406ac8783c8b22d42.bin
C:\Projects\M2022\Backups\SetupDefaults  - Copy.dfm	SetupDefaults  - Copy.pas	dfm	TdlgSetupDefaults	OvcNotebook1ZZ1.Page2.edtIPDefCPksC	edtIPDefCPksC	TOvcSimpleField			RangeLow	single			10	0	0	0	0							01d448afd928065458cf670b60f5a594d735af0172c8d67f22a81680132681ca	images\01d448afd928065458cf670b60f5a594d735af0172c8d67f22a81680132681ca.bin
C:\Projects\M2022\Backups\SetupDefaults  - Copy.dfm	SetupDefaults  - Copy.pas	dfm	TdlgSetupDefaults	OvcNotebook1ZZ1.Page2.edtIPDefCPksM	edtIPDefCPksM	TOvcSimpleField			RangeHigh	single			10	0	0	0	0							8183c64e867670d7f6c3cada0d8ba4577448c2ad940c00e406ac8783c8b22d42	images\8183c64e867670d7f6c3cada0d8ba4577448c2ad940c00e406ac8783c8b22d42.bin
C:\Projects\M2022\Backups\SetupDefaults  - Copy.dfm	SetupDefaults  - Copy.pas	dfm	TdlgSetupDefaults	OvcNotebook1ZZ1.Page2.edtIPDefCPksM	edtIPDefCPksM	TOvcSimpleField			RangeLow	single			10	0	0	0	0							01d448afd928065458cf670b60f5a594d735af0172c8d67f22a81680132681ca	images\01d448afd928065458cf670b60f5a594d735af0172c8d67f22a81680132681ca.bin
C:\Projects\M2022\Backups\SetupDefaults  - Copy.dfm	SetupDefaults  - Copy.pas	dfm	TdlgSetupDefaults	OvcNotebook1ZZ1.Page2.edtIPDefCPSamprd2S	edtIPDefCPSamprd2S	TOvcSimpleField			RangeHigh	single			10	0	0	0	0							8183c64e867670d7f6c3cada0d8ba4577448c2ad940c00e406ac8783c8b22d42	images\8183c64e867670d7f6c3cada0d8ba4577448c2ad940c00e406ac8783c8b22d42.bin
C:\Projects\M2022\Backups\SetupDefaults  - Copy.dfm	SetupDefaults  - Copy.pas	dfm	TdlgSetupDefaults	OvcNotebook1ZZ1.Page2.edtIPDefCPSamprd2S	edtIPDefCPSamprd2S	TOvcSimpleField			RangeLow	single			10	0	0	0	0							01d448afd928065458cf670b60f5a594d735af0172c8d67f22a81680132681ca	images\01d448afd928065458cf670b60f5a594d735af0172c8d67f22a81680132681ca.bin
C:\Projects\M2022\Backups\SetupDefaults  - Copy.dfm	SetupDefaults  - Copy.pas	dfm	TdlgSetupDefaults	OvcNotebook1ZZ1.Page2.edtIPDefCPSamprd2C	edtIPDefCPSamprd2C	TOvcSimpleField			RangeHigh	single			10	0	0	0	0							8183c64e867670d7f6c3cada0d8ba4577448c2ad940c00e406ac8783c8b22d42	images\8183c64e867670d7f6c3cada0d8ba4577448c2ad940c00e406ac8783c8b22d42.bin
C:\Projects\M2022\Backups\SetupDefaults  - Copy.dfm	SetupDefaults  - Copy.pas	dfm	TdlgSetupDefaults	OvcNotebook1ZZ1.Page2.edtIPDefCPSamprd2C	edtIPDefCPSamprd2C	TOvcSimpleField			RangeLow	single			10	0	0	0	0							01d448afd928065458cf670b60f5a594d735af0172c8d67f22a81680132681ca	images\01d448afd928065458cf670b60f5a594d735af0172c8d67f22a81680132681ca.bin
C:\Projects\M2022\Backups\SetupDefaults  - Copy.dfm	SetupDefaults  - Copy.pas	dfm	TdlgSetupDefaults	OvcNotebook1ZZ1.Page2.edtIPDefCPSamprd2M	edtIPDefCPSamprd2M	TOvcSimpleField			RangeHigh	single			10	0	0	0	0							8183c64e867670d7f6c3cada0d8ba4577448c2ad940c00e406ac8783c8b22d42	images\8183c64e867670d7f6c3cada0d8ba4577448c2ad940c00e406ac8783c8b22d42.bin
C:\Projects\M2022\Backups\SetupDefaults  - Copy.dfm	SetupDefaults  - Copy.pas	dfm	TdlgSetupDefaults	OvcNotebook1ZZ1.Page2.edtIPDefCPSamprd2M	edtIPDefCPSamprd2M	TOvcSimpleField			RangeLow	single			10	0	0	0	0							01d448afd928065458cf670b60f5a594d735af0172c8d67f22a81680132681ca	images\01d448afd928065458cf670b60f5a594d735af0172c8d67f22a81680132681ca.bin
C:\Projects\M2022\Backups\SetupDefaults  - Copy.dfm	SetupDefaults  - Copy.pas	dfm	TdlgSetupDefaults	OvcNotebook1ZZ1.Page2.edtIPDefCPSampsS	edtIPDefCPSampsS	TOvcSimpleField			RangeHigh	single			10	0	0	0	0							8183c64e867670d7f6c3cada0d8ba4577448c2ad940c00e406ac8783c8b22d42	images\8183c64e867670d7f6c3cada0d8ba4577448c2ad940c00e406ac8783c8b22d42.bin
C:\Projects\M2022\Backups\SetupDefaults  - Copy.dfm	SetupDefaults  - Copy.pas	dfm	TdlgSetupDefaults	OvcNotebook1ZZ1.Page2.edtIPDefCPSampsS	edtIPDefCPSampsS	TOvcSimpleField			RangeLow	single			10	0	0	0	0							01d448afd928065458cf670b60f5a594d735af0172c8d67f22a81680132681ca	images\01d448afd928065458cf670b60f5a594d735af0172c8d67f22a81680132681ca.bin
C:\Projects\M2022\Backups\SetupDefaults  - Copy.dfm	SetupDefaults  - Copy.pas	dfm	TdlgSetupDefaults	OvcNotebook1ZZ1.Page2.edtIPDefCPSampsC	edtIPDefCPSampsC	TOvcSimpleField			RangeHigh	single			10	0	0	0	0							8183c64e867670d7f6c3cada0d8ba4577448c2ad940c00e406ac8783c8b22d42	images\8183c64e867670d7f6c3cada0d8ba4577448c2ad940c00e406ac8783c8b22d42.bin
C:\Projects\M2022\Backups\SetupDefaults  - Copy.dfm	SetupDefaults  - Copy.pas	dfm	TdlgSetupDefaults	OvcNotebook1ZZ1.Page2.edtIPDefCPSampsC	edtIPDefCPSampsC	TOvcSimpleField			RangeLow	single			10	0	0	0	0							01d448afd928065458cf670b60f5a594d735af0172c8d67f22a81680132681ca	images\01d448afd928065458cf670b60f5a594d735af0172c8d67f22a81680132681ca.bin
C:\Projects\M2022\Backups\SetupDefaults  - Copy.dfm	SetupDefaults  - Copy.pas	dfm	TdlgSetupDefaults	OvcNotebook1ZZ1.Page2.edtIPDefCPSampsM	edtIPDefCPSampsM	TOvcSimpleField			RangeHigh	single			10	0	0	0	0							8183c64e867670d7f6c3cada0d8ba4577448c2ad940c00e406ac8783c8b22d42	images\8183c64e867670d7f6c3cada0d8ba4577448c2ad940c00e406ac8783c8b22d42.bin
C:\Projects\M2022\Backups\SetupDefaults  - Copy.dfm	SetupDefaults  - Copy.pas	dfm	TdlgSetupDefaults	OvcNotebook1ZZ1.Page2.edtIPDefCPSampsM	edtIPDefCPSampsM	TOvcSimpleField			RangeLow	single			10	0	0	0	0							01d448afd928065458cf670b60f5a594d735af0172c8d67f22a81680132681ca	images\01d448afd928065458cf670b60f5a594d735af0172c8d67f22a81680132681ca.bin
C:\Projects\M2022\Backups\SetupDefaults  - Copy.dfm	SetupDefaults  - Copy.pas	dfm	TdlgSetupDefaults	OvcNotebook1ZZ1.Page2.edtIPDefCPkSamprd2S	edtIPDefCPkSamprd2S	TOvcSimpleField			RangeHigh	single			10	0	0	0	0							8183c64e867670d7f6c3cada0d8ba4577448c2ad940c00e406ac8783c8b22d42	images\8183c64e867670d7f6c3cada0d8ba4577448c2ad940c00e406ac8783c8b22d42.bin
C:\Projects\M2022\Backups\SetupDefaults  - Copy.dfm	SetupDefaults  - Copy.pas	dfm	TdlgSetupDefaults	OvcNotebook1ZZ1.Page2.edtIPDefCPkSamprd2S	edtIPDefCPkSamprd2S	TOvcSimpleField			RangeLow	single			10	0	0	0	0							01d448afd928065458cf670b60f5a594d735af0172c8d67f22a81680132681ca	images\01d448afd928065458cf670b60f5a594d735af0172c8d67f22a81680132681ca.bin
C:\Projects\M2022\Backups\SetupDefaults  - Copy.dfm	SetupDefaults  - Copy.pas	dfm	TdlgSetupDefaults	OvcNotebook1ZZ1.Page2.edtIPDefCPkSamprd2C	edtIPDefCPkSamprd2C	TOvcSimpleField			RangeHigh	single			10	0	0	0	0							8183c64e867670d7f6c3cada0d8ba4577448c2ad940c00e406ac8783c8b22d42	images\8183c64e867670d7f6c3cada0d8ba4577448c2ad940c00e406ac8783c8b22d42.bin
C:\Projects\M2022\Backups\SetupDefaults  - Copy.dfm	SetupDefaults  - Copy.pas	dfm	TdlgSetupDefaults	OvcNotebook1ZZ1.Page2.edtIPDefCPkSamprd2C	edtIPDefCPkSamprd2C	TOvcSimpleField			RangeLow	single			10	0	0	0	0							01d448afd928065458cf670b60f5a594d735af0172c8d67f22a81680132681ca	images\01d448afd928065458cf670b60f5a594d735af0172c8d67f22a81680132681ca.bin
C:\Projects\M2022\Backups\SetupDefaults  - Copy.dfm	SetupDefaults  - Copy.pas	dfm	TdlgSetupDefaults	OvcNotebook1ZZ1.Page2.edtIPDefCPkSamprd2M	edtIPDefCPkSamprd2M	TOvcSimpleField			RangeHigh	single			10	0	0	0	0							8183c64e867670d7f6c3cada0d8ba4577448c2ad940c00e406ac8783c8b22d42	images\8183c64e867670d7f6c3cada0d8ba4577448c2ad940c00e406ac8783c8b22d42.bin
C:\Projects\M2022\Backups\SetupDefaults  - Copy.dfm	SetupDefaults  - Copy.pas	dfm	TdlgSetupDefaults	OvcNotebook1ZZ1.Page2.edtIPDefCPkSamprd2M	edtIPDefCPkSamprd2M	TOvcSimpleField			RangeLow	single			10	0	0	0	0							01d448afd928065458cf670b60f5a594d735af0172c8d67f22a81680132681ca	images\01d448afd928065458cf670b60f5a594d735af0172c8d67f22a81680132681ca.bin
C:\Projects\M2022\Backups\SetupDefaults  - Copy.dfm	SetupDefaults  - Copy.pas	dfm	TdlgSetupDefaults	OvcNotebook1ZZ1.Page2.edtIPDefCPkSampsS	edtIPDefCPkSampsS	TOvcSimpleField			RangeHigh	single			10	0	0	0	0							8183c64e867670d7f6c3cada0d8ba4577448c2ad940c00e406ac8783c8b22d42	images\8183c64e867670d7f6c3cada0d8ba4577448c2ad940c00e406ac8783c8b22d42.bin
C:\Projects\M2022\Backups\SetupDefaults  - Copy.dfm	SetupDefaults  - Copy.pas	dfm	TdlgSetupDefaults	OvcNotebook1ZZ1.Page2.edtIPDefCPkSampsS	edtIPDefCPkSampsS	TOvcSimpleField			RangeLow	single			10	0	0	0	0							01d448afd928065458cf670b60f5a594d735af0172c8d67f22a81680132681ca	images\01d448afd928065458cf670b60f5a594d735af0172c8d67f22a81680132681ca.bin
C:\Projects\M2022\Backups\SetupDefaults  - Copy.dfm	SetupDefaults  - Copy.pas	dfm	TdlgSetupDefaults	OvcNotebook1ZZ1.Page2.edtIPDefCPkSampsC	edtIPDefCPkSampsC	TOvcSimpleField			RangeHigh	single			10	0	0	0	0							8183c64e867670d7f6c3cada0d8ba4577448c2ad940c00e406ac8783c8b22d42	images\8183c64e867670d7f6c3cada0d8ba4577448c2ad940c00e406ac8783c8b22d42.bin
C:\Projects\M2022\Backups\SetupDefaults  - Copy.dfm	SetupDefaults  - Copy.pas	dfm	TdlgSetupDefaults	OvcNotebook1ZZ1.Page2.edtIPDefCPkSampsC	edtIPDefCPkSampsC	TOvcSimpleField			RangeLow	single			10	0	0	0	0							01d448afd928065458cf670b60f5a594d735af0172c8d67f22a81680132681ca	images\01d448afd928065458cf670b60f5a594d735af0172c8d67f22a81680132681ca.bin
C:\Projects\M2022\Backups\SetupDefaults  - Copy.dfm	SetupDefaults  - Copy.pas	dfm	TdlgSetupDefaults	OvcNotebook1ZZ1.Page2.edtIPDefCPkSampsM	edtIPDefCPkSampsM	TOvcSimpleField			RangeHigh	single			10	0	0	0	0							8183c64e867670d7f6c3cada0d8ba4577448c2ad940c00e406ac8783c8b22d42	images\8183c64e867670d7f6c3cada0d8ba4577448c2ad940c00e406ac8783c8b22d42.bin
C:\Projects\M2022\Backups\SetupDefaults  - Copy.dfm	SetupDefaults  - Copy.pas	dfm	TdlgSetupDefaults	OvcNotebook1ZZ1.Page2.edtIPDefCPkSampsM	edtIPDefCPkSampsM	TOvcSimpleField			RangeLow	single			10	0	0	0	0							01d448afd928065458cf670b60f5a594d735af0172c8d67f22a81680132681ca	images\01d448afd928065458cf670b60f5a594d735af0172c8d67f22a81680132681ca.bin
C:\Projects\M2022\Backups\SetupDefaults  - Copy.dfm	SetupDefaults  - Copy.pas	dfm	TdlgSetupDefaults	OvcNotebook1ZZ1.Page2.edtFPDefaultLimits	edtFPDefaultLimits	TOvcNumberEdit			ButtonGlyph.Data	single		bmp	334	11	11	16	0					1		ce63b9d610d13e2c79f4f55cfa8d9ba43ba1a397fed73be375873f63f88bc27e	images\ce63b9d610d13e2c79f4f55cfa8d9ba43ba1a397fed73be375873f63f88bc27e.bmp
C:\Projects\M2022\Backups\SetupDefaults  - Copy.dfm	SetupDefaults  - Copy.pas	dfm	TdlgSetupDefaults	dxRibbon1	dxRibbon1	TdxRibbon			ApplicationButton.Glyph.Data	single		svg	6695	0	0	0	0							2ef16cbae2e702e3cf172d62899bb51ec4f9892d4331aa3c11102588eed9dfd6	images\2ef16cbae2e702e3cf172d62899bb51ec4f9892d4331aa3c11102588eed9dfd6.svg
C:\Projects\M2022\Backups\SetupDefaults  - Copy.dfm	SetupDefaults  - Copy.pas	dfm	TdlgSetupDefaults	dxRibbon1	dxRibbon1	TdxRibbon			BackgroundImage.Data	single		svg	6695	0	0	0	0							2ef16cbae2e702e3cf172d62899bb51ec4f9892d4331aa3c11102588eed9dfd6	images\2ef16cbae2e702e3cf172d62899bb51ec4f9892d4331aa3c11102588eed9dfd6.svg
C:\Projects\M2022\Backups\SetupDefaults  - Copy.dfm	SetupDefaults  - Copy.pas	dfm	TdlgSetupDefaults	Panel1.cxImage1	cxImage1	TcxImage			Picture.Data	single	TdxSmartImage		6709	0	0	0	0							322222c79f9dffa7339c7209ff1871c6e9446c4d93317cc49750f7a08e23ff38	images\322222c79f9dffa7339c7209ff1871c6e9446c4d93317cc49750f7a08e23ff38.bin
C:\Projects\M2022\Backups\SetupDefaults  - Copy.dfm	SetupDefaults  - Copy.pas	dfm	TdlgSetupDefaults	OvcNotebook1.Page1.RzPanel13.edtFolderFefreshRate	edtFolderFefreshRate	TOvcSimpleField			RangeHigh	single			10	0	0	0	0							043e8b2d6ba93d38d9c30f20405c0c16fc8f2619ada3c055d9f56f2e1d1afc25	images\043e8b2d6ba93d38d9c30f20405c0c16fc8f2619ada3c055d9f56f2e1d1afc25.bin
C:\Projects\M2022\Backups\SetupDefaults  - Copy.dfm	SetupDefaults  - Copy.pas	dfm	TdlgSetupDefaults	OvcNotebook1.Page1.RzPanel13.edtFolderFefreshRate	edtFolderFefreshRate	TOvcSimpleField			RangeLow	single			10	0	0	0	0							01d448afd928065458cf670b60f5a594d735af0172c8d67f22a81680132681ca	images\01d448afd928065458cf670b60f5a594d735af0172c8d67f22a81680132681ca.bin
C:\Projects\M2022\Backups\SetupDefaults  - Copy.dfm	SetupDefaults  - Copy.pas	dfm	TdlgSetupDefaults	OvcNotebook1.Page1.RzPanel13.edtTimeinDataEntry	edtTimeinDataEntry	TOvcSimpleField			RangeHigh	single			10	0	0	0	0							487c551dc5b6edcd75bad04ec1d77e82cd5c6d7c9f16feee02a998680a3b156a	images\487c551dc5b6edcd75bad04ec1d77e82cd5c6d7c9f16feee02a998680a3b156a.bin
C:\Projects\M2022\Backups\SetupDefaults  - Copy.dfm	SetupDefaults  - Copy.pas	dfm	TdlgSetupDefaults	OvcNotebook1.Page1.RzPanel13.edtTimeinDataEntry	edtTimeinDataEntry	TOvcSimpleField			RangeLow	single			10	0	0	0	0							01d448afd928065458cf670b60f5a594d735af0172c8d67f22a81680132681ca	images\01d448afd928065458cf670b60f5a594d735af0172c8d67f22a81680132681ca.bin
C:\Projects\M2022\Backups\SetupDefaults  - Copy.dfm	SetupDefaults  - Copy.pas	dfm	TdlgSetupDefaults	OvcNotebook1.Page1.RzPanel13.edtTimeInJobFolder	edtTimeInJobFolder	TOvcSimpleField			RangeHigh	single			10	0	0	0	0							a50051369aee7a65bc52614f9e576986f29a36948816a07c5c23a1228f88dc7e	images\a50051369aee7a65bc52614f9e576986f29a36948816a07c5c23a1228f88dc7e.bin
C:\Projects\M2022\Backups\SetupDefaults  - Copy.dfm	SetupDefaults  - Copy.pas	dfm	TdlgSetupDefaults	OvcNotebook1.Page1.RzPanel13.edtTimeInJobFolder	edtTimeInJobFolder	TOvcSimpleField			RangeLow	single			10	0	0	0	0							01d448afd928065458cf670b60f5a594d735af0172c8d67f22a81680132681ca	images\01d448afd928065458cf670b60f5a594d735af0172c8d67f22a81680132681ca.bin
C:\Projects\M2022\Backups\SetupDefaults  - Copy.dfm	SetupDefaults  - Copy.pas	dfm	TdlgSetupDefaults	OvcNotebook1.Page1.RzPanel13.edtDefaultDecimals	edtDefaultDecimals	TOvcSimpleField			RangeHigh	single			10	0	0	0	0							66bed744dab31123cb725b00788d391827d287fbae8d3c7a9316ab298958de10	images\66bed744dab31123cb725b00788d391827d287fbae8d3c7a9316ab298958de10.bin
C:\Projects\M2022\Backups\SetupDefaults  - Copy.dfm	SetupDefaults  - Copy.pas	dfm	TdlgSetupDefaults	OvcNotebook1.Page1.RzPanel13.edtDefaultDecimals	edtDefaultDecimals	TOvcSimpleField			RangeLow	single			10	0	0	0	0							01d448afd928065458cf670b60f5a594d735af0172c8d67f22a81680132681ca	images\01d448afd928065458cf670b60f5a594d735af0172c8d67f22a81680132681ca.bin
C:\Projects\M2022\Backups\SetupDefaults  - Copy.dfm	SetupDefaults  - Copy.pas	dfm	TdlgSetupDefaults	OvcNotebook1.Page1Page2.RzPanel18.RzGroupBox1.edtGagePort	edtGagePort	TOvcSimpleField			RangeHigh	single			10	0	0	0	0							6b0c3df6ebbc450f79c559dd34c1d7dbb67e20e35bb80017c4f096f5f9bc010f	images\6b0c3df6ebbc450f79c559dd34c1d7dbb67e20e35bb80017c4f096f5f9bc010f.bin
C:\Projects\M2022\Backups\SetupDefaults  - Copy.dfm	SetupDefaults  - Copy.pas	dfm	TdlgSetupDefaults	OvcNotebook1.Page1Page2.RzPanel18.RzGroupBox1.edtGagePort	edtGagePort	TOvcSimpleField			RangeLow	single			10	0	0	0	0							01d448afd928065458cf670b60f5a594d735af0172c8d67f22a81680132681ca	images\01d448afd928065458cf670b60f5a594d735af0172c8d67f22a81680132681ca.bin
C:\Projects\M2022\Backups\SetupDefaults  - Copy.dfm	SetupDefaults  - Copy.pas	dfm	TdlgSetupDefaults	OvcNotebook1.Page1Page2.Panel00.edtSampleOverdueMinutes	edtSampleOverdueMinutes	TOvcSimpleField			RangeHigh	single			10	0	0	0	0							43ea288cc4020af265153c84f5a7d00ee61911c69e428dbdb60e9287520c034e	images\43ea288cc4020af265153c84f5a7d00ee61911c69e428dbdb60e9287520c034e.bin
C:\Projects\M2022\Backups\SetupDefaults  - Copy.dfm	SetupDefaults  - Copy.pas	dfm	TdlgSetupDefaults	OvcNotebook1.Page1Page2.Panel00.edtSampleOverdueMinutes	edtSampleOverdueMinutes	TOvcSimpleField			RangeLow	single			10	0	0	0	0							01d448afd928065458cf670b60f5a594d735af0172c8d67f22a81680132681ca	images\01d448afd928065458cf670b60f5a594d735af0172c8d67f22a81680132681ca.bin
C:\Projects\M2022\Backups\SetupDefaults  - Copy.dfm	SetupDefaults  - Copy.pas	dfm	TdlgSetupDefaults	OvcNotebook1.Page1Page2.Panel00.edtShiftDuration	edtShiftDuration	TOvcSimpleField			RangeHigh	single			10	0	0	0	0							48622df28efceb09e85a7be8afb9e0a96186ca1ea555c189dbf6d5a99f6501ef	images\48622df28efceb09e85a7be8afb9e0a96186ca1ea555c189dbf6d5a99f6501ef.bin
C:\Projects\M2022\Backups\SetupDefaults  - Copy.dfm	SetupDefaults  - Copy.pas	dfm	TdlgSetupDefaults	OvcNotebook1.Page1Page2.Panel00.edtShiftDuration	edtShiftDuration	TOvcSimpleField			RangeLow	single			10	0	0	0	0							96eeff563b3135e3f77964e8c062328fd207c8bc9e754fc423abaf83eb3f1490	images\96eeff563b3135e3f77964e8c062328fd207c8bc9e754fc423abaf83eb3f1490.bin
C:\Projects\M2022\Backups\SetupDefaults  - Copy.dfm	SetupDefaults  - Copy.pas	dfm	TdlgSetupDefaults	OvcNotebook1.Page4.edtIPDefSampleSizeS	edtIPDefSampleSizeS	TOvcSimpleField			RangeHigh	single			10	0	0	0	0							e5dae50a7786dae6f5e493ad322c163ec4102f66cd455fc5901179a5fa48152a	images\e5dae50a7786dae6f5e493ad322c163ec4102f66cd455fc5901179a5fa48152a.bin
C:\Projects\M2022\Backups\SetupDefaults  - Copy.dfm	SetupDefaults  - Copy.pas	dfm	TdlgSetupDefaults	OvcNotebook1.Page4.edtIPDefSampleSizeS	edtIPDefSampleSizeS	TOvcSimpleField			RangeLow	single			10	0	0	0	0							41f45e0c4ba13f0e8c873f321d4a83b354816b4f6f1c7cb51b97d7fae02ebe25	images\41f45e0c4ba13f0e8c873f321d4a83b354816b4f6f1c7cb51b97d7fae02ebe25.bin
C:\Projects\M2022\Backups\SetupDefaults  - Copy.dfm	SetupDefaults  - Copy.pas	dfm	TdlgSetupDefaults	OvcNotebook1.Page4.edtIPDefSampleSizeC	edtIPDefSampleSizeC	TOvcSimpleField			RangeHigh	single			10	0	0	0	0							e5dae50a7786dae6f5e493ad322c163ec4102f66cd455fc5901179a5fa48152a	images\e5dae50a7786dae6f5e493ad322c163ec4102f66cd455fc5901179a5fa48152a.bin
C:\Projects\M2022\Backups\SetupDefaults  - Copy.dfm	SetupDefaults  - Copy.pas	dfm	TdlgSetupDefaults	OvcNotebook1.Page4.edtIPDefSampleSizeC	edtIPDefSampleSizeC	TOvcSimpleField			RangeLow	single			10	0	0	0	0							41f45e0c4ba13f0e8c873f321d4a83b354816b4f6f1c7cb51b97d7fae02ebe25	images\41f45e0c4ba13f0e8c873f321d4a83b354816b4f6f1c7cb51b97d7fae02ebe25.bin
C:\Projects\M2022\Backups\SetupDefaults  - Copy.dfm	SetupDefaults  - Copy.pas	dfm	TdlgSetupDefaults	OvcNotebook1.Page4.edtIPDefSampleSizeM	edtIPDefSampleSizeM	TOvcSimpleField			RangeHigh	single			10	0	0	0	0							e5dae50a7786dae6f5e493ad322c163ec4102f66cd455fc5901179a5fa48152a	images\e5dae50a7786dae6f5e493ad322c163ec4102f66cd455fc5901179a5fa48152a.bin
C:\Projects\M2022\Backups\SetupDefaults  - Copy.dfm	SetupDefaults  - Copy.pas	dfm	TdlgSetupDefaults	OvcNotebook1.Page4.edtIPDefSampleSizeM	edtIPDefSampleSizeM	TOvcSimpleField			RangeLow	single			10	0	0	0	0							41f45e0c4ba13f0e8c873f321d4a83b354816b4f6f1c7cb51b97d7fae02ebe25	images\41f45e0c4ba13f0e8c873f321d4a83b354816b4f6f1c7cb51b97d7fae02ebe25.bin
C:\Projects\M2022\Backups\SetupDefaults  - Copy.dfm	SetupDefaults  - Copy.pas	dfm	TdlgSetupDefaults	OvcNotebook1.Page5.OvcSimpleField16	OvcSimpleField16	TOvcSimpleField			RangeHigh	single			10	0	0	0	0							e202858d67084cf31a2b94b4546dbbd5662ffc2f6ed54d0e37dacf16fd4d827a	images\e202858d67084cf31a2b94b4546dbbd5662ffc2f6ed54d0e37dacf16fd4d827a.bin
C:\Projects\M2022\Backups\SetupDefaults  - Copy.dfm	SetupDefaults  - Copy.pas	dfm	TdlgSetupDefaults	OvcNotebook1.Page5.OvcSimpleField16	OvcSimpleField16	TOvcSimpleField			RangeLow	single			10	0	0	0	0							01d448afd928065458cf670b60f5a594d735af0172c8d67f22a81680132681ca	images\01d448afd928065458cf670b60f5a594d735af0172c8d67f22a81680132681ca.bin
C:\Projects\M2022\Backups\SetupDefaults  - Copy.dfm	SetupDefaults  - Copy.pas	dfm	TdlgSetupDefaults	OvcNotebook1.Page5.OvcSimpleField17	OvcSimpleField17	TOvcSimpleField			RangeHigh	single			10	0	0	0	0							e202858d67084cf31a2b94b4546dbbd5662ffc2f6ed54d0e37dacf16fd4d827a	images\e202858d67084cf31a2b94b4546dbbd5662ffc2f6ed54d0e37dacf16fd4d827a.bin
C:\Projects\M2022\Backups\SetupDefaults  - Copy.dfm	SetupDefaults  - Copy.pas	dfm	TdlgSetupDefaults	OvcNotebook1.Page5.OvcSimpleField17	OvcSimpleField17	TOvcSimpleField			RangeLow	single			10	0	0	0	0							01d448afd928065458cf670b60f5a594d735af0172c8d67f22a81680132681ca	images\01d448afd928065458cf670b60f5a594d735af0172c8d67f22a81680132681ca.bin
C:\Projects\M2022\Backups\SetupDefaults  - Copy.dfm	SetupDefaults  - Copy.pas	dfm	TdlgSetupDefaults	OvcNotebook1.Page5.OvcSimpleField18	OvcSimpleField18	TOvcSimpleField			RangeHigh	single			10	0	0	0	0							e202858d67084cf31a2b94b4546dbbd5662ffc2f6ed54d0e37dacf16fd4d827a	images\e202858d67084cf31a2b94b4546dbbd5662ffc2f6ed54d0e37dacf16fd4d827a.bin
C:\Projects\M2022\Backups\SetupDefaults  - Copy.dfm	SetupDefaults  - Copy.pas	dfm	TdlgSetupDefaults	OvcNotebook1.Page5.OvcSimpleField18	OvcSimpleField18	TOvcSimpleField			RangeLow	single			10	0	0	0	0							01d448afd928065458cf670b60f5a594d735af0172c8d67f22a81680132681ca	images\01d448afd928065458cf670b60f5a594d735af0172c8d67f22a81680132681ca.bin
C:\Projects\M2022\Backups\SetupDefaults  - Copy.dfm	SetupDefaults  - Copy.pas	dfm	TdlgSetupDefaults	OvcNotebook1.Page5.OvcSimpleField19	OvcSimpleField19	TOvcSimpleField			RangeHigh	single			10	0	0	0	0							e202858d67084cf31a2b94b4546dbbd5662ffc2f6ed54d0e37dacf16fd4d827a	images\e202858d67084cf31a2b94b4546dbbd5662ffc2f6ed54d0e37dacf16fd4d827a.bin
C:\Projects\M2022\Backups\SetupDefaults  - Copy.dfm	SetupDefaults  - Copy.pas	dfm	TdlgSetupDefaults	OvcNotebook1.Page5.OvcSimpleField19	OvcSimpleField19	TOvcSimpleField			RangeLow	single			10	0	0	0	0							01d448afd928065458cf670b60f5a594d735af0172c8d67f22a81680132681ca	images\01d448afd928065458cf670b60f5a594d735af0172c8d67f22a81680132681ca.bin
C:\Projects\M2022\Backups\SetupDefaults  - Copy.dfm	SetupDefaults  - Copy.pas	dfm	TdlgSetupDefaults	OvcNotebook1.Page5.OvcSimpleField20	OvcSimpleField20	TOvcSimpleField			RangeHigh	single			10	0	0	0	0							e202858d67084cf31a2b94b4546dbbd5662ffc2f6ed54d0e37dacf16fd4d827a	images\e202858d67084cf31a2b94b4546dbbd5662ffc2f6ed54d0e37dacf16fd4d827a.bin
C:\Projects\M2022\Backups\SetupDefaults  - Copy.dfm	SetupDefaults  - Copy.pas	dfm	TdlgSetupDefaults	OvcNotebook1.Page5.OvcSimpleField20	OvcSimpleField20	TOvcSimpleField			RangeLow	single			10	0	0	0	0							01d448afd928065458cf670b60f5a594d735af0172c8d67f22a81680132681ca	images\01d448afd928065458cf670b60f5a594d735af0172c8d67f22a81680132681ca.bin
C:\Projects\M2022\Backups\SetupDefaults  - Copy.dfm	SetupDefaults  - Copy.pas	dfm	TdlgSetupDefaults	OvcNotebook1.Page5.OvcSimpleField21	OvcSimpleField21	TOvcSimpleField			RangeHigh	single			10	0	0	0	0							e202858d67084cf31a2b94b4546dbbd5662ffc2f6ed54d0e37dacf16fd4d827a	images\e202858d67084cf31a2b94b4546dbbd5662ffc2f6ed54d0e37dacf16fd4d827a.bin
C:\Projects\M2022\Backups\SetupDefaults  - Copy.dfm	SetupDefaults  - Copy.pas	dfm	TdlgSetupDefaults	OvcNotebook1.Page5.OvcSimpleField21	OvcSimpleField21	TOvcSimpleField			RangeLow	single			10	0	0	0	0							01d448afd928065458cf670b60f5a594d735af0172c8d67f22a81680132681ca	images\01d448afd928065458cf670b60f5a594d735af0172c8d67f22a81680132681ca.bin
C:\Projects\M2022\Backups\SetupDefaults  - Copy.dfm	SetupDefaults  - Copy.pas	dfm	TdlgSetupDefaults	OvcNotebook1.Page5.OvcSimpleField22	OvcSimpleField22	TOvcSimpleField			RangeHigh	single			10	0	0	0	0							e202858d67084cf31a2b94b4546dbbd5662ffc2f6ed54d0e37dacf16fd4d827a	images\e202858d67084cf31a2b94b4546dbbd5662ffc2f6ed54d0e37dacf16fd4d827a.bin
C:\Projects\M2022\Backups\SetupDefaults  - Copy.dfm	SetupDefaults  - Copy.pas	dfm	TdlgSetupDefaults	OvcNotebook1.Page5.OvcSimpleField22	OvcSimpleField22	TOvcSimpleField			RangeLow	single			10	0	0	0	0							01d448afd928065458cf670b60f5a594d735af0172c8d67f22a81680132681ca	images\01d448afd928065458cf670b60f5a594d735af0172c8d67f22a81680132681ca.bin
C:\Projects\M2022\Backups\SetupDefaults  - Copy.dfm	SetupDefaults  - Copy.pas	dfm	TdlgSetupDefaults	OvcNotebook1.Page5.RzPanel17.RzPanel9.edtPpklValueLimit	edtPpklValueLimit	TOvcSimpleField			RangeHigh	single			10	0	0	0	0							e202858d67084cf31a2b94b4546dbbd5662ffc2f6ed54d0e37dacf16fd4d827a	images\e202858d67084cf31a2b94b4546dbbd5662ffc2f6ed54d0e37dacf16fd4d827a.bin
C:\Projects\M2022\Backups\SetupDefaults  - Copy.dfm	SetupDefaults  - Copy.pas	dfm	TdlgSetupDefaults	OvcNotebook1.Page5.RzPanel17.RzPanel9.edtPpklValueLimit	edtPpklValueLimit	TOvcSimpleField			RangeLow	single			10	0	0	0	0							01d448afd928065458cf670b60f5a594d735af0172c8d67f22a81680132681ca	images\01d448afd928065458cf670b60f5a594d735af0172c8d67f22a81680132681ca.bin
C:\Projects\M2022\Backups\SetupDefaults  - Copy.dfm	SetupDefaults  - Copy.pas	dfm	TdlgSetupDefaults	OvcNotebook1.Page5.RzPanel17.RzPanel9.edtPpkuValueLimit	edtPpkuValueLimit	TOvcSimpleField			RangeHigh	single			10	0	0	0	0							e202858d67084cf31a2b94b4546dbbd5662ffc2f6ed54d0e37dacf16fd4d827a	images\e202858d67084cf31a2b94b4546dbbd5662ffc2f6ed54d0e37dacf16fd4d827a.bin
C:\Projects\M2022\Backups\SetupDefaults  - Copy.dfm	SetupDefaults  - Copy.pas	dfm	TdlgSetupDefaults	OvcNotebook1.Page5.RzPanel17.RzPanel9.edtPpkuValueLimit	edtPpkuValueLimit	TOvcSimpleField			RangeLow	single			10	0	0	0	0							01d448afd928065458cf670b60f5a594d735af0172c8d67f22a81680132681ca	images\01d448afd928065458cf670b60f5a594d735af0172c8d67f22a81680132681ca.bin
C:\Projects\M2022\Backups\SetupDefaults  - Copy.dfm	SetupDefaults  - Copy.pas	dfm	TdlgSetupDefaults	OvcNotebook1.Page5.RzPanel17.RzPanel9.edtPlValueLimit	edtPlValueLimit	TOvcSimpleField			RangeHigh	single			10	0	0	0	0							e202858d67084cf31a2b94b4546dbbd5662ffc2f6ed54d0e37dacf16fd4d827a	images\e202858d67084cf31a2b94b4546dbbd5662ffc2f6ed54d0e37dacf16fd4d827a.bin
C:\Projects\M2022\Backups\SetupDefaults  - Copy.dfm	SetupDefaults  - Copy.pas	dfm	TdlgSetupDefaults	OvcNotebook1.Page5.RzPanel17.RzPanel9.edtPlValueLimit	edtPlValueLimit	TOvcSimpleField			RangeLow	single			10	0	0	0	0							01d448afd928065458cf670b60f5a594d735af0172c8d67f22a81680132681ca	images\01d448afd928065458cf670b60f5a594d735af0172c8d67f22a81680132681ca.bin
C:\Projects\M2022\Backups\SetupDefaults  - Copy.dfm	SetupDefaults  - Copy.pas	dfm	TdlgSetupDefaults	OvcNotebook1.Page5.RzPanel17.RzPanel9.edtPuValueLimit	edtPuValueLimit	TOvcSimpleField			RangeHigh	single			10	0	0	0	0							e202858d67084cf31a2b94b4546dbbd5662ffc2f6ed54d0e37dacf16fd4d827a	images\e202858d67084cf31a2b94b4546dbbd5662ffc2f6ed54d0e37dacf16fd4d827a.bin
C:\Projects\M2022\Backups\SetupDefaults  - Copy.dfm	SetupDefaults  - Copy.pas	dfm	TdlgSetupDefaults	OvcNotebook1.Page5.RzPanel17.RzPanel9.edtPuValueLimit	edtPuValueLimit	TOvcSimpleField			RangeLow	single			10	0	0	0	0							01d448afd928065458cf670b60f5a594d735af0172c8d67f22a81680132681ca	images\01d448afd928065458cf670b60f5a594d735af0172c8d67f22a81680132681ca.bin
C:\Projects\M2022\Backups\SetupDefaults  - Copy.dfm	SetupDefaults  - Copy.pas	dfm	TdlgSetupDefaults	OvcNotebook1.Page5.RzPanel17.RzPanel9.edtCpkValueLimit	edtCpkValueLimit	TOvcSimpleField			RangeHigh	single			10	0	0	0	0							e202858d67084cf31a2b94b4546dbbd5662ffc2f6ed54d0e37dacf16fd4d827a	images\e202858d67084cf31a2b94b4546dbbd5662ffc2f6ed54d0e37dacf16fd4d827a.bin
C:\Projects\M2022\Backups\SetupDefaults  - Copy.dfm	SetupDefaults  - Copy.pas	dfm	TdlgSetupDefaults	OvcNotebook1.Page5.RzPanel17.RzPanel9.edtCpkValueLimit	edtCpkValueLimit	TOvcSimpleField			RangeLow	single			10	0	0	0	0							01d448afd928065458cf670b60f5a594d735af0172c8d67f22a81680132681ca	images\01d448afd928065458cf670b60f5a594d735af0172c8d67f22a81680132681ca.bin
C:\Projects\M2022\Backups\SetupDefaults  - Copy.dfm	SetupDefaults  - Copy.pas	dfm	TdlgSetupDefaults	OvcNotebook1.Page5.RzPanel17.RzPanel9.edtCPValueLimit	edtCPValueLimit	TOvcSimpleField			RangeHigh	single			10	0	0	0	0							e202858d67084cf31a2b94b4546dbbd5662ffc2f6ed54d0e37dacf16fd4d827a	images\e202858d67084cf31a2b94b4546dbbd5662ffc2f6ed54d0e37dacf16fd4d827a.bin
C:\Projects\M2022\Backups\SetupDefaults  - Copy.dfm	SetupDefaults  - Copy.pas	dfm	TdlgSetupDefaults	OvcNotebook1.Page5.RzPanel17.RzPanel9.edtCPValueLimit	edtCPValueLimit	TOvcSimpleField			RangeLow	single			10	0	0	0	0							01d448afd928065458cf670b60f5a594d735af0172c8d67f22a81680132681ca	images\01d448afd928065458cf670b60f5a594d735af0172c8d67f22a81680132681ca.bin
C:\Projects\M2022\Backups\SetupDefaults  - Copy.dfm	SetupDefaults  - Copy.pas	dfm	TdlgSetupDefaults	OvcNotebook1.Page5.RzPanel17.RzPanel9.edtPpkValueLimit	edtPpkValueLimit	TOvcSimpleField			RangeHigh	single			10	0	0	0	0							e202858d67084cf31a2b94b4546dbbd5662ffc2f6ed54d0e37dacf16fd4d827a	images\e202858d67084cf31a2b94b4546dbbd5662ffc2f6ed54d0e37dacf16fd4d827a.bin
C:\Projects\M2022\Backups\SetupDefaults  - Copy.dfm	SetupDefaults  - Copy.pas	dfm	TdlgSetupDefaults	OvcNotebook1.Page5.RzPanel17.RzPanel9.edtPpkValueLimit	edtPpkValueLimit	TOvcSimpleField			RangeLow	single			10	0	0	0	0							01d448afd928065458cf670b60f5a594d735af0172c8d67f22a81680132681ca	images\01d448afd928065458cf670b60f5a594d735af0172c8d67f22a81680132681ca.bin
C:\Projects\M2022\Backups\SetupDefaults  - Copy.dfm	SetupDefaults  - Copy.pas	dfm	TdlgSetupDefaults	OvcNotebook1.Page5.RzPanel17.RzPanel9.edtPPValueLimit	edtPPValueLimit	TOvcSimpleField			RangeHigh	single			10	0	0	0	0							e202858d67084cf31a2b94b4546dbbd5662ffc2f6ed54d0e37dacf16fd4d827a	images\e202858d67084cf31a2b94b4546dbbd5662ffc2f6ed54d0e37dacf16fd4d827a.bin
C:\Projects\M2022\Backups\SetupDefaults  - Copy.dfm	SetupDefaults  - Copy.pas	dfm	TdlgSetupDefaults	OvcNotebook1.Page5.RzPanel17.RzPanel9.edtPPValueLimit	edtPPValueLimit	TOvcSimpleField			RangeLow	single			10	0	0	0	0							01d448afd928065458cf670b60f5a594d735af0172c8d67f22a81680132681ca	images\01d448afd928065458cf670b60f5a594d735af0172c8d67f22a81680132681ca.bin
C:\Projects\M2022\Backups\SetupDefaults  - Copy.dfm	SetupDefaults  - Copy.pas	dfm	TdlgSetupDefaults	OvcNotebook1.Page5.RzPanel17.RzPanel9.edtAQLValueLimit	edtAQLValueLimit	TOvcSimpleField			RangeHigh	single			10	0	0	0	0							e202858d67084cf31a2b94b4546dbbd5662ffc2f6ed54d0e37dacf16fd4d827a	images\e202858d67084cf31a2b94b4546dbbd5662ffc2f6ed54d0e37dacf16fd4d827a.bin
C:\Projects\M2022\Backups\SetupDefaults  - Copy.dfm	SetupDefaults  - Copy.pas	dfm	TdlgSetupDefaults	OvcNotebook1.Page5.RzPanel17.RzPanel9.edtAQLValueLimit	edtAQLValueLimit	TOvcSimpleField			RangeLow	single			10	0	0	0	0							01d448afd928065458cf670b60f5a594d735af0172c8d67f22a81680132681ca	images\01d448afd928065458cf670b60f5a594d735af0172c8d67f22a81680132681ca.bin
C:\Projects\M2022\Backups\SetupDefaults  - Copy.dfm	SetupDefaults  - Copy.pas	dfm	TdlgSetupDefaults	OvcNotebook1.Page5.RzPanel17.RzPanel9.edtOutValueLimit	edtOutValueLimit	TOvcSimpleField			RangeHigh	single			10	0	0	0	0							7aef47f1de3be50d508efbbfb6db945c4a0ad740a15a3542bea0ceaeb3fa915f	images\7aef47f1de3be50d508efbbfb6db945c4a0ad740a15a3542bea0ceaeb3fa915f.bin
C:\Projects\M2022\Backups\SetupDefaults  - Copy.dfm	SetupDefaults  - Copy.pas	dfm	TdlgSetupDefaults	OvcNotebook1.Page5.RzPanel17.RzPanel9.edtOutValueLimit	edtOutValueLimit	TOvcSimpleField			RangeLow	single			10	0	0	0	0							cc489d905e397e27ccb4c8ef1a673e227438a9ad4d95eb521b8266cdbc814141	images\cc489d905e397e27ccb4c8ef1a673e227438a9ad4d95eb521b8266cdbc814141.bin
C:\Projects\M2022\Backups\SetupDefaults  - Copy.dfm	SetupDefaults  - Copy.pas	dfm	TdlgSetupDefaults	OvcNotebook1.Page5.RzPanel17.RzPanel9.edtPHRValueLimit	edtPHRValueLimit	TOvcSimpleField			RangeHigh	single			10	0	0	0	0							e202858d67084cf31a2b94b4546dbbd5662ffc2f6ed54d0e37dacf16fd4d827a	images\e202858d67084cf31a2b94b4546dbbd5662ffc2f6ed54d0e37dacf16fd4d827a.bin
C:\Projects\M2022\Backups\SetupDefaults  - Copy.dfm	SetupDefaults  - Copy.pas	dfm	TdlgSetupDefaults	OvcNotebook1.Page5.RzPanel17.RzPanel9.edtPHRValueLimit	edtPHRValueLimit	TOvcSimpleField			RangeLow	single			10	0	0	0	0							01d448afd928065458cf670b60f5a594d735af0172c8d67f22a81680132681ca	images\01d448afd928065458cf670b60f5a594d735af0172c8d67f22a81680132681ca.bin
C:\Projects\M2022\Backups\SetupDefaults  - Copy.dfm	SetupDefaults  - Copy.pas	dfm	TdlgSetupDefaults	OvcNotebook1.Page5.RzPanel17.RzPanel9.edtPTZValueLimit	edtPTZValueLimit	TOvcSimpleField			RangeHigh	single			10	0	0	0	0							e202858d67084cf31a2b94b4546dbbd5662ffc2f6ed54d0e37dacf16fd4d827a	images\e202858d67084cf31a2b94b4546dbbd5662ffc2f6ed54d0e37dacf16fd4d827a.bin
C:\Projects\M2022\Backups\SetupDefaults  - Copy.dfm	SetupDefaults  - Copy.pas	dfm	TdlgSetupDefaults	OvcNotebook1.Page5.RzPanel17.RzPanel9.edtPTZValueLimit	edtPTZValueLimit	TOvcSimpleField			RangeLow	single			10	0	0	0	0							01d448afd928065458cf670b60f5a594d735af0172c8d67f22a81680132681ca	images\01d448afd928065458cf670b60f5a594d735af0172c8d67f22a81680132681ca.bin
C:\Projects\M2022\Backups\SetupDefaults  - Copy.dfm	SetupDefaults  - Copy.pas	dfm	TdlgSetupDefaults	OvcNotebook1.Page5.RzPanel17.RzPanel9.edtCPrd2ValueLimit	edtCPrd2ValueLimit	TOvcSimpleField			RangeHigh	single			10	0	0	0	0							e202858d67084cf31a2b94b4546dbbd5662ffc2f6ed54d0e37dacf16fd4d827a	images\e202858d67084cf31a2b94b4546dbbd5662ffc2f6ed54d0e37dacf16fd4d827a.bin
C:\Projects\M2022\Backups\SetupDefaults  - Copy.dfm	SetupDefaults  - Copy.pas	dfm	TdlgSetupDefaults	OvcNotebook1.Page5.RzPanel17.RzPanel9.edtCPrd2ValueLimit	edtCPrd2ValueLimit	TOvcSimpleField			RangeLow	single			10	0	0	0	0							01d448afd928065458cf670b60f5a594d735af0172c8d67f22a81680132681ca	images\01d448afd928065458cf670b60f5a594d735af0172c8d67f22a81680132681ca.bin
C:\Projects\M2022\Backups\SetupDefaults  - Copy.dfm	SetupDefaults  - Copy.pas	dfm	TdlgSetupDefaults	OvcNotebook1.Page5.RzPanel17.RzPanel9.edtZdlValueLimit	edtZdlValueLimit	TOvcSimpleField			RangeHigh	single			10	0	0	0	0							e202858d67084cf31a2b94b4546dbbd5662ffc2f6ed54d0e37dacf16fd4d827a	images\e202858d67084cf31a2b94b4546dbbd5662ffc2f6ed54d0e37dacf16fd4d827a.bin
C:\Projects\M2022\Backups\SetupDefaults  - Copy.dfm	SetupDefaults  - Copy.pas	dfm	TdlgSetupDefaults	OvcNotebook1.Page5.RzPanel17.RzPanel9.edtZdlValueLimit	edtZdlValueLimit	TOvcSimpleField			RangeLow	single			10	0	0	0	0							01d448afd928065458cf670b60f5a594d735af0172c8d67f22a81680132681ca	images\01d448afd928065458cf670b60f5a594d735af0172c8d67f22a81680132681ca.bin
C:\Projects\M2022\Backups\SetupDefaults  - Copy.dfm	SetupDefaults  - Copy.pas	dfm	TdlgSetupDefaults	OvcNotebook1.Page5.RzPanel17.RzPanel9.edtZduValueLimit	edtZduValueLimit	TOvcSimpleField			RangeHigh	single			10	0	0	0	0							e202858d67084cf31a2b94b4546dbbd5662ffc2f6ed54d0e37dacf16fd4d827a	images\e202858d67084cf31a2b94b4546dbbd5662ffc2f6ed54d0e37dacf16fd4d827a.bin
C:\Projects\M2022\Backups\SetupDefaults  - Copy.dfm	SetupDefaults  - Copy.pas	dfm	TdlgSetupDefaults	OvcNotebook1.Page5.RzPanel17.RzPanel9.edtZduValueLimit	edtZduValueLimit	TOvcSimpleField			RangeLow	single			10	0	0	0	0							01d448afd928065458cf670b60f5a594d735af0172c8d67f22a81680132681ca	images\01d448afd928065458cf670b60f5a594d735af0172c8d67f22a81680132681ca.bin
C:\Projects\M2022\Backups\SetupDefaults  - Copy.dfm	SetupDefaults  - Copy.pas	dfm	TdlgSetupDefaults	OvcNotebook1.Page5.RzPanel17.RzPanel9.edtZdiValueLimit	edtZdiValueLimit	TOvcSimpleField			RangeHigh	single			10	0	0	0	0							e202858d67084cf31a2b94b4546dbbd5662ffc2f6ed54d0e37dacf16fd4d827a	images\e202858d67084cf31a2b94b4546dbbd5662ffc2f6ed54d0e37dacf16fd4d827a.bin
C:\Projects\M2022\Backups\SetupDefaults  - Copy.dfm	SetupDefaults  - Copy.pas	dfm	TdlgSetupDefaults	OvcNotebook1.Page5.RzPanel17.RzPanel9.edtZdiValueLimit	edtZdiValueLimit	TOvcSimpleField			RangeLow	single			10	0	0	0	0							01d448afd928065458cf670b60f5a594d735af0172c8d67f22a81680132681ca	images\01d448afd928065458cf670b60f5a594d735af0172c8d67f22a81680132681ca.bin
C:\Projects\M2022\Backups\SetupDefaults  - Copy.dfm	SetupDefaults  - Copy.pas	dfm	TdlgSetupDefaults	dxBarManager1.btnExit	btnExit	TdxBarLargeButton			Glyph.Data	single		svg	2970	0	0	0	0							ecf7f8cff245dfe469c22dbbe89949935729c454cb838c7e2c99d37c710fdaf8	images\ecf7f8cff245dfe469c22dbbe89949935729c454cb838c7e2c99d37c710fdaf8.svg
C:\Projects\M2022\Backups\SetupDefaults  - Copy.dfm	SetupDefaults  - Copy.pas	dfm	TdlgSetupDefaults	dxBarManager1.btnExit	btnExit	TdxBarLargeButton			LargeGlyph.Data	single		svg	3033	0	0	0	0							39e5933d6f88188b2c66d8c653d769e7684d9a23c349e93e39b61c6384fc2a9e	images\39e5933d6f88188b2c66d8c653d769e7684d9a23c349e93e39b61c6384fc2a9e.svg
C:\Projects\M2022\Backups\SetupDefaults  - Copy.dfm	SetupDefaults  - Copy.pas	dfm	TdlgSetupDefaults	dxBarManager1.btnExit	btnExit	TdxBarLargeButton			HotGlyph.Data	single		svg	2970	0	0	0	0							ecf7f8cff245dfe469c22dbbe89949935729c454cb838c7e2c99d37c710fdaf8	images\ecf7f8cff245dfe469c22dbbe89949935729c454cb838c7e2c99d37c710fdaf8.svg
C:\Projects\M2022\Backups\SetupDefaults  - Copy.dfm	SetupDefaults  - Copy.pas	dfm	TdlgSetupDefaults	dxBarManager1.btnCancel	btnCancel	TdxBarLargeButton			Glyph.Data	single		svg	1076	0	0	0	0							4b9fbbfdc664c9f53e6f814fa5aefa3dd589adc189e376c9838dd0c47429d92b	images\4b9fbbfdc664c9f53e6f814fa5aefa3dd589adc189e376c9838dd0c47429d92b.svg
C:\Projects\M2022\Backups\SetupDefaults  - Copy.dfm	SetupDefaults  - Copy.pas	dfm	TdlgSetupDefaults	dxBarManager1.btnCancel	btnCancel	TdxBarLargeButton			LargeGlyph.Data	single		svg	1125	0	0	0	0							4780018cc1b819c19827d7e966443a762408f21b94521faebebd19b89c6a084f	images\4780018cc1b819c19827d7e966443a762408f21b94521faebebd19b89c6a084f.svg
C:\Projects\M2022\Backups\SetupDefaults  - Copy.dfm	SetupDefaults  - Copy.pas	dfm	TdlgSetupDefaults	dxBarManager1.btnCancel	btnCancel	TdxBarLargeButton			HotGlyph.Data	single		svg	1076	0	0	0	0							4b9fbbfdc664c9f53e6f814fa5aefa3dd589adc189e376c9838dd0c47429d92b	images\4b9fbbfdc664c9f53e6f814fa5aefa3dd589adc189e376c9838dd0c47429d92b.svg
C:\Projects\M2022\Backups\SetupDefaults - Copy (2).dfm	SetupDefaults - Copy (2).pas	dfm	TdlgSetupDefaults		dlgSetupDefaults	TdlgSetupDefaults			Icon.Data	single		ico	1150	0	0	0	0							87829c566615525191dec99da56caf00d42442aaa72a701af21d38cb4d4598be	images\87829c566615525191dec99da56caf00d42442aaa72a701af21d38cb4d4598be.ico
C:\Projects\M2022\Backups\SetupDefaults - Copy (2).dfm	SetupDefaults - Copy (2).pas	dfm	TdlgSetupDefaults	dxRibbon1	dxRibbon1	TdxRibbon			ApplicationButton.Glyph.Data	single		svg	6695	0	0	0	0							2ef16cbae2e702e3cf172d62899bb51ec4f9892d4331aa3c11102588eed9dfd6	images\2ef16cbae2e702e3cf172d62899bb51ec4f9892d4331aa3c11102588eed9dfd6.svg
C:\Projects\M2022\Backups\SetupDefaults - Copy (2).dfm	SetupDefaults - Copy (2).pas	dfm	TdlgSetupDefaults	dxRibbon1	dxRibbon1	TdxRibbon			BackgroundImage.Data	single		svg	6695	0	0	0	0							2ef16cbae2e702e3cf172d62899bb51ec4f9892d4331aa3c11102588eed9dfd6	images\2ef16cbae2e702e3cf172d62899bb51ec4f9892d4331aa3c11102588eed9dfd6.svg
C:\Projects\M2022\Backups\SetupDefaults - Copy (2).dfm	SetupDefaults - Copy (2).pas	dfm	TdlgSetupDefaults	Panel1.cxImage1	cxImage1	TcxImage			Picture.Data	single	TdxSmartImage		6709	0	0	0	0							322222c79f9dffa7339c7209ff1871c6e9446c4d93317cc49750f7a08e23ff38	images\322222c79f9dffa7339c7209ff1871c6e9446c4d93317cc49750f7a08e23ff38.bin
C:\Projects\M2022\Backups\SetupDefaults - Copy (2).dfm	SetupDefaults - Copy (2).pas	dfm	TdlgSetupDefaults	OvcNotebook1.Page1.RzPanel13.edtFolderFefreshRate	edtFolderFefreshRate	TOvcSimpleField			RangeHigh	single			10	0	0	0	0							043e8b2d6ba93d38d9c30f20405c0c16fc8f2619ada3c055d9f56f2e1d1afc25	images\043e8b2d6ba93d38d9c30f20405c0c16fc8f2619ada3c055d9f56f2e1d1afc25.bin
C:\Projects\M2022\Backups\SetupDefaults - Copy (2).dfm	SetupDefaults - Copy (2).pas	dfm	TdlgSetupDefaults	OvcNotebook1.Page1.RzPanel13.edtFolderFefreshRate	edtFolderFefreshRate	TOvcSimpleField			RangeLow	single			10	0	0	0	0							01d448afd928065458cf670b60f5a594d735af0172c8d67f22a81680132681ca	images\01d448afd928065458cf670b60f5a594d735af0172c8d67f22a81680132681ca.bin
C:\Projects\M2022\Backups\SetupDefaults - Copy (2).dfm	SetupDefaults - Copy (2).pas	dfm	TdlgSetupDefaults	OvcNotebook1.Page1.RzPanel13.edtTimeinDataEntry	edtTimeinDataEntry	TOvcSimpleField			RangeHigh	single			10	0	0	0	0							487c551dc5b6edcd75bad04ec1d77e82cd5c6d7c9f16feee02a998680a3b156a	images\487c551dc5b6edcd75bad04ec1d77e82cd5c6d7c9f16feee02a998680a3b156a.bin
C:\Projects\M2022\Backups\SetupDefaults - Copy (2).dfm	SetupDefaults - Copy (2).pas	dfm	TdlgSetupDefaults	OvcNotebook1.Page1.RzPanel13.edtTimeinDataEntry	edtTimeinDataEntry	TOvcSimpleField			RangeLow	single			10	0	0	0	0							01d448afd928065458cf670b60f5a594d735af0172c8d67f22a81680132681ca	images\01d448afd928065458cf670b60f5a594d735af0172c8d67f22a81680132681ca.bin
C:\Projects\M2022\Backups\SetupDefaults - Copy (2).dfm	SetupDefaults - Copy (2).pas	dfm	TdlgSetupDefaults	OvcNotebook1.Page1.RzPanel13.edtTimeInJobFolder	edtTimeInJobFolder	TOvcSimpleField			RangeHigh	single			10	0	0	0	0							a50051369aee7a65bc52614f9e576986f29a36948816a07c5c23a1228f88dc7e	images\a50051369aee7a65bc52614f9e576986f29a36948816a07c5c23a1228f88dc7e.bin
C:\Projects\M2022\Backups\SetupDefaults - Copy (2).dfm	SetupDefaults - Copy (2).pas	dfm	TdlgSetupDefaults	OvcNotebook1.Page1.RzPanel13.edtTimeInJobFolder	edtTimeInJobFolder	TOvcSimpleField			RangeLow	single			10	0	0	0	0							01d448afd928065458cf670b60f5a594d735af0172c8d67f22a81680132681ca	images\01d448afd928065458cf670b60f5a594d735af0172c8d67f22a81680132681ca.bin
C:\Projects\M2022\Backups\SetupDefaults - Copy (2).dfm	SetupDefaults - Copy (2).pas	dfm	TdlgSetupDefaults	OvcNotebook1.Page1.RzPanel13.edtDefaultDecimals	edtDefaultDecimals	TOvcSimpleField			RangeHigh	single			10	0	0	0	0							66bed744dab31123cb725b00788d391827d287fbae8d3c7a9316ab298958de10	images\66bed744dab31123cb725b00788d391827d287fbae8d3c7a9316ab298958de10.bin
C:\Projects\M2022\Backups\SetupDefaults - Copy (2).dfm	SetupDefaults - Copy (2).pas	dfm	TdlgSetupDefaults	OvcNotebook1.Page1.RzPanel13.edtDefaultDecimals	edtDefaultDecimals	TOvcSimpleField			RangeLow	single			10	0	0	0	0							01d448afd928065458cf670b60f5a594d735af0172c8d67f22a81680132681ca	images\01d448afd928065458cf670b60f5a594d735af0172c8d67f22a81680132681ca.bin
C:\Projects\M2022\Backups\SetupDefaults - Copy (2).dfm	SetupDefaults - Copy (2).pas	dfm	TdlgSetupDefaults	OvcNotebook1.Page1Page2.RzPanel18.RzGroupBox1.edtGagePort	edtGagePort	TOvcSimpleField			RangeHigh	single			10	0	0	0	0							6b0c3df6ebbc450f79c559dd34c1d7dbb67e20e35bb80017c4f096f5f9bc010f	images\6b0c3df6ebbc450f79c559dd34c1d7dbb67e20e35bb80017c4f096f5f9bc010f.bin
C:\Projects\M2022\Backups\SetupDefaults - Copy (2).dfm	SetupDefaults - Copy (2).pas	dfm	TdlgSetupDefaults	OvcNotebook1.Page1Page2.RzPanel18.RzGroupBox1.edtGagePort	edtGagePort	TOvcSimpleField			RangeLow	single			10	0	0	0	0							01d448afd928065458cf670b60f5a594d735af0172c8d67f22a81680132681ca	images\01d448afd928065458cf670b60f5a594d735af0172c8d67f22a81680132681ca.bin
C:\Projects\M2022\Backups\SetupDefaults - Copy (2).dfm	SetupDefaults - Copy (2).pas	dfm	TdlgSetupDefaults	OvcNotebook1.Page1Page2.Panel00.edtSampleOverdueMinutes	edtSampleOverdueMinutes	TOvcSimpleField			RangeHigh	single			10	0	0	0	0							43ea288cc4020af265153c84f5a7d00ee61911c69e428dbdb60e9287520c034e	images\43ea288cc4020af265153c84f5a7d00ee61911c69e428dbdb60e9287520c034e.bin
C:\Projects\M2022\Backups\SetupDefaults - Copy (2).dfm	SetupDefaults - Copy (2).pas	dfm	TdlgSetupDefaults	OvcNotebook1.Page1Page2.Panel00.edtSampleOverdueMinutes	edtSampleOverdueMinutes	TOvcSimpleField			RangeLow	single			10	0	0	0	0							01d448afd928065458cf670b60f5a594d735af0172c8d67f22a81680132681ca	images\01d448afd928065458cf670b60f5a594d735af0172c8d67f22a81680132681ca.bin
C:\Projects\M2022\Backups\SetupDefaults - Copy (2).dfm	SetupDefaults - Copy (2).pas	dfm	TdlgSetupDefaults	OvcNotebook1.Page1Page2.Panel00.edtShiftDuration	edtShiftDuration	TOvcSimpleField			RangeHigh	single			10	0	0	0	0							48622df28efceb09e85a7be8afb9e0a96186ca1ea555c189dbf6d5a99f6501ef	images\48622df28efceb09e85a7be8afb9e0a96186ca1ea555c189dbf6d5a99f6501ef.bin
C:\Projects\M2022\Backups\SetupDefaults - Copy (2).dfm	SetupDefaults - Copy (2).pas	dfm	TdlgSetupDefaults	OvcNotebook1.Page1Page2.Panel00.edtShiftDuration	edtShiftDuration	TOvcSimpleField			RangeLow	single			10	0	0	0	0							96eeff563b3135e3f77964e8c062328fd207c8bc9e754fc423abaf83eb3f1490	images\96eeff563b3135e3f77964e8c062328fd207c8bc9e754fc423abaf83eb3f1490.bin
C:\Projects\M2022\Backups\SetupDefaults - Copy (2).dfm	SetupDefaults - Copy (2).pas	dfm	TdlgSetupDefaults	OvcNotebook1.Page4.edtIPDefSampleSizeS	edtIPDefSampleSizeS	TOvcSimpleField			RangeHigh	single			10	0	0	0	0							e5dae50a7786dae6f5e493ad322c163ec4102f66cd455fc5901179a5fa48152a	images\e5dae50a7786dae6f5e493ad322c163ec4102f66cd455fc5901179a5fa48152a.bin
C:\Projects\M2022\Backups\SetupDefaults - Copy (2).dfm	SetupDefaults - Copy (2).pas	dfm	TdlgSetupDefaults	OvcNotebook1.Page4.edtIPDefSampleSizeS	edtIPDefSampleSizeS	TOvcSimpleField			RangeLow	single			10	0	0	0	0							41f45e0c4ba13f0e8c873f321d4a83b354816b4f6f1c7cb51b97d7fae02ebe25	images\41f45e0c4ba13f0e8c873f321d4a83b354816b4f6f1c7cb51b97d7fae02ebe25.bin
C:\Projects\M2022\Backups\SetupDefaults - Copy (2).dfm	SetupDefaults - Copy (2).pas	dfm	TdlgSetupDefaults	OvcNotebook1.Page4.edtIPDefSampleSizeC	edtIPDefSampleSizeC	TOvcSimpleField			RangeHigh	single			10	0	0	0	0							e5dae50a7786dae6f5e493ad322c163ec4102f66cd455fc5901179a5fa48152a	images\e5dae50a7786dae6f5e493ad322c163ec4102f66cd455fc5901179a5fa48152a.bin
C:\Projects\M2022\Backups\SetupDefaults - Copy (2).dfm	SetupDefaults - Copy (2).pas	dfm	TdlgSetupDefaults	OvcNotebook1.Page4.edtIPDefSampleSizeC	edtIPDefSampleSizeC	TOvcSimpleField			RangeLow	single			10	0	0	0	0							41f45e0c4ba13f0e8c873f321d4a83b354816b4f6f1c7cb51b97d7fae02ebe25	images\41f45e0c4ba13f0e8c873f321d4a83b354816b4f6f1c7cb51b97d7fae02ebe25.bin
C:\Projects\M2022\Backups\SetupDefaults - Copy (2).dfm	SetupDefaults - Copy (2).pas	dfm	TdlgSetupDefaults	OvcNotebook1.Page4.edtIPDefSampleSizeM	edtIPDefSampleSizeM	TOvcSimpleField			RangeHigh	single			10	0	0	0	0							e5dae50a7786dae6f5e493ad322c163ec4102f66cd455fc5901179a5fa48152a	images\e5dae50a7786dae6f5e493ad322c163ec4102f66cd455fc5901179a5fa48152a.bin
C:\Projects\M2022\Backups\SetupDefaults - Copy (2).dfm	SetupDefaults - Copy (2).pas	dfm	TdlgSetupDefaults	OvcNotebook1.Page4.edtIPDefSampleSizeM	edtIPDefSampleSizeM	TOvcSimpleField			RangeLow	single			10	0	0	0	0							41f45e0c4ba13f0e8c873f321d4a83b354816b4f6f1c7cb51b97d7fae02ebe25	images\41f45e0c4ba13f0e8c873f321d4a83b354816b4f6f1c7cb51b97d7fae02ebe25.bin
C:\Projects\M2022\Backups\SetupDefaults - Copy (2).dfm	SetupDefaults - Copy (2).pas	dfm	TdlgSetupDefaults	OvcNotebook1.Page5.OvcSimpleField16	OvcSimpleField16	TOvcSimpleField			RangeHigh	single			10	0	0	0	0							e202858d67084cf31a2b94b4546dbbd5662ffc2f6ed54d0e37dacf16fd4d827a	images\e202858d67084cf31a2b94b4546dbbd5662ffc2f6ed54d0e37dacf16fd4d827a.bin
C:\Projects\M2022\Backups\SetupDefaults - Copy (2).dfm	SetupDefaults - Copy (2).pas	dfm	TdlgSetupDefaults	OvcNotebook1.Page5.OvcSimpleField16	OvcSimpleField16	TOvcSimpleField			RangeLow	single			10	0	0	0	0							01d448afd928065458cf670b60f5a594d735af0172c8d67f22a81680132681ca	images\01d448afd928065458cf670b60f5a594d735af0172c8d67f22a81680132681ca.bin
C:\Projects\M2022\Backups\SetupDefaults - Copy (2).dfm	SetupDefaults - Copy (2).pas	dfm	TdlgSetupDefaults	OvcNotebook1.Page5.OvcSimpleField17	OvcSimpleField17	TOvcSimpleField			RangeHigh	single			10	0	0	0	0							e202858d67084cf31a2b94b4546dbbd5662ffc2f6ed54d0e37dacf16fd4d827a	images\e202858d67084cf31a2b94b4546dbbd5662ffc2f6ed54d0e37dacf16fd4d827a.bin
C:\Projects\M2022\Backups\SetupDefaults - Copy (2).dfm	SetupDefaults - Copy (2).pas	dfm	TdlgSetupDefaults	OvcNotebook1.Page5.OvcSimpleField17	OvcSimpleField17	TOvcSimpleField			RangeLow	single			10	0	0	0	0							01d448afd928065458cf670b60f5a594d735af0172c8d67f22a81680132681ca	images\01d448afd928065458cf670b60f5a594d735af0172c8d67f22a81680132681ca.bin
C:\Projects\M2022\Backups\SetupDefaults - Copy (2).dfm	SetupDefaults - Copy (2).pas	dfm	TdlgSetupDefaults	OvcNotebook1.Page5.OvcSimpleField18	OvcSimpleField18	TOvcSimpleField			RangeHigh	single			10	0	0	0	0							e202858d67084cf31a2b94b4546dbbd5662ffc2f6ed54d0e37dacf16fd4d827a	images\e202858d67084cf31a2b94b4546dbbd5662ffc2f6ed54d0e37dacf16fd4d827a.bin
C:\Projects\M2022\Backups\SetupDefaults - Copy (2).dfm	SetupDefaults - Copy (2).pas	dfm	TdlgSetupDefaults	OvcNotebook1.Page5.OvcSimpleField18	OvcSimpleField18	TOvcSimpleField			RangeLow	single			10	0	0	0	0							01d448afd928065458cf670b60f5a594d735af0172c8d67f22a81680132681ca	images\01d448afd928065458cf670b60f5a594d735af0172c8d67f22a81680132681ca.bin
C:\Projects\M2022\Backups\SetupDefaults - Copy (2).dfm	SetupDefaults - Copy (2).pas	dfm	TdlgSetupDefaults	OvcNotebook1.Page5.OvcSimpleField19	OvcSimpleField19	TOvcSimpleField			RangeHigh	single			10	0	0	0	0							e202858d67084cf31a2b94b4546dbbd5662ffc2f6ed54d0e37dacf16fd4d827a	images\e202858d67084cf31a2b94b4546dbbd5662ffc2f6ed54d0e37dacf16fd4d827a.bin
C:\Projects\M2022\Backups\SetupDefaults - Copy (2).dfm	SetupDefaults - Copy (2).pas	dfm	TdlgSetupDefaults	OvcNotebook1.Page5.OvcSimpleField19	OvcSimpleField19	TOvcSimpleField			RangeLow	single			10	0	0	0	0							01d448afd928065458cf670b60f5a594d735af0172c8d67f22a81680132681ca	images\01d448afd928065458cf670b60f5a594d735af0172c8d67f22a81680132681ca.bin
C:\Projects\M2022\Backups\SetupDefaults - Copy (2).dfm	SetupDefaults - Copy (2).pas	dfm	TdlgSetupDefaults	OvcNotebook1.Page5.OvcSimpleField20	OvcSimpleField20	TOvcSimpleField			RangeHigh	single			10	0	0	0	0							e202858d67084cf31a2b94b4546dbbd5662ffc2f6ed54d0e37dacf16fd4d827a	images\e202858d67084cf31a2b94b4546dbbd5662ffc2f6ed54d0e37dacf16fd4d827a.bin
C:\Projects\M2022\Backups\SetupDefaults - Copy (2).dfm	SetupDefaults - Copy (2).pas	dfm	TdlgSetupDefaults	OvcNotebook1.Page5.OvcSimpleField20	OvcSimpleField20	TOvcSimpleField			RangeLow	single			10	0	0	0	0							01d448afd928065458cf670b60f5a594d735af0172c8d67f22a81680132681ca	images\01d448afd928065458cf670b60f5a594d735af0172c8d67f22a81680132681ca.bin
C:\Projects\M2022\Backups\SetupDefaults - Copy (2).dfm	SetupDefaults - Copy (2).pas	dfm	TdlgSetupDefaults	OvcNotebook1.Page5.OvcSimpleField21	OvcSimpleField21	TOvcSimpleField			RangeHigh	single			10	0	0	0	0							e202858d67084cf31a2b94b4546dbbd5662ffc2f6ed54d0e37dacf16fd4d827a	images\e202858d67084cf31a2b94b4546dbbd5662ffc2f6ed54d0e37dacf16fd4d827a.bin
C:\Projects\M2022\Backups\SetupDefaults - Copy (2).dfm	SetupDefaults - Copy (2).pas	dfm	TdlgSetupDefaults	OvcNotebook1.Page5.OvcSimpleField21	OvcSimpleField21	TOvcSimpleField			RangeLow	single			10	0	0	0	0							01d448afd928065458cf670b60f5a594d735af0172c8d67f22a81680132681ca	images\01d448afd928065458cf670b60f5a594d735af0172c8d67f22a81680132681ca.bin
C:\Projects\M2022\Backups\SetupDefaults - Copy (2).dfm	SetupDefaults - Copy (2).pas	dfm	TdlgSetupDefaults	OvcNotebook1.Page5.OvcSimpleField22	OvcSimpleField22	TOvcSimpleField			RangeHigh	single			10	0	0	0	0							e202858d67084cf31a2b94b4546dbbd5662ffc2f6ed54d0e37dacf16fd4d827a	images\e202858d67084cf31a2b94b4546dbbd5662ffc2f6ed54d0e37dacf16fd4d827a.bin
C:\Projects\M2022\Backups\SetupDefaults - Copy (2).dfm	SetupDefaults - Copy (2).pas	dfm	TdlgSetupDefaults	OvcNotebook1.Page5.OvcSimpleField22	OvcSimpleField22	TOvcSimpleField			RangeLow	single			10	0	0	0	0							01d448afd928065458cf670b60f5a594d735af0172c8d67f22a81680132681ca	images\01d448afd928065458cf670b60f5a594d735af0172c8d67f22a81680132681ca.bin
C:\Projects\M2022\Backups\SetupDefaults - Copy (2).dfm	SetupDefaults - Copy (2).pas	dfm	TdlgSetupDefaults	OvcNotebook1.Page5.RzPanel17.RzPanel9.edtPpklValueLimit	edtPpklValueLimit	TOvcSimpleField			RangeHigh	single			10	0	0	0	0							e202858d67084cf31a2b94b4546dbbd5662ffc2f6ed54d0e37dacf16fd4d827a	images\e202858d67084cf31a2b94b4546dbbd5662ffc2f6ed54d0e37dacf16fd4d827a.bin
C:\Projects\M2022\Backups\SetupDefaults - Copy (2).dfm	SetupDefaults - Copy (2).pas	dfm	TdlgSetupDefaults	OvcNotebook1.Page5.RzPanel17.RzPanel9.edtPpklValueLimit	edtPpklValueLimit	TOvcSimpleField			RangeLow	single			10	0	0	0	0							01d448afd928065458cf670b60f5a594d735af0172c8d67f22a81680132681ca	images\01d448afd928065458cf670b60f5a594d735af0172c8d67f22a81680132681ca.bin
C:\Projects\M2022\Backups\SetupDefaults - Copy (2).dfm	SetupDefaults - Copy (2).pas	dfm	TdlgSetupDefaults	OvcNotebook1.Page5.RzPanel17.RzPanel9.edtPpkuValueLimit	edtPpkuValueLimit	TOvcSimpleField			RangeHigh	single			10	0	0	0	0							e202858d67084cf31a2b94b4546dbbd5662ffc2f6ed54d0e37dacf16fd4d827a	images\e202858d67084cf31a2b94b4546dbbd5662ffc2f6ed54d0e37dacf16fd4d827a.bin
C:\Projects\M2022\Backups\SetupDefaults - Copy (2).dfm	SetupDefaults - Copy (2).pas	dfm	TdlgSetupDefaults	OvcNotebook1.Page5.RzPanel17.RzPanel9.edtPpkuValueLimit	edtPpkuValueLimit	TOvcSimpleField			RangeLow	single			10	0	0	0	0							01d448afd928065458cf670b60f5a594d735af0172c8d67f22a81680132681ca	images\01d448afd928065458cf670b60f5a594d735af0172c8d67f22a81680132681ca.bin
C:\Projects\M2022\Backups\SetupDefaults - Copy (2).dfm	SetupDefaults - Copy (2).pas	dfm	TdlgSetupDefaults	OvcNotebook1.Page5.RzPanel17.RzPanel9.edtPlValueLimit	edtPlValueLimit	TOvcSimpleField			RangeHigh	single			10	0	0	0	0							e202858d67084cf31a2b94b4546dbbd5662ffc2f6ed54d0e37dacf16fd4d827a	images\e202858d67084cf31a2b94b4546dbbd5662ffc2f6ed54d0e37dacf16fd4d827a.bin
C:\Projects\M2022\Backups\SetupDefaults - Copy (2).dfm	SetupDefaults - Copy (2).pas	dfm	TdlgSetupDefaults	OvcNotebook1.Page5.RzPanel17.RzPanel9.edtPlValueLimit	edtPlValueLimit	TOvcSimpleField			RangeLow	single			10	0	0	0	0							01d448afd928065458cf670b60f5a594d735af0172c8d67f22a81680132681ca	images\01d448afd928065458cf670b60f5a594d735af0172c8d67f22a81680132681ca.bin
C:\Projects\M2022\Backups\SetupDefaults - Copy (2).dfm	SetupDefaults - Copy (2).pas	dfm	TdlgSetupDefaults	OvcNotebook1.Page5.RzPanel17.RzPanel9.edtPuValueLimit	edtPuValueLimit	TOvcSimpleField			RangeHigh	single			10	0	0	0	0							e202858d67084cf31a2b94b4546dbbd5662ffc2f6ed54d0e37dacf16fd4d827a	images\e202858d67084cf31a2b94b4546dbbd5662ffc2f6ed54d0e37dacf16fd4d827a.bin
C:\Projects\M2022\Backups\SetupDefaults - Copy (2).dfm	SetupDefaults - Copy (2).pas	dfm	TdlgSetupDefaults	OvcNotebook1.Page5.RzPanel17.RzPanel9.edtPuValueLimit	edtPuValueLimit	TOvcSimpleField			RangeLow	single			10	0	0	0	0							01d448afd928065458cf670b60f5a594d735af0172c8d67f22a81680132681ca	images\01d448afd928065458cf670b60f5a594d735af0172c8d67f22a81680132681ca.bin
C:\Projects\M2022\Backups\SetupDefaults - Copy (2).dfm	SetupDefaults - Copy (2).pas	dfm	TdlgSetupDefaults	OvcNotebook1.Page5.RzPanel17.RzPanel9.edtCpkValueLimit	edtCpkValueLimit	TOvcSimpleField			RangeHigh	single			10	0	0	0	0							e202858d67084cf31a2b94b4546dbbd5662ffc2f6ed54d0e37dacf16fd4d827a	images\e202858d67084cf31a2b94b4546dbbd5662ffc2f6ed54d0e37dacf16fd4d827a.bin
C:\Projects\M2022\Backups\SetupDefaults - Copy (2).dfm	SetupDefaults - Copy (2).pas	dfm	TdlgSetupDefaults	OvcNotebook1.Page5.RzPanel17.RzPanel9.edtCpkValueLimit	edtCpkValueLimit	TOvcSimpleField			RangeLow	single			10	0	0	0	0							01d448afd928065458cf670b60f5a594d735af0172c8d67f22a81680132681ca	images\01d448afd928065458cf670b60f5a594d735af0172c8d67f22a81680132681ca.bin
C:\Projects\M2022\Backups\SetupDefaults - Copy (2).dfm	SetupDefaults - Copy (2).pas	dfm	TdlgSetupDefaults	OvcNotebook1.Page5.RzPanel17.RzPanel9.edtCPValueLimit	edtCPValueLimit	TOvcSimpleField			RangeHigh	single			10	0	0	0	0							e202858d67084cf31a2b94b4546dbbd5662ffc2f6ed54d0e37dacf16fd4d827a	images\e202858d67084cf31a2b94b4546dbbd5662ffc2f6ed54d0e37dacf16fd4d827a.bin
C:\Projects\M2022\Backups\SetupDefaults - Copy (2).dfm	SetupDefaults - Copy (2).pas	dfm	TdlgSetupDefaults	OvcNotebook1.Page5.RzPanel17.RzPanel9.edtCPValueLimit	edtCPValueLimit	TOvcSimpleField			RangeLow	single			10	0	0	0	0							01d448afd928065458cf670b60f5a594d735af0172c8d67f22a81680132681ca	images\01d448afd928065458cf670b60f5a594d735af0172c8d67f22a81680132681ca.bin
C:\Projects\M2022\Backups\SetupDefaults - Copy (2).dfm	SetupDefaults - Copy (2).pas	dfm	TdlgSetupDefaults	OvcNotebook1.Page5.RzPanel17.RzPanel9.edtPpkValueLimit	edtPpkValueLimit	TOvcSimpleField			RangeHigh	single			10	0	0	0	0							e202858d67084cf31a2b94b4546dbbd5662ffc2f6ed54d0e37dacf16fd4d827a	images\e202858d67084cf31a2b94b4546dbbd5662ffc2f6ed54d0e37dacf16fd4d827a.bin
C:\Projects\M2022\Backups\SetupDefaults - Copy (2).dfm	SetupDefaults - Copy (2).pas	dfm	TdlgSetupDefaults	OvcNotebook1.Page5.RzPanel17.RzPanel9.edtPpkValueLimit	edtPpkValueLimit	TOvcSimpleField			RangeLow	single			10	0	0	0	0							01d448afd928065458cf670b60f5a594d735af0172c8d67f22a81680132681ca	images\01d448afd928065458cf670b60f5a594d735af0172c8d67f22a81680132681ca.bin
C:\Projects\M2022\Backups\SetupDefaults - Copy (2).dfm	SetupDefaults - Copy (2).pas	dfm	TdlgSetupDefaults	OvcNotebook1.Page5.RzPanel17.RzPanel9.edtPPValueLimit	edtPPValueLimit	TOvcSimpleField			RangeHigh	single			10	0	0	0	0							e202858d67084cf31a2b94b4546dbbd5662ffc2f6ed54d0e37dacf16fd4d827a	images\e202858d67084cf31a2b94b4546dbbd5662ffc2f6ed54d0e37dacf16fd4d827a.bin
C:\Projects\M2022\Backups\SetupDefaults - Copy (2).dfm	SetupDefaults - Copy (2).pas	dfm	TdlgSetupDefaults	OvcNotebook1.Page5.RzPanel17.RzPanel9.edtPPValueLimit	edtPPValueLimit	TOvcSimpleField			RangeLow	single			10	0	0	0	0							01d448afd928065458cf670b60f5a594d735af0172c8d67f22a81680132681ca	images\01d448afd928065458cf670b60f5a594d735af0172c8d67f22a81680132681ca.bin
C:\Projects\M2022\Backups\SetupDefaults - Copy (2).dfm	SetupDefaults - Copy (2).pas	dfm	TdlgSetupDefaults	OvcNotebook1.Page5.RzPanel17.RzPanel9.edtAQLValueLimit	edtAQLValueLimit	TOvcSimpleField			RangeHigh	single			10	0	0	0	0							e202858d67084cf31a2b94b4546dbbd5662ffc2f6ed54d0e37dacf16fd4d827a	images\e202858d67084cf31a2b94b4546dbbd5662ffc2f6ed54d0e37dacf16fd4d827a.bin
C:\Projects\M2022\Backups\SetupDefaults - Copy (2).dfm	SetupDefaults - Copy (2).pas	dfm	TdlgSetupDefaults	OvcNotebook1.Page5.RzPanel17.RzPanel9.edtAQLValueLimit	edtAQLValueLimit	TOvcSimpleField			RangeLow	single			10	0	0	0	0							01d448afd928065458cf670b60f5a594d735af0172c8d67f22a81680132681ca	images\01d448afd928065458cf670b60f5a594d735af0172c8d67f22a81680132681ca.bin
C:\Projects\M2022\Backups\SetupDefaults - Copy (2).dfm	SetupDefaults - Copy (2).pas	dfm	TdlgSetupDefaults	OvcNotebook1.Page5.RzPanel17.RzPanel9.edtOutValueLimit	edtOutValueLimit	TOvcSimpleField			RangeHigh	single			10	0	0	0	0							7aef47f1de3be50d508efbbfb6db945c4a0ad740a15a3542bea0ceaeb3fa915f	images\7aef47f1de3be50d508efbbfb6db945c4a0ad740a15a3542bea0ceaeb3fa915f.bin
C:\Projects\M2022\Backups\SetupDefaults - Copy (2).dfm	SetupDefaults - Copy (2).pas	dfm	TdlgSetupDefaults	OvcNotebook1.Page5.RzPanel17.RzPanel9.edtOutValueLimit	edtOutValueLimit	TOvcSimpleField			RangeLow	single			10	0	0	0	0							cc489d905e397e27ccb4c8ef1a673e227438a9ad4d95eb521b8266cdbc814141	images\cc489d905e397e27ccb4c8ef1a673e227438a9ad4d95eb521b8266cdbc814141.bin
C:\Projects\M2022\Backups\SetupDefaults - Copy (2).dfm	SetupDefaults - Copy (2).pas	dfm	TdlgSetupDefaults	OvcNotebook1.Page5.RzPanel17.RzPanel9.edtPHRValueLimit	edtPHRValueLimit	TOvcSimpleField			RangeHigh	single			10	0	0	0	0							e202858d67084cf31a2b94b4546dbbd5662ffc2f6ed54d0e37dacf16fd4d827a	images\e202858d67084cf31a2b94b4546dbbd5662ffc2f6ed54d0e37dacf16fd4d827a.bin
C:\Projects\M2022\Backups\SetupDefaults - Copy (2).dfm	SetupDefaults - Copy (2).pas	dfm	TdlgSetupDefaults	OvcNotebook1.Page5.RzPanel17.RzPanel9.edtPHRValueLimit	edtPHRValueLimit	TOvcSimpleField			RangeLow	single			10	0	0	0	0							01d448afd928065458cf670b60f5a594d735af0172c8d67f22a81680132681ca	images\01d448afd928065458cf670b60f5a594d735af0172c8d67f22a81680132681ca.bin
C:\Projects\M2022\Backups\SetupDefaults - Copy (2).dfm	SetupDefaults - Copy (2).pas	dfm	TdlgSetupDefaults	OvcNotebook1.Page5.RzPanel17.RzPanel9.edtPTZValueLimit	edtPTZValueLimit	TOvcSimpleField			RangeHigh	single			10	0	0	0	0							e202858d67084cf31a2b94b4546dbbd5662ffc2f6ed54d0e37dacf16fd4d827a	images\e202858d67084cf31a2b94b4546dbbd5662ffc2f6ed54d0e37dacf16fd4d827a.bin
C:\Projects\M2022\Backups\SetupDefaults - Copy (2).dfm	SetupDefaults - Copy (2).pas	dfm	TdlgSetupDefaults	OvcNotebook1.Page5.RzPanel17.RzPanel9.edtPTZValueLimit	edtPTZValueLimit	TOvcSimpleField			RangeLow	single			10	0	0	0	0							01d448afd928065458cf670b60f5a594d735af0172c8d67f22a81680132681ca	images\01d448afd928065458cf670b60f5a594d735af0172c8d67f22a81680132681ca.bin
C:\Projects\M2022\Backups\SetupDefaults - Copy (2).dfm	SetupDefaults - Copy (2).pas	dfm	TdlgSetupDefaults	OvcNotebook1.Page5.RzPanel17.RzPanel9.edtCPrd2ValueLimit	edtCPrd2ValueLimit	TOvcSimpleField			RangeHigh	single			10	0	0	0	0							e202858d67084cf31a2b94b4546dbbd5662ffc2f6ed54d0e37dacf16fd4d827a	images\e202858d67084cf31a2b94b4546dbbd5662ffc2f6ed54d0e37dacf16fd4d827a.bin
C:\Projects\M2022\Backups\SetupDefaults - Copy (2).dfm	SetupDefaults - Copy (2).pas	dfm	TdlgSetupDefaults	OvcNotebook1.Page5.RzPanel17.RzPanel9.edtCPrd2ValueLimit	edtCPrd2ValueLimit	TOvcSimpleField			RangeLow	single			10	0	0	0	0							01d448afd928065458cf670b60f5a594d735af0172c8d67f22a81680132681ca	images\01d448afd928065458cf670b60f5a594d735af0172c8d67f22a81680132681ca.bin
C:\Projects\M2022\Backups\SetupDefaults - Copy (2).dfm	SetupDefaults - Copy (2).pas	dfm	TdlgSetupDefaults	OvcNotebook1.Page5.RzPanel17.RzPanel9.edtZdlValueLimit	edtZdlValueLimit	TOvcSimpleField			RangeHigh	single			10	0	0	0	0							e202858d67084cf31a2b94b4546dbbd5662ffc2f6ed54d0e37dacf16fd4d827a	images\e202858d67084cf31a2b94b4546dbbd5662ffc2f6ed54d0e37dacf16fd4d827a.bin
C:\Projects\M2022\Backups\SetupDefaults - Copy (2).dfm	SetupDefaults - Copy (2).pas	dfm	TdlgSetupDefaults	OvcNotebook1.Page5.RzPanel17.RzPanel9.edtZdlValueLimit	edtZdlValueLimit	TOvcSimpleField			RangeLow	single			10	0	0	0	0							01d448afd928065458cf670b60f5a594d735af0172c8d67f22a81680132681ca	images\01d448afd928065458cf670b60f5a594d735af0172c8d67f22a81680132681ca.bin
C:\Projects\M2022\Backups\SetupDefaults - Copy (2).dfm	SetupDefaults - Copy (2).pas	dfm	TdlgSetupDefaults	OvcNotebook1.Page5.RzPanel17.RzPanel9.edtZduValueLimit	edtZduValueLimit	TOvcSimpleField			RangeHigh	single			10	0	0	0	0							e202858d67084cf31a2b94b4546dbbd5662ffc2f6ed54d0e37dacf16fd4d827a	images\e202858d67084cf31a2b94b4546dbbd5662ffc2f6ed54d0e37dacf16fd4d827a.bin
C:\Projects\M2022\Backups\SetupDefaults - Copy (2).dfm	SetupDefaults - Copy (2).pas	dfm	TdlgSetupDefaults	OvcNotebook1.Page5.RzPanel17.RzPanel9.edtZduValueLimit	edtZduValueLimit	TOvcSimpleField			RangeLow	single			10	0	0	0	0							01d448afd928065458cf670b60f5a594d735af0172c8d67f22a81680132681ca	images\01d448afd928065458cf670b60f5a594d735af0172c8d67f22a81680132681ca.bin
C:\Projects\M2022\Backups\SetupDefaults - Copy (2).dfm	SetupDefaults - Copy (2).pas	dfm	TdlgSetupDefaults	OvcNotebook1.Page5.RzPanel17.RzPanel9.edtZdiValueLimit	edtZdiValueLimit	TOvcSimpleField			RangeHigh	single			10	0	0	0	0							e202858d67084cf31a2b94b4546dbbd5662ffc2f6ed54d0e37dacf16fd4d827a	images\e202858d67084cf31a2b94b4546dbbd5662ffc2f6ed54d0e37dacf16fd4d827a.bin
C:\Projects\M2022\Backups\SetupDefaults - Copy (2).dfm	SetupDefaults - Copy (2).pas	dfm	TdlgSetupDefaults	OvcNotebook1.Page5.RzPanel17.RzPanel9.edtZdiValueLimit	edtZdiValueLimit	TOvcSimpleField			RangeLow	single			10	0	0	0	0							01d448afd928065458cf670b60f5a594d735af0172c8d67f22a81680132681ca	images\01d448afd928065458cf670b60f5a594d735af0172c8d67f22a81680132681ca.bin
C:\Projects\M2022\Backups\SetupDefaults - Copy (2).dfm	SetupDefaults - Copy (2).pas	dfm	TdlgSetupDefaults	OvcNotebook1.Page5.OvcSimpleField2	OvcSimpleField2	TOvcSimpleField			RangeHigh	single			10	0	0	0	0							7aef47f1de3be50d508efbbfb6db945c4a0ad740a15a3542bea0ceaeb3fa915f	images\7aef47f1de3be50d508efbbfb6db945c4a0ad740a15a3542bea0ceaeb3fa915f.bin
C:\Projects\M2022\Backups\SetupDefaults - Copy (2).dfm	SetupDefaults - Copy (2).pas	dfm	TdlgSetupDefaults	OvcNotebook1.Page5.OvcSimpleField2	OvcSimpleField2	TOvcSimpleField			RangeLow	single			10	0	0	0	0							cc489d905e397e27ccb4c8ef1a673e227438a9ad4d95eb521b8266cdbc814141	images\cc489d905e397e27ccb4c8ef1a673e227438a9ad4d95eb521b8266cdbc814141.bin
C:\Projects\M2022\Backups\SetupDefaults - Copy (2).dfm	SetupDefaults - Copy (2).pas	dfm	TdlgSetupDefaults	OvcNotebook1.cxTabSheet1.edtIPDefCPrd2M	edtIPDefCPrd2M	TOvcSimpleField			RangeHigh	single			10	0	0	0	0							8183c64e867670d7f6c3cada0d8ba4577448c2ad940c00e406ac8783c8b22d42	images\8183c64e867670d7f6c3cada0d8ba4577448c2ad940c00e406ac8783c8b22d42.bin
C:\Projects\M2022\Backups\SetupDefaults - Copy (2).dfm	SetupDefaults - Copy (2).pas	dfm	TdlgSetupDefaults	OvcNotebook1.cxTabSheet1.edtIPDefCPrd2M	edtIPDefCPrd2M	TOvcSimpleField			RangeLow	single			10	0	0	0	0							01d448afd928065458cf670b60f5a594d735af0172c8d67f22a81680132681ca	images\01d448afd928065458cf670b60f5a594d735af0172c8d67f22a81680132681ca.bin
C:\Projects\M2022\Backups\SetupDefaults - Copy (2).dfm	SetupDefaults - Copy (2).pas	dfm	TdlgSetupDefaults	OvcNotebook1.cxTabSheet1.edtIPDefCPrd2C	edtIPDefCPrd2C	TOvcSimpleField			RangeHigh	single			10	0	0	0	0							8183c64e867670d7f6c3cada0d8ba4577448c2ad940c00e406ac8783c8b22d42	images\8183c64e867670d7f6c3cada0d8ba4577448c2ad940c00e406ac8783c8b22d42.bin
C:\Projects\M2022\Backups\SetupDefaults - Copy (2).dfm	SetupDefaults - Copy (2).pas	dfm	TdlgSetupDefaults	OvcNotebook1.cxTabSheet1.edtIPDefCPrd2C	edtIPDefCPrd2C	TOvcSimpleField			RangeLow	single			10	0	0	0	0							01d448afd928065458cf670b60f5a594d735af0172c8d67f22a81680132681ca	images\01d448afd928065458cf670b60f5a594d735af0172c8d67f22a81680132681ca.bin
C:\Projects\M2022\Backups\SetupDefaults - Copy (2).dfm	SetupDefaults - Copy (2).pas	dfm	TdlgSetupDefaults	OvcNotebook1.cxTabSheet1.edtIPDefCPrd2S	edtIPDefCPrd2S	TOvcSimpleField			RangeHigh	single			10	0	0	0	0							8183c64e867670d7f6c3cada0d8ba4577448c2ad940c00e406ac8783c8b22d42	images\8183c64e867670d7f6c3cada0d8ba4577448c2ad940c00e406ac8783c8b22d42.bin
C:\Projects\M2022\Backups\SetupDefaults - Copy (2).dfm	SetupDefaults - Copy (2).pas	dfm	TdlgSetupDefaults	OvcNotebook1.cxTabSheet1.edtIPDefCPrd2S	edtIPDefCPrd2S	TOvcSimpleField			RangeLow	single			10	0	0	0	0							01d448afd928065458cf670b60f5a594d735af0172c8d67f22a81680132681ca	images\01d448afd928065458cf670b60f5a594d735af0172c8d67f22a81680132681ca.bin
C:\Projects\M2022\Backups\SetupDefaults - Copy (2).dfm	SetupDefaults - Copy (2).pas	dfm	TdlgSetupDefaults	OvcNotebook1.cxTabSheet1.edtIPDefCPsS	edtIPDefCPsS	TOvcSimpleField			RangeHigh	single			10	0	0	0	0							8183c64e867670d7f6c3cada0d8ba4577448c2ad940c00e406ac8783c8b22d42	images\8183c64e867670d7f6c3cada0d8ba4577448c2ad940c00e406ac8783c8b22d42.bin
C:\Projects\M2022\Backups\SetupDefaults - Copy (2).dfm	SetupDefaults - Copy (2).pas	dfm	TdlgSetupDefaults	OvcNotebook1.cxTabSheet1.edtIPDefCPsS	edtIPDefCPsS	TOvcSimpleField			RangeLow	single			10	0	0	0	0							01d448afd928065458cf670b60f5a594d735af0172c8d67f22a81680132681ca	images\01d448afd928065458cf670b60f5a594d735af0172c8d67f22a81680132681ca.bin
C:\Projects\M2022\Backups\SetupDefaults - Copy (2).dfm	SetupDefaults - Copy (2).pas	dfm	TdlgSetupDefaults	OvcNotebook1.cxTabSheet1.edtIPDefCPsC	edtIPDefCPsC	TOvcSimpleField			RangeHigh	single			10	0	0	0	0							8183c64e867670d7f6c3cada0d8ba4577448c2ad940c00e406ac8783c8b22d42	images\8183c64e867670d7f6c3cada0d8ba4577448c2ad940c00e406ac8783c8b22d42.bin
C:\Projects\M2022\Backups\SetupDefaults - Copy (2).dfm	SetupDefaults - Copy (2).pas	dfm	TdlgSetupDefaults	OvcNotebook1.cxTabSheet1.edtIPDefCPsC	edtIPDefCPsC	TOvcSimpleField			RangeLow	single			10	0	0	0	0							01d448afd928065458cf670b60f5a594d735af0172c8d67f22a81680132681ca	images\01d448afd928065458cf670b60f5a594d735af0172c8d67f22a81680132681ca.bin
C:\Projects\M2022\Backups\SetupDefaults - Copy (2).dfm	SetupDefaults - Copy (2).pas	dfm	TdlgSetupDefaults	OvcNotebook1.cxTabSheet1.edtIPDefCPsM	edtIPDefCPsM	TOvcSimpleField			RangeHigh	single			10	0	0	0	0							8183c64e867670d7f6c3cada0d8ba4577448c2ad940c00e406ac8783c8b22d42	images\8183c64e867670d7f6c3cada0d8ba4577448c2ad940c00e406ac8783c8b22d42.bin
C:\Projects\M2022\Backups\SetupDefaults - Copy (2).dfm	SetupDefaults - Copy (2).pas	dfm	TdlgSetupDefaults	OvcNotebook1.cxTabSheet1.edtIPDefCPsM	edtIPDefCPsM	TOvcSimpleField			RangeLow	single			10	0	0	0	0							01d448afd928065458cf670b60f5a594d735af0172c8d67f22a81680132681ca	images\01d448afd928065458cf670b60f5a594d735af0172c8d67f22a81680132681ca.bin
C:\Projects\M2022\Backups\SetupDefaults - Copy (2).dfm	SetupDefaults - Copy (2).pas	dfm	TdlgSetupDefaults	OvcNotebook1.cxTabSheet1.edtIPDefCPkrd2S	edtIPDefCPkrd2S	TOvcSimpleField			RangeHigh	single			10	0	0	0	0							8183c64e867670d7f6c3cada0d8ba4577448c2ad940c00e406ac8783c8b22d42	images\8183c64e867670d7f6c3cada0d8ba4577448c2ad940c00e406ac8783c8b22d42.bin
C:\Projects\M2022\Backups\SetupDefaults - Copy (2).dfm	SetupDefaults - Copy (2).pas	dfm	TdlgSetupDefaults	OvcNotebook1.cxTabSheet1.edtIPDefCPkrd2S	edtIPDefCPkrd2S	TOvcSimpleField			RangeLow	single			10	0	0	0	0							01d448afd928065458cf670b60f5a594d735af0172c8d67f22a81680132681ca	images\01d448afd928065458cf670b60f5a594d735af0172c8d67f22a81680132681ca.bin
C:\Projects\M2022\Backups\SetupDefaults - Copy (2).dfm	SetupDefaults - Copy (2).pas	dfm	TdlgSetupDefaults	OvcNotebook1.cxTabSheet1.edtIPDefCPkrd2C	edtIPDefCPkrd2C	TOvcSimpleField			RangeHigh	single			10	0	0	0	0							8183c64e867670d7f6c3cada0d8ba4577448c2ad940c00e406ac8783c8b22d42	images\8183c64e867670d7f6c3cada0d8ba4577448c2ad940c00e406ac8783c8b22d42.bin
C:\Projects\M2022\Backups\SetupDefaults - Copy (2).dfm	SetupDefaults - Copy (2).pas	dfm	TdlgSetupDefaults	OvcNotebook1.cxTabSheet1.edtIPDefCPkrd2C	edtIPDefCPkrd2C	TOvcSimpleField			RangeLow	single			10	0	0	0	0							01d448afd928065458cf670b60f5a594d735af0172c8d67f22a81680132681ca	images\01d448afd928065458cf670b60f5a594d735af0172c8d67f22a81680132681ca.bin
C:\Projects\M2022\Backups\SetupDefaults - Copy (2).dfm	SetupDefaults - Copy (2).pas	dfm	TdlgSetupDefaults	OvcNotebook1.cxTabSheet1.edtIPDefCPkrd2M	edtIPDefCPkrd2M	TOvcSimpleField			RangeHigh	single			10	0	0	0	0							8183c64e867670d7f6c3cada0d8ba4577448c2ad940c00e406ac8783c8b22d42	images\8183c64e867670d7f6c3cada0d8ba4577448c2ad940c00e406ac8783c8b22d42.bin
C:\Projects\M2022\Backups\SetupDefaults - Copy (2).dfm	SetupDefaults - Copy (2).pas	dfm	TdlgSetupDefaults	OvcNotebook1.cxTabSheet1.edtIPDefCPkrd2M	edtIPDefCPkrd2M	TOvcSimpleField			RangeLow	single			10	0	0	0	0							01d448afd928065458cf670b60f5a594d735af0172c8d67f22a81680132681ca	images\01d448afd928065458cf670b60f5a594d735af0172c8d67f22a81680132681ca.bin
C:\Projects\M2022\Backups\SetupDefaults - Copy (2).dfm	SetupDefaults - Copy (2).pas	dfm	TdlgSetupDefaults	OvcNotebook1.cxTabSheet1.edtIPDefCPksS	edtIPDefCPksS	TOvcSimpleField			RangeHigh	single			10	0	0	0	0							8183c64e867670d7f6c3cada0d8ba4577448c2ad940c00e406ac8783c8b22d42	images\8183c64e867670d7f6c3cada0d8ba4577448c2ad940c00e406ac8783c8b22d42.bin
C:\Projects\M2022\Backups\SetupDefaults - Copy (2).dfm	SetupDefaults - Copy (2).pas	dfm	TdlgSetupDefaults	OvcNotebook1.cxTabSheet1.edtIPDefCPksS	edtIPDefCPksS	TOvcSimpleField			RangeLow	single			10	0	0	0	0							01d448afd928065458cf670b60f5a594d735af0172c8d67f22a81680132681ca	images\01d448afd928065458cf670b60f5a594d735af0172c8d67f22a81680132681ca.bin
C:\Projects\M2022\Backups\SetupDefaults - Copy (2).dfm	SetupDefaults - Copy (2).pas	dfm	TdlgSetupDefaults	OvcNotebook1.cxTabSheet1.edtIPDefCPksC	edtIPDefCPksC	TOvcSimpleField			RangeHigh	single			10	0	0	0	0							8183c64e867670d7f6c3cada0d8ba4577448c2ad940c00e406ac8783c8b22d42	images\8183c64e867670d7f6c3cada0d8ba4577448c2ad940c00e406ac8783c8b22d42.bin
C:\Projects\M2022\Backups\SetupDefaults - Copy (2).dfm	SetupDefaults - Copy (2).pas	dfm	TdlgSetupDefaults	OvcNotebook1.cxTabSheet1.edtIPDefCPksC	edtIPDefCPksC	TOvcSimpleField			RangeLow	single			10	0	0	0	0							01d448afd928065458cf670b60f5a594d735af0172c8d67f22a81680132681ca	images\01d448afd928065458cf670b60f5a594d735af0172c8d67f22a81680132681ca.bin
C:\Projects\M2022\Backups\SetupDefaults - Copy (2).dfm	SetupDefaults - Copy (2).pas	dfm	TdlgSetupDefaults	OvcNotebook1.cxTabSheet1.edtIPDefCPksM	edtIPDefCPksM	TOvcSimpleField			RangeHigh	single			10	0	0	0	0							8183c64e867670d7f6c3cada0d8ba4577448c2ad940c00e406ac8783c8b22d42	images\8183c64e867670d7f6c3cada0d8ba4577448c2ad940c00e406ac8783c8b22d42.bin
C:\Projects\M2022\Backups\SetupDefaults - Copy (2).dfm	SetupDefaults - Copy (2).pas	dfm	TdlgSetupDefaults	OvcNotebook1.cxTabSheet1.edtIPDefCPksM	edtIPDefCPksM	TOvcSimpleField			RangeLow	single			10	0	0	0	0							01d448afd928065458cf670b60f5a594d735af0172c8d67f22a81680132681ca	images\01d448afd928065458cf670b60f5a594d735af0172c8d67f22a81680132681ca.bin
C:\Projects\M2022\Backups\SetupDefaults - Copy (2).dfm	SetupDefaults - Copy (2).pas	dfm	TdlgSetupDefaults	OvcNotebook1.cxTabSheet1.edtIPDefCPSamprd2S	edtIPDefCPSamprd2S	TOvcSimpleField			RangeHigh	single			10	0	0	0	0							8183c64e867670d7f6c3cada0d8ba4577448c2ad940c00e406ac8783c8b22d42	images\8183c64e867670d7f6c3cada0d8ba4577448c2ad940c00e406ac8783c8b22d42.bin
C:\Projects\M2022\Backups\SetupDefaults - Copy (2).dfm	SetupDefaults - Copy (2).pas	dfm	TdlgSetupDefaults	OvcNotebook1.cxTabSheet1.edtIPDefCPSamprd2S	edtIPDefCPSamprd2S	TOvcSimpleField			RangeLow	single			10	0	0	0	0							01d448afd928065458cf670b60f5a594d735af0172c8d67f22a81680132681ca	images\01d448afd928065458cf670b60f5a594d735af0172c8d67f22a81680132681ca.bin
C:\Projects\M2022\Backups\SetupDefaults - Copy (2).dfm	SetupDefaults - Copy (2).pas	dfm	TdlgSetupDefaults	OvcNotebook1.cxTabSheet1.edtIPDefCPSamprd2C	edtIPDefCPSamprd2C	TOvcSimpleField			RangeHigh	single			10	0	0	0	0							8183c64e867670d7f6c3cada0d8ba4577448c2ad940c00e406ac8783c8b22d42	images\8183c64e867670d7f6c3cada0d8ba4577448c2ad940c00e406ac8783c8b22d42.bin
C:\Projects\M2022\Backups\SetupDefaults - Copy (2).dfm	SetupDefaults - Copy (2).pas	dfm	TdlgSetupDefaults	OvcNotebook1.cxTabSheet1.edtIPDefCPSamprd2C	edtIPDefCPSamprd2C	TOvcSimpleField			RangeLow	single			10	0	0	0	0							01d448afd928065458cf670b60f5a594d735af0172c8d67f22a81680132681ca	images\01d448afd928065458cf670b60f5a594d735af0172c8d67f22a81680132681ca.bin
C:\Projects\M2022\Backups\SetupDefaults - Copy (2).dfm	SetupDefaults - Copy (2).pas	dfm	TdlgSetupDefaults	OvcNotebook1.cxTabSheet1.edtIPDefCPSamprd2M	edtIPDefCPSamprd2M	TOvcSimpleField			RangeHigh	single			10	0	0	0	0							8183c64e867670d7f6c3cada0d8ba4577448c2ad940c00e406ac8783c8b22d42	images\8183c64e867670d7f6c3cada0d8ba4577448c2ad940c00e406ac8783c8b22d42.bin
C:\Projects\M2022\Backups\SetupDefaults - Copy (2).dfm	SetupDefaults - Copy (2).pas	dfm	TdlgSetupDefaults	OvcNotebook1.cxTabSheet1.edtIPDefCPSamprd2M	edtIPDefCPSamprd2M	TOvcSimpleField			RangeLow	single			10	0	0	0	0							01d448afd928065458cf670b60f5a594d735af0172c8d67f22a81680132681ca	images\01d448afd928065458cf670b60f5a594d735af0172c8d67f22a81680132681ca.bin
C:\Projects\M2022\Backups\SetupDefaults - Copy (2).dfm	SetupDefaults - Copy (2).pas	dfm	TdlgSetupDefaults	OvcNotebook1.cxTabSheet1.edtIPDefCPSampsS	edtIPDefCPSampsS	TOvcSimpleField			RangeHigh	single			10	0	0	0	0							8183c64e867670d7f6c3cada0d8ba4577448c2ad940c00e406ac8783c8b22d42	images\8183c64e867670d7f6c3cada0d8ba4577448c2ad940c00e406ac8783c8b22d42.bin
C:\Projects\M2022\Backups\SetupDefaults - Copy (2).dfm	SetupDefaults - Copy (2).pas	dfm	TdlgSetupDefaults	OvcNotebook1.cxTabSheet1.edtIPDefCPSampsS	edtIPDefCPSampsS	TOvcSimpleField			RangeLow	single			10	0	0	0	0							01d448afd928065458cf670b60f5a594d735af0172c8d67f22a81680132681ca	images\01d448afd928065458cf670b60f5a594d735af0172c8d67f22a81680132681ca.bin
C:\Projects\M2022\Backups\SetupDefaults - Copy (2).dfm	SetupDefaults - Copy (2).pas	dfm	TdlgSetupDefaults	OvcNotebook1.cxTabSheet1.edtIPDefCPSampsC	edtIPDefCPSampsC	TOvcSimpleField			RangeHigh	single			10	0	0	0	0							8183c64e867670d7f6c3cada0d8ba4577448c2ad940c00e406ac8783c8b22d42	images\8183c64e867670d7f6c3cada0d8ba4577448c2ad940c00e406ac8783c8b22d42.bin
C:\Projects\M2022\Backups\SetupDefaults - Copy (2).dfm	SetupDefaults - Copy (2).pas	dfm	TdlgSetupDefaults	OvcNotebook1.cxTabSheet1.edtIPDefCPSampsC	edtIPDefCPSampsC	TOvcSimpleField			RangeLow	single			10	0	0	0	0							01d448afd928065458cf670b60f5a594d735af0172c8d67f22a81680132681ca	images\01d448afd928065458cf670b60f5a594d735af0172c8d67f22a81680132681ca.bin
C:\Projects\M2022\Backups\SetupDefaults - Copy (2).dfm	SetupDefaults - Copy (2).pas	dfm	TdlgSetupDefaults	OvcNotebook1.cxTabSheet1.edtIPDefCPSampsM	edtIPDefCPSampsM	TOvcSimpleField			RangeHigh	single			10	0	0	0	0							8183c64e867670d7f6c3cada0d8ba4577448c2ad940c00e406ac8783c8b22d42	images\8183c64e867670d7f6c3cada0d8ba4577448c2ad940c00e406ac8783c8b22d42.bin
C:\Projects\M2022\Backups\SetupDefaults - Copy (2).dfm	SetupDefaults - Copy (2).pas	dfm	TdlgSetupDefaults	OvcNotebook1.cxTabSheet1.edtIPDefCPSampsM	edtIPDefCPSampsM	TOvcSimpleField			RangeLow	single			10	0	0	0	0							01d448afd928065458cf670b60f5a594d735af0172c8d67f22a81680132681ca	images\01d448afd928065458cf670b60f5a594d735af0172c8d67f22a81680132681ca.bin
C:\Projects\M2022\Backups\SetupDefaults - Copy (2).dfm	SetupDefaults - Copy (2).pas	dfm	TdlgSetupDefaults	OvcNotebook1.cxTabSheet1.edtIPDefCPkSamprd2S	edtIPDefCPkSamprd2S	TOvcSimpleField			RangeHigh	single			10	0	0	0	0							8183c64e867670d7f6c3cada0d8ba4577448c2ad940c00e406ac8783c8b22d42	images\8183c64e867670d7f6c3cada0d8ba4577448c2ad940c00e406ac8783c8b22d42.bin
C:\Projects\M2022\Backups\SetupDefaults - Copy (2).dfm	SetupDefaults - Copy (2).pas	dfm	TdlgSetupDefaults	OvcNotebook1.cxTabSheet1.edtIPDefCPkSamprd2S	edtIPDefCPkSamprd2S	TOvcSimpleField			RangeLow	single			10	0	0	0	0							01d448afd928065458cf670b60f5a594d735af0172c8d67f22a81680132681ca	images\01d448afd928065458cf670b60f5a594d735af0172c8d67f22a81680132681ca.bin
C:\Projects\M2022\Backups\SetupDefaults - Copy (2).dfm	SetupDefaults - Copy (2).pas	dfm	TdlgSetupDefaults	OvcNotebook1.cxTabSheet1.edtIPDefCPkSamprd2C	edtIPDefCPkSamprd2C	TOvcSimpleField			RangeHigh	single			10	0	0	0	0							8183c64e867670d7f6c3cada0d8ba4577448c2ad940c00e406ac8783c8b22d42	images\8183c64e867670d7f6c3cada0d8ba4577448c2ad940c00e406ac8783c8b22d42.bin
C:\Projects\M2022\Backups\SetupDefaults - Copy (2).dfm	SetupDefaults - Copy (2).pas	dfm	TdlgSetupDefaults	OvcNotebook1.cxTabSheet1.edtIPDefCPkSamprd2C	edtIPDefCPkSamprd2C	TOvcSimpleField			RangeLow	single			10	0	0	0	0							01d448afd928065458cf670b60f5a594d735af0172c8d67f22a81680132681ca	images\01d448afd928065458cf670b60f5a594d735af0172c8d67f22a81680132681ca.bin
C:\Projects\M2022\Backups\SetupDefaults - Copy (2).dfm	SetupDefaults - Copy (2).pas	dfm	TdlgSetupDefaults	OvcNotebook1.cxTabSheet1.edtIPDefCPkSamprd2M	edtIPDefCPkSamprd2M	TOvcSimpleField			RangeHigh	single			10	0	0	0	0							8183c64e867670d7f6c3cada0d8ba4577448c2ad940c00e406ac8783c8b22d42	images\8183c64e867670d7f6c3cada0d8ba4577448c2ad940c00e406ac8783c8b22d42.bin
C:\Projects\M2022\Backups\SetupDefaults - Copy (2).dfm	SetupDefaults - Copy (2).pas	dfm	TdlgSetupDefaults	OvcNotebook1.cxTabSheet1.edtIPDefCPkSamprd2M	edtIPDefCPkSamprd2M	TOvcSimpleField			RangeLow	single			10	0	0	0	0							01d448afd928065458cf670b60f5a594d735af0172c8d67f22a81680132681ca	images\01d448afd928065458cf670b60f5a594d735af0172c8d67f22a81680132681ca.bin
C:\Projects\M2022\Backups\SetupDefaults - Copy (2).dfm	SetupDefaults - Copy (2).pas	dfm	TdlgSetupDefaults	OvcNotebook1.cxTabSheet1.edtIPDefCPkSampsS	edtIPDefCPkSampsS	TOvcSimpleField			RangeHigh	single			10	0	0	0	0							8183c64e867670d7f6c3cada0d8ba4577448c2ad940c00e406ac8783c8b22d42	images\8183c64e867670d7f6c3cada0d8ba4577448c2ad940c00e406ac8783c8b22d42.bin
C:\Projects\M2022\Backups\SetupDefaults - Copy (2).dfm	SetupDefaults - Copy (2).pas	dfm	TdlgSetupDefaults	OvcNotebook1.cxTabSheet1.edtIPDefCPkSampsS	edtIPDefCPkSampsS	TOvcSimpleField			RangeLow	single			10	0	0	0	0							01d448afd928065458cf670b60f5a594d735af0172c8d67f22a81680132681ca	images\01d448afd928065458cf670b60f5a594d735af0172c8d67f22a81680132681ca.bin
C:\Projects\M2022\Backups\SetupDefaults - Copy (2).dfm	SetupDefaults - Copy (2).pas	dfm	TdlgSetupDefaults	OvcNotebook1.cxTabSheet1.edtIPDefCPkSampsC	edtIPDefCPkSampsC	TOvcSimpleField			RangeHigh	single			10	0	0	0	0							8183c64e867670d7f6c3cada0d8ba4577448c2ad940c00e406ac8783c8b22d42	images\8183c64e867670d7f6c3cada0d8ba4577448c2ad940c00e406ac8783c8b22d42.bin
C:\Projects\M2022\Backups\SetupDefaults - Copy (2).dfm	SetupDefaults - Copy (2).pas	dfm	TdlgSetupDefaults	OvcNotebook1.cxTabSheet1.edtIPDefCPkSampsC	edtIPDefCPkSampsC	TOvcSimpleField			RangeLow	single			10	0	0	0	0							01d448afd928065458cf670b60f5a594d735af0172c8d67f22a81680132681ca	images\01d448afd928065458cf670b60f5a594d735af0172c8d67f22a81680132681ca.bin
C:\Projects\M2022\Backups\SetupDefaults - Copy (2).dfm	SetupDefaults - Copy (2).pas	dfm	TdlgSetupDefaults	OvcNotebook1.cxTabSheet1.edtIPDefCPkSampsM	edtIPDefCPkSampsM	TOvcSimpleField			RangeHigh	single			10	0	0	0	0							8183c64e867670d7f6c3cada0d8ba4577448c2ad940c00e406ac8783c8b22d42	images\8183c64e867670d7f6c3cada0d8ba4577448c2ad940c00e406ac8783c8b22d42.bin
C:\Projects\M2022\Backups\SetupDefaults - Copy (2).dfm	SetupDefaults - Copy (2).pas	dfm	TdlgSetupDefaults	OvcNotebook1.cxTabSheet1.edtIPDefCPkSampsM	edtIPDefCPkSampsM	TOvcSimpleField			RangeLow	single			10	0	0	0	0							01d448afd928065458cf670b60f5a594d735af0172c8d67f22a81680132681ca	images\01d448afd928065458cf670b60f5a594d735af0172c8d67f22a81680132681ca.bin
C:\Projects\M2022\Backups\SetupDefaults - Copy (2).dfm	SetupDefaults - Copy (2).pas	dfm	TdlgSetupDefaults	OvcNotebook1.cxTabSheet1.edtFPDefaultLimits	edtFPDefaultLimits	TOvcNumberEdit			ButtonGlyph.Data	single		bmp	334	11	11	16	0					1		ce63b9d610d13e2c79f4f55cfa8d9ba43ba1a397fed73be375873f63f88bc27e	images\ce63b9d610d13e2c79f4f55cfa8d9ba43ba1a397fed73be375873f63f88bc27e.bmp
C:\Projects\M2022\Backups\SetupDefaults - Copy (2).dfm	SetupDefaults - Copy (2).pas	dfm	TdlgSetupDefaults	OvcNotebook1.cxTabSheet1.OvcSimpleField3	OvcSimpleField3	TOvcSimpleField			RangeHigh	single			10	0	0	0	0							8183c64e867670d7f6c3cada0d8ba4577448c2ad940c00e406ac8783c8b22d42	images\8183c64e867670d7f6c3cada0d8ba4577448c2ad940c00e406ac8783c8b22d42.bin
C:\Projects\M2022\Backups\SetupDefaults - Copy (2).dfm	SetupDefaults - Copy (2).pas	dfm	TdlgSetupDefaults	OvcNotebook1.cxTabSheet1.OvcSimpleField3	OvcSimpleField3	TOvcSimpleField			RangeLow	single			10	0	0	0	0							01d448afd928065458cf670b60f5a594d735af0172c8d67f22a81680132681ca	images\01d448afd928065458cf670b60f5a594d735af0172c8d67f22a81680132681ca.bin
C:\Projects\M2022\Backups\SetupDefaults - Copy (2).dfm	SetupDefaults - Copy (2).pas	dfm	TdlgSetupDefaults	dxBarManager1.btnExit	btnExit	TdxBarLargeButton			Glyph.Data	single		svg	2970	0	0	0	0							ecf7f8cff245dfe469c22dbbe89949935729c454cb838c7e2c99d37c710fdaf8	images\ecf7f8cff245dfe469c22dbbe89949935729c454cb838c7e2c99d37c710fdaf8.svg
C:\Projects\M2022\Backups\SetupDefaults - Copy (2).dfm	SetupDefaults - Copy (2).pas	dfm	TdlgSetupDefaults	dxBarManager1.btnExit	btnExit	TdxBarLargeButton			LargeGlyph.Data	single		svg	3033	0	0	0	0							39e5933d6f88188b2c66d8c653d769e7684d9a23c349e93e39b61c6384fc2a9e	images\39e5933d6f88188b2c66d8c653d769e7684d9a23c349e93e39b61c6384fc2a9e.svg
C:\Projects\M2022\Backups\SetupDefaults - Copy (2).dfm	SetupDefaults - Copy (2).pas	dfm	TdlgSetupDefaults	dxBarManager1.btnExit	btnExit	TdxBarLargeButton			HotGlyph.Data	single		svg	2970	0	0	0	0							ecf7f8cff245dfe469c22dbbe89949935729c454cb838c7e2c99d37c710fdaf8	images\ecf7f8cff245dfe469c22dbbe89949935729c454cb838c7e2c99d37c710fdaf8.svg
C:\Projects\M2022\Backups\SetupDefaults - Copy (2).dfm	SetupDefaults - Copy (2).pas	dfm	TdlgSetupDefaults	dxBarManager1.btnCancel	btnCancel	TdxBarLargeButton			Glyph.Data	single		svg	1076	0	0	0	0							4b9fbbfdc664c9f53e6f814fa5aefa3dd589adc189e376c9838dd0c47429d92b	images\4b9fbbfdc664c9f53e6f814fa5aefa3dd589adc189e376c9838dd0c47429d92b.svg
C:\Projects\M2022\Backups\SetupDefaults - Copy (2).dfm	SetupDefaults - Copy (2).pas	dfm	TdlgSetupDefaults	dxBarManager1.btnCancel	btnCancel	TdxBarLargeButton			LargeGlyph.Data	single		svg	1125	0	0	0	0							4780018cc1b819c19827d7e966443a762408f21b94521faebebd19b89c6a084f	images\4780018cc1b819c19827d7e966443a762408f21b94521faebebd19b89c6a084f.svg
C:\Projects\M2022\Backups\SetupDefaults - Copy (2).dfm	SetupDefaults - Copy (2).pas	dfm	TdlgSetupDefaults	dxBarManager1.btnCancel	btnCancel	TdxBarLargeButton			HotGlyph.Data	single		svg	1076	0	0	0	0							4b9fbbfdc664c9f53e6f814fa5aefa3dd589adc189e376c9838dd0c47429d92b	images\4b9fbbfdc664c9f53e6f814fa5aefa3dd589adc189e376c9838dd0c47429d92b.svg
C:\Projects\M2022\Backups\SetupDefaults - Copy - CopyOLD.dfm	SetupDefaults - Copy - CopyOLD.pas	dfm	TdlgSetupDefaults		dlgSetupDefaults	TdlgSetupDefaults			Icon.Data	single		ico	1150	0	0	0	0							87829c566615525191dec99da56caf00d42442aaa72a701af21d38cb4d4598be	images\87829c566615525191dec99da56caf00d42442aaa72a701af21d38cb4d4598be.ico
C:\Projects\M2022\Backups\SetupDefaults - Copy - CopyOLD.dfm	SetupDefaults - Copy - CopyOLD.pas	dfm	TdlgSetupDefaults	Panel1.cxImage1	cxImage1	TcxImage			Picture.Data	single	TdxSmartImage		6709	0	0	0	0							322222c79f9dffa7339c7209ff1871c6e9446c4d93317cc49750f7a08e23ff38	images\322222c79f9dffa7339c7209ff1871c6e9446c4d93317cc49750f7a08e23ff38.bin
C:\Projects\M2022\Backups\SetupDefaults - Copy - CopyOLD.dfm	SetupDefaults - Copy - CopyOLD.pas	dfm	TdlgSetupDefaults	OvcNotebook1.TOvcTabPage.RzPanel13.edtFolderFefreshRate	edtFolderFefreshRate	TOvcSimpleField			RangeHigh	single			10	0	0	0	0							043e8b2d6ba93d38d9c30f20405c0c16fc8f2619ada3c055d9f56f2e1d1afc25	images\043e8b2d6ba93d38d9c30f20405c0c16fc8f2619ada3c055d9f56f2e1d1afc25.bin
C:\Projects\M2022\Backups\SetupDefaults - Copy - CopyOLD.dfm	SetupDefaults - Copy - CopyOLD.pas	dfm	TdlgSetupDefaults	OvcNotebook1.TOvcTabPage.RzPanel13.edtFolderFefreshRate	edtFolderFefreshRate	TOvcSimpleField			RangeLow	single			10	0	0	0	0							01d448afd928065458cf670b60f5a594d735af0172c8d67f22a81680132681ca	images\01d448afd928065458cf670b60f5a594d735af0172c8d67f22a81680132681ca.bin
C:\Projects\M2022\Backups\SetupDefaults - Copy - CopyOLD.dfm	SetupDefaults - Copy - CopyOLD.pas	dfm	TdlgSetupDefaults	OvcNotebook1.TOvcTabPage.RzPanel13.edtTimeinDataEntry	edtTimeinDataEntry	TOvcSimpleField			RangeHigh	single			10	0	0	0	0							487c551dc5b6edcd75bad04ec1d77e82cd5c6d7c9f16feee02a998680a3b156a	images\487c551dc5b6edcd75bad04ec1d77e82cd5c6d7c9f16feee02a998680a3b156a.bin
C:\Projects\M2022\Backups\SetupDefaults - Copy - CopyOLD.dfm	SetupDefaults - Copy - CopyOLD.pas	dfm	TdlgSetupDefaults	OvcNotebook1.TOvcTabPage.RzPanel13.edtTimeinDataEntry	edtTimeinDataEntry	TOvcSimpleField			RangeLow	single			10	0	0	0	0							01d448afd928065458cf670b60f5a594d735af0172c8d67f22a81680132681ca	images\01d448afd928065458cf670b60f5a594d735af0172c8d67f22a81680132681ca.bin
C:\Projects\M2022\Backups\SetupDefaults - Copy - CopyOLD.dfm	SetupDefaults - Copy - CopyOLD.pas	dfm	TdlgSetupDefaults	OvcNotebook1.TOvcTabPage.RzPanel13.edtTimeInJobFolder	edtTimeInJobFolder	TOvcSimpleField			RangeHigh	single			10	0	0	0	0							a50051369aee7a65bc52614f9e576986f29a36948816a07c5c23a1228f88dc7e	images\a50051369aee7a65bc52614f9e576986f29a36948816a07c5c23a1228f88dc7e.bin
C:\Projects\M2022\Backups\SetupDefaults - Copy - CopyOLD.dfm	SetupDefaults - Copy - CopyOLD.pas	dfm	TdlgSetupDefaults	OvcNotebook1.TOvcTabPage.RzPanel13.edtTimeInJobFolder	edtTimeInJobFolder	TOvcSimpleField			RangeLow	single			10	0	0	0	0							01d448afd928065458cf670b60f5a594d735af0172c8d67f22a81680132681ca	images\01d448afd928065458cf670b60f5a594d735af0172c8d67f22a81680132681ca.bin
C:\Projects\M2022\Backups\SetupDefaults - Copy - CopyOLD.dfm	SetupDefaults - Copy - CopyOLD.pas	dfm	TdlgSetupDefaults	OvcNotebook1.TOvcTabPage.RzPanel13.edtDefaultDecimals	edtDefaultDecimals	TOvcSimpleField			RangeHigh	single			10	0	0	0	0							66bed744dab31123cb725b00788d391827d287fbae8d3c7a9316ab298958de10	images\66bed744dab31123cb725b00788d391827d287fbae8d3c7a9316ab298958de10.bin
C:\Projects\M2022\Backups\SetupDefaults - Copy - CopyOLD.dfm	SetupDefaults - Copy - CopyOLD.pas	dfm	TdlgSetupDefaults	OvcNotebook1.TOvcTabPage.RzPanel13.edtDefaultDecimals	edtDefaultDecimals	TOvcSimpleField			RangeLow	single			10	0	0	0	0							01d448afd928065458cf670b60f5a594d735af0172c8d67f22a81680132681ca	images\01d448afd928065458cf670b60f5a594d735af0172c8d67f22a81680132681ca.bin
C:\Projects\M2022\Backups\SetupDefaults - Copy - CopyOLD.dfm	SetupDefaults - Copy - CopyOLD.pas	dfm	TdlgSetupDefaults	OvcNotebook1.Page1.Panel00.edtSampleOverdueMinutes	edtSampleOverdueMinutes	TOvcSimpleField			RangeHigh	single			10	0	0	0	0							43ea288cc4020af265153c84f5a7d00ee61911c69e428dbdb60e9287520c034e	images\43ea288cc4020af265153c84f5a7d00ee61911c69e428dbdb60e9287520c034e.bin
C:\Projects\M2022\Backups\SetupDefaults - Copy - CopyOLD.dfm	SetupDefaults - Copy - CopyOLD.pas	dfm	TdlgSetupDefaults	OvcNotebook1.Page1.Panel00.edtSampleOverdueMinutes	edtSampleOverdueMinutes	TOvcSimpleField			RangeLow	single			10	0	0	0	0							01d448afd928065458cf670b60f5a594d735af0172c8d67f22a81680132681ca	images\01d448afd928065458cf670b60f5a594d735af0172c8d67f22a81680132681ca.bin
C:\Projects\M2022\Backups\SetupDefaults - Copy - CopyOLD.dfm	SetupDefaults - Copy - CopyOLD.pas	dfm	TdlgSetupDefaults	OvcNotebook1.Page1.Panel00.edtShiftDuration	edtShiftDuration	TOvcSimpleField			RangeHigh	single			10	0	0	0	0							48622df28efceb09e85a7be8afb9e0a96186ca1ea555c189dbf6d5a99f6501ef	images\48622df28efceb09e85a7be8afb9e0a96186ca1ea555c189dbf6d5a99f6501ef.bin
C:\Projects\M2022\Backups\SetupDefaults - Copy - CopyOLD.dfm	SetupDefaults - Copy - CopyOLD.pas	dfm	TdlgSetupDefaults	OvcNotebook1.Page1.Panel00.edtShiftDuration	edtShiftDuration	TOvcSimpleField			RangeLow	single			10	0	0	0	0							96eeff563b3135e3f77964e8c062328fd207c8bc9e754fc423abaf83eb3f1490	images\96eeff563b3135e3f77964e8c062328fd207c8bc9e754fc423abaf83eb3f1490.bin
C:\Projects\M2022\Backups\SetupDefaults - Copy - CopyOLD.dfm	SetupDefaults - Copy - CopyOLD.pas	dfm	TdlgSetupDefaults	OvcNotebook1.Page1.RzPanel18.RzGroupBox1.edtGagePort	edtGagePort	TOvcSimpleField			RangeHigh	single			10	0	0	0	0							6b0c3df6ebbc450f79c559dd34c1d7dbb67e20e35bb80017c4f096f5f9bc010f	images\6b0c3df6ebbc450f79c559dd34c1d7dbb67e20e35bb80017c4f096f5f9bc010f.bin
C:\Projects\M2022\Backups\SetupDefaults - Copy - CopyOLD.dfm	SetupDefaults - Copy - CopyOLD.pas	dfm	TdlgSetupDefaults	OvcNotebook1.Page1.RzPanel18.RzGroupBox1.edtGagePort	edtGagePort	TOvcSimpleField			RangeLow	single			10	0	0	0	0							01d448afd928065458cf670b60f5a594d735af0172c8d67f22a81680132681ca	images\01d448afd928065458cf670b60f5a594d735af0172c8d67f22a81680132681ca.bin
C:\Projects\M2022\Backups\SetupDefaults - Copy - CopyOLD.dfm	SetupDefaults - Copy - CopyOLD.pas	dfm	TdlgSetupDefaults	OvcNotebook1.TOvcTabPage.edtIPDefSampleSizeS	edtIPDefSampleSizeS	TOvcSimpleField			RangeHigh	single			10	0	0	0	0							e5dae50a7786dae6f5e493ad322c163ec4102f66cd455fc5901179a5fa48152a	images\e5dae50a7786dae6f5e493ad322c163ec4102f66cd455fc5901179a5fa48152a.bin
C:\Projects\M2022\Backups\SetupDefaults - Copy - CopyOLD.dfm	SetupDefaults - Copy - CopyOLD.pas	dfm	TdlgSetupDefaults	OvcNotebook1.TOvcTabPage.edtIPDefSampleSizeS	edtIPDefSampleSizeS	TOvcSimpleField			RangeLow	single			10	0	0	0	0							41f45e0c4ba13f0e8c873f321d4a83b354816b4f6f1c7cb51b97d7fae02ebe25	images\41f45e0c4ba13f0e8c873f321d4a83b354816b4f6f1c7cb51b97d7fae02ebe25.bin
C:\Projects\M2022\Backups\SetupDefaults - Copy - CopyOLD.dfm	SetupDefaults - Copy - CopyOLD.pas	dfm	TdlgSetupDefaults	OvcNotebook1.TOvcTabPage.edtIPDefSampleSizeC	edtIPDefSampleSizeC	TOvcSimpleField			RangeHigh	single			10	0	0	0	0							e5dae50a7786dae6f5e493ad322c163ec4102f66cd455fc5901179a5fa48152a	images\e5dae50a7786dae6f5e493ad322c163ec4102f66cd455fc5901179a5fa48152a.bin
C:\Projects\M2022\Backups\SetupDefaults - Copy - CopyOLD.dfm	SetupDefaults - Copy - CopyOLD.pas	dfm	TdlgSetupDefaults	OvcNotebook1.TOvcTabPage.edtIPDefSampleSizeC	edtIPDefSampleSizeC	TOvcSimpleField			RangeLow	single			10	0	0	0	0							41f45e0c4ba13f0e8c873f321d4a83b354816b4f6f1c7cb51b97d7fae02ebe25	images\41f45e0c4ba13f0e8c873f321d4a83b354816b4f6f1c7cb51b97d7fae02ebe25.bin
C:\Projects\M2022\Backups\SetupDefaults - Copy - CopyOLD.dfm	SetupDefaults - Copy - CopyOLD.pas	dfm	TdlgSetupDefaults	OvcNotebook1.TOvcTabPage.edtIPDefSampleSizeM	edtIPDefSampleSizeM	TOvcSimpleField			RangeHigh	single			10	0	0	0	0							e5dae50a7786dae6f5e493ad322c163ec4102f66cd455fc5901179a5fa48152a	images\e5dae50a7786dae6f5e493ad322c163ec4102f66cd455fc5901179a5fa48152a.bin
C:\Projects\M2022\Backups\SetupDefaults - Copy - CopyOLD.dfm	SetupDefaults - Copy - CopyOLD.pas	dfm	TdlgSetupDefaults	OvcNotebook1.TOvcTabPage.edtIPDefSampleSizeM	edtIPDefSampleSizeM	TOvcSimpleField			RangeLow	single			10	0	0	0	0							41f45e0c4ba13f0e8c873f321d4a83b354816b4f6f1c7cb51b97d7fae02ebe25	images\41f45e0c4ba13f0e8c873f321d4a83b354816b4f6f1c7cb51b97d7fae02ebe25.bin
C:\Projects\M2022\Backups\SetupDefaults - Copy - CopyOLD.dfm	SetupDefaults - Copy - CopyOLD.pas	dfm	TdlgSetupDefaults	OvcNotebook1.TOvcTabPage.OvcSimpleField16	OvcSimpleField16	TOvcSimpleField			RangeHigh	single			10	0	0	0	0							e202858d67084cf31a2b94b4546dbbd5662ffc2f6ed54d0e37dacf16fd4d827a	images\e202858d67084cf31a2b94b4546dbbd5662ffc2f6ed54d0e37dacf16fd4d827a.bin
C:\Projects\M2022\Backups\SetupDefaults - Copy - CopyOLD.dfm	SetupDefaults - Copy - CopyOLD.pas	dfm	TdlgSetupDefaults	OvcNotebook1.TOvcTabPage.OvcSimpleField16	OvcSimpleField16	TOvcSimpleField			RangeLow	single			10	0	0	0	0							01d448afd928065458cf670b60f5a594d735af0172c8d67f22a81680132681ca	images\01d448afd928065458cf670b60f5a594d735af0172c8d67f22a81680132681ca.bin
C:\Projects\M2022\Backups\SetupDefaults - Copy - CopyOLD.dfm	SetupDefaults - Copy - CopyOLD.pas	dfm	TdlgSetupDefaults	OvcNotebook1.TOvcTabPage.OvcSimpleField17	OvcSimpleField17	TOvcSimpleField			RangeHigh	single			10	0	0	0	0							e202858d67084cf31a2b94b4546dbbd5662ffc2f6ed54d0e37dacf16fd4d827a	images\e202858d67084cf31a2b94b4546dbbd5662ffc2f6ed54d0e37dacf16fd4d827a.bin
C:\Projects\M2022\Backups\SetupDefaults - Copy - CopyOLD.dfm	SetupDefaults - Copy - CopyOLD.pas	dfm	TdlgSetupDefaults	OvcNotebook1.TOvcTabPage.OvcSimpleField17	OvcSimpleField17	TOvcSimpleField			RangeLow	single			10	0	0	0	0							01d448afd928065458cf670b60f5a594d735af0172c8d67f22a81680132681ca	images\01d448afd928065458cf670b60f5a594d735af0172c8d67f22a81680132681ca.bin
C:\Projects\M2022\Backups\SetupDefaults - Copy - CopyOLD.dfm	SetupDefaults - Copy - CopyOLD.pas	dfm	TdlgSetupDefaults	OvcNotebook1.TOvcTabPage.OvcSimpleField18	OvcSimpleField18	TOvcSimpleField			RangeHigh	single			10	0	0	0	0							e202858d67084cf31a2b94b4546dbbd5662ffc2f6ed54d0e37dacf16fd4d827a	images\e202858d67084cf31a2b94b4546dbbd5662ffc2f6ed54d0e37dacf16fd4d827a.bin
C:\Projects\M2022\Backups\SetupDefaults - Copy - CopyOLD.dfm	SetupDefaults - Copy - CopyOLD.pas	dfm	TdlgSetupDefaults	OvcNotebook1.TOvcTabPage.OvcSimpleField18	OvcSimpleField18	TOvcSimpleField			RangeLow	single			10	0	0	0	0							01d448afd928065458cf670b60f5a594d735af0172c8d67f22a81680132681ca	images\01d448afd928065458cf670b60f5a594d735af0172c8d67f22a81680132681ca.bin
C:\Projects\M2022\Backups\SetupDefaults - Copy - CopyOLD.dfm	SetupDefaults - Copy - CopyOLD.pas	dfm	TdlgSetupDefaults	OvcNotebook1.TOvcTabPage.OvcSimpleField19	OvcSimpleField19	TOvcSimpleField			RangeHigh	single			10	0	0	0	0							e202858d67084cf31a2b94b4546dbbd5662ffc2f6ed54d0e37dacf16fd4d827a	images\e202858d67084cf31a2b94b4546dbbd5662ffc2f6ed54d0e37dacf16fd4d827a.bin
C:\Projects\M2022\Backups\SetupDefaults - Copy - CopyOLD.dfm	SetupDefaults - Copy - CopyOLD.pas	dfm	TdlgSetupDefaults	OvcNotebook1.TOvcTabPage.OvcSimpleField19	OvcSimpleField19	TOvcSimpleField			RangeLow	single			10	0	0	0	0							01d448afd928065458cf670b60f5a594d735af0172c8d67f22a81680132681ca	images\01d448afd928065458cf670b60f5a594d735af0172c8d67f22a81680132681ca.bin
C:\Projects\M2022\Backups\SetupDefaults - Copy - CopyOLD.dfm	SetupDefaults - Copy - CopyOLD.pas	dfm	TdlgSetupDefaults	OvcNotebook1.TOvcTabPage.OvcSimpleField20	OvcSimpleField20	TOvcSimpleField			RangeHigh	single			10	0	0	0	0							e202858d67084cf31a2b94b4546dbbd5662ffc2f6ed54d0e37dacf16fd4d827a	images\e202858d67084cf31a2b94b4546dbbd5662ffc2f6ed54d0e37dacf16fd4d827a.bin
C:\Projects\M2022\Backups\SetupDefaults - Copy - CopyOLD.dfm	SetupDefaults - Copy - CopyOLD.pas	dfm	TdlgSetupDefaults	OvcNotebook1.TOvcTabPage.OvcSimpleField20	OvcSimpleField20	TOvcSimpleField			RangeLow	single			10	0	0	0	0							01d448afd928065458cf670b60f5a594d735af0172c8d67f22a81680132681ca	images\01d448afd928065458cf670b60f5a594d735af0172c8d67f22a81680132681ca.bin
C:\Projects\M2022\Backups\SetupDefaults - Copy - CopyOLD.dfm	SetupDefaults - Copy - CopyOLD.pas	dfm	TdlgSetupDefaults	OvcNotebook1.TOvcTabPage.OvcSimpleField21	OvcSimpleField21	TOvcSimpleField			RangeHigh	single			10	0	0	0	0							e202858d67084cf31a2b94b4546dbbd5662ffc2f6ed54d0e37dacf16fd4d827a	images\e202858d67084cf31a2b94b4546dbbd5662ffc2f6ed54d0e37dacf16fd4d827a.bin
C:\Projects\M2022\Backups\SetupDefaults - Copy - CopyOLD.dfm	SetupDefaults - Copy - CopyOLD.pas	dfm	TdlgSetupDefaults	OvcNotebook1.TOvcTabPage.OvcSimpleField21	OvcSimpleField21	TOvcSimpleField			RangeLow	single			10	0	0	0	0							01d448afd928065458cf670b60f5a594d735af0172c8d67f22a81680132681ca	images\01d448afd928065458cf670b60f5a594d735af0172c8d67f22a81680132681ca.bin
C:\Projects\M2022\Backups\SetupDefaults - Copy - CopyOLD.dfm	SetupDefaults - Copy - CopyOLD.pas	dfm	TdlgSetupDefaults	OvcNotebook1.TOvcTabPage.OvcSimpleField22	OvcSimpleField22	TOvcSimpleField			RangeHigh	single			10	0	0	0	0							e202858d67084cf31a2b94b4546dbbd5662ffc2f6ed54d0e37dacf16fd4d827a	images\e202858d67084cf31a2b94b4546dbbd5662ffc2f6ed54d0e37dacf16fd4d827a.bin
C:\Projects\M2022\Backups\SetupDefaults - Copy - CopyOLD.dfm	SetupDefaults - Copy - CopyOLD.pas	dfm	TdlgSetupDefaults	OvcNotebook1.TOvcTabPage.OvcSimpleField22	OvcSimpleField22	TOvcSimpleField			RangeLow	single			10	0	0	0	0							01d448afd928065458cf670b60f5a594d735af0172c8d67f22a81680132681ca	images\01d448afd928065458cf670b60f5a594d735af0172c8d67f22a81680132681ca.bin
C:\Projects\M2022\Backups\SetupDefaults - Copy - CopyOLD.dfm	SetupDefaults - Copy - CopyOLD.pas	dfm	TdlgSetupDefaults	OvcNotebook1.TOvcTabPage.RzPanel17.RzPanel9.edtPpklValueLimit	edtPpklValueLimit	TOvcSimpleField			RangeHigh	single			10	0	0	0	0							e202858d67084cf31a2b94b4546dbbd5662ffc2f6ed54d0e37dacf16fd4d827a	images\e202858d67084cf31a2b94b4546dbbd5662ffc2f6ed54d0e37dacf16fd4d827a.bin
C:\Projects\M2022\Backups\SetupDefaults - Copy - CopyOLD.dfm	SetupDefaults - Copy - CopyOLD.pas	dfm	TdlgSetupDefaults	OvcNotebook1.TOvcTabPage.RzPanel17.RzPanel9.edtPpklValueLimit	edtPpklValueLimit	TOvcSimpleField			RangeLow	single			10	0	0	0	0							01d448afd928065458cf670b60f5a594d735af0172c8d67f22a81680132681ca	images\01d448afd928065458cf670b60f5a594d735af0172c8d67f22a81680132681ca.bin
C:\Projects\M2022\Backups\SetupDefaults - Copy - CopyOLD.dfm	SetupDefaults - Copy - CopyOLD.pas	dfm	TdlgSetupDefaults	OvcNotebook1.TOvcTabPage.RzPanel17.RzPanel9.edtPpkuValueLimit	edtPpkuValueLimit	TOvcSimpleField			RangeHigh	single			10	0	0	0	0							e202858d67084cf31a2b94b4546dbbd5662ffc2f6ed54d0e37dacf16fd4d827a	images\e202858d67084cf31a2b94b4546dbbd5662ffc2f6ed54d0e37dacf16fd4d827a.bin
C:\Projects\M2022\Backups\SetupDefaults - Copy - CopyOLD.dfm	SetupDefaults - Copy - CopyOLD.pas	dfm	TdlgSetupDefaults	OvcNotebook1.TOvcTabPage.RzPanel17.RzPanel9.edtPpkuValueLimit	edtPpkuValueLimit	TOvcSimpleField			RangeLow	single			10	0	0	0	0							01d448afd928065458cf670b60f5a594d735af0172c8d67f22a81680132681ca	images\01d448afd928065458cf670b60f5a594d735af0172c8d67f22a81680132681ca.bin
C:\Projects\M2022\Backups\SetupDefaults - Copy - CopyOLD.dfm	SetupDefaults - Copy - CopyOLD.pas	dfm	TdlgSetupDefaults	OvcNotebook1.TOvcTabPage.RzPanel17.RzPanel9.edtPlValueLimit	edtPlValueLimit	TOvcSimpleField			RangeHigh	single			10	0	0	0	0							e202858d67084cf31a2b94b4546dbbd5662ffc2f6ed54d0e37dacf16fd4d827a	images\e202858d67084cf31a2b94b4546dbbd5662ffc2f6ed54d0e37dacf16fd4d827a.bin
C:\Projects\M2022\Backups\SetupDefaults - Copy - CopyOLD.dfm	SetupDefaults - Copy - CopyOLD.pas	dfm	TdlgSetupDefaults	OvcNotebook1.TOvcTabPage.RzPanel17.RzPanel9.edtPlValueLimit	edtPlValueLimit	TOvcSimpleField			RangeLow	single			10	0	0	0	0							01d448afd928065458cf670b60f5a594d735af0172c8d67f22a81680132681ca	images\01d448afd928065458cf670b60f5a594d735af0172c8d67f22a81680132681ca.bin
C:\Projects\M2022\Backups\SetupDefaults - Copy - CopyOLD.dfm	SetupDefaults - Copy - CopyOLD.pas	dfm	TdlgSetupDefaults	OvcNotebook1.TOvcTabPage.RzPanel17.RzPanel9.edtPuValueLimit	edtPuValueLimit	TOvcSimpleField			RangeHigh	single			10	0	0	0	0							e202858d67084cf31a2b94b4546dbbd5662ffc2f6ed54d0e37dacf16fd4d827a	images\e202858d67084cf31a2b94b4546dbbd5662ffc2f6ed54d0e37dacf16fd4d827a.bin
C:\Projects\M2022\Backups\SetupDefaults - Copy - CopyOLD.dfm	SetupDefaults - Copy - CopyOLD.pas	dfm	TdlgSetupDefaults	OvcNotebook1.TOvcTabPage.RzPanel17.RzPanel9.edtPuValueLimit	edtPuValueLimit	TOvcSimpleField			RangeLow	single			10	0	0	0	0							01d448afd928065458cf670b60f5a594d735af0172c8d67f22a81680132681ca	images\01d448afd928065458cf670b60f5a594d735af0172c8d67f22a81680132681ca.bin
C:\Projects\M2022\Backups\SetupDefaults - Copy - CopyOLD.dfm	SetupDefaults - Copy - CopyOLD.pas	dfm	TdlgSetupDefaults	OvcNotebook1.TOvcTabPage.RzPanel17.RzPanel9.edtCpkValueLimit	edtCpkValueLimit	TOvcSimpleField			RangeHigh	single			10	0	0	0	0							e202858d67084cf31a2b94b4546dbbd5662ffc2f6ed54d0e37dacf16fd4d827a	images\e202858d67084cf31a2b94b4546dbbd5662ffc2f6ed54d0e37dacf16fd4d827a.bin
C:\Projects\M2022\Backups\SetupDefaults - Copy - CopyOLD.dfm	SetupDefaults - Copy - CopyOLD.pas	dfm	TdlgSetupDefaults	OvcNotebook1.TOvcTabPage.RzPanel17.RzPanel9.edtCpkValueLimit	edtCpkValueLimit	TOvcSimpleField			RangeLow	single			10	0	0	0	0							01d448afd928065458cf670b60f5a594d735af0172c8d67f22a81680132681ca	images\01d448afd928065458cf670b60f5a594d735af0172c8d67f22a81680132681ca.bin
C:\Projects\M2022\Backups\SetupDefaults - Copy - CopyOLD.dfm	SetupDefaults - Copy - CopyOLD.pas	dfm	TdlgSetupDefaults	OvcNotebook1.TOvcTabPage.RzPanel17.RzPanel9.edtCPValueLimit	edtCPValueLimit	TOvcSimpleField			RangeHigh	single			10	0	0	0	0							e202858d67084cf31a2b94b4546dbbd5662ffc2f6ed54d0e37dacf16fd4d827a	images\e202858d67084cf31a2b94b4546dbbd5662ffc2f6ed54d0e37dacf16fd4d827a.bin
C:\Projects\M2022\Backups\SetupDefaults - Copy - CopyOLD.dfm	SetupDefaults - Copy - CopyOLD.pas	dfm	TdlgSetupDefaults	OvcNotebook1.TOvcTabPage.RzPanel17.RzPanel9.edtCPValueLimit	edtCPValueLimit	TOvcSimpleField			RangeLow	single			10	0	0	0	0							01d448afd928065458cf670b60f5a594d735af0172c8d67f22a81680132681ca	images\01d448afd928065458cf670b60f5a594d735af0172c8d67f22a81680132681ca.bin
C:\Projects\M2022\Backups\SetupDefaults - Copy - CopyOLD.dfm	SetupDefaults - Copy - CopyOLD.pas	dfm	TdlgSetupDefaults	OvcNotebook1.TOvcTabPage.RzPanel17.RzPanel9.edtPpkValueLimit	edtPpkValueLimit	TOvcSimpleField			RangeHigh	single			10	0	0	0	0							e202858d67084cf31a2b94b4546dbbd5662ffc2f6ed54d0e37dacf16fd4d827a	images\e202858d67084cf31a2b94b4546dbbd5662ffc2f6ed54d0e37dacf16fd4d827a.bin
C:\Projects\M2022\Backups\SetupDefaults - Copy - CopyOLD.dfm	SetupDefaults - Copy - CopyOLD.pas	dfm	TdlgSetupDefaults	OvcNotebook1.TOvcTabPage.RzPanel17.RzPanel9.edtPpkValueLimit	edtPpkValueLimit	TOvcSimpleField			RangeLow	single			10	0	0	0	0							01d448afd928065458cf670b60f5a594d735af0172c8d67f22a81680132681ca	images\01d448afd928065458cf670b60f5a594d735af0172c8d67f22a81680132681ca.bin
C:\Projects\M2022\Backups\SetupDefaults - Copy - CopyOLD.dfm	SetupDefaults - Copy - CopyOLD.pas	dfm	TdlgSetupDefaults	OvcNotebook1.TOvcTabPage.RzPanel17.RzPanel9.edtPPValueLimit	edtPPValueLimit	TOvcSimpleField			RangeHigh	single			10	0	0	0	0							e202858d67084cf31a2b94b4546dbbd5662ffc2f6ed54d0e37dacf16fd4d827a	images\e202858d67084cf31a2b94b4546dbbd5662ffc2f6ed54d0e37dacf16fd4d827a.bin
C:\Projects\M2022\Backups\SetupDefaults - Copy - CopyOLD.dfm	SetupDefaults - Copy - CopyOLD.pas	dfm	TdlgSetupDefaults	OvcNotebook1.TOvcTabPage.RzPanel17.RzPanel9.edtPPValueLimit	edtPPValueLimit	TOvcSimpleField			RangeLow	single			10	0	0	0	0							01d448afd928065458cf670b60f5a594d735af0172c8d67f22a81680132681ca	images\01d448afd928065458cf670b60f5a594d735af0172c8d67f22a81680132681ca.bin
C:\Projects\M2022\Backups\SetupDefaults - Copy - CopyOLD.dfm	SetupDefaults - Copy - CopyOLD.pas	dfm	TdlgSetupDefaults	OvcNotebook1.TOvcTabPage.RzPanel17.RzPanel9.edtAQLValueLimit	edtAQLValueLimit	TOvcSimpleField			RangeHigh	single			10	0	0	0	0							e202858d67084cf31a2b94b4546dbbd5662ffc2f6ed54d0e37dacf16fd4d827a	images\e202858d67084cf31a2b94b4546dbbd5662ffc2f6ed54d0e37dacf16fd4d827a.bin
C:\Projects\M2022\Backups\SetupDefaults - Copy - CopyOLD.dfm	SetupDefaults - Copy - CopyOLD.pas	dfm	TdlgSetupDefaults	OvcNotebook1.TOvcTabPage.RzPanel17.RzPanel9.edtAQLValueLimit	edtAQLValueLimit	TOvcSimpleField			RangeLow	single			10	0	0	0	0							01d448afd928065458cf670b60f5a594d735af0172c8d67f22a81680132681ca	images\01d448afd928065458cf670b60f5a594d735af0172c8d67f22a81680132681ca.bin
C:\Projects\M2022\Backups\SetupDefaults - Copy - CopyOLD.dfm	SetupDefaults - Copy - CopyOLD.pas	dfm	TdlgSetupDefaults	OvcNotebook1.TOvcTabPage.RzPanel17.RzPanel9.edtOutValueLimit	edtOutValueLimit	TOvcSimpleField			RangeHigh	single			10	0	0	0	0							7aef47f1de3be50d508efbbfb6db945c4a0ad740a15a3542bea0ceaeb3fa915f	images\7aef47f1de3be50d508efbbfb6db945c4a0ad740a15a3542bea0ceaeb3fa915f.bin
C:\Projects\M2022\Backups\SetupDefaults - Copy - CopyOLD.dfm	SetupDefaults - Copy - CopyOLD.pas	dfm	TdlgSetupDefaults	OvcNotebook1.TOvcTabPage.RzPanel17.RzPanel9.edtOutValueLimit	edtOutValueLimit	TOvcSimpleField			RangeLow	single			10	0	0	0	0							cc489d905e397e27ccb4c8ef1a673e227438a9ad4d95eb521b8266cdbc814141	images\cc489d905e397e27ccb4c8ef1a673e227438a9ad4d95eb521b8266cdbc814141.bin
C:\Projects\M2022\Backups\SetupDefaults - Copy - CopyOLD.dfm	SetupDefaults - Copy - CopyOLD.pas	dfm	TdlgSetupDefaults	OvcNotebook1.TOvcTabPage.RzPanel17.RzPanel9.edtPHRValueLimit	edtPHRValueLimit	TOvcSimpleField			RangeHigh	single			10	0	0	0	0							e202858d67084cf31a2b94b4546dbbd5662ffc2f6ed54d0e37dacf16fd4d827a	images\e202858d67084cf31a2b94b4546dbbd5662ffc2f6ed54d0e37dacf16fd4d827a.bin
C:\Projects\M2022\Backups\SetupDefaults - Copy - CopyOLD.dfm	SetupDefaults - Copy - CopyOLD.pas	dfm	TdlgSetupDefaults	OvcNotebook1.TOvcTabPage.RzPanel17.RzPanel9.edtPHRValueLimit	edtPHRValueLimit	TOvcSimpleField			RangeLow	single			10	0	0	0	0							01d448afd928065458cf670b60f5a594d735af0172c8d67f22a81680132681ca	images\01d448afd928065458cf670b60f5a594d735af0172c8d67f22a81680132681ca.bin
C:\Projects\M2022\Backups\SetupDefaults - Copy - CopyOLD.dfm	SetupDefaults - Copy - CopyOLD.pas	dfm	TdlgSetupDefaults	OvcNotebook1.TOvcTabPage.RzPanel17.RzPanel9.edtPTZValueLimit	edtPTZValueLimit	TOvcSimpleField			RangeHigh	single			10	0	0	0	0							e202858d67084cf31a2b94b4546dbbd5662ffc2f6ed54d0e37dacf16fd4d827a	images\e202858d67084cf31a2b94b4546dbbd5662ffc2f6ed54d0e37dacf16fd4d827a.bin
C:\Projects\M2022\Backups\SetupDefaults - Copy - CopyOLD.dfm	SetupDefaults - Copy - CopyOLD.pas	dfm	TdlgSetupDefaults	OvcNotebook1.TOvcTabPage.RzPanel17.RzPanel9.edtPTZValueLimit	edtPTZValueLimit	TOvcSimpleField			RangeLow	single			10	0	0	0	0							01d448afd928065458cf670b60f5a594d735af0172c8d67f22a81680132681ca	images\01d448afd928065458cf670b60f5a594d735af0172c8d67f22a81680132681ca.bin
C:\Projects\M2022\Backups\SetupDefaults - Copy - CopyOLD.dfm	SetupDefaults - Copy - CopyOLD.pas	dfm	TdlgSetupDefaults	OvcNotebook1.TOvcTabPage.RzPanel17.RzPanel9.edtCPrd2ValueLimit	edtCPrd2ValueLimit	TOvcSimpleField			RangeHigh	single			10	0	0	0	0							e202858d67084cf31a2b94b4546dbbd5662ffc2f6ed54d0e37dacf16fd4d827a	images\e202858d67084cf31a2b94b4546dbbd5662ffc2f6ed54d0e37dacf16fd4d827a.bin
C:\Projects\M2022\Backups\SetupDefaults - Copy - CopyOLD.dfm	SetupDefaults - Copy - CopyOLD.pas	dfm	TdlgSetupDefaults	OvcNotebook1.TOvcTabPage.RzPanel17.RzPanel9.edtCPrd2ValueLimit	edtCPrd2ValueLimit	TOvcSimpleField			RangeLow	single			10	0	0	0	0							01d448afd928065458cf670b60f5a594d735af0172c8d67f22a81680132681ca	images\01d448afd928065458cf670b60f5a594d735af0172c8d67f22a81680132681ca.bin
C:\Projects\M2022\Backups\SetupDefaults - Copy - CopyOLD.dfm	SetupDefaults - Copy - CopyOLD.pas	dfm	TdlgSetupDefaults	OvcNotebook1.TOvcTabPage.RzPanel17.RzPanel9.edtZdlValueLimit	edtZdlValueLimit	TOvcSimpleField			RangeHigh	single			10	0	0	0	0							e202858d67084cf31a2b94b4546dbbd5662ffc2f6ed54d0e37dacf16fd4d827a	images\e202858d67084cf31a2b94b4546dbbd5662ffc2f6ed54d0e37dacf16fd4d827a.bin
C:\Projects\M2022\Backups\SetupDefaults - Copy - CopyOLD.dfm	SetupDefaults - Copy - CopyOLD.pas	dfm	TdlgSetupDefaults	OvcNotebook1.TOvcTabPage.RzPanel17.RzPanel9.edtZdlValueLimit	edtZdlValueLimit	TOvcSimpleField			RangeLow	single			10	0	0	0	0							01d448afd928065458cf670b60f5a594d735af0172c8d67f22a81680132681ca	images\01d448afd928065458cf670b60f5a594d735af0172c8d67f22a81680132681ca.bin
C:\Projects\M2022\Backups\SetupDefaults - Copy - CopyOLD.dfm	SetupDefaults - Copy - CopyOLD.pas	dfm	TdlgSetupDefaults	OvcNotebook1.TOvcTabPage.RzPanel17.RzPanel9.edtZduValueLimit	edtZduValueLimit	TOvcSimpleField			RangeHigh	single			10	0	0	0	0							e202858d67084cf31a2b94b4546dbbd5662ffc2f6ed54d0e37dacf16fd4d827a	images\e202858d67084cf31a2b94b4546dbbd5662ffc2f6ed54d0e37dacf16fd4d827a.bin
C:\Projects\M2022\Backups\SetupDefaults - Copy - CopyOLD.dfm	SetupDefaults - Copy - CopyOLD.pas	dfm	TdlgSetupDefaults	OvcNotebook1.TOvcTabPage.RzPanel17.RzPanel9.edtZduValueLimit	edtZduValueLimit	TOvcSimpleField			RangeLow	single			10	0	0	0	0							01d448afd928065458cf670b60f5a594d735af0172c8d67f22a81680132681ca	images\01d448afd928065458cf670b60f5a594d735af0172c8d67f22a81680132681ca.bin
C:\Projects\M2022\Backups\SetupDefaults - Copy - CopyOLD.dfm	SetupDefaults - Copy - CopyOLD.pas	dfm	TdlgSetupDefaults	OvcNotebook1.TOvcTabPage.RzPanel17.RzPanel9.edtZdiValueLimit	edtZdiValueLimit	TOvcSimpleField			RangeHigh	single			10	0	0	0	0							e202858d67084cf31a2b94b4546dbbd5662ffc2f6ed54d0e37dacf16fd4d827a	images\e202858d67084cf31a2b94b4546dbbd5662ffc2f6ed54d0e37dacf16fd4d827a.bin
C:\Projects\M2022\Backups\SetupDefaults - Copy - CopyOLD.dfm	SetupDefaults - Copy - CopyOLD.pas	dfm	TdlgSetupDefaults	OvcNotebook1.TOvcTabPage.RzPanel17.RzPanel9.edtZdiValueLimit	edtZdiValueLimit	TOvcSimpleField			RangeLow	single			10	0	0	0	0							01d448afd928065458cf670b60f5a594d735af0172c8d67f22a81680132681ca	images\01d448afd928065458cf670b60f5a594d735af0172c8d67f22a81680132681ca.bin
C:\Projects\M2022\Backups\SetupDefaults - Copy - CopyOLD.dfm	SetupDefaults - Copy - CopyOLD.pas	dfm	TdlgSetupDefaults	OvcNotebook1.Page2.edtIPDefCPrd2S	edtIPDefCPrd2S	TOvcSimpleField			RangeHigh	single			10	0	0	0	0							8183c64e867670d7f6c3cada0d8ba4577448c2ad940c00e406ac8783c8b22d42	images\8183c64e867670d7f6c3cada0d8ba4577448c2ad940c00e406ac8783c8b22d42.bin
C:\Projects\M2022\Backups\SetupDefaults - Copy - CopyOLD.dfm	SetupDefaults - Copy - CopyOLD.pas	dfm	TdlgSetupDefaults	OvcNotebook1.Page2.edtIPDefCPrd2S	edtIPDefCPrd2S	TOvcSimpleField			RangeLow	single			10	0	0	0	0							01d448afd928065458cf670b60f5a594d735af0172c8d67f22a81680132681ca	images\01d448afd928065458cf670b60f5a594d735af0172c8d67f22a81680132681ca.bin
C:\Projects\M2022\Backups\SetupDefaults - Copy - CopyOLD.dfm	SetupDefaults - Copy - CopyOLD.pas	dfm	TdlgSetupDefaults	OvcNotebook1.Page2.edtIPDefCPrd2C	edtIPDefCPrd2C	TOvcSimpleField			RangeHigh	single			10	0	0	0	0							8183c64e867670d7f6c3cada0d8ba4577448c2ad940c00e406ac8783c8b22d42	images\8183c64e867670d7f6c3cada0d8ba4577448c2ad940c00e406ac8783c8b22d42.bin
C:\Projects\M2022\Backups\SetupDefaults - Copy - CopyOLD.dfm	SetupDefaults - Copy - CopyOLD.pas	dfm	TdlgSetupDefaults	OvcNotebook1.Page2.edtIPDefCPrd2C	edtIPDefCPrd2C	TOvcSimpleField			RangeLow	single			10	0	0	0	0							01d448afd928065458cf670b60f5a594d735af0172c8d67f22a81680132681ca	images\01d448afd928065458cf670b60f5a594d735af0172c8d67f22a81680132681ca.bin
C:\Projects\M2022\Backups\SetupDefaults - Copy - CopyOLD.dfm	SetupDefaults - Copy - CopyOLD.pas	dfm	TdlgSetupDefaults	OvcNotebook1.Page2.edtIPDefCPrd2M	edtIPDefCPrd2M	TOvcSimpleField			RangeHigh	single			10	0	0	0	0							8183c64e867670d7f6c3cada0d8ba4577448c2ad940c00e406ac8783c8b22d42	images\8183c64e867670d7f6c3cada0d8ba4577448c2ad940c00e406ac8783c8b22d42.bin
C:\Projects\M2022\Backups\SetupDefaults - Copy - CopyOLD.dfm	SetupDefaults - Copy - CopyOLD.pas	dfm	TdlgSetupDefaults	OvcNotebook1.Page2.edtIPDefCPrd2M	edtIPDefCPrd2M	TOvcSimpleField			RangeLow	single			10	0	0	0	0							01d448afd928065458cf670b60f5a594d735af0172c8d67f22a81680132681ca	images\01d448afd928065458cf670b60f5a594d735af0172c8d67f22a81680132681ca.bin
C:\Projects\M2022\Backups\SetupDefaults - Copy - CopyOLD.dfm	SetupDefaults - Copy - CopyOLD.pas	dfm	TdlgSetupDefaults	OvcNotebook1.Page2.edtIPDefCPsS	edtIPDefCPsS	TOvcSimpleField			RangeHigh	single			10	0	0	0	0							8183c64e867670d7f6c3cada0d8ba4577448c2ad940c00e406ac8783c8b22d42	images\8183c64e867670d7f6c3cada0d8ba4577448c2ad940c00e406ac8783c8b22d42.bin
C:\Projects\M2022\Backups\SetupDefaults - Copy - CopyOLD.dfm	SetupDefaults - Copy - CopyOLD.pas	dfm	TdlgSetupDefaults	OvcNotebook1.Page2.edtIPDefCPsS	edtIPDefCPsS	TOvcSimpleField			RangeLow	single			10	0	0	0	0							01d448afd928065458cf670b60f5a594d735af0172c8d67f22a81680132681ca	images\01d448afd928065458cf670b60f5a594d735af0172c8d67f22a81680132681ca.bin
C:\Projects\M2022\Backups\SetupDefaults - Copy - CopyOLD.dfm	SetupDefaults - Copy - CopyOLD.pas	dfm	TdlgSetupDefaults	OvcNotebook1.Page2.edtIPDefCPsC	edtIPDefCPsC	TOvcSimpleField			RangeHigh	single			10	0	0	0	0							8183c64e867670d7f6c3cada0d8ba4577448c2ad940c00e406ac8783c8b22d42	images\8183c64e867670d7f6c3cada0d8ba4577448c2ad940c00e406ac8783c8b22d42.bin
C:\Projects\M2022\Backups\SetupDefaults - Copy - CopyOLD.dfm	SetupDefaults - Copy - CopyOLD.pas	dfm	TdlgSetupDefaults	OvcNotebook1.Page2.edtIPDefCPsC	edtIPDefCPsC	TOvcSimpleField			RangeLow	single			10	0	0	0	0							01d448afd928065458cf670b60f5a594d735af0172c8d67f22a81680132681ca	images\01d448afd928065458cf670b60f5a594d735af0172c8d67f22a81680132681ca.bin
C:\Projects\M2022\Backups\SetupDefaults - Copy - CopyOLD.dfm	SetupDefaults - Copy - CopyOLD.pas	dfm	TdlgSetupDefaults	OvcNotebook1.Page2.edtIPDefCPsM	edtIPDefCPsM	TOvcSimpleField			RangeHigh	single			10	0	0	0	0							8183c64e867670d7f6c3cada0d8ba4577448c2ad940c00e406ac8783c8b22d42	images\8183c64e867670d7f6c3cada0d8ba4577448c2ad940c00e406ac8783c8b22d42.bin
C:\Projects\M2022\Backups\SetupDefaults - Copy - CopyOLD.dfm	SetupDefaults - Copy - CopyOLD.pas	dfm	TdlgSetupDefaults	OvcNotebook1.Page2.edtIPDefCPsM	edtIPDefCPsM	TOvcSimpleField			RangeLow	single			10	0	0	0	0							01d448afd928065458cf670b60f5a594d735af0172c8d67f22a81680132681ca	images\01d448afd928065458cf670b60f5a594d735af0172c8d67f22a81680132681ca.bin
C:\Projects\M2022\Backups\SetupDefaults - Copy - CopyOLD.dfm	SetupDefaults - Copy - CopyOLD.pas	dfm	TdlgSetupDefaults	OvcNotebook1.Page2.edtIPDefCPkrd2S	edtIPDefCPkrd2S	TOvcSimpleField			RangeHigh	single			10	0	0	0	0							8183c64e867670d7f6c3cada0d8ba4577448c2ad940c00e406ac8783c8b22d42	images\8183c64e867670d7f6c3cada0d8ba4577448c2ad940c00e406ac8783c8b22d42.bin
C:\Projects\M2022\Backups\SetupDefaults - Copy - CopyOLD.dfm	SetupDefaults - Copy - CopyOLD.pas	dfm	TdlgSetupDefaults	OvcNotebook1.Page2.edtIPDefCPkrd2S	edtIPDefCPkrd2S	TOvcSimpleField			RangeLow	single			10	0	0	0	0							01d448afd928065458cf670b60f5a594d735af0172c8d67f22a81680132681ca	images\01d448afd928065458cf670b60f5a594d735af0172c8d67f22a81680132681ca.bin
C:\Projects\M2022\Backups\SetupDefaults - Copy - CopyOLD.dfm	SetupDefaults - Copy - CopyOLD.pas	dfm	TdlgSetupDefaults	OvcNotebook1.Page2.edtIPDefCPkrd2C	edtIPDefCPkrd2C	TOvcSimpleField			RangeHigh	single			10	0	0	0	0							8183c64e867670d7f6c3cada0d8ba4577448c2ad940c00e406ac8783c8b22d42	images\8183c64e867670d7f6c3cada0d8ba4577448c2ad940c00e406ac8783c8b22d42.bin
C:\Projects\M2022\Backups\SetupDefaults - Copy - CopyOLD.dfm	SetupDefaults - Copy - CopyOLD.pas	dfm	TdlgSetupDefaults	OvcNotebook1.Page2.edtIPDefCPkrd2C	edtIPDefCPkrd2C	TOvcSimpleField			RangeLow	single			10	0	0	0	0							01d448afd928065458cf670b60f5a594d735af0172c8d67f22a81680132681ca	images\01d448afd928065458cf670b60f5a594d735af0172c8d67f22a81680132681ca.bin
C:\Projects\M2022\Backups\SetupDefaults - Copy - CopyOLD.dfm	SetupDefaults - Copy - CopyOLD.pas	dfm	TdlgSetupDefaults	OvcNotebook1.Page2.edtIPDefCPkrd2M	edtIPDefCPkrd2M	TOvcSimpleField			RangeHigh	single			10	0	0	0	0							8183c64e867670d7f6c3cada0d8ba4577448c2ad940c00e406ac8783c8b22d42	images\8183c64e867670d7f6c3cada0d8ba4577448c2ad940c00e406ac8783c8b22d42.bin
C:\Projects\M2022\Backups\SetupDefaults - Copy - CopyOLD.dfm	SetupDefaults - Copy - CopyOLD.pas	dfm	TdlgSetupDefaults	OvcNotebook1.Page2.edtIPDefCPkrd2M	edtIPDefCPkrd2M	TOvcSimpleField			RangeLow	single			10	0	0	0	0							01d448afd928065458cf670b60f5a594d735af0172c8d67f22a81680132681ca	images\01d448afd928065458cf670b60f5a594d735af0172c8d67f22a81680132681ca.bin
C:\Projects\M2022\Backups\SetupDefaults - Copy - CopyOLD.dfm	SetupDefaults - Copy - CopyOLD.pas	dfm	TdlgSetupDefaults	OvcNotebook1.Page2.edtIPDefCPksS	edtIPDefCPksS	TOvcSimpleField			RangeHigh	single			10	0	0	0	0							8183c64e867670d7f6c3cada0d8ba4577448c2ad940c00e406ac8783c8b22d42	images\8183c64e867670d7f6c3cada0d8ba4577448c2ad940c00e406ac8783c8b22d42.bin
C:\Projects\M2022\Backups\SetupDefaults - Copy - CopyOLD.dfm	SetupDefaults - Copy - CopyOLD.pas	dfm	TdlgSetupDefaults	OvcNotebook1.Page2.edtIPDefCPksS	edtIPDefCPksS	TOvcSimpleField			RangeLow	single			10	0	0	0	0							01d448afd928065458cf670b60f5a594d735af0172c8d67f22a81680132681ca	images\01d448afd928065458cf670b60f5a594d735af0172c8d67f22a81680132681ca.bin
C:\Projects\M2022\Backups\SetupDefaults - Copy - CopyOLD.dfm	SetupDefaults - Copy - CopyOLD.pas	dfm	TdlgSetupDefaults	OvcNotebook1.Page2.edtIPDefCPksC	edtIPDefCPksC	TOvcSimpleField			RangeHigh	single			10	0	0	0	0							8183c64e867670d7f6c3cada0d8ba4577448c2ad940c00e406ac8783c8b22d42	images\8183c64e867670d7f6c3cada0d8ba4577448c2ad940c00e406ac8783c8b22d42.bin
C:\Projects\M2022\Backups\SetupDefaults - Copy - CopyOLD.dfm	SetupDefaults - Copy - CopyOLD.pas	dfm	TdlgSetupDefaults	OvcNotebook1.Page2.edtIPDefCPksC	edtIPDefCPksC	TOvcSimpleField			RangeLow	single			10	0	0	0	0							01d448afd928065458cf670b60f5a594d735af0172c8d67f22a81680132681ca	images\01d448afd928065458cf670b60f5a594d735af0172c8d67f22a81680132681ca.bin
C:\Projects\M2022\Backups\SetupDefaults - Copy - CopyOLD.dfm	SetupDefaults - Copy - CopyOLD.pas	dfm	TdlgSetupDefaults	OvcNotebook1.Page2.edtIPDefCPksM	edtIPDefCPksM	TOvcSimpleField			RangeHigh	single			10	0	0	0	0							8183c64e867670d7f6c3cada0d8ba4577448c2ad940c00e406ac8783c8b22d42	images\8183c64e867670d7f6c3cada0d8ba4577448c2ad940c00e406ac8783c8b22d42.bin
C:\Projects\M2022\Backups\SetupDefaults - Copy - CopyOLD.dfm	SetupDefaults - Copy - CopyOLD.pas	dfm	TdlgSetupDefaults	OvcNotebook1.Page2.edtIPDefCPksM	edtIPDefCPksM	TOvcSimpleField			RangeLow	single			10	0	0	0	0							01d448afd928065458cf670b60f5a594d735af0172c8d67f22a81680132681ca	images\01d448afd928065458cf670b60f5a594d735af0172c8d67f22a81680132681ca.bin
C:\Projects\M2022\Backups\SetupDefaults - Copy - CopyOLD.dfm	SetupDefaults - Copy - CopyOLD.pas	dfm	TdlgSetupDefaults	OvcNotebook1.Page2.edtIPDefCPSamprd2S	edtIPDefCPSamprd2S	TOvcSimpleField			RangeHigh	single			10	0	0	0	0							8183c64e867670d7f6c3cada0d8ba4577448c2ad940c00e406ac8783c8b22d42	images\8183c64e867670d7f6c3cada0d8ba4577448c2ad940c00e406ac8783c8b22d42.bin
C:\Projects\M2022\Backups\SetupDefaults - Copy - CopyOLD.dfm	SetupDefaults - Copy - CopyOLD.pas	dfm	TdlgSetupDefaults	OvcNotebook1.Page2.edtIPDefCPSamprd2S	edtIPDefCPSamprd2S	TOvcSimpleField			RangeLow	single			10	0	0	0	0							01d448afd928065458cf670b60f5a594d735af0172c8d67f22a81680132681ca	images\01d448afd928065458cf670b60f5a594d735af0172c8d67f22a81680132681ca.bin
C:\Projects\M2022\Backups\SetupDefaults - Copy - CopyOLD.dfm	SetupDefaults - Copy - CopyOLD.pas	dfm	TdlgSetupDefaults	OvcNotebook1.Page2.edtIPDefCPSamprd2C	edtIPDefCPSamprd2C	TOvcSimpleField			RangeHigh	single			10	0	0	0	0							8183c64e867670d7f6c3cada0d8ba4577448c2ad940c00e406ac8783c8b22d42	images\8183c64e867670d7f6c3cada0d8ba4577448c2ad940c00e406ac8783c8b22d42.bin
C:\Projects\M2022\Backups\SetupDefaults - Copy - CopyOLD.dfm	SetupDefaults - Copy - CopyOLD.pas	dfm	TdlgSetupDefaults	OvcNotebook1.Page2.edtIPDefCPSamprd2C	edtIPDefCPSamprd2C	TOvcSimpleField			RangeLow	single			10	0	0	0	0							01d448afd928065458cf670b60f5a594d735af0172c8d67f22a81680132681ca	images\01d448afd928065458cf670b60f5a594d735af0172c8d67f22a81680132681ca.bin
C:\Projects\M2022\Backups\SetupDefaults - Copy - CopyOLD.dfm	SetupDefaults - Copy - CopyOLD.pas	dfm	TdlgSetupDefaults	OvcNotebook1.Page2.edtIPDefCPSamprd2M	edtIPDefCPSamprd2M	TOvcSimpleField			RangeHigh	single			10	0	0	0	0							8183c64e867670d7f6c3cada0d8ba4577448c2ad940c00e406ac8783c8b22d42	images\8183c64e867670d7f6c3cada0d8ba4577448c2ad940c00e406ac8783c8b22d42.bin
C:\Projects\M2022\Backups\SetupDefaults - Copy - CopyOLD.dfm	SetupDefaults - Copy - CopyOLD.pas	dfm	TdlgSetupDefaults	OvcNotebook1.Page2.edtIPDefCPSamprd2M	edtIPDefCPSamprd2M	TOvcSimpleField			RangeLow	single			10	0	0	0	0							01d448afd928065458cf670b60f5a594d735af0172c8d67f22a81680132681ca	images\01d448afd928065458cf670b60f5a594d735af0172c8d67f22a81680132681ca.bin
C:\Projects\M2022\Backups\SetupDefaults - Copy - CopyOLD.dfm	SetupDefaults - Copy - CopyOLD.pas	dfm	TdlgSetupDefaults	OvcNotebook1.Page2.edtIPDefCPSampsS	edtIPDefCPSampsS	TOvcSimpleField			RangeHigh	single			10	0	0	0	0							8183c64e867670d7f6c3cada0d8ba4577448c2ad940c00e406ac8783c8b22d42	images\8183c64e867670d7f6c3cada0d8ba4577448c2ad940c00e406ac8783c8b22d42.bin
C:\Projects\M2022\Backups\SetupDefaults - Copy - CopyOLD.dfm	SetupDefaults - Copy - CopyOLD.pas	dfm	TdlgSetupDefaults	OvcNotebook1.Page2.edtIPDefCPSampsS	edtIPDefCPSampsS	TOvcSimpleField			RangeLow	single			10	0	0	0	0							01d448afd928065458cf670b60f5a594d735af0172c8d67f22a81680132681ca	images\01d448afd928065458cf670b60f5a594d735af0172c8d67f22a81680132681ca.bin
C:\Projects\M2022\Backups\SetupDefaults - Copy - CopyOLD.dfm	SetupDefaults - Copy - CopyOLD.pas	dfm	TdlgSetupDefaults	OvcNotebook1.Page2.edtIPDefCPSampsC	edtIPDefCPSampsC	TOvcSimpleField			RangeHigh	single			10	0	0	0	0							8183c64e867670d7f6c3cada0d8ba4577448c2ad940c00e406ac8783c8b22d42	images\8183c64e867670d7f6c3cada0d8ba4577448c2ad940c00e406ac8783c8b22d42.bin
C:\Projects\M2022\Backups\SetupDefaults - Copy - CopyOLD.dfm	SetupDefaults - Copy - CopyOLD.pas	dfm	TdlgSetupDefaults	OvcNotebook1.Page2.edtIPDefCPSampsC	edtIPDefCPSampsC	TOvcSimpleField			RangeLow	single			10	0	0	0	0							01d448afd928065458cf670b60f5a594d735af0172c8d67f22a81680132681ca	images\01d448afd928065458cf670b60f5a594d735af0172c8d67f22a81680132681ca.bin
C:\Projects\M2022\Backups\SetupDefaults - Copy - CopyOLD.dfm	SetupDefaults - Copy - CopyOLD.pas	dfm	TdlgSetupDefaults	OvcNotebook1.Page2.edtIPDefCPSampsM	edtIPDefCPSampsM	TOvcSimpleField			RangeHigh	single			10	0	0	0	0							8183c64e867670d7f6c3cada0d8ba4577448c2ad940c00e406ac8783c8b22d42	images\8183c64e867670d7f6c3cada0d8ba4577448c2ad940c00e406ac8783c8b22d42.bin
C:\Projects\M2022\Backups\SetupDefaults - Copy - CopyOLD.dfm	SetupDefaults - Copy - CopyOLD.pas	dfm	TdlgSetupDefaults	OvcNotebook1.Page2.edtIPDefCPSampsM	edtIPDefCPSampsM	TOvcSimpleField			RangeLow	single			10	0	0	0	0							01d448afd928065458cf670b60f5a594d735af0172c8d67f22a81680132681ca	images\01d448afd928065458cf670b60f5a594d735af0172c8d67f22a81680132681ca.bin
C:\Projects\M2022\Backups\SetupDefaults - Copy - CopyOLD.dfm	SetupDefaults - Copy - CopyOLD.pas	dfm	TdlgSetupDefaults	OvcNotebook1.Page2.edtIPDefCPkSamprd2S	edtIPDefCPkSamprd2S	TOvcSimpleField			RangeHigh	single			10	0	0	0	0							8183c64e867670d7f6c3cada0d8ba4577448c2ad940c00e406ac8783c8b22d42	images\8183c64e867670d7f6c3cada0d8ba4577448c2ad940c00e406ac8783c8b22d42.bin
C:\Projects\M2022\Backups\SetupDefaults - Copy - CopyOLD.dfm	SetupDefaults - Copy - CopyOLD.pas	dfm	TdlgSetupDefaults	OvcNotebook1.Page2.edtIPDefCPkSamprd2S	edtIPDefCPkSamprd2S	TOvcSimpleField			RangeLow	single			10	0	0	0	0							01d448afd928065458cf670b60f5a594d735af0172c8d67f22a81680132681ca	images\01d448afd928065458cf670b60f5a594d735af0172c8d67f22a81680132681ca.bin
C:\Projects\M2022\Backups\SetupDefaults - Copy - CopyOLD.dfm	SetupDefaults - Copy - CopyOLD.pas	dfm	TdlgSetupDefaults	OvcNotebook1.Page2.edtIPDefCPkSamprd2C	edtIPDefCPkSamprd2C	TOvcSimpleField			RangeHigh	single			10	0	0	0	0							8183c64e867670d7f6c3cada0d8ba4577448c2ad940c00e406ac8783c8b22d42	images\8183c64e867670d7f6c3cada0d8ba4577448c2ad940c00e406ac8783c8b22d42.bin
C:\Projects\M2022\Backups\SetupDefaults - Copy - CopyOLD.dfm	SetupDefaults - Copy - CopyOLD.pas	dfm	TdlgSetupDefaults	OvcNotebook1.Page2.edtIPDefCPkSamprd2C	edtIPDefCPkSamprd2C	TOvcSimpleField			RangeLow	single			10	0	0	0	0							01d448afd928065458cf670b60f5a594d735af0172c8d67f22a81680132681ca	images\01d448afd928065458cf670b60f5a594d735af0172c8d67f22a81680132681ca.bin
C:\Projects\M2022\Backups\SetupDefaults - Copy - CopyOLD.dfm	SetupDefaults - Copy - CopyOLD.pas	dfm	TdlgSetupDefaults	OvcNotebook1.Page2.edtIPDefCPkSamprd2M	edtIPDefCPkSamprd2M	TOvcSimpleField			RangeHigh	single			10	0	0	0	0							8183c64e867670d7f6c3cada0d8ba4577448c2ad940c00e406ac8783c8b22d42	images\8183c64e867670d7f6c3cada0d8ba4577448c2ad940c00e406ac8783c8b22d42.bin
C:\Projects\M2022\Backups\SetupDefaults - Copy - CopyOLD.dfm	SetupDefaults - Copy - CopyOLD.pas	dfm	TdlgSetupDefaults	OvcNotebook1.Page2.edtIPDefCPkSamprd2M	edtIPDefCPkSamprd2M	TOvcSimpleField			RangeLow	single			10	0	0	0	0							01d448afd928065458cf670b60f5a594d735af0172c8d67f22a81680132681ca	images\01d448afd928065458cf670b60f5a594d735af0172c8d67f22a81680132681ca.bin
C:\Projects\M2022\Backups\SetupDefaults - Copy - CopyOLD.dfm	SetupDefaults - Copy - CopyOLD.pas	dfm	TdlgSetupDefaults	OvcNotebook1.Page2.edtIPDefCPkSampsS	edtIPDefCPkSampsS	TOvcSimpleField			RangeHigh	single			10	0	0	0	0							8183c64e867670d7f6c3cada0d8ba4577448c2ad940c00e406ac8783c8b22d42	images\8183c64e867670d7f6c3cada0d8ba4577448c2ad940c00e406ac8783c8b22d42.bin
C:\Projects\M2022\Backups\SetupDefaults - Copy - CopyOLD.dfm	SetupDefaults - Copy - CopyOLD.pas	dfm	TdlgSetupDefaults	OvcNotebook1.Page2.edtIPDefCPkSampsS	edtIPDefCPkSampsS	TOvcSimpleField			RangeLow	single			10	0	0	0	0							01d448afd928065458cf670b60f5a594d735af0172c8d67f22a81680132681ca	images\01d448afd928065458cf670b60f5a594d735af0172c8d67f22a81680132681ca.bin
C:\Projects\M2022\Backups\SetupDefaults - Copy - CopyOLD.dfm	SetupDefaults - Copy - CopyOLD.pas	dfm	TdlgSetupDefaults	OvcNotebook1.Page2.edtIPDefCPkSampsC	edtIPDefCPkSampsC	TOvcSimpleField			RangeHigh	single			10	0	0	0	0							8183c64e867670d7f6c3cada0d8ba4577448c2ad940c00e406ac8783c8b22d42	images\8183c64e867670d7f6c3cada0d8ba4577448c2ad940c00e406ac8783c8b22d42.bin
C:\Projects\M2022\Backups\SetupDefaults - Copy - CopyOLD.dfm	SetupDefaults - Copy - CopyOLD.pas	dfm	TdlgSetupDefaults	OvcNotebook1.Page2.edtIPDefCPkSampsC	edtIPDefCPkSampsC	TOvcSimpleField			RangeLow	single			10	0	0	0	0							01d448afd928065458cf670b60f5a594d735af0172c8d67f22a81680132681ca	images\01d448afd928065458cf670b60f5a594d735af0172c8d67f22a81680132681ca.bin
C:\Projects\M2022\Backups\SetupDefaults - Copy - CopyOLD.dfm	SetupDefaults - Copy - CopyOLD.pas	dfm	TdlgSetupDefaults	OvcNotebook1.Page2.edtIPDefCPkSampsM	edtIPDefCPkSampsM	TOvcSimpleField			RangeHigh	single			10	0	0	0	0							8183c64e867670d7f6c3cada0d8ba4577448c2ad940c00e406ac8783c8b22d42	images\8183c64e867670d7f6c3cada0d8ba4577448c2ad940c00e406ac8783c8b22d42.bin
C:\Projects\M2022\Backups\SetupDefaults - Copy - CopyOLD.dfm	SetupDefaults - Copy - CopyOLD.pas	dfm	TdlgSetupDefaults	OvcNotebook1.Page2.edtIPDefCPkSampsM	edtIPDefCPkSampsM	TOvcSimpleField			RangeLow	single			10	0	0	0	0							01d448afd928065458cf670b60f5a594d735af0172c8d67f22a81680132681ca	images\01d448afd928065458cf670b60f5a594d735af0172c8d67f22a81680132681ca.bin
C:\Projects\M2022\Backups\SetupDefaults - Copy - CopyOLD.dfm	SetupDefaults - Copy - CopyOLD.pas	dfm	TdlgSetupDefaults	OvcNotebook1.Page2.edtFPDefaultLimits	edtFPDefaultLimits	TOvcNumberEdit			ButtonGlyph.Data	single		bmp	334	11	11	16	0					1		ce63b9d610d13e2c79f4f55cfa8d9ba43ba1a397fed73be375873f63f88bc27e	images\ce63b9d610d13e2c79f4f55cfa8d9ba43ba1a397fed73be375873f63f88bc27e.bmp
C:\Projects\M2022\Backups\SetupDefaults - Copy - CopyOLD.dfm	SetupDefaults - Copy - CopyOLD.pas	dfm	TdlgSetupDefaults	dxRibbon1	dxRibbon1	TdxRibbon			ApplicationButton.Glyph.Data	single		svg	6695	0	0	0	0							2ef16cbae2e702e3cf172d62899bb51ec4f9892d4331aa3c11102588eed9dfd6	images\2ef16cbae2e702e3cf172d62899bb51ec4f9892d4331aa3c11102588eed9dfd6.svg
C:\Projects\M2022\Backups\SetupDefaults - Copy - CopyOLD.dfm	SetupDefaults - Copy - CopyOLD.pas	dfm	TdlgSetupDefaults	dxRibbon1	dxRibbon1	TdxRibbon			BackgroundImage.Data	single		svg	6695	0	0	0	0							2ef16cbae2e702e3cf172d62899bb51ec4f9892d4331aa3c11102588eed9dfd6	images\2ef16cbae2e702e3cf172d62899bb51ec4f9892d4331aa3c11102588eed9dfd6.svg
C:\Projects\M2022\Backups\SetupDefaults - Copy - CopyOLD.dfm	SetupDefaults - Copy - CopyOLD.pas	dfm	TdlgSetupDefaults	dxBarManager1.btnExit	btnExit	TdxBarLargeButton			Glyph.Data	single		svg	2970	0	0	0	0							ecf7f8cff245dfe469c22dbbe89949935729c454cb838c7e2c99d37c710fdaf8	images\ecf7f8cff245dfe469c22dbbe89949935729c454cb838c7e2c99d37c710fdaf8.svg
C:\Projects\M2022\Backups\SetupDefaults - Copy - CopyOLD.dfm	SetupDefaults - Copy - CopyOLD.pas	dfm	TdlgSetupDefaults	dxBarManager1.btnExit	btnExit	TdxBarLargeButton			LargeGlyph.Data	single		svg	3033	0	0	0	0							39e5933d6f88188b2c66d8c653d769e7684d9a23c349e93e39b61c6384fc2a9e	images\39e5933d6f88188b2c66d8c653d769e7684d9a23c349e93e39b61c6384fc2a9e.svg
C:\Projects\M2022\Backups\SetupDefaults - Copy - CopyOLD.dfm	SetupDefaults - Copy - CopyOLD.pas	dfm	TdlgSetupDefaults	dxBarManager1.btnExit	btnExit	TdxBarLargeButton			HotGlyph.Data	single		svg	2970	0	0	0	0							ecf7f8cff245dfe469c22dbbe89949935729c454cb838c7e2c99d37c710fdaf8	images\ecf7f8cff245dfe469c22dbbe89949935729c454cb838c7e2c99d37c710fdaf8.svg
C:\Projects\M2022\Backups\SetupDefaults - Copy - CopyOLD.dfm	SetupDefaults - Copy - CopyOLD.pas	dfm	TdlgSetupDefaults	dxBarManager1.btnCancel	btnCancel	TdxBarLargeButton			Glyph.Data	single		svg	1076	0	0	0	0							4b9fbbfdc664c9f53e6f814fa5aefa3dd589adc189e376c9838dd0c47429d92b	images\4b9fbbfdc664c9f53e6f814fa5aefa3dd589adc189e376c9838dd0c47429d92b.svg
C:\Projects\M2022\Backups\SetupDefaults - Copy - CopyOLD.dfm	SetupDefaults - Copy - CopyOLD.pas	dfm	TdlgSetupDefaults	dxBarManager1.btnCancel	btnCancel	TdxBarLargeButton			LargeGlyph.Data	single		svg	1125	0	0	0	0							4780018cc1b819c19827d7e966443a762408f21b94521faebebd19b89c6a084f	images\4780018cc1b819c19827d7e966443a762408f21b94521faebebd19b89c6a084f.svg
C:\Projects\M2022\Backups\SetupDefaults - Copy - CopyOLD.dfm	SetupDefaults - Copy - CopyOLD.pas	dfm	TdlgSetupDefaults	dxBarManager1.btnCancel	btnCancel	TdxBarLargeButton			HotGlyph.Data	single		svg	1076	0	0	0	0							4b9fbbfdc664c9f53e6f814fa5aefa3dd589adc189e376c9838dd0c47429d92b	images\4b9fbbfdc664c9f53e6f814fa5aefa3dd589adc189e376c9838dd0c47429d92b.svg
C:\Projects\M2022\Backups\SetupDefaults - Copy.dfm	SetupDefaults - Copy.pas	dfm	TdlgSetupDefaults		dlgSetupDefaults	TdlgSetupDefaults			Icon.Data	single		ico	1150	0	0	0	0							87829c566615525191dec99da56caf00d42442aaa72a701af21d38cb4d4598be	images\87829c566615525191dec99da56caf00d42442aaa72a701af21d38cb4d4598be.ico
C:\Projects\M2022\Backups\SetupDefaults - Copy.dfm	SetupDefaults - Copy.pas	dfm	TdlgSetupDefaults	OvcNotebook1ZZ1.Page2.edtIPDefCPrd2S	edtIPDefCPrd2S	TOvcSimpleField			RangeHigh	single			10	0	0	0	0							8183c64e867670d7f6c3cada0d8ba4577448c2ad940c00e406ac8783c8b22d42	images\8183c64e867670d7f6c3cada0d8ba4577448c2ad940c00e406ac8783c8b22d42.bin
C:\Projects\M2022\Backups\SetupDefaults - Copy.dfm	SetupDefaults - Copy.pas	dfm	TdlgSetupDefaults	OvcNotebook1ZZ1.Page2.edtIPDefCPrd2S	edtIPDefCPrd2S	TOvcSimpleField			RangeLow	single			10	0	0	0	0							01d448afd928065458cf670b60f5a594d735af0172c8d67f22a81680132681ca	images\01d448afd928065458cf670b60f5a594d735af0172c8d67f22a81680132681ca.bin
C:\Projects\M2022\Backups\SetupDefaults - Copy.dfm	SetupDefaults - Copy.pas	dfm	TdlgSetupDefaults	OvcNotebook1ZZ1.Page2.edtIPDefCPrd2C	edtIPDefCPrd2C	TOvcSimpleField			RangeHigh	single			10	0	0	0	0							8183c64e867670d7f6c3cada0d8ba4577448c2ad940c00e406ac8783c8b22d42	images\8183c64e867670d7f6c3cada0d8ba4577448c2ad940c00e406ac8783c8b22d42.bin
C:\Projects\M2022\Backups\SetupDefaults - Copy.dfm	SetupDefaults - Copy.pas	dfm	TdlgSetupDefaults	OvcNotebook1ZZ1.Page2.edtIPDefCPrd2C	edtIPDefCPrd2C	TOvcSimpleField			RangeLow	single			10	0	0	0	0							01d448afd928065458cf670b60f5a594d735af0172c8d67f22a81680132681ca	images\01d448afd928065458cf670b60f5a594d735af0172c8d67f22a81680132681ca.bin
C:\Projects\M2022\Backups\SetupDefaults - Copy.dfm	SetupDefaults - Copy.pas	dfm	TdlgSetupDefaults	OvcNotebook1ZZ1.Page2.edtIPDefCPrd2M	edtIPDefCPrd2M	TOvcSimpleField			RangeHigh	single			10	0	0	0	0							8183c64e867670d7f6c3cada0d8ba4577448c2ad940c00e406ac8783c8b22d42	images\8183c64e867670d7f6c3cada0d8ba4577448c2ad940c00e406ac8783c8b22d42.bin
C:\Projects\M2022\Backups\SetupDefaults - Copy.dfm	SetupDefaults - Copy.pas	dfm	TdlgSetupDefaults	OvcNotebook1ZZ1.Page2.edtIPDefCPrd2M	edtIPDefCPrd2M	TOvcSimpleField			RangeLow	single			10	0	0	0	0							01d448afd928065458cf670b60f5a594d735af0172c8d67f22a81680132681ca	images\01d448afd928065458cf670b60f5a594d735af0172c8d67f22a81680132681ca.bin
C:\Projects\M2022\Backups\SetupDefaults - Copy.dfm	SetupDefaults - Copy.pas	dfm	TdlgSetupDefaults	OvcNotebook1ZZ1.Page2.edtIPDefCPsS	edtIPDefCPsS	TOvcSimpleField			RangeHigh	single			10	0	0	0	0							8183c64e867670d7f6c3cada0d8ba4577448c2ad940c00e406ac8783c8b22d42	images\8183c64e867670d7f6c3cada0d8ba4577448c2ad940c00e406ac8783c8b22d42.bin
C:\Projects\M2022\Backups\SetupDefaults - Copy.dfm	SetupDefaults - Copy.pas	dfm	TdlgSetupDefaults	OvcNotebook1ZZ1.Page2.edtIPDefCPsS	edtIPDefCPsS	TOvcSimpleField			RangeLow	single			10	0	0	0	0							01d448afd928065458cf670b60f5a594d735af0172c8d67f22a81680132681ca	images\01d448afd928065458cf670b60f5a594d735af0172c8d67f22a81680132681ca.bin
C:\Projects\M2022\Backups\SetupDefaults - Copy.dfm	SetupDefaults - Copy.pas	dfm	TdlgSetupDefaults	OvcNotebook1ZZ1.Page2.edtIPDefCPsC	edtIPDefCPsC	TOvcSimpleField			RangeHigh	single			10	0	0	0	0							8183c64e867670d7f6c3cada0d8ba4577448c2ad940c00e406ac8783c8b22d42	images\8183c64e867670d7f6c3cada0d8ba4577448c2ad940c00e406ac8783c8b22d42.bin
C:\Projects\M2022\Backups\SetupDefaults - Copy.dfm	SetupDefaults - Copy.pas	dfm	TdlgSetupDefaults	OvcNotebook1ZZ1.Page2.edtIPDefCPsC	edtIPDefCPsC	TOvcSimpleField			RangeLow	single			10	0	0	0	0							01d448afd928065458cf670b60f5a594d735af0172c8d67f22a81680132681ca	images\01d448afd928065458cf670b60f5a594d735af0172c8d67f22a81680132681ca.bin
C:\Projects\M2022\Backups\SetupDefaults - Copy.dfm	SetupDefaults - Copy.pas	dfm	TdlgSetupDefaults	OvcNotebook1ZZ1.Page2.edtIPDefCPsM	edtIPDefCPsM	TOvcSimpleField			RangeHigh	single			10	0	0	0	0							8183c64e867670d7f6c3cada0d8ba4577448c2ad940c00e406ac8783c8b22d42	images\8183c64e867670d7f6c3cada0d8ba4577448c2ad940c00e406ac8783c8b22d42.bin
C:\Projects\M2022\Backups\SetupDefaults - Copy.dfm	SetupDefaults - Copy.pas	dfm	TdlgSetupDefaults	OvcNotebook1ZZ1.Page2.edtIPDefCPsM	edtIPDefCPsM	TOvcSimpleField			RangeLow	single			10	0	0	0	0							01d448afd928065458cf670b60f5a594d735af0172c8d67f22a81680132681ca	images\01d448afd928065458cf670b60f5a594d735af0172c8d67f22a81680132681ca.bin
C:\Projects\M2022\Backups\SetupDefaults - Copy.dfm	SetupDefaults - Copy.pas	dfm	TdlgSetupDefaults	OvcNotebook1ZZ1.Page2.edtIPDefCPkrd2S	edtIPDefCPkrd2S	TOvcSimpleField			RangeHigh	single			10	0	0	0	0							8183c64e867670d7f6c3cada0d8ba4577448c2ad940c00e406ac8783c8b22d42	images\8183c64e867670d7f6c3cada0d8ba4577448c2ad940c00e406ac8783c8b22d42.bin
C:\Projects\M2022\Backups\SetupDefaults - Copy.dfm	SetupDefaults - Copy.pas	dfm	TdlgSetupDefaults	OvcNotebook1ZZ1.Page2.edtIPDefCPkrd2S	edtIPDefCPkrd2S	TOvcSimpleField			RangeLow	single			10	0	0	0	0							01d448afd928065458cf670b60f5a594d735af0172c8d67f22a81680132681ca	images\01d448afd928065458cf670b60f5a594d735af0172c8d67f22a81680132681ca.bin
C:\Projects\M2022\Backups\SetupDefaults - Copy.dfm	SetupDefaults - Copy.pas	dfm	TdlgSetupDefaults	OvcNotebook1ZZ1.Page2.edtIPDefCPkrd2C	edtIPDefCPkrd2C	TOvcSimpleField			RangeHigh	single			10	0	0	0	0							8183c64e867670d7f6c3cada0d8ba4577448c2ad940c00e406ac8783c8b22d42	images\8183c64e867670d7f6c3cada0d8ba4577448c2ad940c00e406ac8783c8b22d42.bin
C:\Projects\M2022\Backups\SetupDefaults - Copy.dfm	SetupDefaults - Copy.pas	dfm	TdlgSetupDefaults	OvcNotebook1ZZ1.Page2.edtIPDefCPkrd2C	edtIPDefCPkrd2C	TOvcSimpleField			RangeLow	single			10	0	0	0	0							01d448afd928065458cf670b60f5a594d735af0172c8d67f22a81680132681ca	images\01d448afd928065458cf670b60f5a594d735af0172c8d67f22a81680132681ca.bin
C:\Projects\M2022\Backups\SetupDefaults - Copy.dfm	SetupDefaults - Copy.pas	dfm	TdlgSetupDefaults	OvcNotebook1ZZ1.Page2.edtIPDefCPkrd2M	edtIPDefCPkrd2M	TOvcSimpleField			RangeHigh	single			10	0	0	0	0							8183c64e867670d7f6c3cada0d8ba4577448c2ad940c00e406ac8783c8b22d42	images\8183c64e867670d7f6c3cada0d8ba4577448c2ad940c00e406ac8783c8b22d42.bin
C:\Projects\M2022\Backups\SetupDefaults - Copy.dfm	SetupDefaults - Copy.pas	dfm	TdlgSetupDefaults	OvcNotebook1ZZ1.Page2.edtIPDefCPkrd2M	edtIPDefCPkrd2M	TOvcSimpleField			RangeLow	single			10	0	0	0	0							01d448afd928065458cf670b60f5a594d735af0172c8d67f22a81680132681ca	images\01d448afd928065458cf670b60f5a594d735af0172c8d67f22a81680132681ca.bin
C:\Projects\M2022\Backups\SetupDefaults - Copy.dfm	SetupDefaults - Copy.pas	dfm	TdlgSetupDefaults	OvcNotebook1ZZ1.Page2.edtIPDefCPksS	edtIPDefCPksS	TOvcSimpleField			RangeHigh	single			10	0	0	0	0							8183c64e867670d7f6c3cada0d8ba4577448c2ad940c00e406ac8783c8b22d42	images\8183c64e867670d7f6c3cada0d8ba4577448c2ad940c00e406ac8783c8b22d42.bin
C:\Projects\M2022\Backups\SetupDefaults - Copy.dfm	SetupDefaults - Copy.pas	dfm	TdlgSetupDefaults	OvcNotebook1ZZ1.Page2.edtIPDefCPksS	edtIPDefCPksS	TOvcSimpleField			RangeLow	single			10	0	0	0	0							01d448afd928065458cf670b60f5a594d735af0172c8d67f22a81680132681ca	images\01d448afd928065458cf670b60f5a594d735af0172c8d67f22a81680132681ca.bin
C:\Projects\M2022\Backups\SetupDefaults - Copy.dfm	SetupDefaults - Copy.pas	dfm	TdlgSetupDefaults	OvcNotebook1ZZ1.Page2.edtIPDefCPksC	edtIPDefCPksC	TOvcSimpleField			RangeHigh	single			10	0	0	0	0							8183c64e867670d7f6c3cada0d8ba4577448c2ad940c00e406ac8783c8b22d42	images\8183c64e867670d7f6c3cada0d8ba4577448c2ad940c00e406ac8783c8b22d42.bin
C:\Projects\M2022\Backups\SetupDefaults - Copy.dfm	SetupDefaults - Copy.pas	dfm	TdlgSetupDefaults	OvcNotebook1ZZ1.Page2.edtIPDefCPksC	edtIPDefCPksC	TOvcSimpleField			RangeLow	single			10	0	0	0	0							01d448afd928065458cf670b60f5a594d735af0172c8d67f22a81680132681ca	images\01d448afd928065458cf670b60f5a594d735af0172c8d67f22a81680132681ca.bin
C:\Projects\M2022\Backups\SetupDefaults - Copy.dfm	SetupDefaults - Copy.pas	dfm	TdlgSetupDefaults	OvcNotebook1ZZ1.Page2.edtIPDefCPksM	edtIPDefCPksM	TOvcSimpleField			RangeHigh	single			10	0	0	0	0							8183c64e867670d7f6c3cada0d8ba4577448c2ad940c00e406ac8783c8b22d42	images\8183c64e867670d7f6c3cada0d8ba4577448c2ad940c00e406ac8783c8b22d42.bin
C:\Projects\M2022\Backups\SetupDefaults - Copy.dfm	SetupDefaults - Copy.pas	dfm	TdlgSetupDefaults	OvcNotebook1ZZ1.Page2.edtIPDefCPksM	edtIPDefCPksM	TOvcSimpleField			RangeLow	single			10	0	0	0	0							01d448afd928065458cf670b60f5a594d735af0172c8d67f22a81680132681ca	images\01d448afd928065458cf670b60f5a594d735af0172c8d67f22a81680132681ca.bin
C:\Projects\M2022\Backups\SetupDefaults - Copy.dfm	SetupDefaults - Copy.pas	dfm	TdlgSetupDefaults	OvcNotebook1ZZ1.Page2.edtIPDefCPSamprd2S	edtIPDefCPSamprd2S	TOvcSimpleField			RangeHigh	single			10	0	0	0	0							8183c64e867670d7f6c3cada0d8ba4577448c2ad940c00e406ac8783c8b22d42	images\8183c64e867670d7f6c3cada0d8ba4577448c2ad940c00e406ac8783c8b22d42.bin
C:\Projects\M2022\Backups\SetupDefaults - Copy.dfm	SetupDefaults - Copy.pas	dfm	TdlgSetupDefaults	OvcNotebook1ZZ1.Page2.edtIPDefCPSamprd2S	edtIPDefCPSamprd2S	TOvcSimpleField			RangeLow	single			10	0	0	0	0							01d448afd928065458cf670b60f5a594d735af0172c8d67f22a81680132681ca	images\01d448afd928065458cf670b60f5a594d735af0172c8d67f22a81680132681ca.bin
C:\Projects\M2022\Backups\SetupDefaults - Copy.dfm	SetupDefaults - Copy.pas	dfm	TdlgSetupDefaults	OvcNotebook1ZZ1.Page2.edtIPDefCPSamprd2C	edtIPDefCPSamprd2C	TOvcSimpleField			RangeHigh	single			10	0	0	0	0							8183c64e867670d7f6c3cada0d8ba4577448c2ad940c00e406ac8783c8b22d42	images\8183c64e867670d7f6c3cada0d8ba4577448c2ad940c00e406ac8783c8b22d42.bin
C:\Projects\M2022\Backups\SetupDefaults - Copy.dfm	SetupDefaults - Copy.pas	dfm	TdlgSetupDefaults	OvcNotebook1ZZ1.Page2.edtIPDefCPSamprd2C	edtIPDefCPSamprd2C	TOvcSimpleField			RangeLow	single			10	0	0	0	0							01d448afd928065458cf670b60f5a594d735af0172c8d67f22a81680132681ca	images\01d448afd928065458cf670b60f5a594d735af0172c8d67f22a81680132681ca.bin
C:\Projects\M2022\Backups\SetupDefaults - Copy.dfm	SetupDefaults - Copy.pas	dfm	TdlgSetupDefaults	OvcNotebook1ZZ1.Page2.edtIPDefCPSamprd2M	edtIPDefCPSamprd2M	TOvcSimpleField			RangeHigh	single			10	0	0	0	0							8183c64e867670d7f6c3cada0d8ba4577448c2ad940c00e406ac8783c8b22d42	images\8183c64e867670d7f6c3cada0d8ba4577448c2ad940c00e406ac8783c8b22d42.bin
C:\Projects\M2022\Backups\SetupDefaults - Copy.dfm	SetupDefaults - Copy.pas	dfm	TdlgSetupDefaults	OvcNotebook1ZZ1.Page2.edtIPDefCPSamprd2M	edtIPDefCPSamprd2M	TOvcSimpleField			RangeLow	single			10	0	0	0	0							01d448afd928065458cf670b60f5a594d735af0172c8d67f22a81680132681ca	images\01d448afd928065458cf670b60f5a594d735af0172c8d67f22a81680132681ca.bin
C:\Projects\M2022\Backups\SetupDefaults - Copy.dfm	SetupDefaults - Copy.pas	dfm	TdlgSetupDefaults	OvcNotebook1ZZ1.Page2.edtIPDefCPSampsS	edtIPDefCPSampsS	TOvcSimpleField			RangeHigh	single			10	0	0	0	0							8183c64e867670d7f6c3cada0d8ba4577448c2ad940c00e406ac8783c8b22d42	images\8183c64e867670d7f6c3cada0d8ba4577448c2ad940c00e406ac8783c8b22d42.bin
C:\Projects\M2022\Backups\SetupDefaults - Copy.dfm	SetupDefaults - Copy.pas	dfm	TdlgSetupDefaults	OvcNotebook1ZZ1.Page2.edtIPDefCPSampsS	edtIPDefCPSampsS	TOvcSimpleField			RangeLow	single			10	0	0	0	0							01d448afd928065458cf670b60f5a594d735af0172c8d67f22a81680132681ca	images\01d448afd928065458cf670b60f5a594d735af0172c8d67f22a81680132681ca.bin
C:\Projects\M2022\Backups\SetupDefaults - Copy.dfm	SetupDefaults - Copy.pas	dfm	TdlgSetupDefaults	OvcNotebook1ZZ1.Page2.edtIPDefCPSampsC	edtIPDefCPSampsC	TOvcSimpleField			RangeHigh	single			10	0	0	0	0							8183c64e867670d7f6c3cada0d8ba4577448c2ad940c00e406ac8783c8b22d42	images\8183c64e867670d7f6c3cada0d8ba4577448c2ad940c00e406ac8783c8b22d42.bin
C:\Projects\M2022\Backups\SetupDefaults - Copy.dfm	SetupDefaults - Copy.pas	dfm	TdlgSetupDefaults	OvcNotebook1ZZ1.Page2.edtIPDefCPSampsC	edtIPDefCPSampsC	TOvcSimpleField			RangeLow	single			10	0	0	0	0							01d448afd928065458cf670b60f5a594d735af0172c8d67f22a81680132681ca	images\01d448afd928065458cf670b60f5a594d735af0172c8d67f22a81680132681ca.bin
C:\Projects\M2022\Backups\SetupDefaults - Copy.dfm	SetupDefaults - Copy.pas	dfm	TdlgSetupDefaults	OvcNotebook1ZZ1.Page2.edtIPDefCPSampsM	edtIPDefCPSampsM	TOvcSimpleField			RangeHigh	single			10	0	0	0	0							8183c64e867670d7f6c3cada0d8ba4577448c2ad940c00e406ac8783c8b22d42	images\8183c64e867670d7f6c3cada0d8ba4577448c2ad940c00e406ac8783c8b22d42.bin
C:\Projects\M2022\Backups\SetupDefaults - Copy.dfm	SetupDefaults - Copy.pas	dfm	TdlgSetupDefaults	OvcNotebook1ZZ1.Page2.edtIPDefCPSampsM	edtIPDefCPSampsM	TOvcSimpleField			RangeLow	single			10	0	0	0	0							01d448afd928065458cf670b60f5a594d735af0172c8d67f22a81680132681ca	images\01d448afd928065458cf670b60f5a594d735af0172c8d67f22a81680132681ca.bin
C:\Projects\M2022\Backups\SetupDefaults - Copy.dfm	SetupDefaults - Copy.pas	dfm	TdlgSetupDefaults	OvcNotebook1ZZ1.Page2.edtIPDefCPkSamprd2S	edtIPDefCPkSamprd2S	TOvcSimpleField			RangeHigh	single			10	0	0	0	0							8183c64e867670d7f6c3cada0d8ba4577448c2ad940c00e406ac8783c8b22d42	images\8183c64e867670d7f6c3cada0d8ba4577448c2ad940c00e406ac8783c8b22d42.bin
C:\Projects\M2022\Backups\SetupDefaults - Copy.dfm	SetupDefaults - Copy.pas	dfm	TdlgSetupDefaults	OvcNotebook1ZZ1.Page2.edtIPDefCPkSamprd2S	edtIPDefCPkSamprd2S	TOvcSimpleField			RangeLow	single			10	0	0	0	0							01d448afd928065458cf670b60f5a594d735af0172c8d67f22a81680132681ca	images\01d448afd928065458cf670b60f5a594d735af0172c8d67f22a81680132681ca.bin
C:\Projects\M2022\Backups\SetupDefaults - Copy.dfm	SetupDefaults - Copy.pas	dfm	TdlgSetupDefaults	OvcNotebook1ZZ1.Page2.edtIPDefCPkSamprd2C	edtIPDefCPkSamprd2C	TOvcSimpleField			RangeHigh	single			10	0	0	0	0							8183c64e867670d7f6c3cada0d8ba4577448c2ad940c00e406ac8783c8b22d42	images\8183c64e867670d7f6c3cada0d8ba4577448c2ad940c00e406ac8783c8b22d42.bin
C:\Projects\M2022\Backups\SetupDefaults - Copy.dfm	SetupDefaults - Copy.pas	dfm	TdlgSetupDefaults	OvcNotebook1ZZ1.Page2.edtIPDefCPkSamprd2C	edtIPDefCPkSamprd2C	TOvcSimpleField			RangeLow	single			10	0	0	0	0							01d448afd928065458cf670b60f5a594d735af0172c8d67f22a81680132681ca	images\01d448afd928065458cf670b60f5a594d735af0172c8d67f22a81680132681ca.bin
C:\Projects\M2022\Backups\SetupDefaults - Copy.dfm	SetupDefaults - Copy.pas	dfm	TdlgSetupDefaults	OvcNotebook1ZZ1.Page2.edtIPDefCPkSamprd2M	edtIPDefCPkSamprd2M	TOvcSimpleField			RangeHigh	single			10	0	0	0	0							8183c64e867670d7f6c3cada0d8ba4577448c2ad940c00e406ac8783c8b22d42	images\8183c64e867670d7f6c3cada0d8ba4577448c2ad940c00e406ac8783c8b22d42.bin
C:\Projects\M2022\Backups\SetupDefaults - Copy.dfm	SetupDefaults - Copy.pas	dfm	TdlgSetupDefaults	OvcNotebook1ZZ1.Page2.edtIPDefCPkSamprd2M	edtIPDefCPkSamprd2M	TOvcSimpleField			RangeLow	single			10	0	0	0	0							01d448afd928065458cf670b60f5a594d735af0172c8d67f22a81680132681ca	images\01d448afd928065458cf670b60f5a594d735af0172c8d67f22a81680132681ca.bin
C:\Projects\M2022\Backups\SetupDefaults - Copy.dfm	SetupDefaults - Copy.pas	dfm	TdlgSetupDefaults	OvcNotebook1ZZ1.Page2.edtIPDefCPkSampsS	edtIPDefCPkSampsS	TOvcSimpleField			RangeHigh	single			10	0	0	0	0							8183c64e867670d7f6c3cada0d8ba4577448c2ad940c00e406ac8783c8b22d42	images\8183c64e867670d7f6c3cada0d8ba4577448c2ad940c00e406ac8783c8b22d42.bin
C:\Projects\M2022\Backups\SetupDefaults - Copy.dfm	SetupDefaults - Copy.pas	dfm	TdlgSetupDefaults	OvcNotebook1ZZ1.Page2.edtIPDefCPkSampsS	edtIPDefCPkSampsS	TOvcSimpleField			RangeLow	single			10	0	0	0	0							01d448afd928065458cf670b60f5a594d735af0172c8d67f22a81680132681ca	images\01d448afd928065458cf670b60f5a594d735af0172c8d67f22a81680132681ca.bin
C:\Projects\M2022\Backups\SetupDefaults - Copy.dfm	SetupDefaults - Copy.pas	dfm	TdlgSetupDefaults	OvcNotebook1ZZ1.Page2.edtIPDefCPkSampsC	edtIPDefCPkSampsC	TOvcSimpleField			RangeHigh	single			10	0	0	0	0							8183c64e867670d7f6c3cada0d8ba4577448c2ad940c00e406ac8783c8b22d42	images\8183c64e867670d7f6c3cada0d8ba4577448c2ad940c00e406ac8783c8b22d42.bin
C:\Projects\M2022\Backups\SetupDefaults - Copy.dfm	SetupDefaults - Copy.pas	dfm	TdlgSetupDefaults	OvcNotebook1ZZ1.Page2.edtIPDefCPkSampsC	edtIPDefCPkSampsC	TOvcSimpleField			RangeLow	single			10	0	0	0	0							01d448afd928065458cf670b60f5a594d735af0172c8d67f22a81680132681ca	images\01d448afd928065458cf670b60f5a594d735af0172c8d67f22a81680132681ca.bin
C:\Projects\M2022\Backups\SetupDefaults - Copy.dfm	SetupDefaults - Copy.pas	dfm	TdlgSetupDefaults	OvcNotebook1ZZ1.Page2.edtIPDefCPkSampsM	edtIPDefCPkSampsM	TOvcSimpleField			RangeHigh	single			10	0	0	0	0							8183c64e867670d7f6c3cada0d8ba4577448c2ad940c00e406ac8783c8b22d42	images\8183c64e867670d7f6c3cada0d8ba4577448c2ad940c00e406ac8783c8b22d42.bin
C:\Projects\M2022\Backups\SetupDefaults - Copy.dfm	SetupDefaults - Copy.pas	dfm	TdlgSetupDefaults	OvcNotebook1ZZ1.Page2.edtIPDefCPkSampsM	edtIPDefCPkSampsM	TOvcSimpleField			RangeLow	single			10	0	0	0	0							01d448afd928065458cf670b60f5a594d735af0172c8d67f22a81680132681ca	images\01d448afd928065458cf670b60f5a594d735af0172c8d67f22a81680132681ca.bin
C:\Projects\M2022\Backups\SetupDefaults - Copy.dfm	SetupDefaults - Copy.pas	dfm	TdlgSetupDefaults	OvcNotebook1ZZ1.Page2.edtFPDefaultLimits	edtFPDefaultLimits	TOvcNumberEdit			ButtonGlyph.Data	single		bmp	334	11	11	16	0					1		ce63b9d610d13e2c79f4f55cfa8d9ba43ba1a397fed73be375873f63f88bc27e	images\ce63b9d610d13e2c79f4f55cfa8d9ba43ba1a397fed73be375873f63f88bc27e.bmp
C:\Projects\M2022\Backups\SetupDefaults - Copy.dfm	SetupDefaults - Copy.pas	dfm	TdlgSetupDefaults	dxRibbon1	dxRibbon1	TdxRibbon			ApplicationButton.Glyph.Data	single		svg	6695	0	0	0	0							2ef16cbae2e702e3cf172d62899bb51ec4f9892d4331aa3c11102588eed9dfd6	images\2ef16cbae2e702e3cf172d62899bb51ec4f9892d4331aa3c11102588eed9dfd6.svg
C:\Projects\M2022\Backups\SetupDefaults - Copy.dfm	SetupDefaults - Copy.pas	dfm	TdlgSetupDefaults	dxRibbon1	dxRibbon1	TdxRibbon			BackgroundImage.Data	single		svg	6695	0	0	0	0							2ef16cbae2e702e3cf172d62899bb51ec4f9892d4331aa3c11102588eed9dfd6	images\2ef16cbae2e702e3cf172d62899bb51ec4f9892d4331aa3c11102588eed9dfd6.svg
C:\Projects\M2022\Backups\SetupDefaults - Copy.dfm	SetupDefaults - Copy.pas	dfm	TdlgSetupDefaults	Panel1.cxImage1	cxImage1	TcxImage			Picture.Data	single	TdxSmartImage		6709	0	0	0	0							322222c79f9dffa7339c7209ff1871c6e9446c4d93317cc49750f7a08e23ff38	images\322222c79f9dffa7339c7209ff1871c6e9446c4d93317cc49750f7a08e23ff38.bin
C:\Projects\M2022\Backups\SetupDefaults - Copy.dfm	SetupDefaults - Copy.pas	dfm	TdlgSetupDefaults	OvcNotebook1.Page1.RzPanel13.edtFolderFefreshRate	edtFolderFefreshRate	TOvcSimpleField			RangeHigh	single			10	0	0	0	0							043e8b2d6ba93d38d9c30f20405c0c16fc8f2619ada3c055d9f56f2e1d1afc25	images\043e8b2d6ba93d38d9c30f20405c0c16fc8f2619ada3c055d9f56f2e1d1afc25.bin
C:\Projects\M2022\Backups\SetupDefaults - Copy.dfm	SetupDefaults - Copy.pas	dfm	TdlgSetupDefaults	OvcNotebook1.Page1.RzPanel13.edtFolderFefreshRate	edtFolderFefreshRate	TOvcSimpleField			RangeLow	single			10	0	0	0	0							01d448afd928065458cf670b60f5a594d735af0172c8d67f22a81680132681ca	images\01d448afd928065458cf670b60f5a594d735af0172c8d67f22a81680132681ca.bin
C:\Projects\M2022\Backups\SetupDefaults - Copy.dfm	SetupDefaults - Copy.pas	dfm	TdlgSetupDefaults	OvcNotebook1.Page1.RzPanel13.edtTimeinDataEntry	edtTimeinDataEntry	TOvcSimpleField			RangeHigh	single			10	0	0	0	0							487c551dc5b6edcd75bad04ec1d77e82cd5c6d7c9f16feee02a998680a3b156a	images\487c551dc5b6edcd75bad04ec1d77e82cd5c6d7c9f16feee02a998680a3b156a.bin
C:\Projects\M2022\Backups\SetupDefaults - Copy.dfm	SetupDefaults - Copy.pas	dfm	TdlgSetupDefaults	OvcNotebook1.Page1.RzPanel13.edtTimeinDataEntry	edtTimeinDataEntry	TOvcSimpleField			RangeLow	single			10	0	0	0	0							01d448afd928065458cf670b60f5a594d735af0172c8d67f22a81680132681ca	images\01d448afd928065458cf670b60f5a594d735af0172c8d67f22a81680132681ca.bin
C:\Projects\M2022\Backups\SetupDefaults - Copy.dfm	SetupDefaults - Copy.pas	dfm	TdlgSetupDefaults	OvcNotebook1.Page1.RzPanel13.edtTimeInJobFolder	edtTimeInJobFolder	TOvcSimpleField			RangeHigh	single			10	0	0	0	0							a50051369aee7a65bc52614f9e576986f29a36948816a07c5c23a1228f88dc7e	images\a50051369aee7a65bc52614f9e576986f29a36948816a07c5c23a1228f88dc7e.bin
C:\Projects\M2022\Backups\SetupDefaults - Copy.dfm	SetupDefaults - Copy.pas	dfm	TdlgSetupDefaults	OvcNotebook1.Page1.RzPanel13.edtTimeInJobFolder	edtTimeInJobFolder	TOvcSimpleField			RangeLow	single			10	0	0	0	0							01d448afd928065458cf670b60f5a594d735af0172c8d67f22a81680132681ca	images\01d448afd928065458cf670b60f5a594d735af0172c8d67f22a81680132681ca.bin
C:\Projects\M2022\Backups\SetupDefaults - Copy.dfm	SetupDefaults - Copy.pas	dfm	TdlgSetupDefaults	OvcNotebook1.Page1.RzPanel13.edtDefaultDecimals	edtDefaultDecimals	TOvcSimpleField			RangeHigh	single			10	0	0	0	0							66bed744dab31123cb725b00788d391827d287fbae8d3c7a9316ab298958de10	images\66bed744dab31123cb725b00788d391827d287fbae8d3c7a9316ab298958de10.bin
C:\Projects\M2022\Backups\SetupDefaults - Copy.dfm	SetupDefaults - Copy.pas	dfm	TdlgSetupDefaults	OvcNotebook1.Page1.RzPanel13.edtDefaultDecimals	edtDefaultDecimals	TOvcSimpleField			RangeLow	single			10	0	0	0	0							01d448afd928065458cf670b60f5a594d735af0172c8d67f22a81680132681ca	images\01d448afd928065458cf670b60f5a594d735af0172c8d67f22a81680132681ca.bin
C:\Projects\M2022\Backups\SetupDefaults - Copy.dfm	SetupDefaults - Copy.pas	dfm	TdlgSetupDefaults	OvcNotebook1.Page1Page2.RzPanel18.RzGroupBox1.edtGagePort	edtGagePort	TOvcSimpleField			RangeHigh	single			10	0	0	0	0							6b0c3df6ebbc450f79c559dd34c1d7dbb67e20e35bb80017c4f096f5f9bc010f	images\6b0c3df6ebbc450f79c559dd34c1d7dbb67e20e35bb80017c4f096f5f9bc010f.bin
C:\Projects\M2022\Backups\SetupDefaults - Copy.dfm	SetupDefaults - Copy.pas	dfm	TdlgSetupDefaults	OvcNotebook1.Page1Page2.RzPanel18.RzGroupBox1.edtGagePort	edtGagePort	TOvcSimpleField			RangeLow	single			10	0	0	0	0							01d448afd928065458cf670b60f5a594d735af0172c8d67f22a81680132681ca	images\01d448afd928065458cf670b60f5a594d735af0172c8d67f22a81680132681ca.bin
C:\Projects\M2022\Backups\SetupDefaults - Copy.dfm	SetupDefaults - Copy.pas	dfm	TdlgSetupDefaults	OvcNotebook1.Page1Page2.Panel00.edtSampleOverdueMinutes	edtSampleOverdueMinutes	TOvcSimpleField			RangeHigh	single			10	0	0	0	0							43ea288cc4020af265153c84f5a7d00ee61911c69e428dbdb60e9287520c034e	images\43ea288cc4020af265153c84f5a7d00ee61911c69e428dbdb60e9287520c034e.bin
C:\Projects\M2022\Backups\SetupDefaults - Copy.dfm	SetupDefaults - Copy.pas	dfm	TdlgSetupDefaults	OvcNotebook1.Page1Page2.Panel00.edtSampleOverdueMinutes	edtSampleOverdueMinutes	TOvcSimpleField			RangeLow	single			10	0	0	0	0							01d448afd928065458cf670b60f5a594d735af0172c8d67f22a81680132681ca	images\01d448afd928065458cf670b60f5a594d735af0172c8d67f22a81680132681ca.bin
C:\Projects\M2022\Backups\SetupDefaults - Copy.dfm	SetupDefaults - Copy.pas	dfm	TdlgSetupDefaults	OvcNotebook1.Page1Page2.Panel00.edtShiftDuration	edtShiftDuration	TOvcSimpleField			RangeHigh	single			10	0	0	0	0							48622df28efceb09e85a7be8afb9e0a96186ca1ea555c189dbf6d5a99f6501ef	images\48622df28efceb09e85a7be8afb9e0a96186ca1ea555c189dbf6d5a99f6501ef.bin
C:\Projects\M2022\Backups\SetupDefaults - Copy.dfm	SetupDefaults - Copy.pas	dfm	TdlgSetupDefaults	OvcNotebook1.Page1Page2.Panel00.edtShiftDuration	edtShiftDuration	TOvcSimpleField			RangeLow	single			10	0	0	0	0							96eeff563b3135e3f77964e8c062328fd207c8bc9e754fc423abaf83eb3f1490	images\96eeff563b3135e3f77964e8c062328fd207c8bc9e754fc423abaf83eb3f1490.bin
C:\Projects\M2022\Backups\SetupDefaults - Copy.dfm	SetupDefaults - Copy.pas	dfm	TdlgSetupDefaults	OvcNotebook1.Page4.edtIPDefSampleSizeS	edtIPDefSampleSizeS	TOvcSimpleField			RangeHigh	single			10	0	0	0	0							e5dae50a7786dae6f5e493ad322c163ec4102f66cd455fc5901179a5fa48152a	images\e5dae50a7786dae6f5e493ad322c163ec4102f66cd455fc5901179a5fa48152a.bin
C:\Projects\M2022\Backups\SetupDefaults - Copy.dfm	SetupDefaults - Copy.pas	dfm	TdlgSetupDefaults	OvcNotebook1.Page4.edtIPDefSampleSizeS	edtIPDefSampleSizeS	TOvcSimpleField			RangeLow	single			10	0	0	0	0							41f45e0c4ba13f0e8c873f321d4a83b354816b4f6f1c7cb51b97d7fae02ebe25	images\41f45e0c4ba13f0e8c873f321d4a83b354816b4f6f1c7cb51b97d7fae02ebe25.bin
C:\Projects\M2022\Backups\SetupDefaults - Copy.dfm	SetupDefaults - Copy.pas	dfm	TdlgSetupDefaults	OvcNotebook1.Page4.edtIPDefSampleSizeC	edtIPDefSampleSizeC	TOvcSimpleField			RangeHigh	single			10	0	0	0	0							e5dae50a7786dae6f5e493ad322c163ec4102f66cd455fc5901179a5fa48152a	images\e5dae50a7786dae6f5e493ad322c163ec4102f66cd455fc5901179a5fa48152a.bin
C:\Projects\M2022\Backups\SetupDefaults - Copy.dfm	SetupDefaults - Copy.pas	dfm	TdlgSetupDefaults	OvcNotebook1.Page4.edtIPDefSampleSizeC	edtIPDefSampleSizeC	TOvcSimpleField			RangeLow	single			10	0	0	0	0							41f45e0c4ba13f0e8c873f321d4a83b354816b4f6f1c7cb51b97d7fae02ebe25	images\41f45e0c4ba13f0e8c873f321d4a83b354816b4f6f1c7cb51b97d7fae02ebe25.bin
C:\Projects\M2022\Backups\SetupDefaults - Copy.dfm	SetupDefaults - Copy.pas	dfm	TdlgSetupDefaults	OvcNotebook1.Page4.edtIPDefSampleSizeM	edtIPDefSampleSizeM	TOvcSimpleField			RangeHigh	single			10	0	0	0	0							e5dae50a7786dae6f5e493ad322c163ec4102f66cd455fc5901179a5fa48152a	images\e5dae50a7786dae6f5e493ad322c163ec4102f66cd455fc5901179a5fa48152a.bin
C:\Projects\M2022\Backups\SetupDefaults - Copy.dfm	SetupDefaults - Copy.pas	dfm	TdlgSetupDefaults	OvcNotebook1.Page4.edtIPDefSampleSizeM	edtIPDefSampleSizeM	TOvcSimpleField			RangeLow	single			10	0	0	0	0							41f45e0c4ba13f0e8c873f321d4a83b354816b4f6f1c7cb51b97d7fae02ebe25	images\41f45e0c4ba13f0e8c873f321d4a83b354816b4f6f1c7cb51b97d7fae02ebe25.bin
C:\Projects\M2022\Backups\SetupDefaults - Copy.dfm	SetupDefaults - Copy.pas	dfm	TdlgSetupDefaults	OvcNotebook1.Page5.OvcSimpleField16	OvcSimpleField16	TOvcSimpleField			RangeHigh	single			10	0	0	0	0							e202858d67084cf31a2b94b4546dbbd5662ffc2f6ed54d0e37dacf16fd4d827a	images\e202858d67084cf31a2b94b4546dbbd5662ffc2f6ed54d0e37dacf16fd4d827a.bin
C:\Projects\M2022\Backups\SetupDefaults - Copy.dfm	SetupDefaults - Copy.pas	dfm	TdlgSetupDefaults	OvcNotebook1.Page5.OvcSimpleField16	OvcSimpleField16	TOvcSimpleField			RangeLow	single			10	0	0	0	0							01d448afd928065458cf670b60f5a594d735af0172c8d67f22a81680132681ca	images\01d448afd928065458cf670b60f5a594d735af0172c8d67f22a81680132681ca.bin
C:\Projects\M2022\Backups\SetupDefaults - Copy.dfm	SetupDefaults - Copy.pas	dfm	TdlgSetupDefaults	OvcNotebook1.Page5.OvcSimpleField17	OvcSimpleField17	TOvcSimpleField			RangeHigh	single			10	0	0	0	0							e202858d67084cf31a2b94b4546dbbd5662ffc2f6ed54d0e37dacf16fd4d827a	images\e202858d67084cf31a2b94b4546dbbd5662ffc2f6ed54d0e37dacf16fd4d827a.bin
C:\Projects\M2022\Backups\SetupDefaults - Copy.dfm	SetupDefaults - Copy.pas	dfm	TdlgSetupDefaults	OvcNotebook1.Page5.OvcSimpleField17	OvcSimpleField17	TOvcSimpleField			RangeLow	single			10	0	0	0	0							01d448afd928065458cf670b60f5a594d735af0172c8d67f22a81680132681ca	images\01d448afd928065458cf670b60f5a594d735af0172c8d67f22a81680132681ca.bin
C:\Projects\M2022\Backups\SetupDefaults - Copy.dfm	SetupDefaults - Copy.pas	dfm	TdlgSetupDefaults	OvcNotebook1.Page5.OvcSimpleField18	OvcSimpleField18	TOvcSimpleField			RangeHigh	single			10	0	0	0	0							e202858d67084cf31a2b94b4546dbbd5662ffc2f6ed54d0e37dacf16fd4d827a	images\e202858d67084cf31a2b94b4546dbbd5662ffc2f6ed54d0e37dacf16fd4d827a.bin
C:\Projects\M2022\Backups\SetupDefaults - Copy.dfm	SetupDefaults - Copy.pas	dfm	TdlgSetupDefaults	OvcNotebook1.Page5.OvcSimpleField18	OvcSimpleField18	TOvcSimpleField			RangeLow	single			10	0	0	0	0							01d448afd928065458cf670b60f5a594d735af0172c8d67f22a81680132681ca	images\01d448afd928065458cf670b60f5a594d735af0172c8d67f22a81680132681ca.bin
C:\Projects\M2022\Backups\SetupDefaults - Copy.dfm	SetupDefaults - Copy.pas	dfm	TdlgSetupDefaults	OvcNotebook1.Page5.OvcSimpleField19	OvcSimpleField19	TOvcSimpleField			RangeHigh	single			10	0	0	0	0							e202858d67084cf31a2b94b4546dbbd5662ffc2f6ed54d0e37dacf16fd4d827a	images\e202858d67084cf31a2b94b4546dbbd5662ffc2f6ed54d0e37dacf16fd4d827a.bin
C:\Projects\M2022\Backups\SetupDefaults - Copy.dfm	SetupDefaults - Copy.pas	dfm	TdlgSetupDefaults	OvcNotebook1.Page5.OvcSimpleField19	OvcSimpleField19	TOvcSimpleField			RangeLow	single			10	0	0	0	0							01d448afd928065458cf670b60f5a594d735af0172c8d67f22a81680132681ca	images\01d448afd928065458cf670b60f5a594d735af0172c8d67f22a81680132681ca.bin
C:\Projects\M2022\Backups\SetupDefaults - Copy.dfm	SetupDefaults - Copy.pas	dfm	TdlgSetupDefaults	OvcNotebook1.Page5.OvcSimpleField20	OvcSimpleField20	TOvcSimpleField			RangeHigh	single			10	0	0	0	0							e202858d67084cf31a2b94b4546dbbd5662ffc2f6ed54d0e37dacf16fd4d827a	images\e202858d67084cf31a2b94b4546dbbd5662ffc2f6ed54d0e37dacf16fd4d827a.bin
C:\Projects\M2022\Backups\SetupDefaults - Copy.dfm	SetupDefaults - Copy.pas	dfm	TdlgSetupDefaults	OvcNotebook1.Page5.OvcSimpleField20	OvcSimpleField20	TOvcSimpleField			RangeLow	single			10	0	0	0	0							01d448afd928065458cf670b60f5a594d735af0172c8d67f22a81680132681ca	images\01d448afd928065458cf670b60f5a594d735af0172c8d67f22a81680132681ca.bin
C:\Projects\M2022\Backups\SetupDefaults - Copy.dfm	SetupDefaults - Copy.pas	dfm	TdlgSetupDefaults	OvcNotebook1.Page5.OvcSimpleField21	OvcSimpleField21	TOvcSimpleField			RangeHigh	single			10	0	0	0	0							e202858d67084cf31a2b94b4546dbbd5662ffc2f6ed54d0e37dacf16fd4d827a	images\e202858d67084cf31a2b94b4546dbbd5662ffc2f6ed54d0e37dacf16fd4d827a.bin
C:\Projects\M2022\Backups\SetupDefaults - Copy.dfm	SetupDefaults - Copy.pas	dfm	TdlgSetupDefaults	OvcNotebook1.Page5.OvcSimpleField21	OvcSimpleField21	TOvcSimpleField			RangeLow	single			10	0	0	0	0							01d448afd928065458cf670b60f5a594d735af0172c8d67f22a81680132681ca	images\01d448afd928065458cf670b60f5a594d735af0172c8d67f22a81680132681ca.bin
C:\Projects\M2022\Backups\SetupDefaults - Copy.dfm	SetupDefaults - Copy.pas	dfm	TdlgSetupDefaults	OvcNotebook1.Page5.OvcSimpleField22	OvcSimpleField22	TOvcSimpleField			RangeHigh	single			10	0	0	0	0							e202858d67084cf31a2b94b4546dbbd5662ffc2f6ed54d0e37dacf16fd4d827a	images\e202858d67084cf31a2b94b4546dbbd5662ffc2f6ed54d0e37dacf16fd4d827a.bin
C:\Projects\M2022\Backups\SetupDefaults - Copy.dfm	SetupDefaults - Copy.pas	dfm	TdlgSetupDefaults	OvcNotebook1.Page5.OvcSimpleField22	OvcSimpleField22	TOvcSimpleField			RangeLow	single			10	0	0	0	0							01d448afd928065458cf670b60f5a594d735af0172c8d67f22a81680132681ca	images\01d448afd928065458cf670b60f5a594d735af0172c8d67f22a81680132681ca.bin
C:\Projects\M2022\Backups\SetupDefaults - Copy.dfm	SetupDefaults - Copy.pas	dfm	TdlgSetupDefaults	OvcNotebook1.Page5.RzPanel17.RzPanel9.edtPpklValueLimit	edtPpklValueLimit	TOvcSimpleField			RangeHigh	single			10	0	0	0	0							e202858d67084cf31a2b94b4546dbbd5662ffc2f6ed54d0e37dacf16fd4d827a	images\e202858d67084cf31a2b94b4546dbbd5662ffc2f6ed54d0e37dacf16fd4d827a.bin
C:\Projects\M2022\Backups\SetupDefaults - Copy.dfm	SetupDefaults - Copy.pas	dfm	TdlgSetupDefaults	OvcNotebook1.Page5.RzPanel17.RzPanel9.edtPpklValueLimit	edtPpklValueLimit	TOvcSimpleField			RangeLow	single			10	0	0	0	0							01d448afd928065458cf670b60f5a594d735af0172c8d67f22a81680132681ca	images\01d448afd928065458cf670b60f5a594d735af0172c8d67f22a81680132681ca.bin
C:\Projects\M2022\Backups\SetupDefaults - Copy.dfm	SetupDefaults - Copy.pas	dfm	TdlgSetupDefaults	OvcNotebook1.Page5.RzPanel17.RzPanel9.edtPpkuValueLimit	edtPpkuValueLimit	TOvcSimpleField			RangeHigh	single			10	0	0	0	0							e202858d67084cf31a2b94b4546dbbd5662ffc2f6ed54d0e37dacf16fd4d827a	images\e202858d67084cf31a2b94b4546dbbd5662ffc2f6ed54d0e37dacf16fd4d827a.bin
C:\Projects\M2022\Backups\SetupDefaults - Copy.dfm	SetupDefaults - Copy.pas	dfm	TdlgSetupDefaults	OvcNotebook1.Page5.RzPanel17.RzPanel9.edtPpkuValueLimit	edtPpkuValueLimit	TOvcSimpleField			RangeLow	single			10	0	0	0	0							01d448afd928065458cf670b60f5a594d735af0172c8d67f22a81680132681ca	images\01d448afd928065458cf670b60f5a594d735af0172c8d67f22a81680132681ca.bin
C:\Projects\M2022\Backups\SetupDefaults - Copy.dfm	SetupDefaults - Copy.pas	dfm	TdlgSetupDefaults	OvcNotebook1.Page5.RzPanel17.RzPanel9.edtPlValueLimit	edtPlValueLimit	TOvcSimpleField			RangeHigh	single			10	0	0	0	0							e202858d67084cf31a2b94b4546dbbd5662ffc2f6ed54d0e37dacf16fd4d827a	images\e202858d67084cf31a2b94b4546dbbd5662ffc2f6ed54d0e37dacf16fd4d827a.bin
C:\Projects\M2022\Backups\SetupDefaults - Copy.dfm	SetupDefaults - Copy.pas	dfm	TdlgSetupDefaults	OvcNotebook1.Page5.RzPanel17.RzPanel9.edtPlValueLimit	edtPlValueLimit	TOvcSimpleField			RangeLow	single			10	0	0	0	0							01d448afd928065458cf670b60f5a594d735af0172c8d67f22a81680132681ca	images\01d448afd928065458cf670b60f5a594d735af0172c8d67f22a81680132681ca.bin
C:\Projects\M2022\Backups\SetupDefaults - Copy.dfm	SetupDefaults - Copy.pas	dfm	TdlgSetupDefaults	OvcNotebook1.Page5.RzPanel17.RzPanel9.edtPuValueLimit	edtPuValueLimit	TOvcSimpleField			RangeHigh	single			10	0	0	0	0							e202858d67084cf31a2b94b4546dbbd5662ffc2f6ed54d0e37dacf16fd4d827a	images\e202858d67084cf31a2b94b4546dbbd5662ffc2f6ed54d0e37dacf16fd4d827a.bin
C:\Projects\M2022\Backups\SetupDefaults - Copy.dfm	SetupDefaults - Copy.pas	dfm	TdlgSetupDefaults	OvcNotebook1.Page5.RzPanel17.RzPanel9.edtPuValueLimit	edtPuValueLimit	TOvcSimpleField			RangeLow	single			10	0	0	0	0							01d448afd928065458cf670b60f5a594d735af0172c8d67f22a81680132681ca	images\01d448afd928065458cf670b60f5a594d735af0172c8d67f22a81680132681ca.bin
C:\Projects\M2022\Backups\SetupDefaults - Copy.dfm	SetupDefaults - Copy.pas	dfm	TdlgSetupDefaults	OvcNotebook1.Page5.RzPanel17.RzPanel9.edtCpkValueLimit	edtCpkValueLimit	TOvcSimpleField			RangeHigh	single			10	0	0	0	0							e202858d67084cf31a2b94b4546dbbd5662ffc2f6ed54d0e37dacf16fd4d827a	images\e202858d67084cf31a2b94b4546dbbd5662ffc2f6ed54d0e37dacf16fd4d827a.bin
C:\Projects\M2022\Backups\SetupDefaults - Copy.dfm	SetupDefaults - Copy.pas	dfm	TdlgSetupDefaults	OvcNotebook1.Page5.RzPanel17.RzPanel9.edtCpkValueLimit	edtCpkValueLimit	TOvcSimpleField			RangeLow	single			10	0	0	0	0							01d448afd928065458cf670b60f5a594d735af0172c8d67f22a81680132681ca	images\01d448afd928065458cf670b60f5a594d735af0172c8d67f22a81680132681ca.bin
C:\Projects\M2022\Backups\SetupDefaults - Copy.dfm	SetupDefaults - Copy.pas	dfm	TdlgSetupDefaults	OvcNotebook1.Page5.RzPanel17.RzPanel9.edtCPValueLimit	edtCPValueLimit	TOvcSimpleField			RangeHigh	single			10	0	0	0	0							e202858d67084cf31a2b94b4546dbbd5662ffc2f6ed54d0e37dacf16fd4d827a	images\e202858d67084cf31a2b94b4546dbbd5662ffc2f6ed54d0e37dacf16fd4d827a.bin
C:\Projects\M2022\Backups\SetupDefaults - Copy.dfm	SetupDefaults - Copy.pas	dfm	TdlgSetupDefaults	OvcNotebook1.Page5.RzPanel17.RzPanel9.edtCPValueLimit	edtCPValueLimit	TOvcSimpleField			RangeLow	single			10	0	0	0	0							01d448afd928065458cf670b60f5a594d735af0172c8d67f22a81680132681ca	images\01d448afd928065458cf670b60f5a594d735af0172c8d67f22a81680132681ca.bin
C:\Projects\M2022\Backups\SetupDefaults - Copy.dfm	SetupDefaults - Copy.pas	dfm	TdlgSetupDefaults	OvcNotebook1.Page5.RzPanel17.RzPanel9.edtPpkValueLimit	edtPpkValueLimit	TOvcSimpleField			RangeHigh	single			10	0	0	0	0							e202858d67084cf31a2b94b4546dbbd5662ffc2f6ed54d0e37dacf16fd4d827a	images\e202858d67084cf31a2b94b4546dbbd5662ffc2f6ed54d0e37dacf16fd4d827a.bin
C:\Projects\M2022\Backups\SetupDefaults - Copy.dfm	SetupDefaults - Copy.pas	dfm	TdlgSetupDefaults	OvcNotebook1.Page5.RzPanel17.RzPanel9.edtPpkValueLimit	edtPpkValueLimit	TOvcSimpleField			RangeLow	single			10	0	0	0	0							01d448afd928065458cf670b60f5a594d735af0172c8d67f22a81680132681ca	images\01d448afd928065458cf670b60f5a594d735af0172c8d67f22a81680132681ca.bin
C:\Projects\M2022\Backups\SetupDefaults - Copy.dfm	SetupDefaults - Copy.pas	dfm	TdlgSetupDefaults	OvcNotebook1.Page5.RzPanel17.RzPanel9.edtPPValueLimit	edtPPValueLimit	TOvcSimpleField			RangeHigh	single			10	0	0	0	0							e202858d67084cf31a2b94b4546dbbd5662ffc2f6ed54d0e37dacf16fd4d827a	images\e202858d67084cf31a2b94b4546dbbd5662ffc2f6ed54d0e37dacf16fd4d827a.bin
C:\Projects\M2022\Backups\SetupDefaults - Copy.dfm	SetupDefaults - Copy.pas	dfm	TdlgSetupDefaults	OvcNotebook1.Page5.RzPanel17.RzPanel9.edtPPValueLimit	edtPPValueLimit	TOvcSimpleField			RangeLow	single			10	0	0	0	0							01d448afd928065458cf670b60f5a594d735af0172c8d67f22a81680132681ca	images\01d448afd928065458cf670b60f5a594d735af0172c8d67f22a81680132681ca.bin
C:\Projects\M2022\Backups\SetupDefaults - Copy.dfm	SetupDefaults - Copy.pas	dfm	TdlgSetupDefaults	OvcNotebook1.Page5.RzPanel17.RzPanel9.edtAQLValueLimit	edtAQLValueLimit	TOvcSimpleField			RangeHigh	single			10	0	0	0	0							e202858d67084cf31a2b94b4546dbbd5662ffc2f6ed54d0e37dacf16fd4d827a	images\e202858d67084cf31a2b94b4546dbbd5662ffc2f6ed54d0e37dacf16fd4d827a.bin
C:\Projects\M2022\Backups\SetupDefaults - Copy.dfm	SetupDefaults - Copy.pas	dfm	TdlgSetupDefaults	OvcNotebook1.Page5.RzPanel17.RzPanel9.edtAQLValueLimit	edtAQLValueLimit	TOvcSimpleField			RangeLow	single			10	0	0	0	0							01d448afd928065458cf670b60f5a594d735af0172c8d67f22a81680132681ca	images\01d448afd928065458cf670b60f5a594d735af0172c8d67f22a81680132681ca.bin
C:\Projects\M2022\Backups\SetupDefaults - Copy.dfm	SetupDefaults - Copy.pas	dfm	TdlgSetupDefaults	OvcNotebook1.Page5.RzPanel17.RzPanel9.edtOutValueLimit	edtOutValueLimit	TOvcSimpleField			RangeHigh	single			10	0	0	0	0							7aef47f1de3be50d508efbbfb6db945c4a0ad740a15a3542bea0ceaeb3fa915f	images\7aef47f1de3be50d508efbbfb6db945c4a0ad740a15a3542bea0ceaeb3fa915f.bin
C:\Projects\M2022\Backups\SetupDefaults - Copy.dfm	SetupDefaults - Copy.pas	dfm	TdlgSetupDefaults	OvcNotebook1.Page5.RzPanel17.RzPanel9.edtOutValueLimit	edtOutValueLimit	TOvcSimpleField			RangeLow	single			10	0	0	0	0							cc489d905e397e27ccb4c8ef1a673e227438a9ad4d95eb521b8266cdbc814141	images\cc489d905e397e27ccb4c8ef1a673e227438a9ad4d95eb521b8266cdbc814141.bin
C:\Projects\M2022\Backups\SetupDefaults - Copy.dfm	SetupDefaults - Copy.pas	dfm	TdlgSetupDefaults	OvcNotebook1.Page5.RzPanel17.RzPanel9.edtPHRValueLimit	edtPHRValueLimit	TOvcSimpleField			RangeHigh	single			10	0	0	0	0							e202858d67084cf31a2b94b4546dbbd5662ffc2f6ed54d0e37dacf16fd4d827a	images\e202858d67084cf31a2b94b4546dbbd5662ffc2f6ed54d0e37dacf16fd4d827a.bin
C:\Projects\M2022\Backups\SetupDefaults - Copy.dfm	SetupDefaults - Copy.pas	dfm	TdlgSetupDefaults	OvcNotebook1.Page5.RzPanel17.RzPanel9.edtPHRValueLimit	edtPHRValueLimit	TOvcSimpleField			RangeLow	single			10	0	0	0	0							01d448afd928065458cf670b60f5a594d735af0172c8d67f22a81680132681ca	images\01d448afd928065458cf670b60f5a594d735af0172c8d67f22a81680132681ca.bin
C:\Projects\M2022\Backups\SetupDefaults - Copy.dfm	SetupDefaults - Copy.pas	dfm	TdlgSetupDefaults	OvcNotebook1.Page5.RzPanel17.RzPanel9.edtPTZValueLimit	edtPTZValueLimit	TOvcSimpleField			RangeHigh	single			10	0	0	0	0							e202858d67084cf31a2b94b4546dbbd5662ffc2f6ed54d0e37dacf16fd4d827a	images\e202858d67084cf31a2b94b4546dbbd5662ffc2f6ed54d0e37dacf16fd4d827a.bin
C:\Projects\M2022\Backups\SetupDefaults - Copy.dfm	SetupDefaults - Copy.pas	dfm	TdlgSetupDefaults	OvcNotebook1.Page5.RzPanel17.RzPanel9.edtPTZValueLimit	edtPTZValueLimit	TOvcSimpleField			RangeLow	single			10	0	0	0	0							01d448afd928065458cf670b60f5a594d735af0172c8d67f22a81680132681ca	images\01d448afd928065458cf670b60f5a594d735af0172c8d67f22a81680132681ca.bin
C:\Projects\M2022\Backups\SetupDefaults - Copy.dfm	SetupDefaults - Copy.pas	dfm	TdlgSetupDefaults	OvcNotebook1.Page5.RzPanel17.RzPanel9.edtCPrd2ValueLimit	edtCPrd2ValueLimit	TOvcSimpleField			RangeHigh	single			10	0	0	0	0							e202858d67084cf31a2b94b4546dbbd5662ffc2f6ed54d0e37dacf16fd4d827a	images\e202858d67084cf31a2b94b4546dbbd5662ffc2f6ed54d0e37dacf16fd4d827a.bin
C:\Projects\M2022\Backups\SetupDefaults - Copy.dfm	SetupDefaults - Copy.pas	dfm	TdlgSetupDefaults	OvcNotebook1.Page5.RzPanel17.RzPanel9.edtCPrd2ValueLimit	edtCPrd2ValueLimit	TOvcSimpleField			RangeLow	single			10	0	0	0	0							01d448afd928065458cf670b60f5a594d735af0172c8d67f22a81680132681ca	images\01d448afd928065458cf670b60f5a594d735af0172c8d67f22a81680132681ca.bin
C:\Projects\M2022\Backups\SetupDefaults - Copy.dfm	SetupDefaults - Copy.pas	dfm	TdlgSetupDefaults	OvcNotebook1.Page5.RzPanel17.RzPanel9.edtZdlValueLimit	edtZdlValueLimit	TOvcSimpleField			RangeHigh	single			10	0	0	0	0							e202858d67084cf31a2b94b4546dbbd5662ffc2f6ed54d0e37dacf16fd4d827a	images\e202858d67084cf31a2b94b4546dbbd5662ffc2f6ed54d0e37dacf16fd4d827a.bin
C:\Projects\M2022\Backups\SetupDefaults - Copy.dfm	SetupDefaults - Copy.pas	dfm	TdlgSetupDefaults	OvcNotebook1.Page5.RzPanel17.RzPanel9.edtZdlValueLimit	edtZdlValueLimit	TOvcSimpleField			RangeLow	single			10	0	0	0	0							01d448afd928065458cf670b60f5a594d735af0172c8d67f22a81680132681ca	images\01d448afd928065458cf670b60f5a594d735af0172c8d67f22a81680132681ca.bin
C:\Projects\M2022\Backups\SetupDefaults - Copy.dfm	SetupDefaults - Copy.pas	dfm	TdlgSetupDefaults	OvcNotebook1.Page5.RzPanel17.RzPanel9.edtZduValueLimit	edtZduValueLimit	TOvcSimpleField			RangeHigh	single			10	0	0	0	0							e202858d67084cf31a2b94b4546dbbd5662ffc2f6ed54d0e37dacf16fd4d827a	images\e202858d67084cf31a2b94b4546dbbd5662ffc2f6ed54d0e37dacf16fd4d827a.bin
C:\Projects\M2022\Backups\SetupDefaults - Copy.dfm	SetupDefaults - Copy.pas	dfm	TdlgSetupDefaults	OvcNotebook1.Page5.RzPanel17.RzPanel9.edtZduValueLimit	edtZduValueLimit	TOvcSimpleField			RangeLow	single			10	0	0	0	0							01d448afd928065458cf670b60f5a594d735af0172c8d67f22a81680132681ca	images\01d448afd928065458cf670b60f5a594d735af0172c8d67f22a81680132681ca.bin
C:\Projects\M2022\Backups\SetupDefaults - Copy.dfm	SetupDefaults - Copy.pas	dfm	TdlgSetupDefaults	OvcNotebook1.Page5.RzPanel17.RzPanel9.edtZdiValueLimit	edtZdiValueLimit	TOvcSimpleField			RangeHigh	single			10	0	0	0	0							e202858d67084cf31a2b94b4546dbbd5662ffc2f6ed54d0e37dacf16fd4d827a	images\e202858d67084cf31a2b94b4546dbbd5662ffc2f6ed54d0e37dacf16fd4d827a.bin
C:\Projects\M2022\Backups\SetupDefaults - Copy.dfm	SetupDefaults - Copy.pas	dfm	TdlgSetupDefaults	OvcNotebook1.Page5.RzPanel17.RzPanel9.edtZdiValueLimit	edtZdiValueLimit	TOvcSimpleField			RangeLow	single			10	0	0	0	0							01d448afd928065458cf670b60f5a594d735af0172c8d67f22a81680132681ca	images\01d448afd928065458cf670b60f5a594d735af0172c8d67f22a81680132681ca.bin
C:\Projects\M2022\Backups\SetupDefaults - Copy.dfm	SetupDefaults - Copy.pas	dfm	TdlgSetupDefaults	OvcNotebook1.Page5.OvcSimpleField2	OvcSimpleField2	TOvcSimpleField			RangeHigh	single			10	0	0	0	0							7aef47f1de3be50d508efbbfb6db945c4a0ad740a15a3542bea0ceaeb3fa915f	images\7aef47f1de3be50d508efbbfb6db945c4a0ad740a15a3542bea0ceaeb3fa915f.bin
C:\Projects\M2022\Backups\SetupDefaults - Copy.dfm	SetupDefaults - Copy.pas	dfm	TdlgSetupDefaults	OvcNotebook1.Page5.OvcSimpleField2	OvcSimpleField2	TOvcSimpleField			RangeLow	single			10	0	0	0	0							cc489d905e397e27ccb4c8ef1a673e227438a9ad4d95eb521b8266cdbc814141	images\cc489d905e397e27ccb4c8ef1a673e227438a9ad4d95eb521b8266cdbc814141.bin
C:\Projects\M2022\Backups\SetupDefaults - Copy.dfm	SetupDefaults - Copy.pas	dfm	TdlgSetupDefaults	dxBarManager1.btnExit	btnExit	TdxBarLargeButton			Glyph.Data	single		svg	2970	0	0	0	0							ecf7f8cff245dfe469c22dbbe89949935729c454cb838c7e2c99d37c710fdaf8	images\ecf7f8cff245dfe469c22dbbe89949935729c454cb838c7e2c99d37c710fdaf8.svg
C:\Projects\M2022\Backups\SetupDefaults - Copy.dfm	SetupDefaults - Copy.pas	dfm	TdlgSetupDefaults	dxBarManager1.btnExit	btnExit	TdxBarLargeButton			LargeGlyph.Data	single		svg	3033	0	0	0	0							39e5933d6f88188b2c66d8c653d769e7684d9a23c349e93e39b61c6384fc2a9e	images\39e5933d6f88188b2c66d8c653d769e7684d9a23c349e93e39b61c6384fc2a9e.svg
C:\Projects\M2022\Backups\SetupDefaults - Copy.dfm	SetupDefaults - Copy.pas	dfm	TdlgSetupDefaults	dxBarManager1.btnExit	btnExit	TdxBarLargeButton			HotGlyph.Data	single		svg	2970	0	0	0	0							ecf7f8cff245dfe469c22dbbe89949935729c454cb838c7e2c99d37c710fdaf8	images\ecf7f8cff245dfe469c22dbbe89949935729c454cb838c7e2c99d37c710fdaf8.svg
C:\Projects\M2022\Backups\SetupDefaults - Copy.dfm	SetupDefaults - Copy.pas	dfm	TdlgSetupDefaults	dxBarManager1.btnCancel	btnCancel	TdxBarLargeButton			Glyph.Data	single		svg	1076	0	0	0	0							4b9fbbfdc664c9f53e6f814fa5aefa3dd589adc189e376c9838dd0c47429d92b	images\4b9fbbfdc664c9f53e6f814fa5aefa3dd589adc189e376c9838dd0c47429d92b.svg
C:\Projects\M2022\Backups\SetupDefaults - Copy.dfm	SetupDefaults - Copy.pas	dfm	TdlgSetupDefaults	dxBarManager1.btnCancel	btnCancel	TdxBarLargeButton			LargeGlyph.Data	single		svg	1125	0	0	0	0							4780018cc1b819c19827d7e966443a762408f21b94521faebebd19b89c6a084f	images\4780018cc1b819c19827d7e966443a762408f21b94521faebebd19b89c6a084f.svg
C:\Projects\M2022\Backups\SetupDefaults - Copy.dfm	SetupDefaults - Copy.pas	dfm	TdlgSetupDefaults	dxBarManager1.btnCancel	btnCancel	TdxBarLargeButton			HotGlyph.Data	single		svg	1076	0	0	0	0							4b9fbbfdc664c9f53e6f814fa5aefa3dd589adc189e376c9838dd0c47429d92b	images\4b9fbbfdc664c9f53e6f814fa5aefa3dd589adc189e376c9838dd0c47429d92b.svg
C:\Projects\M2022\BluepIndicGage.dfm	BluepIndicGage.pas	dfm	TfrmBluepIndicGage		frmBluepIndicGage	TfrmBluepIndicGage			Icon.Data	single		ico	1150	0	0	0	0							87829c566615525191dec99da56caf00d42442aaa72a701af21d38cb4d4598be	images\87829c566615525191dec99da56caf00d42442aaa72a701af21d38cb4d4598be.ico
C:\Projects\M2022\BluepIndicGage.dfm	BluepIndicGage.pas	dfm	TfrmBluepIndicGage	OvcNotebook1.tabSInglePage1.dxPanel1.cxGroupBox2.edtZeroAt	edtZeroAt	TcxDBButtonEdit			Properties.Buttons[0].Glyph.Data	container		svg	539	0	0	0	0							54255b1f42a1243163dfdc6d7a027143e049c8713f3d1902f01299f7e280b79e	images\54255b1f42a1243163dfdc6d7a027143e049c8713f3d1902f01299f7e280b79e.svg
C:\Projects\M2022\BluepIndicGage.dfm	BluepIndicGage.pas	dfm	TfrmBluepIndicGage	OvcNotebook1.tabSInglePage1.dxPanel1.cxGroupBox2.edtZeroAt	edtZeroAt	TcxDBButtonEdit			Properties.Buttons[1].Glyph.Data	container		svg	791	0	0	0	0							734d087624eb5bbe251eb800562c797e90fe53eac2faa9df69fd4cb137d6a54c	images\734d087624eb5bbe251eb800562c797e90fe53eac2faa9df69fd4cb137d6a54c.svg
C:\Projects\M2022\BluepIndicGage.dfm	BluepIndicGage.pas	dfm	TfrmBluepIndicGage	OvcNotebook1.tabSInglePage1.dxPanel1.cxGroupBox2.edtZeroAt	edtZeroAt	TcxDBButtonEdit			Properties.Buttons[2].Glyph.Data	container		svg	539	0	0	0	0							56320698ba9f7e8cf1214bba7634e804f1c3f2a2f7726d2256f511005c230cfc	images\56320698ba9f7e8cf1214bba7634e804f1c3f2a2f7726d2256f511005c230cfc.svg
C:\Projects\M2022\BluepIndicGage.dfm	BluepIndicGage.pas	dfm	TfrmBluepIndicGage	OvcNotebook1.tabSInglePage1.dxPanel1.cxGroupBox2.edtZeroAt	edtZeroAt	TcxDBButtonEdit			Properties.Buttons[3].Glyph.Data	container		svg	1035	0	0	0	0							8e2031bc811b6b6679a910f03bb4a3fa4109fff48e5a8bcb185dc0c96efe20bf	images\8e2031bc811b6b6679a910f03bb4a3fa4109fff48e5a8bcb185dc0c96efe20bf.svg
C:\Projects\M2022\BluepIndicGage.dfm	BluepIndicGage.pas	dfm	TfrmBluepIndicGage	OvcNotebook1.tabSInglePage1.dxPanel1.cxGroupBox5.RzMenuButton1	RzMenuButton1	TcxButton			OptionsImage.Glyph.Data	single		svg	311	0	0	0	0							ab2833c13bab5dcf5c52f24bf054fc6b3ced8666064942a91cc8b758a6e53202	images\ab2833c13bab5dcf5c52f24bf054fc6b3ced8666064942a91cc8b758a6e53202.svg
C:\Projects\M2022\BluepIndicGage.dfm	BluepIndicGage.pas	dfm	TfrmBluepIndicGage	dxBarManager1.btnExit	btnExit	TdxBarButton			Glyph.Data	single		svg	3033	0	0	0	0							39e5933d6f88188b2c66d8c653d769e7684d9a23c349e93e39b61c6384fc2a9e	images\39e5933d6f88188b2c66d8c653d769e7684d9a23c349e93e39b61c6384fc2a9e.svg
C:\Projects\M2022\BluepIndicGage.dfm	BluepIndicGage.pas	dfm	TfrmBluepIndicGage	dxBarManager1.btnUnilateralSort	btnUnilateralSort	TdxBarImageCombo			Glyph.Data	single		bmp	1078	16	16	32	0					1		9c41a85fa5ce6f5ec03987b719f3b171c7de40ed8bd799565cd38495132bf080	images\9c41a85fa5ce6f5ec03987b719f3b171c7de40ed8bd799565cd38495132bf080.bmp
C:\Projects\M2022\BluepIndicGage.dfm	BluepIndicGage.pas	dfm	TfrmBluepIndicGage	dxBarManager1.dxBarDBNavFirst1	dxBarDBNavFirst1	TdxBarDBNavButton			Glyph.Data	single		bmp	1078	16	16	32	0					1		6607ef3da8822b74fe4b0acb662061780182bbfdc0c2cd0056156349e880dd94	images\6607ef3da8822b74fe4b0acb662061780182bbfdc0c2cd0056156349e880dd94.bmp
C:\Projects\M2022\BluepIndicGage.dfm	BluepIndicGage.pas	dfm	TfrmBluepIndicGage	dxBarManager1.dxBarDBNavPrev1	dxBarDBNavPrev1	TdxBarDBNavButton			Glyph.Data	single		bmp	1078	16	16	32	0					1		4506a08e333bf65e1241dc1d265c0ec790826f394a1e425324e80125ac979066	images\4506a08e333bf65e1241dc1d265c0ec790826f394a1e425324e80125ac979066.bmp
C:\Projects\M2022\BluepIndicGage.dfm	BluepIndicGage.pas	dfm	TfrmBluepIndicGage	dxBarManager1.dxBarDBNavNext1	dxBarDBNavNext1	TdxBarDBNavButton			Glyph.Data	single		bmp	1078	16	16	32	0					1		f1e077905d1aeb2d609668d4ed60b14af4e2852c7b1589986eed9a6c045d1e58	images\f1e077905d1aeb2d609668d4ed60b14af4e2852c7b1589986eed9a6c045d1e58.bmp
C:\Projects\M2022\BluepIndicGage.dfm	BluepIndicGage.pas	dfm	TfrmBluepIndicGage	dxBarManager1.dxBarDBNavLast1	dxBarDBNavLast1	TdxBarDBNavButton			Glyph.Data	single		bmp	1078	16	16	32	0					1		fce3745ba5ba9d6f747c39ade70e5bb3a43705557a11a01b17788a0cfe930304	images\fce3745ba5ba9d6f747c39ade70e5bb3a43705557a11a01b17788a0cfe930304.bmp
C:\Projects\M2022\BluepIndicGage.dfm	BluepIndicGage.pas	dfm	TfrmBluepIndicGage	dxBarManager1.dxBarDBNavEdit1	dxBarDBNavEdit1	TdxBarDBNavButton			Glyph.Data	single		bmp	1078	16	16	32	0					1		22e66cc36468572cbdcae127edc7fe7560a3f052fa05202b746f2491175a05cf	images\22e66cc36468572cbdcae127edc7fe7560a3f052fa05202b746f2491175a05cf.bmp
C:\Projects\M2022\BluepIndicGage.dfm	BluepIndicGage.pas	dfm	TfrmBluepIndicGage	dxBarManager1.dxBarDBNavPost1	dxBarDBNavPost1	TdxBarDBNavButton			Glyph.Data	single		bmp	1078	16	16	32	0					1		6212bc92930d93605cc9b6b3699601807dc1633fa573890fdac82faca790c47f	images\6212bc92930d93605cc9b6b3699601807dc1633fa573890fdac82faca790c47f.bmp
C:\Projects\M2022\BluepIndicGage.dfm	BluepIndicGage.pas	dfm	TfrmBluepIndicGage	dxBarManager1.dxBarDBNavCancel1	dxBarDBNavCancel1	TdxBarDBNavButton			Glyph.Data	single		bmp	1078	16	16	32	0					1		975795a643484a5073c6e0223bb36e40eaf96637165ace0ca753593af1dde849	images\975795a643484a5073c6e0223bb36e40eaf96637165ace0ca753593af1dde849.bmp
C:\Projects\M2022\BluepIndicGage.dfm	BluepIndicGage.pas	dfm	TfrmBluepIndicGage	dxBarManager1.dxBarDBNavRefresh1	dxBarDBNavRefresh1	TdxBarDBNavButton			Glyph.Data	single		bmp	1078	16	16	32	0					1		5d9485a834adeff5da0f68c84a8055425e3e8e58c4f93d181d2aa5086a8e39be	images\5d9485a834adeff5da0f68c84a8055425e3e8e58c4f93d181d2aa5086a8e39be.bmp
C:\Projects\M2022\Blueprint3.dfm	Blueprint3.pas	dfm	TfrmBlueprint3	OvcNotebook1.tabRouter.RzSplitter1.Panel2.TabFtrType.tabVariablePage.OvcTolerance	OvcTolerance	TOvcSimpleField			RangeHigh	single			10	0	0	0	0							9483f9056815883183295e72b5a9f35cfabf0051984545ac79b422c8069049f5	images\9483f9056815883183295e72b5a9f35cfabf0051984545ac79b422c8069049f5.bin
C:\Projects\M2022\Blueprint3.dfm	Blueprint3.pas	dfm	TfrmBlueprint3	OvcNotebook1.tabRouter.RzSplitter1.Panel2.TabFtrType.tabVariablePage.OvcTolerance	OvcTolerance	TOvcSimpleField			RangeLow	single			10	0	0	0	0							7fc2e2ece3a1418ce6dcff0d3f525ea5ff0e03026275c036e5b2a67f63cb2d7b	images\7fc2e2ece3a1418ce6dcff0d3f525ea5ff0e03026275c036e5b2a67f63cb2d7b.bin
C:\Projects\M2022\Blueprint3.dfm	Blueprint3.pas	dfm	TfrmBlueprint3	OvcNotebook1.tabRouter.RzSplitter1.Panel2.TabFtrType.tabVariablePage.edtZeroAt	edtZeroAt	TcxDBButtonEdit			Properties.Buttons[0].Glyph.Data	container		svg	539	0	0	0	0							54255b1f42a1243163dfdc6d7a027143e049c8713f3d1902f01299f7e280b79e	images\54255b1f42a1243163dfdc6d7a027143e049c8713f3d1902f01299f7e280b79e.svg
C:\Projects\M2022\Blueprint3.dfm	Blueprint3.pas	dfm	TfrmBlueprint3	OvcNotebook1.tabRouter.RzSplitter1.Panel2.TabFtrType.tabVariablePage.edtZeroAt	edtZeroAt	TcxDBButtonEdit			Properties.Buttons[1].Glyph.Data	container		svg	791	0	0	0	0							734d087624eb5bbe251eb800562c797e90fe53eac2faa9df69fd4cb137d6a54c	images\734d087624eb5bbe251eb800562c797e90fe53eac2faa9df69fd4cb137d6a54c.svg
C:\Projects\M2022\Blueprint3.dfm	Blueprint3.pas	dfm	TfrmBlueprint3	OvcNotebook1.tabRouter.RzSplitter1.Panel2.TabFtrType.tabVariablePage.edtZeroAt	edtZeroAt	TcxDBButtonEdit			Properties.Buttons[2].Glyph.Data	container		svg	539	0	0	0	0							56320698ba9f7e8cf1214bba7634e804f1c3f2a2f7726d2256f511005c230cfc	images\56320698ba9f7e8cf1214bba7634e804f1c3f2a2f7726d2256f511005c230cfc.svg
C:\Projects\M2022\Blueprint3.dfm	Blueprint3.pas	dfm	TfrmBlueprint3	OvcNotebook1.tabRouter.RzSplitter1.Panel2.TabFtrType.tabVariablePage.edtZeroAt	edtZeroAt	TcxDBButtonEdit			Properties.Buttons[3].Glyph.Data	container		svg	1035	0	0	0	0							8e2031bc811b6b6679a910f03bb4a3fa4109fff48e5a8bcb185dc0c96efe20bf	images\8e2031bc811b6b6679a910f03bb4a3fa4109fff48e5a8bcb185dc0c96efe20bf.svg
C:\Projects\M2022\Blueprint3.dfm	Blueprint3.pas	dfm	TfrmBlueprint3	dxBarManager1.btnImportCAD2	btnImportCAD2	TdxBarLargeButton			Glyph.Data	single		svg	1015	0	0	0	0							61dbac62cd8f799bf2be7504f432b60164a40225779f025d09b855a58839c7f8	images\61dbac62cd8f799bf2be7504f432b60164a40225779f025d09b855a58839c7f8.svg
C:\Projects\M2022\Blueprint3.dfm	Blueprint3.pas	dfm	TfrmBlueprint3	dxBarManager1.btnImportCAD2	btnImportCAD2	TdxBarLargeButton			LargeGlyph.Data	single		svg	1015	0	0	0	0							61dbac62cd8f799bf2be7504f432b60164a40225779f025d09b855a58839c7f8	images\61dbac62cd8f799bf2be7504f432b60164a40225779f025d09b855a58839c7f8.svg
C:\Projects\M2022\Blueprint3.dfm	Blueprint3.pas	dfm	TfrmBlueprint3	dxBarManager1.btnImportPDF2	btnImportPDF2	TdxBarLargeButton			Glyph.Data	single		svg	1167	0	0	0	0							5515ca047e86c8bee88b838d5aaa1b2b3d946bc48acad7318da36831a2ebc3e0	images\5515ca047e86c8bee88b838d5aaa1b2b3d946bc48acad7318da36831a2ebc3e0.svg
C:\Projects\M2022\Blueprint3.dfm	Blueprint3.pas	dfm	TfrmBlueprint3	dxBarManager1.btnImportPDF2	btnImportPDF2	TdxBarLargeButton			LargeGlyph.Data	single		svg	1167	0	0	0	0							5515ca047e86c8bee88b838d5aaa1b2b3d946bc48acad7318da36831a2ebc3e0	images\5515ca047e86c8bee88b838d5aaa1b2b3d946bc48acad7318da36831a2ebc3e0.svg
C:\Projects\M2022\Blueprint3.dfm	Blueprint3.pas	dfm	TfrmBlueprint3	dxBarManager1.btnAddVariable	btnAddVariable	TdxBarButton			Glyph.Data	single		bmp	1078	16	16	32	0					1		61d5f4ab29f0580e68da70744e22213ce5098f2667b915fe37a3962782143738	images\61d5f4ab29f0580e68da70744e22213ce5098f2667b915fe37a3962782143738.bmp
C:\Projects\M2022\Blueprint3.dfm	Blueprint3.pas	dfm	TfrmBlueprint3	dxBarManager1.btnAddAttribute	btnAddAttribute	TdxBarButton			Glyph.Data	single		bmp	1078	16	16	32	0					1		61d5f4ab29f0580e68da70744e22213ce5098f2667b915fe37a3962782143738	images\61d5f4ab29f0580e68da70744e22213ce5098f2667b915fe37a3962782143738.bmp
C:\Projects\M2022\Blueprint3.dfm	Blueprint3.pas	dfm	TfrmBlueprint3	dxBarManager1.btnDeleteCharacteristic	btnDeleteCharacteristic	TdxBarButton			Glyph.Data	single		bmp	1078	16	16	32	0					1		0eb430c3bf766d2880fb74dcbba407cf82fd63719978d05d02e3bd7f7a2a0a3c	images\0eb430c3bf766d2880fb74dcbba407cf82fd63719978d05d02e3bd7f7a2a0a3c.bmp
C:\Projects\M2022\Blueprint3.dfm	Blueprint3.pas	dfm	TfrmBlueprint3	dxBarManager1.dxBarLargeButton1	dxBarLargeButton1	TdxBarLargeButton			Glyph.Data	single		bmp	1078	16	16	32	0					1		61d5f4ab29f0580e68da70744e22213ce5098f2667b915fe37a3962782143738	images\61d5f4ab29f0580e68da70744e22213ce5098f2667b915fe37a3962782143738.bmp
C:\Projects\M2022\Blueprint3.dfm	Blueprint3.pas	dfm	TfrmBlueprint3	dxBarManager1.dxBarLargeButton1	dxBarLargeButton1	TdxBarLargeButton			LargeGlyph.Data	single		bmp	4150	32	32	32	0					1		8d8cdaca5b10749c93ec994adc488d64a63d1b7c74e3191725b50ffeabaa8511	images\8d8cdaca5b10749c93ec994adc488d64a63d1b7c74e3191725b50ffeabaa8511.bmp
C:\Projects\M2022\Blueprint3.dfm	Blueprint3.pas	dfm	TfrmBlueprint3	dxBarManager1.btnDeleteCharacteristicB	btnDeleteCharacteristicB	TdxBarLargeButton			Glyph.Data	single		bmp	1078	16	16	32	0					1		0eb430c3bf766d2880fb74dcbba407cf82fd63719978d05d02e3bd7f7a2a0a3c	images\0eb430c3bf766d2880fb74dcbba407cf82fd63719978d05d02e3bd7f7a2a0a3c.bmp
C:\Projects\M2022\Blueprint3.dfm	Blueprint3.pas	dfm	TfrmBlueprint3	dxBarManager1.btnDeleteCharacteristicB	btnDeleteCharacteristicB	TdxBarLargeButton			LargeGlyph.Data	single		bmp	4150	32	32	32	0					1		57cd650ca2244b524ae4690032d9c5c382804974f09f6f687f32d03d4e03b9ac	images\57cd650ca2244b524ae4690032d9c5c382804974f09f6f687f32d03d4e03b9ac.bmp
C:\Projects\M2022\Blueprint3.dfm	Blueprint3.pas	dfm	TfrmBlueprint3	dxBarManager1.btnAddAttributeB	btnAddAttributeB	TdxBarLargeButton			Glyph.Data	single		bmp	1078	16	16	32	0					1		61d5f4ab29f0580e68da70744e22213ce5098f2667b915fe37a3962782143738	images\61d5f4ab29f0580e68da70744e22213ce5098f2667b915fe37a3962782143738.bmp
C:\Projects\M2022\Blueprint3.dfm	Blueprint3.pas	dfm	TfrmBlueprint3	dxBarManager1.btnAddAttributeB	btnAddAttributeB	TdxBarLargeButton			LargeGlyph.Data	single		bmp	4150	32	32	32	0					1		8d8cdaca5b10749c93ec994adc488d64a63d1b7c74e3191725b50ffeabaa8511	images\8d8cdaca5b10749c93ec994adc488d64a63d1b7c74e3191725b50ffeabaa8511.bmp
C:\Projects\M2022\Blueprint3.dfm	Blueprint3.pas	dfm	TfrmBlueprint3	dxBarManager1.btnAddOperation	btnAddOperation	TdxBarButton			Glyph.Data	single		bmp	1078	16	16	32	0					1		61d5f4ab29f0580e68da70744e22213ce5098f2667b915fe37a3962782143738	images\61d5f4ab29f0580e68da70744e22213ce5098f2667b915fe37a3962782143738.bmp
C:\Projects\M2022\Blueprint3.dfm	Blueprint3.pas	dfm	TfrmBlueprint3	dxBarManager1.btnDeleteOperation	btnDeleteOperation	TdxBarButton			Glyph.Data	single		bmp	1078	16	16	32	0					1		0eb430c3bf766d2880fb74dcbba407cf82fd63719978d05d02e3bd7f7a2a0a3c	images\0eb430c3bf766d2880fb74dcbba407cf82fd63719978d05d02e3bd7f7a2a0a3c.bmp
C:\Projects\M2022\Blueprint3.dfm	Blueprint3.pas	dfm	TfrmBlueprint3	dxBarManager1.btnLargeITrack	btnLargeITrack	TdxBarLargeButton			Glyph.Data	single		svg	2038	0	0	0	0							0bd3e16efdbdede36532e1c8cad98aca2a6b82d206df29988fd22f93d6e91702	images\0bd3e16efdbdede36532e1c8cad98aca2a6b82d206df29988fd22f93d6e91702.svg
C:\Projects\M2022\Blueprint3.dfm	Blueprint3.pas	dfm	TfrmBlueprint3	dxBarManager1.btnLargeITrack	btnLargeITrack	TdxBarLargeButton			LargeGlyph.Data	single		svg	2038	0	0	0	0							0bd3e16efdbdede36532e1c8cad98aca2a6b82d206df29988fd22f93d6e91702	images\0bd3e16efdbdede36532e1c8cad98aca2a6b82d206df29988fd22f93d6e91702.svg
C:\Projects\M2022\Blueprint3.dfm	Blueprint3.pas	dfm	TfrmBlueprint3	dxBarManager1.btnLargeITrack	btnLargeITrack	TdxBarLargeButton			HotGlyph.Data	single		svg	2038	0	0	0	0							0bd3e16efdbdede36532e1c8cad98aca2a6b82d206df29988fd22f93d6e91702	images\0bd3e16efdbdede36532e1c8cad98aca2a6b82d206df29988fd22f93d6e91702.svg
C:\Projects\M2022\Blueprint3.dfm	Blueprint3.pas	dfm	TfrmBlueprint3	dxBarManager1.btniTrack	btniTrack	TdxBarButton			Glyph.Data	single		svg	2038	0	0	0	0							0bd3e16efdbdede36532e1c8cad98aca2a6b82d206df29988fd22f93d6e91702	images\0bd3e16efdbdede36532e1c8cad98aca2a6b82d206df29988fd22f93d6e91702.svg
C:\Projects\M2022\Blueprint3.dfm	Blueprint3.pas	dfm	TfrmBlueprint3	dxBarManager1.btniTrack	btniTrack	TdxBarButton			LargeGlyph.Data	single		svg	2038	0	0	0	0							0bd3e16efdbdede36532e1c8cad98aca2a6b82d206df29988fd22f93d6e91702	images\0bd3e16efdbdede36532e1c8cad98aca2a6b82d206df29988fd22f93d6e91702.svg
C:\Projects\M2022\Blueprint3.dfm	Blueprint3.pas	dfm	TfrmBlueprint3	dxBarManager1.btnpTrack	btnpTrack	TdxBarButton			Glyph.Data	single		svg	2281	0	0	0	0							8ba27867bd1ba0aa4f291088a6bbd2b2b8cc3233e3b8cd0b1240f279b7fc5203	images\8ba27867bd1ba0aa4f291088a6bbd2b2b8cc3233e3b8cd0b1240f279b7fc5203.svg
C:\Projects\M2022\Blueprint3.dfm	Blueprint3.pas	dfm	TfrmBlueprint3	dxBarManager1.btnpTrack	btnpTrack	TdxBarButton			LargeGlyph.Data	single		svg	2281	0	0	0	0							8ba27867bd1ba0aa4f291088a6bbd2b2b8cc3233e3b8cd0b1240f279b7fc5203	images\8ba27867bd1ba0aa4f291088a6bbd2b2b8cc3233e3b8cd0b1240f279b7fc5203.svg
C:\Projects\M2022\Blueprint3.dfm	Blueprint3.pas	dfm	TfrmBlueprint3	qryFtrHasPlan	qryFtrHasPlan	TQuery			Data	single			1068	0	0	0	0							a8556267668243c1a1530c813fa1afd7d79b58f1739aeedd7cdd43cda6287a6b	images\a8556267668243c1a1530c813fa1afd7d79b58f1739aeedd7cdd43cda6287a6b.bin
C:\Projects\M2022\Blueprint3.dfm	Blueprint3.pas	dfm	TfrmBlueprint3	imgClasses	imgClasses	TImageList			Bitmap	container			8614	0	0	0	0							17d5c27ae93d228efe14d7e28107ec187ac4edf26afe8fc30bd95b77ecd0c152	images\17d5c27ae93d228efe14d7e28107ec187ac4edf26afe8fc30bd95b77ecd0c152.bin
C:\Projects\M2022\Blueprint4.dfm	Blueprint4.pas	dfm	TfrmBlueprint4		frmBlueprint4	TfrmBlueprint4			Icon.Data	single		ico	1150	0	0	0	0							87829c566615525191dec99da56caf00d42442aaa72a701af21d38cb4d4598be	images\87829c566615525191dec99da56caf00d42442aaa72a701af21d38cb4d4598be.ico
C:\Projects\M2022\Blueprint4.dfm	Blueprint4.pas	dfm	TfrmBlueprint4	cxGroupBox16.cxPageControl1.tabRouter.cxGroupBox5.TabFtrType.cxTabSheet1.cxGroupBox10.cxGroupBox11.edtZeroAt	edtZeroAt	TcxButtonEdit			Properties.Buttons[0].Glyph.Data	container		svg	539	0	0	0	0							54255b1f42a1243163dfdc6d7a027143e049c8713f3d1902f01299f7e280b79e	images\54255b1f42a1243163dfdc6d7a027143e049c8713f3d1902f01299f7e280b79e.svg
C:\Projects\M2022\Blueprint4.dfm	Blueprint4.pas	dfm	TfrmBlueprint4	cxGroupBox16.cxPageControl1.tabRouter.cxGroupBox5.TabFtrType.cxTabSheet1.cxGroupBox10.cxGroupBox11.edtZeroAt	edtZeroAt	TcxButtonEdit			Properties.Buttons[1].Glyph.Data	container		svg	791	0	0	0	0							734d087624eb5bbe251eb800562c797e90fe53eac2faa9df69fd4cb137d6a54c	images\734d087624eb5bbe251eb800562c797e90fe53eac2faa9df69fd4cb137d6a54c.svg
C:\Projects\M2022\Blueprint4.dfm	Blueprint4.pas	dfm	TfrmBlueprint4	cxGroupBox16.cxPageControl1.tabRouter.cxGroupBox5.TabFtrType.cxTabSheet1.cxGroupBox10.cxGroupBox11.edtZeroAt	edtZeroAt	TcxButtonEdit			Properties.Buttons[2].Glyph.Data	container		svg	539	0	0	0	0							56320698ba9f7e8cf1214bba7634e804f1c3f2a2f7726d2256f511005c230cfc	images\56320698ba9f7e8cf1214bba7634e804f1c3f2a2f7726d2256f511005c230cfc.svg
C:\Projects\M2022\Blueprint4.dfm	Blueprint4.pas	dfm	TfrmBlueprint4	cxGroupBox16.cxPageControl1.tabRouter.cxGroupBox5.TabFtrType.cxTabSheet1.cxGroupBox10.cxGroupBox11.edtZeroAt	edtZeroAt	TcxButtonEdit			Properties.Buttons[3].Glyph.Data	container		svg	1035	0	0	0	0							8e2031bc811b6b6679a910f03bb4a3fa4109fff48e5a8bcb185dc0c96efe20bf	images\8e2031bc811b6b6679a910f03bb4a3fa4109fff48e5a8bcb185dc0c96efe20bf.svg
C:\Projects\M2022\Blueprint4.dfm	Blueprint4.pas	dfm	TfrmBlueprint4	cxGroupBox16.cxPageControl1.tabRouter.cxGroupBox5.TabFtrType.cxTabSheet1.cxGroupBox15.edtNotes	edtNotes	TcxMRUEdit			Properties.ButtonGlyph.Data	single		svg	1533	0	0	0	0							fbb2cbeffd8ce2721a90b0035e24f37ba7e9dcf94f80136050ce7afdb19232fa	images\fbb2cbeffd8ce2721a90b0035e24f37ba7e9dcf94f80136050ce7afdb19232fa.svg
C:\Projects\M2022\Blueprint4.dfm	Blueprint4.pas	dfm	TfrmBlueprint4	dxBarManager1.barQuickAction	barQuickAction	TdxBar			Glyph.Data	single		svg	663	0	0	0	0							37385f8b11b3cb71ddfd8216f26e11bec00dadea44b8183c0668e84e64ead5cd	images\37385f8b11b3cb71ddfd8216f26e11bec00dadea44b8183c0668e84e64ead5cd.svg
C:\Projects\M2022\Blueprint4.dfm	Blueprint4.pas	dfm	TfrmBlueprint4	dxBarManager1.barTabArea	barTabArea	TdxBar			Glyph.Data	single		svg	1111	0	0	0	0							d58198a6bfaa096c9ebc1ee63357ed35f2171439f9c29e32427ec6921c7a5fd8	images\d58198a6bfaa096c9ebc1ee63357ed35f2171439f9c29e32427ec6921c7a5fd8.svg
C:\Projects\M2022\Blueprint4.dfm	Blueprint4.pas	dfm	TfrmBlueprint4	dxBarManager1.btnExitToJobList	btnExitToJobList	TdxBarLargeButton			Glyph.Data	single		svg	3033	0	0	0	0							39e5933d6f88188b2c66d8c653d769e7684d9a23c349e93e39b61c6384fc2a9e	images\39e5933d6f88188b2c66d8c653d769e7684d9a23c349e93e39b61c6384fc2a9e.svg
C:\Projects\M2022\Blueprint4.dfm	Blueprint4.pas	dfm	TfrmBlueprint4	dxBarManager1.btnExitToJobList	btnExitToJobList	TdxBarLargeButton			LargeGlyph.Data	single		svg	3033	0	0	0	0							39e5933d6f88188b2c66d8c653d769e7684d9a23c349e93e39b61c6384fc2a9e	images\39e5933d6f88188b2c66d8c653d769e7684d9a23c349e93e39b61c6384fc2a9e.svg
C:\Projects\M2022\Blueprint4.dfm	Blueprint4.pas	dfm	TfrmBlueprint4	dxBarManager1.btnExitToJobList	btnExitToJobList	TdxBarLargeButton			HotGlyph.Data	single		svg	3033	0	0	0	0							39e5933d6f88188b2c66d8c653d769e7684d9a23c349e93e39b61c6384fc2a9e	images\39e5933d6f88188b2c66d8c653d769e7684d9a23c349e93e39b61c6384fc2a9e.svg
C:\Projects\M2022\Blueprint4.dfm	Blueprint4.pas	dfm	TfrmBlueprint4	dxBarManager1.btnExitToPCP	btnExitToPCP	TdxBarLargeButton			Glyph.Data	single		svg	4158	0	0	0	0							8246e49fec36c8fb469a7df5ba75ee9a33983771a6aba3d01540046cb536308c	images\8246e49fec36c8fb469a7df5ba75ee9a33983771a6aba3d01540046cb536308c.svg
C:\Projects\M2022\Blueprint4.dfm	Blueprint4.pas	dfm	TfrmBlueprint4	dxBarManager1.btnExitToPCP	btnExitToPCP	TdxBarLargeButton			LargeGlyph.Data	single		svg	4158	0	0	0	0							8246e49fec36c8fb469a7df5ba75ee9a33983771a6aba3d01540046cb536308c	images\8246e49fec36c8fb469a7df5ba75ee9a33983771a6aba3d01540046cb536308c.svg
C:\Projects\M2022\Blueprint4.dfm	Blueprint4.pas	dfm	TfrmBlueprint4	dxBarManager1.btnExitToPCP	btnExitToPCP	TdxBarLargeButton			HotGlyph.Data	single		svg	4158	0	0	0	0							8246e49fec36c8fb469a7df5ba75ee9a33983771a6aba3d01540046cb536308c	images\8246e49fec36c8fb469a7df5ba75ee9a33983771a6aba3d01540046cb536308c.svg
C:\Projects\M2022\Blueprint4.dfm	Blueprint4.pas	dfm	TfrmBlueprint4	dxBarManager1.btnExitToITrack	btnExitToITrack	TdxBarButton			Glyph.Data	single		svg	1864	0	0	0	0							bbe628e7c5c924bfcc0560e9f678cdc5374b326eed2b1bb31b0d97725554be0a	images\bbe628e7c5c924bfcc0560e9f678cdc5374b326eed2b1bb31b0d97725554be0a.svg
C:\Projects\M2022\Blueprint4.dfm	Blueprint4.pas	dfm	TfrmBlueprint4	dxBarManager1.btnExitToITrack	btnExitToITrack	TdxBarButton			LargeGlyph.Data	single		svg	1864	0	0	0	0							bbe628e7c5c924bfcc0560e9f678cdc5374b326eed2b1bb31b0d97725554be0a	images\bbe628e7c5c924bfcc0560e9f678cdc5374b326eed2b1bb31b0d97725554be0a.svg
C:\Projects\M2022\Blueprint4.dfm	Blueprint4.pas	dfm	TfrmBlueprint4	dxBarManager1.btnAddOperation	btnAddOperation	TdxBarLargeButton			LargeGlyph.Data	single		svg	557	0	0	0	0							596184591e7a113aade59c93b858e657707e754857b872a18e4f15d1d5ab770e	images\596184591e7a113aade59c93b858e657707e754857b872a18e4f15d1d5ab770e.svg
C:\Projects\M2022\Blueprint4.dfm	Blueprint4.pas	dfm	TfrmBlueprint4	dxBarManager1.btnDeleteOperation	btnDeleteOperation	TdxBarLargeButton			LargeGlyph.Data	single		svg	428	0	0	0	0							5a2ebb7b90bef4e450d00feb3b62f13ddf5d560db3864560a449c0453385e79e	images\5a2ebb7b90bef4e450d00feb3b62f13ddf5d560db3864560a449c0453385e79e.svg
C:\Projects\M2022\Blueprint4.dfm	Blueprint4.pas	dfm	TfrmBlueprint4	dxBarManager1.btnOperationNames	btnOperationNames	TdxBarLargeButton			Glyph.Data	single		svg	1791	0	0	0	0							e50c369e9177ce44314e414d78e78da6d95f56ac9433ce22d69807598b78c11f	images\e50c369e9177ce44314e414d78e78da6d95f56ac9433ce22d69807598b78c11f.svg
C:\Projects\M2022\Blueprint4.dfm	Blueprint4.pas	dfm	TfrmBlueprint4	dxBarManager1.btnOperationNames	btnOperationNames	TdxBarLargeButton			LargeGlyph.Data	single		svg	1791	0	0	0	0							e50c369e9177ce44314e414d78e78da6d95f56ac9433ce22d69807598b78c11f	images\e50c369e9177ce44314e414d78e78da6d95f56ac9433ce22d69807598b78c11f.svg
C:\Projects\M2022\Blueprint4.dfm	Blueprint4.pas	dfm	TfrmBlueprint4	dxBarManager1.btnOperationNames	btnOperationNames	TdxBarLargeButton			HotGlyph.Data	single		svg	1791	0	0	0	0							e50c369e9177ce44314e414d78e78da6d95f56ac9433ce22d69807598b78c11f	images\e50c369e9177ce44314e414d78e78da6d95f56ac9433ce22d69807598b78c11f.svg
C:\Projects\M2022\Blueprint4.dfm	Blueprint4.pas	dfm	TfrmBlueprint4	dxBarManager1.btnOperationFirst	btnOperationFirst	TdxBarButton			Glyph.Data	single		svg	539	0	0	0	0							54255b1f42a1243163dfdc6d7a027143e049c8713f3d1902f01299f7e280b79e	images\54255b1f42a1243163dfdc6d7a027143e049c8713f3d1902f01299f7e280b79e.svg
C:\Projects\M2022\Blueprint4.dfm	Blueprint4.pas	dfm	TfrmBlueprint4	dxBarManager1.btnLastOperation	btnLastOperation	TdxBarButton			Glyph.Data	single		svg	539	0	0	0	0							56320698ba9f7e8cf1214bba7634e804f1c3f2a2f7726d2256f511005c230cfc	images\56320698ba9f7e8cf1214bba7634e804f1c3f2a2f7726d2256f511005c230cfc.svg
C:\Projects\M2022\Blueprint4.dfm	Blueprint4.pas	dfm	TfrmBlueprint4	dxBarManager1.btnCopyOperation	btnCopyOperation	TdxBarSubItem			Glyph.Data	single		svg	1450	0	0	0	0							25403c1a83c76c232e9e1d88c15e31558705e285532599fad4fd3b6368bccaa0	images\25403c1a83c76c232e9e1d88c15e31558705e285532599fad4fd3b6368bccaa0.svg
C:\Projects\M2022\Blueprint4.dfm	Blueprint4.pas	dfm	TfrmBlueprint4	dxBarManager1.btnCopyOperation	btnCopyOperation	TdxBarSubItem			LargeGlyph.Data	single		svg	1450	0	0	0	0							25403c1a83c76c232e9e1d88c15e31558705e285532599fad4fd3b6368bccaa0	images\25403c1a83c76c232e9e1d88c15e31558705e285532599fad4fd3b6368bccaa0.svg
C:\Projects\M2022\Blueprint4.dfm	Blueprint4.pas	dfm	TfrmBlueprint4	dxBarManager1.btnImportCADFile	btnImportCADFile	TdxBarLargeButton			Glyph.Data	single		svg	3833	0	0	0	0							1631cbaeeb6fb319b47c6aab6a4af105bf74fcc7b8dbba7a111dc98763b7e875	images\1631cbaeeb6fb319b47c6aab6a4af105bf74fcc7b8dbba7a111dc98763b7e875.svg
C:\Projects\M2022\Blueprint4.dfm	Blueprint4.pas	dfm	TfrmBlueprint4	dxBarManager1.btnImportCADFile	btnImportCADFile	TdxBarLargeButton			LargeGlyph.Data	single		svg	3833	0	0	0	0							1631cbaeeb6fb319b47c6aab6a4af105bf74fcc7b8dbba7a111dc98763b7e875	images\1631cbaeeb6fb319b47c6aab6a4af105bf74fcc7b8dbba7a111dc98763b7e875.svg
C:\Projects\M2022\Blueprint4.dfm	Blueprint4.pas	dfm	TfrmBlueprint4	dxBarManager1.btnImportPDFFile	btnImportPDFFile	TdxBarLargeButton			Glyph.Data	single		svg	1305	0	0	0	0							353f7312ddea031d6bc8640ca9da7f6624b38bd45df09cc011590a4daf41b7ee	images\353f7312ddea031d6bc8640ca9da7f6624b38bd45df09cc011590a4daf41b7ee.svg
C:\Projects\M2022\Blueprint4.dfm	Blueprint4.pas	dfm	TfrmBlueprint4	dxBarManager1.btnImportPDFFile	btnImportPDFFile	TdxBarLargeButton			LargeGlyph.Data	single		svg	1305	0	0	0	0							353f7312ddea031d6bc8640ca9da7f6624b38bd45df09cc011590a4daf41b7ee	images\353f7312ddea031d6bc8640ca9da7f6624b38bd45df09cc011590a4daf41b7ee.svg
C:\Projects\M2022\Blueprint4.dfm	Blueprint4.pas	dfm	TfrmBlueprint4	dxBarManager1.btnImportPDFFile	btnImportPDFFile	TdxBarLargeButton			HotGlyph.Data	single		svg	1305	0	0	0	0							353f7312ddea031d6bc8640ca9da7f6624b38bd45df09cc011590a4daf41b7ee	images\353f7312ddea031d6bc8640ca9da7f6624b38bd45df09cc011590a4daf41b7ee.svg
C:\Projects\M2022\Blueprint4.dfm	Blueprint4.pas	dfm	TfrmBlueprint4	dxBarManager1.btnImportZEISSCMM	btnImportZEISSCMM	TdxBarButton			Glyph.Data	single		svg	1886	0	0	0	0							ab25cee86aab0c72a8c439df40bbf44cb7e917d17518234ac9242b5fff7a986a	images\ab25cee86aab0c72a8c439df40bbf44cb7e917d17518234ac9242b5fff7a986a.svg
C:\Projects\M2022\Blueprint4.dfm	Blueprint4.pas	dfm	TfrmBlueprint4	dxBarManager1.btnImportZEISSCMM	btnImportZEISSCMM	TdxBarButton			LargeGlyph.Data	single		svg	1886	0	0	0	0							ab25cee86aab0c72a8c439df40bbf44cb7e917d17518234ac9242b5fff7a986a	images\ab25cee86aab0c72a8c439df40bbf44cb7e917d17518234ac9242b5fff7a986a.svg
C:\Projects\M2022\Blueprint4.dfm	Blueprint4.pas	dfm	TfrmBlueprint4	dxBarManager1.btnImportSheffield	btnImportSheffield	TdxBarButton			Glyph.Data	single		jpg	13841	0	0	0	0							30c45ccf2c50793f91a22ddb9ef99cadefc7a0351ab8d29e93cf6aab77ed4cbd	images\30c45ccf2c50793f91a22ddb9ef99cadefc7a0351ab8d29e93cf6aab77ed4cbd.jpg
C:\Projects\M2022\Blueprint4.dfm	Blueprint4.pas	dfm	TfrmBlueprint4	dxBarManager1.btnImportLK	btnImportLK	TdxBarButton			Glyph.Data	single		png	19151	0	0	0	0							7e1e3d7533889cfb848a3ed174ef73b1b077ddaaf8411b2d9baccb7d8d10eb39	images\7e1e3d7533889cfb848a3ed174ef73b1b077ddaaf8411b2d9baccb7d8d10eb39.png
C:\Projects\M2022\Blueprint4.dfm	Blueprint4.pas	dfm	TfrmBlueprint4	dxBarManager1.btnImportKeyence	btnImportKeyence	TdxBarButton			Glyph.Data	single		svg	743	0	0	0	0							e7d48d96812b764400e73750ef74f4380fe47688e1d146d15e119f0a37b5cb72	images\e7d48d96812b764400e73750ef74f4380fe47688e1d146d15e119f0a37b5cb72.svg
C:\Projects\M2022\Blueprint4.dfm	Blueprint4.pas	dfm	TfrmBlueprint4	dxBarManager1.btnImportOASIS	btnImportOASIS	TdxBarButton			Glyph.Data	single		jpg	14944	0	0	0	0							2f0d75f16700a5edeca99dceea5750609cb01003b271ed1f45269924da6a7456	images\2f0d75f16700a5edeca99dceea5750609cb01003b271ed1f45269924da6a7456.jpg
C:\Projects\M2022\Blueprint4.dfm	Blueprint4.pas	dfm	TfrmBlueprint4	dxBarManager1.btnImportOGP	btnImportOGP	TdxBarButton			Glyph.Data	single		svg	5704	0	0	0	0							319fdec074e0ad6fce08ac2c04ae68afe87afd8081cd9000ae1107407fd9a0f7	images\319fdec074e0ad6fce08ac2c04ae68afe87afd8081cd9000ae1107407fd9a0f7.svg
C:\Projects\M2022\Blueprint4.dfm	Blueprint4.pas	dfm	TfrmBlueprint4	dxBarManager1.btnImportOGP	btnImportOGP	TdxBarButton			LargeGlyph.Data	single		svg	5704	0	0	0	0							319fdec074e0ad6fce08ac2c04ae68afe87afd8081cd9000ae1107407fd9a0f7	images\319fdec074e0ad6fce08ac2c04ae68afe87afd8081cd9000ae1107407fd9a0f7.svg
C:\Projects\M2022\Blueprint4.dfm	Blueprint4.pas	dfm	TfrmBlueprint4	dxBarManager1.btnImportJenoptik	btnImportJenoptik	TdxBarButton			Glyph.Data	single		svg	4115	0	0	0	0							8c5c434a65a8dfd5c7eebf237597c05ab9ef0e97431616bc896fc8ff8b6c29ec	images\8c5c434a65a8dfd5c7eebf237597c05ab9ef0e97431616bc896fc8ff8b6c29ec.svg
C:\Projects\M2022\Blueprint4.dfm	Blueprint4.pas	dfm	TfrmBlueprint4	dxBarManager1.btnImportJenoptik	btnImportJenoptik	TdxBarButton			LargeGlyph.Data	single		svg	4115	0	0	0	0							8c5c434a65a8dfd5c7eebf237597c05ab9ef0e97431616bc896fc8ff8b6c29ec	images\8c5c434a65a8dfd5c7eebf237597c05ab9ef0e97431616bc896fc8ff8b6c29ec.svg
C:\Projects\M2022\Blueprint4.dfm	Blueprint4.pas	dfm	TfrmBlueprint4	dxBarManager1.btnImportVICI	btnImportVICI	TdxBarButton			Glyph.Data	single		svg	1325	0	0	0	0							80c3878d28ee32364aad901ec8d78bb70ed3b96b94905c229767b7df28cf5eda	images\80c3878d28ee32364aad901ec8d78bb70ed3b96b94905c229767b7df28cf5eda.svg
C:\Projects\M2022\Blueprint4.dfm	Blueprint4.pas	dfm	TfrmBlueprint4	dxBarManager1.btnImportVICI	btnImportVICI	TdxBarButton			LargeGlyph.Data	single		svg	1325	0	0	0	0							80c3878d28ee32364aad901ec8d78bb70ed3b96b94905c229767b7df28cf5eda	images\80c3878d28ee32364aad901ec8d78bb70ed3b96b94905c229767b7df28cf5eda.svg
C:\Projects\M2022\Blueprint4.dfm	Blueprint4.pas	dfm	TfrmBlueprint4	dxBarManager1.btnImportNikon	btnImportNikon	TdxBarButton			Glyph.Data	single		svg	9008	0	0	0	0							0443ea5e175c6acdfac5dd4c645173400175e93964b4a1ffb20c80d7e69d0cd9	images\0443ea5e175c6acdfac5dd4c645173400175e93964b4a1ffb20c80d7e69d0cd9.svg
C:\Projects\M2022\Blueprint4.dfm	Blueprint4.pas	dfm	TfrmBlueprint4	dxBarManager1.btnImportNikon	btnImportNikon	TdxBarButton			LargeGlyph.Data	single		svg	9008	0	0	0	0							0443ea5e175c6acdfac5dd4c645173400175e93964b4a1ffb20c80d7e69d0cd9	images\0443ea5e175c6acdfac5dd4c645173400175e93964b4a1ffb20c80d7e69d0cd9.svg
C:\Projects\M2022\Blueprint4.dfm	Blueprint4.pas	dfm	TfrmBlueprint4	dxBarManager1.btnImportCSVCustom	btnImportCSVCustom	TdxBarButton			Glyph.Data	single		svg	2099	0	0	0	0							5b617cd1660623cc58b90d95e9438299db4a74879686cc611aed94a914cb49d1	images\5b617cd1660623cc58b90d95e9438299db4a74879686cc611aed94a914cb49d1.svg
C:\Projects\M2022\Blueprint4.dfm	Blueprint4.pas	dfm	TfrmBlueprint4	dxBarManager1.btnImportCSVCustom	btnImportCSVCustom	TdxBarButton			LargeGlyph.Data	single		svg	2099	0	0	0	0							5b617cd1660623cc58b90d95e9438299db4a74879686cc611aed94a914cb49d1	images\5b617cd1660623cc58b90d95e9438299db4a74879686cc611aed94a914cb49d1.svg
C:\Projects\M2022\Blueprint4.dfm	Blueprint4.pas	dfm	TfrmBlueprint4	cxImageList1	cxImageList1	TcxImageList			Bitmap	container			8614	0	0	0	0							81e56a5b3fde30c15505bfee068d75bd1a906942f9c7befd9ea2d66d83bf7a9c	images\81e56a5b3fde30c15505bfee068d75bd1a906942f9c7befd9ea2d66d83bf7a9c.bin
C:\Projects\M2022\Blueprint4.dfm	Blueprint4.pas	dfm	TfrmBlueprint4	cxImageList1	cxImageList1	TcxImageList			ImageInfo[0].Image.Data	container		svg	806	0	0	0	0							89edc89e09efac32fac25b57fb46a473b88175440675060e5f9cf9d5f7ff3aec	images\89edc89e09efac32fac25b57fb46a473b88175440675060e5f9cf9d5f7ff3aec.svg
C:\Projects\M2022\Blueprint4.dfm	Blueprint4.pas	dfm	TfrmBlueprint4	cxImageList1	cxImageList1	TcxImageList			ImageInfo[1].Image.Data	container		svg	539	0	0	0	0							54255b1f42a1243163dfdc6d7a027143e049c8713f3d1902f01299f7e280b79e	images\54255b1f42a1243163dfdc6d7a027143e049c8713f3d1902f01299f7e280b79e.svg
C:\Projects\M2022\Blueprint4.dfm	Blueprint4.pas	dfm	TfrmBlueprint4	cxImageList1	cxImageList1	TcxImageList			ImageInfo[2].Image.Data	container		svg	539	0	0	0	0							56320698ba9f7e8cf1214bba7634e804f1c3f2a2f7726d2256f511005c230cfc	images\56320698ba9f7e8cf1214bba7634e804f1c3f2a2f7726d2256f511005c230cfc.svg
C:\Projects\M2022\Blueprint4.dfm	Blueprint4.pas	dfm	TfrmBlueprint4	cxImageList1	cxImageList1	TcxImageList			ImageInfo[3].Image.Data	container		svg	1895	0	0	0	0							b077ac2ca282b884890a73e03a389c1c400a6d4d724db8816100efcdbe6b49c9	images\b077ac2ca282b884890a73e03a389c1c400a6d4d724db8816100efcdbe6b49c9.svg
C:\Projects\M2022\Blueprint4.dfm	Blueprint4.pas	dfm	TfrmBlueprint4	cxImageList1	cxImageList1	TcxImageList			ImageInfo[4].Image.Data	container		svg	1035	0	0	0	0							8e2031bc811b6b6679a910f03bb4a3fa4109fff48e5a8bcb185dc0c96efe20bf	images\8e2031bc811b6b6679a910f03bb4a3fa4109fff48e5a8bcb185dc0c96efe20bf.svg
C:\Projects\M2022\Blueprint4.dfm	Blueprint4.pas	dfm	TfrmBlueprint4	cxImageList1	cxImageList1	TcxImageList			ImageInfo[5].Image.Data	container		svg	4036	0	0	0	0							137d4e5ce8287471908e3096e4eebc6da8b15a3e05704cce86b1da60003643d8	images\137d4e5ce8287471908e3096e4eebc6da8b15a3e05704cce86b1da60003643d8.svg
C:\Projects\M2022\BonusMC.dfm	BonusMC.pas	dfm	TfrmBonusMC		frmBonusMC	TfrmBonusMC			Icon.Data	single		ico	1150	0	0	0	0							87829c566615525191dec99da56caf00d42442aaa72a701af21d38cb4d4598be	images\87829c566615525191dec99da56caf00d42442aaa72a701af21d38cb4d4598be.ico
C:\Projects\M2022\BonusMC.dfm	BonusMC.pas	dfm	TfrmBonusMC	RzSplitter1.RzSplitter2.RzPanel3.pnlTP.sldTP	sldTP	TRzTrackBar			CustomThumb.Data	strip		bmp	4666	96	16	24	0					6		1137396f34c1766a9a144363cec11d6c6a875573446280c686defeeae1ac9846	images\1137396f34c1766a9a144363cec11d6c6a875573446280c686defeeae1ac9846.bmp
C:\Projects\M2022\BonusMC.dfm	BonusMC.pas	dfm	TfrmBonusMC	RzSplitter1.RzSplitter2.RzPanel3.pnlTPB.sldTPB	sldTPB	TRzTrackBar			CustomThumb.Data	strip		bmp	4666	96	16	24	0					6		1137396f34c1766a9a144363cec11d6c6a875573446280c686defeeae1ac9846	images\1137396f34c1766a9a144363cec11d6c6a875573446280c686defeeae1ac9846.bmp
C:\Projects\M2022\BonusMC.dfm	BonusMC.pas	dfm	TfrmBonusMC	RzSplitter1.RzSplitter2.RzPanel3.pnlTPB2.sldTPB2	sldTPB2	TRzTrackBar			CustomThumb.Data	strip		bmp	4666	96	16	24	0					6		1137396f34c1766a9a144363cec11d6c6a875573446280c686defeeae1ac9846	images\1137396f34c1766a9a144363cec11d6c6a875573446280c686defeeae1ac9846.bmp
C:\Projects\M2022\BonusMC.dfm	BonusMC.pas	dfm	TfrmBonusMC	dxBarManager1.btnExit	btnExit	TdxBarButton			Glyph.Data	single		svg	3033	0	0	0	0							39e5933d6f88188b2c66d8c653d769e7684d9a23c349e93e39b61c6384fc2a9e	images\39e5933d6f88188b2c66d8c653d769e7684d9a23c349e93e39b61c6384fc2a9e.svg
C:\Projects\M2022\BonusMC.dfm	BonusMC.pas	dfm	TfrmBonusMC	dxBarManager1.btnExit	btnExit	TdxBarButton			LargeGlyph.Data	single		svg	3033	0	0	0	0							39e5933d6f88188b2c66d8c653d769e7684d9a23c349e93e39b61c6384fc2a9e	images\39e5933d6f88188b2c66d8c653d769e7684d9a23c349e93e39b61c6384fc2a9e.svg
C:\Projects\M2022\BonusMC.dfm	BonusMC.pas	dfm	TfrmBonusMC	dxBarManager1.btnMaximize	btnMaximize	TdxBarButton			Glyph.Data	single		svg	783	0	0	0	0							a04d5c7e545624b99c2776d2a695d8f00b718c15eb88bf461ead28bece4b6618	images\a04d5c7e545624b99c2776d2a695d8f00b718c15eb88bf461ead28bece4b6618.svg
C:\Projects\M2022\BonusMC.dfm	BonusMC.pas	dfm	TfrmBonusMC	dxBarManager1.btnMaximize	btnMaximize	TdxBarButton			LargeGlyph.Data	single		svg	783	0	0	0	0							a04d5c7e545624b99c2776d2a695d8f00b718c15eb88bf461ead28bece4b6618	images\a04d5c7e545624b99c2776d2a695d8f00b718c15eb88bf461ead28bece4b6618.svg
C:\Projects\M2022\BonusMC.dfm	BonusMC.pas	dfm	TfrmBonusMC	dxBarManager1.btnPrint	btnPrint	TdxBarButton			Glyph.Data	single		svg	1250	0	0	0	0							f3985f148c892524994c590303aa2e8be7986d918c096d7094fac860d3f59b30	images\f3985f148c892524994c590303aa2e8be7986d918c096d7094fac860d3f59b30.svg
C:\Projects\M2022\BonusMC.dfm	BonusMC.pas	dfm	TfrmBonusMC	dxBarManager1.btnPrint	btnPrint	TdxBarButton			LargeGlyph.Data	single		svg	1250	0	0	0	0							f3985f148c892524994c590303aa2e8be7986d918c096d7094fac860d3f59b30	images\f3985f148c892524994c590303aa2e8be7986d918c096d7094fac860d3f59b30.svg
C:\Projects\M2022\BonusMC.dfm	BonusMC.pas	dfm	TfrmBonusMC	dxBarManager1.btnJobList	btnJobList	TdxBarButton			Glyph.Data	single		bmp	1078	16	16	32	0					1		d1f5d5f839df61eb3317ff82c09de63b57e908669df38bd26a96a6dd5b8d7ad7	images\d1f5d5f839df61eb3317ff82c09de63b57e908669df38bd26a96a6dd5b8d7ad7.bmp
C:\Projects\M2022\BonusMC.dfm	BonusMC.pas	dfm	TfrmBonusMC	IL1	IL1	TImageList			Bitmap	container			28678	0	0	0	0							eb9116572731cb4b1d5466be1d2972f02a3ebe319e847b230555e5cb0a67983a	images\eb9116572731cb4b1d5466be1d2972f02a3ebe319e847b230555e5cb0a67983a.bin
C:\Projects\M2022\CADFNotes.dfm	CADFNotes.pas	dfm	TfrmCADFNotes		frmCADFNotes	TfrmCADFNotes			Icon.Data	single		ico	766	0	0	0	0							f97bf4dec162607c66fa8fef3ff7cc32ac8ca761a250890afc6434fabbd46443	images\f97bf4dec162607c66fa8fef3ff7cc32ac8ca761a250890afc6434fabbd46443.ico
C:\Projects\M2022\CADFNotes.dfm	CADFNotes.pas	dfm	TfrmCADFNotes	dxBarManager1.btnExit	btnExit	TdxBarButton			Glyph.Data	single		bmp	1078	16	16	32	0					1		d1f5d5f839df61eb3317ff82c09de63b57e908669df38bd26a96a6dd5b8d7ad7	images\d1f5d5f839df61eb3317ff82c09de63b57e908669df38bd26a96a6dd5b8d7ad7.bmp
C:\Projects\M2022\CADFNotes.dfm	CADFNotes.pas	dfm	TfrmCADFNotes	dxBarManager1.btnCancel	btnCancel	TdxBarButton			Glyph.Data	single		bmp	1078	16	16	32	0					1		d8be263f447bb2946a9ecf5e82e5052aebdb1fe0336a015e65e001415629d619	images\d8be263f447bb2946a9ecf5e82e5052aebdb1fe0336a015e65e001415629d619.bmp
C:\Projects\M2022\Calculator.dfm	Calculator.pas	dfm	TfrmCalculator		frmCalculator	TfrmCalculator			Icon.Data	single		ico	766	0	0	0	0							ff66307bd79fe7ed8b4531ae81ef3204cb3be14d8de48ef8f75f7f95693b8981	images\ff66307bd79fe7ed8b4531ae81ef3204cb3be14d8de48ef8f75f7f95693b8981.ico
C:\Projects\M2022\CapabilityPage.dfm	CapabilityPage.pas	dfm	TfrmCapabilityPage		frmCapabilityPage	TfrmCapabilityPage			Icon.Data	single		ico	1150	0	0	0	0							87829c566615525191dec99da56caf00d42442aaa72a701af21d38cb4d4598be	images\87829c566615525191dec99da56caf00d42442aaa72a701af21d38cb4d4598be.ico
C:\Projects\M2022\CapabilityPage.dfm	CapabilityPage.pas	dfm	TfrmCapabilityPage	dxBarManager1.btnExit	btnExit	TdxBarButton			Glyph.Data	single		svg	3033	0	0	0	0							39e5933d6f88188b2c66d8c653d769e7684d9a23c349e93e39b61c6384fc2a9e	images\39e5933d6f88188b2c66d8c653d769e7684d9a23c349e93e39b61c6384fc2a9e.svg
C:\Projects\M2022\CauseOfFailure.dfm	CauseOfFailure.pas	dfm	TfrmCauseofFailure		frmCauseofFailure	TfrmCauseofFailure			Icon.Data	single		ico	1150	0	0	0	0							87829c566615525191dec99da56caf00d42442aaa72a701af21d38cb4d4598be	images\87829c566615525191dec99da56caf00d42442aaa72a701af21d38cb4d4598be.ico
C:\Projects\M2022\CauseOfFailure.dfm	CauseOfFailure.pas	dfm	TfrmCauseofFailure	dxBarManager1.dxBarDBNavFirst1	dxBarDBNavFirst1	TdxBarDBNavButton			Glyph.Data	single		bmp	1078	16	16	32	0					1		6607ef3da8822b74fe4b0acb662061780182bbfdc0c2cd0056156349e880dd94	images\6607ef3da8822b74fe4b0acb662061780182bbfdc0c2cd0056156349e880dd94.bmp
C:\Projects\M2022\CauseOfFailure.dfm	CauseOfFailure.pas	dfm	TfrmCauseofFailure	dxBarManager1.dxBarDBNavPrev1	dxBarDBNavPrev1	TdxBarDBNavButton			Glyph.Data	single		bmp	1078	16	16	32	0					1		4506a08e333bf65e1241dc1d265c0ec790826f394a1e425324e80125ac979066	images\4506a08e333bf65e1241dc1d265c0ec790826f394a1e425324e80125ac979066.bmp
C:\Projects\M2022\CauseOfFailure.dfm	CauseOfFailure.pas	dfm	TfrmCauseofFailure	dxBarManager1.dxBarDBNavNext1	dxBarDBNavNext1	TdxBarDBNavButton			Glyph.Data	single		bmp	1078	16	16	32	0					1		f1e077905d1aeb2d609668d4ed60b14af4e2852c7b1589986eed9a6c045d1e58	images\f1e077905d1aeb2d609668d4ed60b14af4e2852c7b1589986eed9a6c045d1e58.bmp
C:\Projects\M2022\CauseOfFailure.dfm	CauseOfFailure.pas	dfm	TfrmCauseofFailure	dxBarManager1.dxBarDBNavInsert1	dxBarDBNavInsert1	TdxBarDBNavButton			Glyph.Data	single		bmp	1078	16	16	32	0					1		85c3d26e8518011389ca86bb003d4f646fde018f5b8ea6bb5f236fa6b26ed9cb	images\85c3d26e8518011389ca86bb003d4f646fde018f5b8ea6bb5f236fa6b26ed9cb.bmp
C:\Projects\M2022\CauseOfFailure.dfm	CauseOfFailure.pas	dfm	TfrmCauseofFailure	dxBarManager1.dxBarDBNavLast1	dxBarDBNavLast1	TdxBarDBNavButton			Glyph.Data	single		bmp	1078	16	16	32	0					1		fce3745ba5ba9d6f747c39ade70e5bb3a43705557a11a01b17788a0cfe930304	images\fce3745ba5ba9d6f747c39ade70e5bb3a43705557a11a01b17788a0cfe930304.bmp
C:\Projects\M2022\CauseOfFailure.dfm	CauseOfFailure.pas	dfm	TfrmCauseofFailure	dxBarManager1.dxBarDBNavDelete1	dxBarDBNavDelete1	TdxBarDBNavButton			Glyph.Data	single		bmp	1078	16	16	32	0					1		cb064bbb443aecb6b9c0d982ca7ef5e728083d86e4bf49b09e7330eed54dea24	images\cb064bbb443aecb6b9c0d982ca7ef5e728083d86e4bf49b09e7330eed54dea24.bmp
C:\Projects\M2022\CauseOfFailure.dfm	CauseOfFailure.pas	dfm	TfrmCauseofFailure	dxBarManager1.dxBarDBNavEdit1	dxBarDBNavEdit1	TdxBarDBNavButton			Glyph.Data	single		bmp	1078	16	16	32	0					1		22e66cc36468572cbdcae127edc7fe7560a3f052fa05202b746f2491175a05cf	images\22e66cc36468572cbdcae127edc7fe7560a3f052fa05202b746f2491175a05cf.bmp
C:\Projects\M2022\CauseOfFailure.dfm	CauseOfFailure.pas	dfm	TfrmCauseofFailure	dxBarManager1.dxBarDBNavPost1	dxBarDBNavPost1	TdxBarDBNavButton			Glyph.Data	single		bmp	1078	16	16	32	0					1		6212bc92930d93605cc9b6b3699601807dc1633fa573890fdac82faca790c47f	images\6212bc92930d93605cc9b6b3699601807dc1633fa573890fdac82faca790c47f.bmp
C:\Projects\M2022\CauseOfFailure.dfm	CauseOfFailure.pas	dfm	TfrmCauseofFailure	dxBarManager1.dxBarDBNavCancel1	dxBarDBNavCancel1	TdxBarDBNavButton			Glyph.Data	single		bmp	1078	16	16	32	0					1		975795a643484a5073c6e0223bb36e40eaf96637165ace0ca753593af1dde849	images\975795a643484a5073c6e0223bb36e40eaf96637165ace0ca753593af1dde849.bmp
C:\Projects\M2022\CauseOfFailure.dfm	CauseOfFailure.pas	dfm	TfrmCauseofFailure	dxBarManager1.dxBarDBNavRefresh1	dxBarDBNavRefresh1	TdxBarDBNavButton			Glyph.Data	single		bmp	1078	16	16	32	0					1		5d9485a834adeff5da0f68c84a8055425e3e8e58c4f93d181d2aa5086a8e39be	images\5d9485a834adeff5da0f68c84a8055425e3e8e58c4f93d181d2aa5086a8e39be.bmp
C:\Projects\M2022\CauseOfFailure.dfm	CauseOfFailure.pas	dfm	TfrmCauseofFailure	dxBarManager1.btnExit	btnExit	TdxBarButton			Glyph.Data	single		bmp	1078	16	16	32	0					1		d1f5d5f839df61eb3317ff82c09de63b57e908669df38bd26a96a6dd5b8d7ad7	images\d1f5d5f839df61eb3317ff82c09de63b57e908669df38bd26a96a6dd5b8d7ad7.bmp
C:\Projects\M2022\CauseOfFailure.dfm	CauseOfFailure.pas	dfm	TfrmCauseofFailure	dxBarManager1.btnPrint	btnPrint	TdxBarButton			Glyph.Data	single		bmp	1078	16	16	32	0					1		946d8ef4176300b7514b0712f480d3449521bbc5f097c0f596a6516e63518d3c	images\946d8ef4176300b7514b0712f480d3449521bbc5f097c0f596a6516e63518d3c.bmp
C:\Projects\M2022\ChangeProcess.dfm	ChangeProcess.pas	dfm	TfrmChangeProcess		frmChangeProcess	TfrmChangeProcess			Icon.Data	single		ico	1150	0	0	0	0							87829c566615525191dec99da56caf00d42442aaa72a701af21d38cb4d4598be	images\87829c566615525191dec99da56caf00d42442aaa72a701af21d38cb4d4598be.ico
C:\Projects\M2022\ChangeProcess.dfm	ChangeProcess.pas	dfm	TfrmChangeProcess	dxPanel15.btnStore	btnStore	TcxButton			OptionsImage.Glyph.Data	strip		bmp	2102	32	16	32	0	OptionsImage.NumGlyphs	2		2	2	Y	8d8b5241f861bfba1aa0ef736956a295ff826b3bc3c2a46705febb0509646760	images\8d8b5241f861bfba1aa0ef736956a295ff826b3bc3c2a46705febb0509646760.bmp
C:\Projects\M2022\ChangeProcess.dfm	ChangeProcess.pas	dfm	TfrmChangeProcess	dxPanel15.btnCancel	btnCancel	TcxButton			OptionsImage.Glyph.Data	strip		bmp	2646	36	18	32	0	OptionsImage.NumGlyphs	2		2	2	Y	16ea3348c947fd56f120f1ca56369f08676cc6cd818cbe606161e5c4e073bd52	images\16ea3348c947fd56f120f1ca56369f08676cc6cd818cbe606161e5c4e073bd52.bmp
C:\Projects\M2022\ChangeProcess.dfm	ChangeProcess.pas	dfm	TfrmChangeProcess	dxPanel15.btnOK	btnOK	TcxButton			OptionsImage.Glyph.Data	strip		bmp	2646	36	18	32	0	OptionsImage.NumGlyphs	2		2	2	Y	cb0963b13f440ab0c3e40c1c2890dbd35a5489c1e92385f22fd2cafd5a266ac5	images\cb0963b13f440ab0c3e40c1c2890dbd35a5489c1e92385f22fd2cafd5a266ac5.bmp
C:\Projects\M2022\ChangeProcess.dfm	ChangeProcess.pas	dfm	TfrmChangeProcess	qrySumUnits	qrySumUnits	TQuery			Data	single			1076	0	0	0	0							246202a039e1ab13721eac82a4ab0c43a92bc1098319b944ad5170f29d1bcc5d	images\246202a039e1ab13721eac82a4ab0c43a92bc1098319b944ad5170f29d1bcc5d.bin
C:\Projects\M2022\ChangeProcess.dfm	ChangeProcess.pas	dfm	TfrmChangeProcess	qryAdjList	qryAdjList	TQuery			Data	single			2266	0	0	0	0							9523f60f5be0e742177dd947839dac18c2fe355a8daddd2a45aad990b0d08d8c	images\9523f60f5be0e742177dd947839dac18c2fe355a8daddd2a45aad990b0d08d8c.bin
C:\Projects\M2022\ChangeProcess.dfm	ChangeProcess.pas	dfm	TfrmChangeProcess	qryRelTool	qryRelTool	TQuery			Data	single			1179	0	0	0	0							994323d010d5aa64b481e8a38786ad1fffd1c58f8378cede89991de76fe819d0	images\994323d010d5aa64b481e8a38786ad1fffd1c58f8378cede89991de76fe819d0.bin
C:\Projects\M2022\ChangeProcess.dfm	ChangeProcess.pas	dfm	TfrmChangeProcess	qryStopReas	qryStopReas	TQuery			Data	single			721	0	0	0	0							4575c6c5944eba103792c034f534dc0182e97be9e213da253716ddd090922345	images\4575c6c5944eba103792c034f534dc0182e97be9e213da253716ddd090922345.bin
C:\Projects\M2022\ChangeProcess.dfm	ChangeProcess.pas	dfm	TfrmChangeProcess	qryTllWear	qryTllWear	TQuery			Data	single			719	0	0	0	0							25a5865765e2d831ffbcdf1674709211ca8d83865b4e05773b58362177521315	images\25a5865765e2d831ffbcdf1674709211ca8d83865b4e05773b58362177521315.bin
C:\Projects\M2022\ChangeProcess.dfm	ChangeProcess.pas	dfm	TfrmChangeProcess	qrySurfFin	qrySurfFin	TQuery			Data	single			719	0	0	0	0							fd2d848543956490ad80d2ee0c3d38e7e1b9868be76d863bf762fcca259d10f1	images\fd2d848543956490ad80d2ee0c3d38e7e1b9868be76d863bf762fcca259d10f1.bin
C:\Projects\M2022\ChangeProcess.dfm	ChangeProcess.pas	dfm	TfrmChangeProcess	qryStatList	qryStatList	TQuery			Data	single			5201	0	0	0	0							bc292b4dd7b493e4d335f0ae8015fbbb3b07b83f64bedf67b1a35cc9eacab57c	images\bc292b4dd7b493e4d335f0ae8015fbbb3b07b83f64bedf67b1a35cc9eacab57c.bin
C:\Projects\M2022\ChangeProcess.dfm	ChangeProcess.pas	dfm	TfrmChangeProcess	qryAdjID	qryAdjID	TQuery			Data	single			418	0	0	0	0							fa56d87d3a70f8ee795f4054b51368d22c8a039251f17253478657308f5deed7	images\fa56d87d3a70f8ee795f4054b51368d22c8a039251f17253478657308f5deed7.bin
C:\Projects\M2022\ChangeProcess.dfm	ChangeProcess.pas	dfm	TfrmChangeProcess	qryRelGroup	qryRelGroup	TQuery			Data	single			1149	0	0	0	0							f53df70397afd62c0d275ba77f65c54c99eeeea7cd73bd436c6ae9837873aaf1	images\f53df70397afd62c0d275ba77f65c54c99eeeea7cd73bd436c6ae9837873aaf1.bin
C:\Projects\M2022\ChangeProcessQuiet.dfm	ChangeProcessQuiet.pas	dfm	TfrmChangeProcessQuiet		frmChangeProcessQuiet	TfrmChangeProcessQuiet			Icon.Data	single		ico	766	0	0	0	0							ff66307bd79fe7ed8b4531ae81ef3204cb3be14d8de48ef8f75f7f95693b8981	images\ff66307bd79fe7ed8b4531ae81ef3204cb3be14d8de48ef8f75f7f95693b8981.ico
C:\Projects\M2022\ChangeProcessQuiet.dfm	ChangeProcessQuiet.pas	dfm	TfrmChangeProcessQuiet	qryAdjList	qryAdjList	TQuery			Data	single			2266	0	0	0	0							9523f60f5be0e742177dd947839dac18c2fe355a8daddd2a45aad990b0d08d8c	images\9523f60f5be0e742177dd947839dac18c2fe355a8daddd2a45aad990b0d08d8c.bin
C:\Projects\M2022\ChangeProcessQuiet.dfm	ChangeProcessQuiet.pas	dfm	TfrmChangeProcessQuiet	qrySumUnits	qrySumUnits	TQuery			Data	single			1076	0	0	0	0							83490fa995d25cb32161f3dd6dd7ea92b31fc6d057128e69be8b432e24ebce31	images\83490fa995d25cb32161f3dd6dd7ea92b31fc6d057128e69be8b432e24ebce31.bin
C:\Projects\M2022\ChangeProcessQuiet.dfm	ChangeProcessQuiet.pas	dfm	TfrmChangeProcessQuiet	qryAdjID	qryAdjID	TQuery			Data	single			418	0	0	0	0							fa56d87d3a70f8ee795f4054b51368d22c8a039251f17253478657308f5deed7	images\fa56d87d3a70f8ee795f4054b51368d22c8a039251f17253478657308f5deed7.bin
C:\Projects\M2022\ChipFormation.dfm	ChipFormation.pas	dfm	TfrmChipFormation		frmChipFormation	TfrmChipFormation			Icon.Data	single		ico	1150	0	0	0	0							87829c566615525191dec99da56caf00d42442aaa72a701af21d38cb4d4598be	images\87829c566615525191dec99da56caf00d42442aaa72a701af21d38cb4d4598be.ico
C:\Projects\M2022\ChipFormation.dfm	ChipFormation.pas	dfm	TfrmChipFormation	dxBarManager1.dxBarDBNavFirst1	dxBarDBNavFirst1	TdxBarDBNavButton			Glyph.Data	single		bmp	1078	16	16	32	0					1		6607ef3da8822b74fe4b0acb662061780182bbfdc0c2cd0056156349e880dd94	images\6607ef3da8822b74fe4b0acb662061780182bbfdc0c2cd0056156349e880dd94.bmp
C:\Projects\M2022\ChipFormation.dfm	ChipFormation.pas	dfm	TfrmChipFormation	dxBarManager1.dxBarDBNavPrev1	dxBarDBNavPrev1	TdxBarDBNavButton			Glyph.Data	single		bmp	1078	16	16	32	0					1		4506a08e333bf65e1241dc1d265c0ec790826f394a1e425324e80125ac979066	images\4506a08e333bf65e1241dc1d265c0ec790826f394a1e425324e80125ac979066.bmp
C:\Projects\M2022\ChipFormation.dfm	ChipFormation.pas	dfm	TfrmChipFormation	dxBarManager1.dxBarDBNavNext1	dxBarDBNavNext1	TdxBarDBNavButton			Glyph.Data	single		bmp	1078	16	16	32	0					1		f1e077905d1aeb2d609668d4ed60b14af4e2852c7b1589986eed9a6c045d1e58	images\f1e077905d1aeb2d609668d4ed60b14af4e2852c7b1589986eed9a6c045d1e58.bmp
C:\Projects\M2022\ChipFormation.dfm	ChipFormation.pas	dfm	TfrmChipFormation	dxBarManager1.dxBarDBNavLast1	dxBarDBNavLast1	TdxBarDBNavButton			Glyph.Data	single		bmp	1078	16	16	32	0					1		fce3745ba5ba9d6f747c39ade70e5bb3a43705557a11a01b17788a0cfe930304	images\fce3745ba5ba9d6f747c39ade70e5bb3a43705557a11a01b17788a0cfe930304.bmp
C:\Projects\M2022\ChipFormation.dfm	ChipFormation.pas	dfm	TfrmChipFormation	dxBarManager1.dxBarDBNavDelete1	dxBarDBNavDelete1	TdxBarDBNavButton			Glyph.Data	single		bmp	1078	16	16	32	0					1		cb064bbb443aecb6b9c0d982ca7ef5e728083d86e4bf49b09e7330eed54dea24	images\cb064bbb443aecb6b9c0d982ca7ef5e728083d86e4bf49b09e7330eed54dea24.bmp
C:\Projects\M2022\ChipFormation.dfm	ChipFormation.pas	dfm	TfrmChipFormation	dxBarManager1.dxBarDBNavInsert1	dxBarDBNavInsert1	TdxBarDBNavButton			Glyph.Data	single		bmp	1078	16	16	32	0					1		85c3d26e8518011389ca86bb003d4f646fde018f5b8ea6bb5f236fa6b26ed9cb	images\85c3d26e8518011389ca86bb003d4f646fde018f5b8ea6bb5f236fa6b26ed9cb.bmp
C:\Projects\M2022\ChipFormation.dfm	ChipFormation.pas	dfm	TfrmChipFormation	dxBarManager1.dxBarDBNavEdit1	dxBarDBNavEdit1	TdxBarDBNavButton			Glyph.Data	single		bmp	1078	16	16	32	0					1		22e66cc36468572cbdcae127edc7fe7560a3f052fa05202b746f2491175a05cf	images\22e66cc36468572cbdcae127edc7fe7560a3f052fa05202b746f2491175a05cf.bmp
C:\Projects\M2022\ChipFormation.dfm	ChipFormation.pas	dfm	TfrmChipFormation	dxBarManager1.dxBarDBNavPost1	dxBarDBNavPost1	TdxBarDBNavButton			Glyph.Data	single		bmp	1078	16	16	32	0					1		6212bc92930d93605cc9b6b3699601807dc1633fa573890fdac82faca790c47f	images\6212bc92930d93605cc9b6b3699601807dc1633fa573890fdac82faca790c47f.bmp
C:\Projects\M2022\ChipFormation.dfm	ChipFormation.pas	dfm	TfrmChipFormation	dxBarManager1.dxBarDBNavCancel1	dxBarDBNavCancel1	TdxBarDBNavButton			Glyph.Data	single		bmp	1078	16	16	32	0					1		975795a643484a5073c6e0223bb36e40eaf96637165ace0ca753593af1dde849	images\975795a643484a5073c6e0223bb36e40eaf96637165ace0ca753593af1dde849.bmp
C:\Projects\M2022\ChipFormation.dfm	ChipFormation.pas	dfm	TfrmChipFormation	dxBarManager1.dxBarDBNavRefresh1	dxBarDBNavRefresh1	TdxBarDBNavButton			Glyph.Data	single		bmp	1078	16	16	32	0					1		5d9485a834adeff5da0f68c84a8055425e3e8e58c4f93d181d2aa5086a8e39be	images\5d9485a834adeff5da0f68c84a8055425e3e8e58c4f93d181d2aa5086a8e39be.bmp
C:\Projects\M2022\ChipFormation.dfm	ChipFormation.pas	dfm	TfrmChipFormation	dxBarManager1.btnExit	btnExit	TdxBarButton			Glyph.Data	single		bmp	1078	16	16	32	0					1		d1f5d5f839df61eb3317ff82c09de63b57e908669df38bd26a96a6dd5b8d7ad7	images\d1f5d5f839df61eb3317ff82c09de63b57e908669df38bd26a96a6dd5b8d7ad7.bmp
C:\Projects\M2022\ChipFormation.dfm	ChipFormation.pas	dfm	TfrmChipFormation	dxBarManager1.btnPrint	btnPrint	TdxBarButton			Glyph.Data	single		bmp	1078	16	16	32	0					1		946d8ef4176300b7514b0712f480d3449521bbc5f097c0f596a6516e63518d3c	images\946d8ef4176300b7514b0712f480d3449521bbc5f097c0f596a6516e63518d3c.bmp
C:\Projects\M2022\CMMGetDataMultiplyer.dfm	CMMGetDataMultiplyer.pas	dfm	TfrmCMMGetDataMultiplier		frmCMMGetDataMultiplier	TfrmCMMGetDataMultiplier			Icon.Data	single		ico	1150	0	0	0	0							87829c566615525191dec99da56caf00d42442aaa72a701af21d38cb4d4598be	images\87829c566615525191dec99da56caf00d42442aaa72a701af21d38cb4d4598be.ico
C:\Projects\M2022\CMMGetDataMultiplyer.dfm	CMMGetDataMultiplyer.pas	dfm	TfrmCMMGetDataMultiplier	RzMenuButton3	RzMenuButton3	TcxButton			OptionsImage.Glyph.Data	single		svg	3033	0	0	0	0							39e5933d6f88188b2c66d8c653d769e7684d9a23c349e93e39b61c6384fc2a9e	images\39e5933d6f88188b2c66d8c653d769e7684d9a23c349e93e39b61c6384fc2a9e.svg
C:\Projects\M2022\COMMENTS.dfm	COMMENTS.pas	dfm	TCommentsFrm		CommentsFrm	TCommentsFrm			Icon.Data	single		ico	1150	0	0	0	0							87829c566615525191dec99da56caf00d42442aaa72a701af21d38cb4d4598be	images\87829c566615525191dec99da56caf00d42442aaa72a701af21d38cb4d4598be.ico
C:\Projects\M2022\COMMENTS.dfm	COMMENTS.pas	dfm	TCommentsFrm	Panel1.RzMenuButton1	RzMenuButton1	TcxButton			OptionsImage.Glyph.Data	single		svg	311	0	0	0	0							ab2833c13bab5dcf5c52f24bf054fc6b3ced8666064942a91cc8b758a6e53202	images\ab2833c13bab5dcf5c52f24bf054fc6b3ced8666064942a91cc8b758a6e53202.svg
C:\Projects\M2022\CompDialog.dfm	CompDialog.pas	dfm	TfrmCompDialog		frmCompDialog	TfrmCompDialog			Icon.Data	single		ico	1150	0	0	0	0							87829c566615525191dec99da56caf00d42442aaa72a701af21d38cb4d4598be	images\87829c566615525191dec99da56caf00d42442aaa72a701af21d38cb4d4598be.ico
C:\Projects\M2022\CompDialog.dfm	CompDialog.pas	dfm	TfrmCompDialog	tblCompList	tblCompList	TdxMemData			Persistent.Data	single			150	0	0	0	0							cafd417f27b1374b02dfff36a611b9ac53e28a818378b9e69af3201039e4e27e	images\cafd417f27b1374b02dfff36a611b9ac53e28a818378b9e69af3201039e4e27e.bin
C:\Projects\M2022\CompDialog.dfm	CompDialog.pas	dfm	TfrmCompDialog	ImageList1	ImageList1	TImageList			Bitmap	container			4390	0	0	0	0							93d324cdd3ecab9a90f13ef8d055b05d8beef00b643dec9a67638d9beea2a914	images\93d324cdd3ecab9a90f13ef8d055b05d8beef00b643dec9a67638d9beea2a914.bin
C:\Projects\M2022\CompDialog.dfm	CompDialog.pas	dfm	TfrmCompDialog	ImageList2	ImageList2	TImageList			Bitmap	container			20966	0	0	0	0							79b7260e33b346ca5775b35d59699e3f41dc1324c621532c38610a4c23875d6a	images\79b7260e33b346ca5775b35d59699e3f41dc1324c621532c38610a4c23875d6a.bin
C:\Projects\M2022\CompDialog.dfm	CompDialog.pas	dfm	TfrmCompDialog	dxBarManager1.btnExit	btnExit	TdxBarLargeButton			Glyph.Data	single		svg	3033	0	0	0	0							39e5933d6f88188b2c66d8c653d769e7684d9a23c349e93e39b61c6384fc2a9e	images\39e5933d6f88188b2c66d8c653d769e7684d9a23c349e93e39b61c6384fc2a9e.svg
C:\Projects\M2022\CompDialog.dfm	CompDialog.pas	dfm	TfrmCompDialog	dxBarManager1.btnExit	btnExit	TdxBarLargeButton			LargeGlyph.Data	single		svg	3033	0	0	0	0							39e5933d6f88188b2c66d8c653d769e7684d9a23c349e93e39b61c6384fc2a9e	images\39e5933d6f88188b2c66d8c653d769e7684d9a23c349e93e39b61c6384fc2a9e.svg
C:\Projects\M2022\CompDialog.dfm	CompDialog.pas	dfm	TfrmCompDialog	dxBarManager1.btnExit	btnExit	TdxBarLargeButton			HotGlyph.Data	single		svg	3033	0	0	0	0							39e5933d6f88188b2c66d8c653d769e7684d9a23c349e93e39b61c6384fc2a9e	images\39e5933d6f88188b2c66d8c653d769e7684d9a23c349e93e39b61c6384fc2a9e.svg
C:\Projects\M2022\CompGroup2.dfm	CompGroup2.pas	dfm	TfrmCompGroupSetup2		frmCompGroupSetup2	TfrmCompGroupSetup2			Icon.Data	single		ico	1150	0	0	0	0							87829c566615525191dec99da56caf00d42442aaa72a701af21d38cb4d4598be	images\87829c566615525191dec99da56caf00d42442aaa72a701af21d38cb4d4598be.ico
C:\Projects\M2022\CompGroup2.dfm	CompGroup2.pas	dfm	TfrmCompGroupSetup2	RzPanel2.RzMenuButton1	RzMenuButton1	TcxButton			OptionsImage.Glyph.Data	strip		bmp	2102	32	16	32	0	OptionsImage.NumGlyphs	2		2	2	Y	2dc4c5beca0f127406f0c42ed3fad7e305e3dd5f03846f911946aadb49962e11	images\2dc4c5beca0f127406f0c42ed3fad7e305e3dd5f03846f911946aadb49962e11.bmp
C:\Projects\M2022\CompGroup2.dfm	CompGroup2.pas	dfm	TfrmCompGroupSetup2	ImageList1	ImageList1	TImageList			Bitmap	container			4390	0	0	0	0							93d324cdd3ecab9a90f13ef8d055b05d8beef00b643dec9a67638d9beea2a914	images\93d324cdd3ecab9a90f13ef8d055b05d8beef00b643dec9a67638d9beea2a914.bin
C:\Projects\M2022\CompGroup2.dfm	CompGroup2.pas	dfm	TfrmCompGroupSetup2	ImageList2	ImageList2	TImageList			Bitmap	container			50854	0	0	0	0							9aa63a99e979b4cf21c048de1a8585bf2fa90d884063d0a531b9f9b989651191	images\9aa63a99e979b4cf21c048de1a8585bf2fa90d884063d0a531b9f9b989651191.bin
C:\Projects\M2022\CompGroup2.dfm	CompGroup2.pas	dfm	TfrmCompGroupSetup2	ImageList3	ImageList3	TImageList			Bitmap	container			17062	0	0	0	0							b0ba4936067635bb0dd4d54d60e09bd159d53ceb036b7ed5b08cea0255f79394	images\b0ba4936067635bb0dd4d54d60e09bd159d53ceb036b7ed5b08cea0255f79394.bin
C:\Projects\M2022\CompGroup2.dfm	CompGroup2.pas	dfm	TfrmCompGroupSetup2	dxBarManager1.dxBarDBNavFirst1	dxBarDBNavFirst1	TdxBarDBNavButton			Glyph.Data	single		bmp	1078	16	16	32	0					1		6607ef3da8822b74fe4b0acb662061780182bbfdc0c2cd0056156349e880dd94	images\6607ef3da8822b74fe4b0acb662061780182bbfdc0c2cd0056156349e880dd94.bmp
C:\Projects\M2022\CompGroup2.dfm	CompGroup2.pas	dfm	TfrmCompGroupSetup2	dxBarManager1.dxBarDBNavPrev1	dxBarDBNavPrev1	TdxBarDBNavButton			Glyph.Data	single		bmp	1078	16	16	32	0					1		4506a08e333bf65e1241dc1d265c0ec790826f394a1e425324e80125ac979066	images\4506a08e333bf65e1241dc1d265c0ec790826f394a1e425324e80125ac979066.bmp
C:\Projects\M2022\CompGroup2.dfm	CompGroup2.pas	dfm	TfrmCompGroupSetup2	dxBarManager1.dxBarDBNavNext1	dxBarDBNavNext1	TdxBarDBNavButton			Glyph.Data	single		bmp	1078	16	16	32	0					1		f1e077905d1aeb2d609668d4ed60b14af4e2852c7b1589986eed9a6c045d1e58	images\f1e077905d1aeb2d609668d4ed60b14af4e2852c7b1589986eed9a6c045d1e58.bmp
C:\Projects\M2022\CompGroup2.dfm	CompGroup2.pas	dfm	TfrmCompGroupSetup2	dxBarManager1.dxBarDBNavLast1	dxBarDBNavLast1	TdxBarDBNavButton			Glyph.Data	single		bmp	1078	16	16	32	0					1		fce3745ba5ba9d6f747c39ade70e5bb3a43705557a11a01b17788a0cfe930304	images\fce3745ba5ba9d6f747c39ade70e5bb3a43705557a11a01b17788a0cfe930304.bmp
C:\Projects\M2022\CompGroup2.dfm	CompGroup2.pas	dfm	TfrmCompGroupSetup2	dxBarManager1.dxBarDBNavInsert1	dxBarDBNavInsert1	TdxBarDBNavButton			Glyph.Data	single		bmp	1078	16	16	32	0					1		85c3d26e8518011389ca86bb003d4f646fde018f5b8ea6bb5f236fa6b26ed9cb	images\85c3d26e8518011389ca86bb003d4f646fde018f5b8ea6bb5f236fa6b26ed9cb.bmp
C:\Projects\M2022\CompGroup2.dfm	CompGroup2.pas	dfm	TfrmCompGroupSetup2	dxBarManager1.dxBarDBNavDelete1	dxBarDBNavDelete1	TdxBarDBNavButton			Glyph.Data	single		bmp	1078	16	16	32	0					1		cb064bbb443aecb6b9c0d982ca7ef5e728083d86e4bf49b09e7330eed54dea24	images\cb064bbb443aecb6b9c0d982ca7ef5e728083d86e4bf49b09e7330eed54dea24.bmp
C:\Projects\M2022\CompGroup2.dfm	CompGroup2.pas	dfm	TfrmCompGroupSetup2	dxBarManager1.dxBarDBNavEdit1	dxBarDBNavEdit1	TdxBarDBNavButton			Glyph.Data	single		bmp	1078	16	16	32	0					1		22e66cc36468572cbdcae127edc7fe7560a3f052fa05202b746f2491175a05cf	images\22e66cc36468572cbdcae127edc7fe7560a3f052fa05202b746f2491175a05cf.bmp
C:\Projects\M2022\CompGroup2.dfm	CompGroup2.pas	dfm	TfrmCompGroupSetup2	dxBarManager1.dxBarDBNavPost1	dxBarDBNavPost1	TdxBarDBNavButton			Glyph.Data	single		bmp	1078	16	16	32	0					1		6212bc92930d93605cc9b6b3699601807dc1633fa573890fdac82faca790c47f	images\6212bc92930d93605cc9b6b3699601807dc1633fa573890fdac82faca790c47f.bmp
C:\Projects\M2022\CompGroup2.dfm	CompGroup2.pas	dfm	TfrmCompGroupSetup2	dxBarManager1.dxBarDBNavCancel1	dxBarDBNavCancel1	TdxBarDBNavButton			Glyph.Data	single		bmp	1078	16	16	32	0					1		975795a643484a5073c6e0223bb36e40eaf96637165ace0ca753593af1dde849	images\975795a643484a5073c6e0223bb36e40eaf96637165ace0ca753593af1dde849.bmp
C:\Projects\M2022\CompGroup2.dfm	CompGroup2.pas	dfm	TfrmCompGroupSetup2	dxBarManager1.dxBarDBNavRefresh1	dxBarDBNavRefresh1	TdxBarDBNavButton			Glyph.Data	single		bmp	1078	16	16	32	0					1		5d9485a834adeff5da0f68c84a8055425e3e8e58c4f93d181d2aa5086a8e39be	images\5d9485a834adeff5da0f68c84a8055425e3e8e58c4f93d181d2aa5086a8e39be.bmp
C:\Projects\M2022\CompGroup2.dfm	CompGroup2.pas	dfm	TfrmCompGroupSetup2	dxBarManager1.ddlOperation	ddlOperation	TdxBarLookupCombo			Glyph.Data	single		bmp	1078	16	16	32	0					1		bbc4108921a351ec72897a48f2154efc1912a9110484d6471ef4ae5072a64f09	images\bbc4108921a351ec72897a48f2154efc1912a9110484d6471ef4ae5072a64f09.bmp
C:\Projects\M2022\CompGroup2.dfm	CompGroup2.pas	dfm	TfrmCompGroupSetup2	dxBarManager1.btnAutoPrecision	btnAutoPrecision	TdxBarButton			Glyph.Data	single		bmp	1654	20	20	32	0					1		3d55130c4b8fc53e82146c41231a72b19730143030eea92f822dad1938f0247d	images\3d55130c4b8fc53e82146c41231a72b19730143030eea92f822dad1938f0247d.bmp
C:\Projects\M2022\CompGroup2.dfm	CompGroup2.pas	dfm	TfrmCompGroupSetup2	dxBarManager1.btnExit	btnExit	TdxBarButton			Glyph.Data	single		bmp	1078	16	16	32	0					1		d1f5d5f839df61eb3317ff82c09de63b57e908669df38bd26a96a6dd5b8d7ad7	images\d1f5d5f839df61eb3317ff82c09de63b57e908669df38bd26a96a6dd5b8d7ad7.bmp
C:\Projects\M2022\CompGroup2.dfm	CompGroup2.pas	dfm	TfrmCompGroupSetup2	dxBarManager1.btnExitLarge	btnExitLarge	TdxBarLargeButton			Glyph.Data	single		bmp	1078	16	16	32	0					1		d1f5d5f839df61eb3317ff82c09de63b57e908669df38bd26a96a6dd5b8d7ad7	images\d1f5d5f839df61eb3317ff82c09de63b57e908669df38bd26a96a6dd5b8d7ad7.bmp
C:\Projects\M2022\CompGroup2.dfm	CompGroup2.pas	dfm	TfrmCompGroupSetup2	dxBarManager1.btnExitLarge	btnExitLarge	TdxBarLargeButton			LargeGlyph.Data	single		bmp	4150	32	32	32	0					1		360c9c0647c09d8441f902ea87440b4e262ef05b2fa0ef5bc34f085f7fc824e8	images\360c9c0647c09d8441f902ea87440b4e262ef05b2fa0ef5bc34f085f7fc824e8.bmp
C:\Projects\M2022\CompGroup2.dfm	CompGroup2.pas	dfm	TfrmCompGroupSetup2	ImageList4	ImageList4	TImageList			Bitmap	container			67750	0	0	0	0							cf2f5bda0939f3e322d20e4a9f7d806d3ea6e43836ccb81a36bcb3037c6a8043	images\cf2f5bda0939f3e322d20e4a9f7d806d3ea6e43836ccb81a36bcb3037c6a8043.bin
C:\Projects\M2022\CompImport.dfm	CompImport.pas	dfm	TfrmCompRulesImport		frmCompRulesImport	TfrmCompRulesImport			Icon.Data	single		ico	1150	0	0	0	0							87829c566615525191dec99da56caf00d42442aaa72a701af21d38cb4d4598be	images\87829c566615525191dec99da56caf00d42442aaa72a701af21d38cb4d4598be.ico
C:\Projects\M2022\COMPINFO.dfm	COMPINFO.pas	dfm	TCompInfoDlg		CompInfoDlg	TCompInfoDlg			Icon.Data	single		ico	1150	0	0	0	0							87829c566615525191dec99da56caf00d42442aaa72a701af21d38cb4d4598be	images\87829c566615525191dec99da56caf00d42442aaa72a701af21d38cb4d4598be.ico
C:\Projects\M2022\COMPINFO.dfm	COMPINFO.pas	dfm	TCompInfoDlg	RzMenuButton1	RzMenuButton1	TcxButton			OptionsImage.Glyph.Data	single		svg	311	0	0	0	0							ab2833c13bab5dcf5c52f24bf054fc6b3ced8666064942a91cc8b758a6e53202	images\ab2833c13bab5dcf5c52f24bf054fc6b3ced8666064942a91cc8b758a6e53202.svg
C:\Projects\M2022\COMPINFO.dfm	COMPINFO.pas	dfm	TCompInfoDlg	RzMenuButton2	RzMenuButton2	TcxButton			OptionsImage.Glyph.Data	single		svg	475	0	0	0	0							182dc8b95b3aacd3fb2a562fef0f9af9d1bcead5a2f8e9477f6910dfd29af2d0	images\182dc8b95b3aacd3fb2a562fef0f9af9d1bcead5a2f8e9477f6910dfd29af2d0.svg
C:\Projects\M2022\CompScreen.dfm	CompScreen.pas	dfm	TfrmDefaultForm4		frmDefaultForm4	TfrmDefaultForm4			Icon.Data	single		ico	1150	0	0	0	0							87829c566615525191dec99da56caf00d42442aaa72a701af21d38cb4d4598be	images\87829c566615525191dec99da56caf00d42442aaa72a701af21d38cb4d4598be.ico
C:\Projects\M2022\CompScreen.dfm	CompScreen.pas	dfm	TfrmDefaultForm4	dxBarManager1.btnExit	btnExit	TdxBarButton			Glyph.Data	single		svg	3033	0	0	0	0							39e5933d6f88188b2c66d8c653d769e7684d9a23c349e93e39b61c6384fc2a9e	images\39e5933d6f88188b2c66d8c653d769e7684d9a23c349e93e39b61c6384fc2a9e.svg
C:\Projects\M2022\CompScreen.dfm	CompScreen.pas	dfm	TfrmDefaultForm4	dxBarManager1.btnExit	btnExit	TdxBarButton			LargeGlyph.Data	single		svg	3033	0	0	0	0							39e5933d6f88188b2c66d8c653d769e7684d9a23c349e93e39b61c6384fc2a9e	images\39e5933d6f88188b2c66d8c653d769e7684d9a23c349e93e39b61c6384fc2a9e.svg
C:\Projects\M2022\CompScreen.dfm	CompScreen.pas	dfm	TfrmDefaultForm4	dxBarManager1.btnMaximize	btnMaximize	TdxBarButton			Glyph.Data	single		svg	783	0	0	0	0							a04d5c7e545624b99c2776d2a695d8f00b718c15eb88bf461ead28bece4b6618	images\a04d5c7e545624b99c2776d2a695d8f00b718c15eb88bf461ead28bece4b6618.svg
C:\Projects\M2022\CompScreen.dfm	CompScreen.pas	dfm	TfrmDefaultForm4	dxBarManager1.btnMaximize	btnMaximize	TdxBarButton			LargeGlyph.Data	single		svg	783	0	0	0	0							a04d5c7e545624b99c2776d2a695d8f00b718c15eb88bf461ead28bece4b6618	images\a04d5c7e545624b99c2776d2a695d8f00b718c15eb88bf461ead28bece4b6618.svg
C:\Projects\M2022\CompScreen.dfm	CompScreen.pas	dfm	TfrmDefaultForm4	dxBarManager1.btnCancel	btnCancel	TdxBarButton			Glyph.Data	single		svg	475	0	0	0	0							182dc8b95b3aacd3fb2a562fef0f9af9d1bcead5a2f8e9477f6910dfd29af2d0	images\182dc8b95b3aacd3fb2a562fef0f9af9d1bcead5a2f8e9477f6910dfd29af2d0.svg
C:\Projects\M2022\CompScreen.dfm	CompScreen.pas	dfm	TfrmDefaultForm4	dxBarManager1.btnCancel	btnCancel	TdxBarButton			LargeGlyph.Data	single		svg	475	0	0	0	0							182dc8b95b3aacd3fb2a562fef0f9af9d1bcead5a2f8e9477f6910dfd29af2d0	images\182dc8b95b3aacd3fb2a562fef0f9af9d1bcead5a2f8e9477f6910dfd29af2d0.svg
C:\Projects\M2022\CompStats.dfm	CompStats.pas	dfm	TfrmCompStats		frmCompStats	TfrmCompStats			Icon.Data	single		ico	1150	0	0	0	0							87829c566615525191dec99da56caf00d42442aaa72a701af21d38cb4d4598be	images\87829c566615525191dec99da56caf00d42442aaa72a701af21d38cb4d4598be.ico
C:\Projects\M2022\CompStats.dfm	CompStats.pas	dfm	TfrmCompStats	dxBarManager1.btnExit	btnExit	TdxBarButton			Glyph.Data	single		bmp	1078	16	16	32	0					1		d1f5d5f839df61eb3317ff82c09de63b57e908669df38bd26a96a6dd5b8d7ad7	images\d1f5d5f839df61eb3317ff82c09de63b57e908669df38bd26a96a6dd5b8d7ad7.bmp
C:\Projects\M2022\CompStats.dfm	CompStats.pas	dfm	TfrmCompStats	dxBarManager1.btnMaximize	btnMaximize	TdxBarButton			Glyph.Data	single		bmp	1078	16	16	32	0					1		d979d0b7b77a3576b3ea07e84c5ebda63b9ff26d22cf4e477f50474bd456c113	images\d979d0b7b77a3576b3ea07e84c5ebda63b9ff26d22cf4e477f50474bd456c113.bmp
C:\Projects\M2022\CompStats.dfm	CompStats.pas	dfm	TfrmCompStats	dxBarManager1.ddlOperation	ddlOperation	TdxBarLookupCombo			Glyph.Data	single		bmp	1078	16	16	32	0					1		bbc4108921a351ec72897a48f2154efc1912a9110484d6471ef4ae5072a64f09	images\bbc4108921a351ec72897a48f2154efc1912a9110484d6471ef4ae5072a64f09.bmp
C:\Projects\M2022\CompStats.dfm	CompStats.pas	dfm	TfrmCompStats	dxBarManager1.ddlKCCAll	ddlKCCAll	TdxBarImageCombo			Glyph.Data	single		bmp	1078	16	16	32	0					1		9c41a85fa5ce6f5ec03987b719f3b171c7de40ed8bd799565cd38495132bf080	images\9c41a85fa5ce6f5ec03987b719f3b171c7de40ed8bd799565cd38495132bf080.bmp
C:\Projects\M2022\CompStats.dfm	CompStats.pas	dfm	TfrmCompStats	dxBarManager1.btnPrint	btnPrint	TdxBarButton			Glyph.Data	single		bmp	1078	16	16	32	0					1		946d8ef4176300b7514b0712f480d3449521bbc5f097c0f596a6516e63518d3c	images\946d8ef4176300b7514b0712f480d3449521bbc5f097c0f596a6516e63518d3c.bmp
C:\Projects\M2022\CompStats.dfm	CompStats.pas	dfm	TfrmCompStats	ImageList1	ImageList1	TImageList			Bitmap	container			13446	0	0	0	0							c83e42409d537944dd19e070964d4654cbe1e33ecc07dfecf508d7e29347023d	images\c83e42409d537944dd19e070964d4654cbe1e33ecc07dfecf508d7e29347023d.bin
C:\Projects\M2022\CompStats.dfm	CompStats.pas	dfm	TfrmCompStats	ImageList2	ImageList2	TImageList			Bitmap	container			13446	0	0	0	0							1e4199715a2409585e3bf2e7a0734d459b498ac3d23f82c300eff740baa157fd	images\1e4199715a2409585e3bf2e7a0734d459b498ac3d23f82c300eff740baa157fd.bin
C:\Projects\M2022\CompStats.dfm	CompStats.pas	dfm	TfrmCompStats	ImageList3	ImageList3	TImageList			Bitmap	container			8614	0	0	0	0							37344f1f796ab1686752adec5edf02b38730e56ec3100d786b7300db7347a376	images\37344f1f796ab1686752adec5edf02b38730e56ec3100d786b7300db7347a376.bin
C:\Projects\M2022\CompStats.dfm	CompStats.pas	dfm	TfrmCompStats	ImageList4	ImageList4	TImageList			Bitmap	container			26726	0	0	0	0							a780a98d67c7206ca944591a8041a887b943d04255b8b0f37f365c1bb66e513f	images\a780a98d67c7206ca944591a8041a887b943d04255b8b0f37f365c1bb66e513f.bin
C:\Projects\M2022\CompStats.dfm	CompStats.pas	dfm	TfrmCompStats	ImageList5	ImageList5	TImageList			Bitmap	container			14782	0	0	0	0							f9aa8e1b452b0d1c632336c61339614b381d9f14392310472502da168cc7442f	images\f9aa8e1b452b0d1c632336c61339614b381d9f14392310472502da168cc7442f.bin
C:\Projects\M2022\ConfirmCancel.dfm	ConfirmCancel.pas	dfm	TfrmConfirmorCancel		frmConfirmorCancel	TfrmConfirmorCancel			Icon.Data	single		ico	1150	0	0	0	0							87829c566615525191dec99da56caf00d42442aaa72a701af21d38cb4d4598be	images\87829c566615525191dec99da56caf00d42442aaa72a701af21d38cb4d4598be.ico
C:\Projects\M2022\ConfirmCancel.dfm	ConfirmCancel.pas	dfm	TfrmConfirmorCancel	Panel2.BitBtn1	BitBtn1	TcxButton			OptionsImage.Glyph.Data	single		svg	311	0	0	0	0							ab2833c13bab5dcf5c52f24bf054fc6b3ced8666064942a91cc8b758a6e53202	images\ab2833c13bab5dcf5c52f24bf054fc6b3ced8666064942a91cc8b758a6e53202.svg
C:\Projects\M2022\ConfirmCancel.dfm	ConfirmCancel.pas	dfm	TfrmConfirmorCancel	Panel2.BitBtn2	BitBtn2	TcxButton			OptionsImage.Glyph.Data	single		svg	475	0	0	0	0							182dc8b95b3aacd3fb2a562fef0f9af9d1bcead5a2f8e9477f6910dfd29af2d0	images\182dc8b95b3aacd3fb2a562fef0f9af9d1bcead5a2f8e9477f6910dfd29af2d0.svg
C:\Projects\M2022\ControlPlan.dfm	ControlPlan.pas	dfm	TfrmControlPlan		frmControlPlan	TfrmControlPlan			Icon.Data	single		ico	766	0	0	0	0							ff66307bd79fe7ed8b4531ae81ef3204cb3be14d8de48ef8f75f7f95693b8981	images\ff66307bd79fe7ed8b4531ae81ef3204cb3be14d8de48ef8f75f7f95693b8981.ico
C:\Projects\M2022\ControlPlan.dfm	ControlPlan.pas	dfm	TfrmControlPlan	Panel2.btnPrint	btnPrint	TcxButton			OptionsImage.Glyph.Data	single		svg	819	0	0	0	0							4ba55ff88e8cf3f39a716d1dd6eb4e744836948baa8d84db637a15a904e50cdb	images\4ba55ff88e8cf3f39a716d1dd6eb4e744836948baa8d84db637a15a904e50cdb.svg
C:\Projects\M2022\ControlPlan.dfm	ControlPlan.pas	dfm	TfrmControlPlan	Panel2.Panel9.BitBtn1	BitBtn1	TcxButton			OptionsImage.Glyph.Data	single		svg	399	0	0	0	0							1bece194dce69bcf8b42f4f0c6bbfb8c8a5df6b5978b84132b9ce447785fbcdb	images\1bece194dce69bcf8b42f4f0c6bbfb8c8a5df6b5978b84132b9ce447785fbcdb.svg
C:\Projects\M2022\ControlPlan.dfm	ControlPlan.pas	dfm	TfrmControlPlan	Panel2.Panel9.BitBtn2	BitBtn2	TcxButton			OptionsImage.Glyph.Data	single		svg	399	0	0	0	0							1bece194dce69bcf8b42f4f0c6bbfb8c8a5df6b5978b84132b9ce447785fbcdb	images\1bece194dce69bcf8b42f4f0c6bbfb8c8a5df6b5978b84132b9ce447785fbcdb.svg
C:\Projects\M2022\ControlPlan.dfm	ControlPlan.pas	dfm	TfrmControlPlan	Panel2.Panel9.BitBtn7	BitBtn7	TcxButton			OptionsImage.Glyph.Data	single		svg	827	0	0	0	0							c91b2bc5334c44747492dec4a6be22f53d4937a2002c7f7f736fafbc1767e9d7	images\c91b2bc5334c44747492dec4a6be22f53d4937a2002c7f7f736fafbc1767e9d7.svg
C:\Projects\M2022\ControlPlan.dfm	ControlPlan.pas	dfm	TfrmControlPlan	Panel2.Panel9.btnExitToDefine	btnExitToDefine	TcxButton			OptionsImage.Glyph.Data	single		svg	399	0	0	0	0							1bece194dce69bcf8b42f4f0c6bbfb8c8a5df6b5978b84132b9ce447785fbcdb	images\1bece194dce69bcf8b42f4f0c6bbfb8c8a5df6b5978b84132b9ce447785fbcdb.svg
C:\Projects\M2022\ControlPlan.dfm	ControlPlan.pas	dfm	TfrmControlPlan	Panel1.tabSchemeChoice.Page3.tabDCVarAttributes.tabDCVariablesPage51.Panel26.RzDBTrackBar3	RzDBTrackBar3	TRzDBTrackBar			CustomThumb.Data	single		bmp	242	15	15	4	16					1		c828677739dae907ae22221a8c966a7e3b34df067f3f8393ec5c37632106b7bd	images\c828677739dae907ae22221a8c966a7e3b34df067f3f8393ec5c37632106b7bd.bmp
C:\Projects\M2022\ControlPlan.dfm	ControlPlan.pas	dfm	TfrmControlPlan	Panel1.tabSchemeChoice.Page4.cxImage1	cxImage1	TcxImage			Picture.Data	single	TdxSmartImage		757957	0	0	0	0							665d266920324377d0997e84108ab8d1f6ad62ae1b360e226d69f97b5e794c42	images\665d266920324377d0997e84108ab8d1f6ad62ae1b360e226d69f97b5e794c42.bin
C:\Projects\M2022\ControlPlan.dfm	ControlPlan.pas	dfm	TfrmControlPlan	Panel1.tabSchemeChoice.Page9Page7.pnlPROCAP.Panel79.RzMenuButton4	RzMenuButton4	TcxButton			OptionsImage.Glyph.Data	single		svg	641	0	0	0	0							43d09d8100ecb7f4c632645ae2ddc3554203c1076f98ab79ba8ba72d65623e7f	images\43d09d8100ecb7f4c632645ae2ddc3554203c1076f98ab79ba8ba72d65623e7f.svg
C:\Projects\M2022\ControlPlan.dfm	ControlPlan.pas	dfm	TfrmControlPlan	Panel1.tabSchemeChoice.Page9Page7.pnlPROCAP.Panel79.RzMenuButton3	RzMenuButton3	TcxButton			OptionsImage.Glyph.Data	single		svg	879	0	0	0	0							3525f3a4059911922a9f0547cab0c99dff93aa4ed30e5e0ebbfec5889d539129	images\3525f3a4059911922a9f0547cab0c99dff93aa4ed30e5e0ebbfec5889d539129.svg
C:\Projects\M2022\ControlPlan.dfm	ControlPlan.pas	dfm	TfrmControlPlan	Panel1.tabSchemeChoice.Page14Page9.tabFinalVarAttribute.tabFinalVariablesPage53.Panel20.trbFinalPlan	trbFinalPlan	TRzDBTrackBar			CustomThumb.Data	single		bmp	242	15	15	4	16					1		c828677739dae907ae22221a8c966a7e3b34df067f3f8393ec5c37632106b7bd	images\c828677739dae907ae22221a8c966a7e3b34df067f3f8393ec5c37632106b7bd.bmp
C:\Projects\M2022\ControlPlan.dfm	ControlPlan.pas	dfm	TfrmControlPlan	Panel1.tabSchemeChoice.Page1Page10.EdtbyPpk	EdtbyPpk	TRzDBRadioGroup			CustomGlyphs.Data	strip		bmp	4666	96	16	24	0					6		2557e578450137ed82314e371c5ecaecebcda3f3650e8b24dcb02e54c2a29fd2	images\2557e578450137ed82314e371c5ecaecebcda3f3650e8b24dcb02e54c2a29fd2.bmp
C:\Projects\M2022\ControlPlan.dfm	ControlPlan.pas	dfm	TfrmControlPlan	Panel1.tabSchemeChoice.Page1Page10.Panel45.nbtSmallBatch.tbcAPage11.RzRadioGroup2	RzRadioGroup2	TRzRadioGroup			CustomGlyphs.Data	strip		bmp	4666	96	16	24	0					6		20de6362cd769f0d2bc7de0d3989e2f39f4f3bddfbbc543770b733d6d41704a9	images\20de6362cd769f0d2bc7de0d3989e2f39f4f3bddfbbc543770b733d6d41704a9.bmp
C:\Projects\M2022\ControlPlan.dfm	ControlPlan.pas	dfm	TfrmControlPlan	Panel1.tabSchemeChoice.Page1Page10.Panel45.nbtSmallBatch.tbcDPage14.RzRadioGroup3	RzRadioGroup3	TRzRadioGroup			CustomGlyphs.Data	strip		bmp	4666	96	16	24	0					6		20de6362cd769f0d2bc7de0d3989e2f39f4f3bddfbbc543770b733d6d41704a9	images\20de6362cd769f0d2bc7de0d3989e2f39f4f3bddfbbc543770b733d6d41704a9.bmp
C:\Projects\M2022\ControlPlan.dfm	ControlPlan.pas	dfm	TfrmControlPlan	Panel1.tabSchemeChoice.Page1Page10.Panel45.nbtSmallBatch.tbcEPage15.RzRadioGroup1	RzRadioGroup1	TRzRadioGroup			CustomGlyphs.Data	strip		bmp	4666	96	16	24	0					6		20de6362cd769f0d2bc7de0d3989e2f39f4f3bddfbbc543770b733d6d41704a9	images\20de6362cd769f0d2bc7de0d3989e2f39f4f3bddfbbc543770b733d6d41704a9.bmp
C:\Projects\M2022\ControlPlan.dfm	ControlPlan.pas	dfm	TfrmControlPlan	ImageList1	ImageList1	TImageList			Bitmap	container			4390	0	0	0	0							041ee01b39ff6949d00f0490ec2cf128566b4be531bf1c099d9b696c1dd719e2	images\041ee01b39ff6949d00f0490ec2cf128566b4be531bf1c099d9b696c1dd719e2.bin
C:\Projects\M2022\ControlPlan.dfm	ControlPlan.pas	dfm	TfrmControlPlan	cxImageCollection1.PointRight	PointRight	TcxImageCollectionItem			Picture.Data	single	TdxSmartImage		692	0	0	0	0							f62f72e8e18fa295676987c631f86133b461d3bea4a51b34e8a94fd604325d6b	images\f62f72e8e18fa295676987c631f86133b461d3bea4a51b34e8a94fd604325d6b.bin
C:\Projects\M2022\ControlPlan.dfm	ControlPlan.pas	dfm	TfrmControlPlan	cxImageCollection1.PointLeft	PointLeft	TcxImageCollectionItem			Picture.Data	single	TdxSmartImage		692	0	0	0	0							f62f72e8e18fa295676987c631f86133b461d3bea4a51b34e8a94fd604325d6b	images\f62f72e8e18fa295676987c631f86133b461d3bea4a51b34e8a94fd604325d6b.bin
C:\Projects\M2022\ControlPlan.dfm	ControlPlan.pas	dfm	TfrmControlPlan	cxImageCollection1.UpDownSlider	UpDownSlider	TcxImageCollectionItem			Picture.Data	single	TdxSmartImage		997	0	0	0	0							d484edd963ff2f74c685db4b3a39cc722d0914fc601c6b9425ef01324c62cc9e	images\d484edd963ff2f74c685db4b3a39cc722d0914fc601c6b9425ef01324c62cc9e.bin
C:\Projects\M2022\ControlPlan2.dfm	ControlPlan2.pas	dfm	TfrmControlPlan2		frmControlPlan2	TfrmControlPlan2			Icon.Data	single		ico	1150	0	0	0	0							87829c566615525191dec99da56caf00d42442aaa72a701af21d38cb4d4598be	images\87829c566615525191dec99da56caf00d42442aaa72a701af21d38cb4d4598be.ico
C:\Projects\M2022\ControlPlan2.dfm	ControlPlan2.pas	dfm	TfrmControlPlan2	dxPanel2.tabSchemeChoice.PAGE_Clear.cxImage1	cxImage1	TcxImage			Picture.Data	single	TdxSmartImage		743	0	0	0	0							b4ab59fd67fceb6e93343bde8cf840dceb2c578cf34b38e27e5670b127572732	images\b4ab59fd67fceb6e93343bde8cf840dceb2c578cf34b38e27e5670b127572732.bin
C:\Projects\M2022\ControlPlan2.dfm	ControlPlan2.pas	dfm	TfrmControlPlan2	dxPanel2.tabSchemeChoice.PAGE_SPC.Panel79.btnSPCSave	btnSPCSave	TcxButton			OptionsImage.Glyph.Data	single		svg	641	0	0	0	0							43d09d8100ecb7f4c632645ae2ddc3554203c1076f98ab79ba8ba72d65623e7f	images\43d09d8100ecb7f4c632645ae2ddc3554203c1076f98ab79ba8ba72d65623e7f.svg
C:\Projects\M2022\ControlPlan2.dfm	ControlPlan2.pas	dfm	TfrmControlPlan2	dxPanel2.tabSchemeChoice.PAGE_SPC.Panel79.btnSPCEdit	btnSPCEdit	TcxButton			OptionsImage.Glyph.Data	single		svg	879	0	0	0	0							3525f3a4059911922a9f0547cab0c99dff93aa4ed30e5e0ebbfec5889d539129	images\3525f3a4059911922a9f0547cab0c99dff93aa4ed30e5e0ebbfec5889d539129.svg
C:\Projects\M2022\ControlPlan2.dfm	ControlPlan2.pas	dfm	TfrmControlPlan2	dxBarManager1.btnApplyToAll	btnApplyToAll	TdxBarLargeButton			LargeGlyph.Data	single		svg	473	0	0	0	0							f00fa06a620a47a93b0187a59a091d1dda4a610707f8649203b2e5652c84ffc6	images\f00fa06a620a47a93b0187a59a091d1dda4a610707f8649203b2e5652c84ffc6.svg
C:\Projects\M2022\ControlPlan2.dfm	ControlPlan2.pas	dfm	TfrmControlPlan2	dxBarManager1.btnApplyToAll	btnApplyToAll	TdxBarLargeButton			HotGlyph.Data	single		svg	473	0	0	0	0							f00fa06a620a47a93b0187a59a091d1dda4a610707f8649203b2e5652c84ffc6	images\f00fa06a620a47a93b0187a59a091d1dda4a610707f8649203b2e5652c84ffc6.svg
C:\Projects\M2022\ControlPlan2.dfm	ControlPlan2.pas	dfm	TfrmControlPlan2	dxBarManager1.btnApplyToRest	btnApplyToRest	TdxBarLargeButton			LargeGlyph.Data	single		svg	823	0	0	0	0							1b578b636eac41b4f8f1ff815f543f813a198e58fd00f20676953296b7930c8a	images\1b578b636eac41b4f8f1ff815f543f813a198e58fd00f20676953296b7930c8a.svg
C:\Projects\M2022\ControlPlan2.dfm	ControlPlan2.pas	dfm	TfrmControlPlan2	dxBarManager1.btnApplyToRest	btnApplyToRest	TdxBarLargeButton			HotGlyph.Data	single		svg	823	0	0	0	0							1b578b636eac41b4f8f1ff815f543f813a198e58fd00f20676953296b7930c8a	images\1b578b636eac41b4f8f1ff815f543f813a198e58fd00f20676953296b7930c8a.svg
C:\Projects\M2022\ControlPlan2.dfm	ControlPlan2.pas	dfm	TfrmControlPlan2	dxBarManager1.btnApplyToClass	btnApplyToClass	TdxBarLargeButton			LargeGlyph.Data	single		svg	2352	0	0	0	0							5266ee703c1f4902c80a8e381dd32451533ad2713e8fa08e9d3093c825a65815	images\5266ee703c1f4902c80a8e381dd32451533ad2713e8fa08e9d3093c825a65815.svg
C:\Projects\M2022\ControlPlan2.dfm	ControlPlan2.pas	dfm	TfrmControlPlan2	dxBarManager1.btnApplyToClass	btnApplyToClass	TdxBarLargeButton			HotGlyph.Data	single		svg	2352	0	0	0	0							5266ee703c1f4902c80a8e381dd32451533ad2713e8fa08e9d3093c825a65815	images\5266ee703c1f4902c80a8e381dd32451533ad2713e8fa08e9d3093c825a65815.svg
C:\Projects\M2022\ControlPlan2.dfm	ControlPlan2.pas	dfm	TfrmControlPlan2	dxBarManager1.btnExitToJobList	btnExitToJobList	TdxBarLargeButton			LargeGlyph.Data	single		svg	3033	0	0	0	0							39e5933d6f88188b2c66d8c653d769e7684d9a23c349e93e39b61c6384fc2a9e	images\39e5933d6f88188b2c66d8c653d769e7684d9a23c349e93e39b61c6384fc2a9e.svg
C:\Projects\M2022\ControlPlan2.dfm	ControlPlan2.pas	dfm	TfrmControlPlan2	dxBarManager1.btnExitToJobList	btnExitToJobList	TdxBarLargeButton			HotGlyph.Data	single		svg	3033	0	0	0	0							39e5933d6f88188b2c66d8c653d769e7684d9a23c349e93e39b61c6384fc2a9e	images\39e5933d6f88188b2c66d8c653d769e7684d9a23c349e93e39b61c6384fc2a9e.svg
C:\Projects\M2022\ControlPlan2.dfm	ControlPlan2.pas	dfm	TfrmControlPlan2	dxBarManager1.btnExitToTrack	btnExitToTrack	TdxBarLargeButton			Glyph.Data	single		svg	137683	0	0	0	0							d49bbf595b0ea06b9531b8324924db91616b8a487dd59d3bde233d728da48f8f	images\d49bbf595b0ea06b9531b8324924db91616b8a487dd59d3bde233d728da48f8f.svg
C:\Projects\M2022\ControlPlan2.dfm	ControlPlan2.pas	dfm	TfrmControlPlan2	dxBarManager1.btnExitToTrack	btnExitToTrack	TdxBarLargeButton			LargeGlyph.Data	single		svg	1864	0	0	0	0							79050362b4ac179d3c8017f3d19b93378db2a0b8536136057851a25c5c151796	images\79050362b4ac179d3c8017f3d19b93378db2a0b8536136057851a25c5c151796.svg
C:\Projects\M2022\ControlPlan2.dfm	ControlPlan2.pas	dfm	TfrmControlPlan2	dxBarManager1.btnExitToTrack	btnExitToTrack	TdxBarLargeButton			HotGlyph.Data	single		svg	2038	0	0	0	0							0bd3e16efdbdede36532e1c8cad98aca2a6b82d206df29988fd22f93d6e91702	images\0bd3e16efdbdede36532e1c8cad98aca2a6b82d206df29988fd22f93d6e91702.svg
C:\Projects\M2022\ControlPlan2.dfm	ControlPlan2.pas	dfm	TfrmControlPlan2	dxBarManager1.btnPrint	btnPrint	TdxBarLargeButton			LargeGlyph.Data	single		svg	819	0	0	0	0							4ba55ff88e8cf3f39a716d1dd6eb4e744836948baa8d84db637a15a904e50cdb	images\4ba55ff88e8cf3f39a716d1dd6eb4e744836948baa8d84db637a15a904e50cdb.svg
C:\Projects\M2022\ControlPlan2.dfm	ControlPlan2.pas	dfm	TfrmControlPlan2	dxBarManager1.btnPrint	btnPrint	TdxBarLargeButton			HotGlyph.Data	single		svg	819	0	0	0	0							4ba55ff88e8cf3f39a716d1dd6eb4e744836948baa8d84db637a15a904e50cdb	images\4ba55ff88e8cf3f39a716d1dd6eb4e744836948baa8d84db637a15a904e50cdb.svg
C:\Projects\M2022\ControlPlan2.dfm	ControlPlan2.pas	dfm	TfrmControlPlan2	cxImageCollection1.PointRight	PointRight	TcxImageCollectionItem			Picture.Data	single	TdxSmartImage		688	0	0	0	0							5fac7948080cc2bc77a4ef8c4543f41997c037c9ff7dffccc976fc542f2da0a8	images\5fac7948080cc2bc77a4ef8c4543f41997c037c9ff7dffccc976fc542f2da0a8.bin
C:\Projects\M2022\ControlPlan2.dfm	ControlPlan2.pas	dfm	TfrmControlPlan2	cxImageCollection1.PointLeft	PointLeft	TcxImageCollectionItem			Picture.Data	single	TdxSmartImage		688	0	0	0	0							5fac7948080cc2bc77a4ef8c4543f41997c037c9ff7dffccc976fc542f2da0a8	images\5fac7948080cc2bc77a4ef8c4543f41997c037c9ff7dffccc976fc542f2da0a8.bin
C:\Projects\M2022\ControlPlan2.dfm	ControlPlan2.pas	dfm	TfrmControlPlan2	cxImageCollection1.UpDownSlider	UpDownSlider	TcxImageCollectionItem			Picture.Data	single	TdxSmartImage		1398	0	0	0	0							d065f0c7a0f5b6762b070666bc74c33154d9e8d88412b76b9dec07a69729d70c	images\d065f0c7a0f5b6762b070666bc74c33154d9e8d88412b76b9dec07a69729d70c.bin
C:\Projects\M2022\ControlPlan2.dfm	ControlPlan2.pas	dfm	TfrmControlPlan2	cxImageCollection1.SliderUpGreen	SliderUpGreen	TcxImageCollectionItem			Picture.Data	single	TdxSmartImage		619	0	0	0	0							47aaed62da1f1570b8bea97269eec5afc9a6c7b7a65460b64e8f6161ba766946	images\47aaed62da1f1570b8bea97269eec5afc9a6c7b7a65460b64e8f6161ba766946.bin
C:\Projects\M2022\ControlPlanningPresets.dfm	ControlPlanningPresets.pas	dfm	TfrmControlPlanningPresets		frmControlPlanningPresets	TfrmControlPlanningPresets		Y	Icon.Data	single		ico	1150	0	0	0	0							87829c566615525191dec99da56caf00d42442aaa72a701af21d38cb4d4598be	images\87829c566615525191dec99da56caf00d42442aaa72a701af21d38cb4d4598be.ico
C:\Projects\M2022\ControlPlanningPresets.dfm	ControlPlanningPresets.pas	dfm	TfrmControlPlanningPresets	RzPanel1.btnNewSet	btnNewSet	TRzToolbarButton			Glyph.Data	strip		bmp	482	36	18	4	16	NumGlyphs	2		2	2	Y	45ce05ea3cdd57ace19ce5c7514b3890096f266e99218c87cc901d255d585c87	images\45ce05ea3cdd57ace19ce5c7514b3890096f266e99218c87cc901d255d585c87.bmp
C:\Projects\M2022\ControlPlanningPresets.dfm	ControlPlanningPresets.pas	dfm	TfrmControlPlanningPresets	RzPanel1.btnDeleteSet	btnDeleteSet	TRzToolbarButton			Glyph.Data	strip		bmp	482	36	18	4	16	NumGlyphs	2		2	2	Y	6a6c562f1a2d5463ab4c2706182f472e423bcd8db8b3426bb7596fa6b40055f2	images\6a6c562f1a2d5463ab4c2706182f472e423bcd8db8b3426bb7596fa6b40055f2.bmp
C:\Projects\M2022\ControlPlanningPresets.dfm	ControlPlanningPresets.pas	dfm	TfrmControlPlanningPresets	RzPanel1.btnPreviousSet	btnPreviousSet	TRzToolbarButton			Glyph.Data	strip		bmp	482	36	18	4	16	NumGlyphs	2		2	2	Y	368f8406bbf27af60375332b797434ef42c2d42d7a4675d9fddde96198574f38	images\368f8406bbf27af60375332b797434ef42c2d42d7a4675d9fddde96198574f38.bmp
C:\Projects\M2022\ControlPlanningPresets.dfm	ControlPlanningPresets.pas	dfm	TfrmControlPlanningPresets	RzPanel1.btnNextSet	btnNextSet	TRzToolbarButton			Glyph.Data	strip		bmp	482	36	18	4	16	NumGlyphs	2		2	2	Y	05ae894b61bb743cd1e47bfd1fdeae1663eefcc61bc7d12a8acec7f142a9c368	images\05ae894b61bb743cd1e47bfd1fdeae1663eefcc61bc7d12a8acec7f142a9c368.bmp
C:\Projects\M2022\CorrectiveActions.dfm	CorrectiveActions.pas	dfm	TfrmCorrectiveActions		frmCorrectiveActions	TfrmCorrectiveActions			Icon.Data	single		ico	1150	0	0	0	0							87829c566615525191dec99da56caf00d42442aaa72a701af21d38cb4d4598be	images\87829c566615525191dec99da56caf00d42442aaa72a701af21d38cb4d4598be.ico
C:\Projects\M2022\CorrectiveActions.dfm	CorrectiveActions.pas	dfm	TfrmCorrectiveActions	dxBarManager1.dxBarDBNavFirst1	dxBarDBNavFirst1	TdxBarDBNavButton			Glyph.Data	single		bmp	1078	16	16	32	0					1		6607ef3da8822b74fe4b0acb662061780182bbfdc0c2cd0056156349e880dd94	images\6607ef3da8822b74fe4b0acb662061780182bbfdc0c2cd0056156349e880dd94.bmp
C:\Projects\M2022\CorrectiveActions.dfm	CorrectiveActions.pas	dfm	TfrmCorrectiveActions	dxBarManager1.dxBarDBNavPrev1	dxBarDBNavPrev1	TdxBarDBNavButton			Glyph.Data	single		bmp	1078	16	16	32	0					1		4506a08e333bf65e1241dc1d265c0ec790826f394a1e425324e80125ac979066	images\4506a08e333bf65e1241dc1d265c0ec790826f394a1e425324e80125ac979066.bmp
C:\Projects\M2022\CorrectiveActions.dfm	CorrectiveActions.pas	dfm	TfrmCorrectiveActions	dxBarManager1.dxBarDBNavNext1	dxBarDBNavNext1	TdxBarDBNavButton			Glyph.Data	single		bmp	1078	16	16	32	0					1		f1e077905d1aeb2d609668d4ed60b14af4e2852c7b1589986eed9a6c045d1e58	images\f1e077905d1aeb2d609668d4ed60b14af4e2852c7b1589986eed9a6c045d1e58.bmp
C:\Projects\M2022\CorrectiveActions.dfm	CorrectiveActions.pas	dfm	TfrmCorrectiveActions	dxBarManager1.dxBarDBNavLast1	dxBarDBNavLast1	TdxBarDBNavButton			Glyph.Data	single		bmp	1078	16	16	32	0					1		fce3745ba5ba9d6f747c39ade70e5bb3a43705557a11a01b17788a0cfe930304	images\fce3745ba5ba9d6f747c39ade70e5bb3a43705557a11a01b17788a0cfe930304.bmp
C:\Projects\M2022\CorrectiveActions.dfm	CorrectiveActions.pas	dfm	TfrmCorrectiveActions	dxBarManager1.dxBarDBNavInsert1	dxBarDBNavInsert1	TdxBarDBNavButton			Glyph.Data	single		bmp	1078	16	16	32	0					1		85c3d26e8518011389ca86bb003d4f646fde018f5b8ea6bb5f236fa6b26ed9cb	images\85c3d26e8518011389ca86bb003d4f646fde018f5b8ea6bb5f236fa6b26ed9cb.bmp
C:\Projects\M2022\CorrectiveActions.dfm	CorrectiveActions.pas	dfm	TfrmCorrectiveActions	dxBarManager1.dxBarDBNavDelete1	dxBarDBNavDelete1	TdxBarDBNavButton			Glyph.Data	single		bmp	1078	16	16	32	0					1		cb064bbb443aecb6b9c0d982ca7ef5e728083d86e4bf49b09e7330eed54dea24	images\cb064bbb443aecb6b9c0d982ca7ef5e728083d86e4bf49b09e7330eed54dea24.bmp
C:\Projects\M2022\CorrectiveActions.dfm	CorrectiveActions.pas	dfm	TfrmCorrectiveActions	dxBarManager1.dxBarDBNavEdit1	dxBarDBNavEdit1	TdxBarDBNavButton			Glyph.Data	single		bmp	1078	16	16	32	0					1		22e66cc36468572cbdcae127edc7fe7560a3f052fa05202b746f2491175a05cf	images\22e66cc36468572cbdcae127edc7fe7560a3f052fa05202b746f2491175a05cf.bmp
C:\Projects\M2022\CorrectiveActions.dfm	CorrectiveActions.pas	dfm	TfrmCorrectiveActions	dxBarManager1.dxBarDBNavPost1	dxBarDBNavPost1	TdxBarDBNavButton			Glyph.Data	single		bmp	1078	16	16	32	0					1		6212bc92930d93605cc9b6b3699601807dc1633fa573890fdac82faca790c47f	images\6212bc92930d93605cc9b6b3699601807dc1633fa573890fdac82faca790c47f.bmp
C:\Projects\M2022\CorrectiveActions.dfm	CorrectiveActions.pas	dfm	TfrmCorrectiveActions	dxBarManager1.dxBarDBNavCancel1	dxBarDBNavCancel1	TdxBarDBNavButton			Glyph.Data	single		bmp	1078	16	16	32	0					1		975795a643484a5073c6e0223bb36e40eaf96637165ace0ca753593af1dde849	images\975795a643484a5073c6e0223bb36e40eaf96637165ace0ca753593af1dde849.bmp
C:\Projects\M2022\CorrectiveActions.dfm	CorrectiveActions.pas	dfm	TfrmCorrectiveActions	dxBarManager1.dxBarDBNavRefresh1	dxBarDBNavRefresh1	TdxBarDBNavButton			Glyph.Data	single		bmp	1078	16	16	32	0					1		5d9485a834adeff5da0f68c84a8055425e3e8e58c4f93d181d2aa5086a8e39be	images\5d9485a834adeff5da0f68c84a8055425e3e8e58c4f93d181d2aa5086a8e39be.bmp
C:\Projects\M2022\CorrectiveActions.dfm	CorrectiveActions.pas	dfm	TfrmCorrectiveActions	dxBarManager1.btnExit	btnExit	TdxBarButton			Glyph.Data	single		bmp	1078	16	16	32	0					1		d1f5d5f839df61eb3317ff82c09de63b57e908669df38bd26a96a6dd5b8d7ad7	images\d1f5d5f839df61eb3317ff82c09de63b57e908669df38bd26a96a6dd5b8d7ad7.bmp
C:\Projects\M2022\CorrectiveActions.dfm	CorrectiveActions.pas	dfm	TfrmCorrectiveActions	dxBarManager1.btnPrint	btnPrint	TdxBarButton			Glyph.Data	single		bmp	1078	16	16	32	0					1		946d8ef4176300b7514b0712f480d3449521bbc5f097c0f596a6516e63518d3c	images\946d8ef4176300b7514b0712f480d3449521bbc5f097c0f596a6516e63518d3c.bmp
C:\Projects\M2022\CorrectiveActions2.dfm	CorrectiveActions2.pas	dfm	TfrmCorrectiveActions2		frmCorrectiveActions2	TfrmCorrectiveActions2			Icon.Data	single		ico	1150	0	0	0	0							87829c566615525191dec99da56caf00d42442aaa72a701af21d38cb4d4598be	images\87829c566615525191dec99da56caf00d42442aaa72a701af21d38cb4d4598be.ico
C:\Projects\M2022\CorrectiveActions2.dfm	CorrectiveActions2.pas	dfm	TfrmCorrectiveActions2	dxBarManager1.btnExit	btnExit	TdxBarLargeButton			Glyph.Data	single		svg	3033	0	0	0	0							39e5933d6f88188b2c66d8c653d769e7684d9a23c349e93e39b61c6384fc2a9e	images\39e5933d6f88188b2c66d8c653d769e7684d9a23c349e93e39b61c6384fc2a9e.svg
C:\Projects\M2022\CorrectiveActions2.dfm	CorrectiveActions2.pas	dfm	TfrmCorrectiveActions2	dxBarManager1.btnExit	btnExit	TdxBarLargeButton			LargeGlyph.Data	single		svg	3033	0	0	0	0							39e5933d6f88188b2c66d8c653d769e7684d9a23c349e93e39b61c6384fc2a9e	images\39e5933d6f88188b2c66d8c653d769e7684d9a23c349e93e39b61c6384fc2a9e.svg
C:\Projects\M2022\CorrectiveActions2.dfm	CorrectiveActions2.pas	dfm	TfrmCorrectiveActions2	dxBarManager1.btnPrint	btnPrint	TdxBarLargeButton			Glyph.Data	single		svg	819	0	0	0	0							4ba55ff88e8cf3f39a716d1dd6eb4e744836948baa8d84db637a15a904e50cdb	images\4ba55ff88e8cf3f39a716d1dd6eb4e744836948baa8d84db637a15a904e50cdb.svg
C:\Projects\M2022\CorrectiveActions2.dfm	CorrectiveActions2.pas	dfm	TfrmCorrectiveActions2	dxBarManager1.btnPrint	btnPrint	TdxBarLargeButton			LargeGlyph.Data	single		svg	819	0	0	0	0							4ba55ff88e8cf3f39a716d1dd6eb4e744836948baa8d84db637a15a904e50cdb	images\4ba55ff88e8cf3f39a716d1dd6eb4e744836948baa8d84db637a15a904e50cdb.svg
C:\Projects\M2022\CorrectiveActions2.dfm	CorrectiveActions2.pas	dfm	TfrmCorrectiveActions2	dxBarManager1.dxBarDBNavFirst1	dxBarDBNavFirst1	TdxBarDBNavButton			Glyph.Data	single		svg	473	0	0	0	0							4f6b5e7feb872030cf8c07f4b0a9154dba561d068f0bbe851f401038888deb73	images\4f6b5e7feb872030cf8c07f4b0a9154dba561d068f0bbe851f401038888deb73.svg
C:\Projects\M2022\CorrectiveActions2.dfm	CorrectiveActions2.pas	dfm	TfrmCorrectiveActions2	dxBarManager1.dxBarDBNavPrev1	dxBarDBNavPrev1	TdxBarDBNavButton			Glyph.Data	single		svg	326	0	0	0	0							9affc86233a3c5214b39371064995d1a618b6351e5fc4ea3fcc737d5adee7301	images\9affc86233a3c5214b39371064995d1a618b6351e5fc4ea3fcc737d5adee7301.svg
C:\Projects\M2022\CorrectiveActions2.dfm	CorrectiveActions2.pas	dfm	TfrmCorrectiveActions2	dxBarManager1.dxBarDBNavNext1	dxBarDBNavNext1	TdxBarDBNavButton			Glyph.Data	single		svg	326	0	0	0	0							31c86d717e300180306624b9f136bc00ee9996221aef9eb76e66c80b91008bf7	images\31c86d717e300180306624b9f136bc00ee9996221aef9eb76e66c80b91008bf7.svg
C:\Projects\M2022\CorrectiveActions2.dfm	CorrectiveActions2.pas	dfm	TfrmCorrectiveActions2	dxBarManager1.dxBarDBNavLast1	dxBarDBNavLast1	TdxBarDBNavButton			Glyph.Data	single		svg	433	0	0	0	0							44036aa63309d06887b4983c8a4fc4e7f96de9af23f3593af004275785272ced	images\44036aa63309d06887b4983c8a4fc4e7f96de9af23f3593af004275785272ced.svg
C:\Projects\M2022\CorrectiveActions2.dfm	CorrectiveActions2.pas	dfm	TfrmCorrectiveActions2	dxBarManager1.dxBarDBNavInsert1	dxBarDBNavInsert1	TdxBarDBNavButton			Glyph.Data	single		svg	421	0	0	0	0							213250362e820808f9afeae33d37fe36d29446da8156945b7c706b08cd1f8ef6	images\213250362e820808f9afeae33d37fe36d29446da8156945b7c706b08cd1f8ef6.svg
C:\Projects\M2022\CorrectiveActions2.dfm	CorrectiveActions2.pas	dfm	TfrmCorrectiveActions2	dxBarManager1.dxBarDBNavDelete1	dxBarDBNavDelete1	TdxBarDBNavButton			Glyph.Data	single		svg	331	0	0	0	0							3426812018064253d38559294ae768a24bc1f0e2b55e1155b259650d305523b2	images\3426812018064253d38559294ae768a24bc1f0e2b55e1155b259650d305523b2.svg
C:\Projects\M2022\CorrectiveActions2.dfm	CorrectiveActions2.pas	dfm	TfrmCorrectiveActions2	dxBarManager1.dxBarDBNavEdit1	dxBarDBNavEdit1	TdxBarDBNavButton			Glyph.Data	single		svg	299	0	0	0	0							d7cef1afe0805720b049c349aa2273488c1eee83041ed56aa0d6d8502f8f2708	images\d7cef1afe0805720b049c349aa2273488c1eee83041ed56aa0d6d8502f8f2708.svg
C:\Projects\M2022\CorrectiveActions2.dfm	CorrectiveActions2.pas	dfm	TfrmCorrectiveActions2	dxBarManager1.dxBarDBNavPost1	dxBarDBNavPost1	TdxBarDBNavButton			Glyph.Data	single		svg	337	0	0	0	0							8f9b13bab01903aac5c507b4e8cabbe899263cd4f3aa5b9a02b0cf8d69d57e03	images\8f9b13bab01903aac5c507b4e8cabbe899263cd4f3aa5b9a02b0cf8d69d57e03.svg
C:\Projects\M2022\CorrectiveActions2.dfm	CorrectiveActions2.pas	dfm	TfrmCorrectiveActions2	dxBarManager1.dxBarDBNavCancel1	dxBarDBNavCancel1	TdxBarDBNavButton			Glyph.Data	single		svg	581	0	0	0	0							0bf670167728fb629118e442f19cb6d896033afa8289ac7bed141f4aa7ee9093	images\0bf670167728fb629118e442f19cb6d896033afa8289ac7bed141f4aa7ee9093.svg
C:\Projects\M2022\CorrectiveActions2.dfm	CorrectiveActions2.pas	dfm	TfrmCorrectiveActions2	dxBarManager1.dxBarDBNavRefresh1	dxBarDBNavRefresh1	TdxBarDBNavButton			Glyph.Data	single		svg	426	0	0	0	0							fe976aa73cfd0d6bdb8e57cba9f19670367d0f5a0ad38d7ed106e3af5b2d2eae	images\fe976aa73cfd0d6bdb8e57cba9f19670367d0f5a0ad38d7ed106e3af5b2d2eae.svg
C:\Projects\M2022\CorrectiveActions2.dfm	CorrectiveActions2.pas	dfm	TfrmCorrectiveActions2	dxBarManager1.dxBarDBNavAppend1	dxBarDBNavAppend1	TdxBarDBNavButton			Glyph.Data	single		svg	370	0	0	0	0							1cc652cdffa3e7adfface918a6fcea8f0c700fc11ba39682e14b71de2890a6ba	images\1cc652cdffa3e7adfface918a6fcea8f0c700fc11ba39682e14b71de2890a6ba.svg
C:\Projects\M2022\CPHistogram.dfm	CPHistogram.pas	dfm	TfrmCPHistogram		frmCPHistogram	TfrmCPHistogram			Icon.Data	single		ico	1150	0	0	0	0							87829c566615525191dec99da56caf00d42442aaa72a701af21d38cb4d4598be	images\87829c566615525191dec99da56caf00d42442aaa72a701af21d38cb4d4598be.ico
C:\Projects\M2022\CPHistogram.dfm	CPHistogram.pas	dfm	TfrmCPHistogram	dxBarManager1.btnExit	btnExit	TdxBarButton			Glyph.Data	single		bmp	1078	16	16	32	0					1		d1f5d5f839df61eb3317ff82c09de63b57e908669df38bd26a96a6dd5b8d7ad7	images\d1f5d5f839df61eb3317ff82c09de63b57e908669df38bd26a96a6dd5b8d7ad7.bmp
C:\Projects\M2022\CPHistogram.dfm	CPHistogram.pas	dfm	TfrmCPHistogram	dxBarManager1.btnMaximize	btnMaximize	TdxBarButton			Glyph.Data	single		bmp	1078	16	16	32	0					1		d979d0b7b77a3576b3ea07e84c5ebda63b9ff26d22cf4e477f50474bd456c113	images\d979d0b7b77a3576b3ea07e84c5ebda63b9ff26d22cf4e477f50474bd456c113.bmp
C:\Projects\M2022\CPHistogram.dfm	CPHistogram.pas	dfm	TfrmCPHistogram	dxBarManager1.btnDateFrom	btnDateFrom	TdxBarDateCombo			Glyph.Data	single		bmp	1078	16	16	32	0					1		d7c5f29e403dc9d3abee8a8e3700225930f6cb0cc83531b70e880ca955f2d984	images\d7c5f29e403dc9d3abee8a8e3700225930f6cb0cc83531b70e880ca955f2d984.bmp
C:\Projects\M2022\CPHistogram.dfm	CPHistogram.pas	dfm	TfrmCPHistogram	dxBarManager1.btnDateTo	btnDateTo	TdxBarDateCombo			Glyph.Data	single		bmp	1078	16	16	32	0					1		d7c5f29e403dc9d3abee8a8e3700225930f6cb0cc83531b70e880ca955f2d984	images\d7c5f29e403dc9d3abee8a8e3700225930f6cb0cc83531b70e880ca955f2d984.bmp
C:\Projects\M2022\CPHistogram.dfm	CPHistogram.pas	dfm	TfrmCPHistogram	dxBarManager1.btnDraw	btnDraw	TdxBarButton			Glyph.Data	single		bmp	1078	16	16	32	0					1		4743ebce787275a2524aeca5e86a605997c345ea70be9e8480d91d5840a81969	images\4743ebce787275a2524aeca5e86a605997c345ea70be9e8480d91d5840a81969.bmp
C:\Projects\M2022\CPHistogram.dfm	CPHistogram.pas	dfm	TfrmCPHistogram	dxBarManager1.btnSelectChart	btnSelectChart	TdxBarImageCombo			Glyph.Data	single		bmp	1078	16	16	32	0					1		9c41a85fa5ce6f5ec03987b719f3b171c7de40ed8bd799565cd38495132bf080	images\9c41a85fa5ce6f5ec03987b719f3b171c7de40ed8bd799565cd38495132bf080.bmp
C:\Projects\M2022\CPHistogram.dfm	CPHistogram.pas	dfm	TfrmCPHistogram	dxBarManager1.btnPrint	btnPrint	TdxBarButton			Glyph.Data	single		bmp	1078	16	16	32	0					1		946d8ef4176300b7514b0712f480d3449521bbc5f097c0f596a6516e63518d3c	images\946d8ef4176300b7514b0712f480d3449521bbc5f097c0f596a6516e63518d3c.bmp
C:\Projects\M2022\CPHistogram.dfm	CPHistogram.pas	dfm	TfrmCPHistogram	dxBarManager1.btnJobList	btnJobList	TdxBarButton			Glyph.Data	single		bmp	1078	16	16	32	0					1		d1f5d5f839df61eb3317ff82c09de63b57e908669df38bd26a96a6dd5b8d7ad7	images\d1f5d5f839df61eb3317ff82c09de63b57e908669df38bd26a96a6dd5b8d7ad7.bmp
C:\Projects\M2022\Customers.dfm	Customers.pas	dfm	TdlgCustomers		dlgCustomers	TdlgCustomers			Icon.Data	single		ico	1150	0	0	0	0							87829c566615525191dec99da56caf00d42442aaa72a701af21d38cb4d4598be	images\87829c566615525191dec99da56caf00d42442aaa72a701af21d38cb4d4598be.ico
C:\Projects\M2022\Customers.dfm	Customers.pas	dfm	TdlgCustomers	dxBarManager1.btnFilter	btnFilter	TdxBarButton			Glyph.Data	single		svg	622	0	0	0	0							ebe2c63c7dbce40ca1d9834cdc05c7d2009453a615a14887248bba4d25b2d30e	images\ebe2c63c7dbce40ca1d9834cdc05c7d2009453a615a14887248bba4d25b2d30e.svg
C:\Projects\M2022\Customers.dfm	Customers.pas	dfm	TdlgCustomers	dxBarManager1.btnFilter	btnFilter	TdxBarButton			LargeGlyph.Data	single		svg	622	0	0	0	0							ebe2c63c7dbce40ca1d9834cdc05c7d2009453a615a14887248bba4d25b2d30e	images\ebe2c63c7dbce40ca1d9834cdc05c7d2009453a615a14887248bba4d25b2d30e.svg
C:\Projects\M2022\Customers.dfm	Customers.pas	dfm	TdlgCustomers	dxBarManager1.btnBExit	btnBExit	TdxBarButton			Glyph.Data	single		svg	3033	0	0	0	0							39e5933d6f88188b2c66d8c653d769e7684d9a23c349e93e39b61c6384fc2a9e	images\39e5933d6f88188b2c66d8c653d769e7684d9a23c349e93e39b61c6384fc2a9e.svg
C:\Projects\M2022\Customers.dfm	Customers.pas	dfm	TdlgCustomers	dxBarManager1.btnBExit	btnBExit	TdxBarButton			LargeGlyph.Data	single		svg	582	0	0	0	0							0f81df5c433377e3b5fc44dff9f57aa3aefe45a5c31105e2016acd7c53ce3379	images\0f81df5c433377e3b5fc44dff9f57aa3aefe45a5c31105e2016acd7c53ce3379.svg
C:\Projects\M2022\Customers.dfm	Customers.pas	dfm	TdlgCustomers	dxBarManager1.btnPrint	btnPrint	TdxBarButton			Glyph.Data	single		svg	819	0	0	0	0							4ba55ff88e8cf3f39a716d1dd6eb4e744836948baa8d84db637a15a904e50cdb	images\4ba55ff88e8cf3f39a716d1dd6eb4e744836948baa8d84db637a15a904e50cdb.svg
C:\Projects\M2022\Customers.dfm	Customers.pas	dfm	TdlgCustomers	dxBarManager1.btnPrint	btnPrint	TdxBarButton			LargeGlyph.Data	single		svg	819	0	0	0	0							4ba55ff88e8cf3f39a716d1dd6eb4e744836948baa8d84db637a15a904e50cdb	images\4ba55ff88e8cf3f39a716d1dd6eb4e744836948baa8d84db637a15a904e50cdb.svg
C:\Projects\M2022\Customers.dfm	Customers.pas	dfm	TdlgCustomers	dxBarManager1.dxBarDBNavFirst1	dxBarDBNavFirst1	TdxBarDBNavButton			Glyph.Data	single		svg	473	0	0	0	0							4f6b5e7feb872030cf8c07f4b0a9154dba561d068f0bbe851f401038888deb73	images\4f6b5e7feb872030cf8c07f4b0a9154dba561d068f0bbe851f401038888deb73.svg
C:\Projects\M2022\Customers.dfm	Customers.pas	dfm	TdlgCustomers	dxBarManager1.dxBarDBNavPrev1	dxBarDBNavPrev1	TdxBarDBNavButton			Glyph.Data	single		svg	326	0	0	0	0							9affc86233a3c5214b39371064995d1a618b6351e5fc4ea3fcc737d5adee7301	images\9affc86233a3c5214b39371064995d1a618b6351e5fc4ea3fcc737d5adee7301.svg
C:\Projects\M2022\Customers.dfm	Customers.pas	dfm	TdlgCustomers	dxBarManager1.dxBarDBNavNext1	dxBarDBNavNext1	TdxBarDBNavButton			Glyph.Data	single		svg	326	0	0	0	0							31c86d717e300180306624b9f136bc00ee9996221aef9eb76e66c80b91008bf7	images\31c86d717e300180306624b9f136bc00ee9996221aef9eb76e66c80b91008bf7.svg
C:\Projects\M2022\Customers.dfm	Customers.pas	dfm	TdlgCustomers	dxBarManager1.dxBarDBNavLast1	dxBarDBNavLast1	TdxBarDBNavButton			Glyph.Data	single		svg	433	0	0	0	0							44036aa63309d06887b4983c8a4fc4e7f96de9af23f3593af004275785272ced	images\44036aa63309d06887b4983c8a4fc4e7f96de9af23f3593af004275785272ced.svg
C:\Projects\M2022\Customers.dfm	Customers.pas	dfm	TdlgCustomers	dxBarManager1.dxBarDBNavInsert1	dxBarDBNavInsert1	TdxBarDBNavButton			Glyph.Data	single		svg	421	0	0	0	0							213250362e820808f9afeae33d37fe36d29446da8156945b7c706b08cd1f8ef6	images\213250362e820808f9afeae33d37fe36d29446da8156945b7c706b08cd1f8ef6.svg
C:\Projects\M2022\Customers.dfm	Customers.pas	dfm	TdlgCustomers	dxBarManager1.dxBarDBNavDelete1	dxBarDBNavDelete1	TdxBarDBNavButton			Glyph.Data	single		svg	331	0	0	0	0							3426812018064253d38559294ae768a24bc1f0e2b55e1155b259650d305523b2	images\3426812018064253d38559294ae768a24bc1f0e2b55e1155b259650d305523b2.svg
C:\Projects\M2022\Customers.dfm	Customers.pas	dfm	TdlgCustomers	dxBarManager1.dxBarDBNavEdit1	dxBarDBNavEdit1	TdxBarDBNavButton			Glyph.Data	single		svg	299	0	0	0	0							d7cef1afe0805720b049c349aa2273488c1eee83041ed56aa0d6d8502f8f2708	images\d7cef1afe0805720b049c349aa2273488c1eee83041ed56aa0d6d8502f8f2708.svg
C:\Projects\M2022\Customers.dfm	Customers.pas	dfm	TdlgCustomers	dxBarManager1.dxBarDBNavPost1	dxBarDBNavPost1	TdxBarDBNavButton			Glyph.Data	single		svg	337	0	0	0	0							8f9b13bab01903aac5c507b4e8cabbe899263cd4f3aa5b9a02b0cf8d69d57e03	images\8f9b13bab01903aac5c507b4e8cabbe899263cd4f3aa5b9a02b0cf8d69d57e03.svg
C:\Projects\M2022\Customers.dfm	Customers.pas	dfm	TdlgCustomers	dxBarManager1.dxBarDBNavCancel1	dxBarDBNavCancel1	TdxBarDBNavButton			Glyph.Data	single		svg	581	0	0	0	0							0bf670167728fb629118e442f19cb6d896033afa8289ac7bed141f4aa7ee9093	images\0bf670167728fb629118e442f19cb6d896033afa8289ac7bed141f4aa7ee9093.svg
C:\Projects\M2022\Customers.dfm	Customers.pas	dfm	TdlgCustomers	dxBarManager1.dxBarDBNavRefresh1	dxBarDBNavRefresh1	TdxBarDBNavButton			Glyph.Data	single		svg	426	0	0	0	0							fe976aa73cfd0d6bdb8e57cba9f19670367d0f5a0ad38d7ed106e3af5b2d2eae	images\fe976aa73cfd0d6bdb8e57cba9f19670367d0f5a0ad38d7ed106e3af5b2d2eae.svg
C:\Projects\M2022\Customers.dfm	Customers.pas	dfm	TdlgCustomers	dxBarManager1.dxBarDBNavAppend1	dxBarDBNavAppend1	TdxBarDBNavButton			Glyph.Data	single		svg	370	0	0	0	0							1cc652cdffa3e7adfface918a6fcea8f0c700fc11ba39682e14b71de2890a6ba	images\1cc652cdffa3e7adfface918a6fcea8f0c700fc11ba39682e14b71de2890a6ba.svg
C:\Projects\M2022\Customers.dfm	Customers.pas	dfm	TdlgCustomers	qryCodeCount	qryCodeCount	TQuery			Data	single			626	0	0	0	0							37075f7eeeb43c6f8cb53fd0fc182d8b6f22bd1a39643d6e798c0ee2404e6968	images\37075f7eeeb43c6f8cb53fd0fc182d8b6f22bd1a39643d6e798c0ee2404e6968.bin
C:\Projects\M2022\CycleTime.dfm	CycleTime.pas	dfm	TfrmCycleTime		frmCycleTime	TfrmCycleTime			Icon.Data	single		ico	1150	0	0	0	0							87829c566615525191dec99da56caf00d42442aaa72a701af21d38cb4d4598be	images\87829c566615525191dec99da56caf00d42442aaa72a701af21d38cb4d4598be.ico
C:\Projects\M2022\CycleTime.dfm	CycleTime.pas	dfm	TfrmCycleTime	dxBarManager1.btnExit	btnExit	TdxBarButton			Glyph.Data	single		svg	3033	0	0	0	0							39e5933d6f88188b2c66d8c653d769e7684d9a23c349e93e39b61c6384fc2a9e	images\39e5933d6f88188b2c66d8c653d769e7684d9a23c349e93e39b61c6384fc2a9e.svg
C:\Projects\M2022\CycleTime.dfm	CycleTime.pas	dfm	TfrmCycleTime	dxBarManager1.btnMaximize	btnMaximize	TdxBarButton			Glyph.Data	single		bmp	1078	16	16	32	0					1		d979d0b7b77a3576b3ea07e84c5ebda63b9ff26d22cf4e477f50474bd456c113	images\d979d0b7b77a3576b3ea07e84c5ebda63b9ff26d22cf4e477f50474bd456c113.bmp
C:\Projects\M2022\CycleTime.dfm	CycleTime.pas	dfm	TfrmCycleTime	dxBarManager1.btnCancel	btnCancel	TdxBarButton			Glyph.Data	single		bmp	1078	16	16	32	0					1		d8be263f447bb2946a9ecf5e82e5052aebdb1fe0336a015e65e001415629d619	images\d8be263f447bb2946a9ecf5e82e5052aebdb1fe0336a015e65e001415629d619.bmp
C:\Projects\M2022\DataChannels.dfm	DataChannels.pas	dfm	TfrmDataChannels		frmDataChannels	TfrmDataChannels			Icon.Data	single		ico	1150	0	0	0	0							87829c566615525191dec99da56caf00d42442aaa72a701af21d38cb4d4598be	images\87829c566615525191dec99da56caf00d42442aaa72a701af21d38cb4d4598be.ico
C:\Projects\M2022\DataChannels.dfm	DataChannels.pas	dfm	TfrmDataChannels	RzPanel2.btnOK	btnOK	TcxButton			OptionsImage.Glyph.Data	single		svg	311	0	0	0	0							ab2833c13bab5dcf5c52f24bf054fc6b3ced8666064942a91cc8b758a6e53202	images\ab2833c13bab5dcf5c52f24bf054fc6b3ced8666064942a91cc8b758a6e53202.svg
C:\Projects\M2022\DataChannels.dfm	DataChannels.pas	dfm	TfrmDataChannels	RzPanel2.btnTest	btnTest	TcxButton			OptionsImage.Glyph.Data	single		svg	1320	0	0	0	0							52d995744fceaa4a817042d366005df43b6f8ec53f4d761ebadd48a02e35dbc1	images\52d995744fceaa4a817042d366005df43b6f8ec53f4d761ebadd48a02e35dbc1.svg
C:\Projects\M2022\DataChannels.dfm	DataChannels.pas	dfm	TfrmDataChannels	dxBarManager1.btnTest2	btnTest2	TdxBarButton			Glyph.Data	single		svg	1320	0	0	0	0							52d995744fceaa4a817042d366005df43b6f8ec53f4d761ebadd48a02e35dbc1	images\52d995744fceaa4a817042d366005df43b6f8ec53f4d761ebadd48a02e35dbc1.svg
C:\Projects\M2022\DataChannels.dfm	DataChannels.pas	dfm	TfrmDataChannels	dxBarManager1.btnTest2	btnTest2	TdxBarButton			LargeGlyph.Data	single		svg	1320	0	0	0	0							52d995744fceaa4a817042d366005df43b6f8ec53f4d761ebadd48a02e35dbc1	images\52d995744fceaa4a817042d366005df43b6f8ec53f4d761ebadd48a02e35dbc1.svg
C:\Projects\M2022\DataChannels.dfm	DataChannels.pas	dfm	TfrmDataChannels	dxBarManager1.btnExit	btnExit	TdxBarButton			Glyph.Data	single		svg	3033	0	0	0	0							39e5933d6f88188b2c66d8c653d769e7684d9a23c349e93e39b61c6384fc2a9e	images\39e5933d6f88188b2c66d8c653d769e7684d9a23c349e93e39b61c6384fc2a9e.svg
C:\Projects\M2022\DataChannels.dfm	DataChannels.pas	dfm	TfrmDataChannels	dxBarManager1.btnExit	btnExit	TdxBarButton			LargeGlyph.Data	single		svg	582	0	0	0	0							0f81df5c433377e3b5fc44dff9f57aa3aefe45a5c31105e2016acd7c53ce3379	images\0f81df5c433377e3b5fc44dff9f57aa3aefe45a5c31105e2016acd7c53ce3379.svg
C:\Projects\M2022\DataChannels.dfm	DataChannels.pas	dfm	TfrmDataChannels	dxBarManager1.dxBarDBNavFirst1	dxBarDBNavFirst1	TdxBarDBNavButton			Glyph.Data	single		bmp	1078	16	16	32	0					1		6607ef3da8822b74fe4b0acb662061780182bbfdc0c2cd0056156349e880dd94	images\6607ef3da8822b74fe4b0acb662061780182bbfdc0c2cd0056156349e880dd94.bmp
C:\Projects\M2022\DataChannels.dfm	DataChannels.pas	dfm	TfrmDataChannels	dxBarManager1.dxBarDBNavPrev1	dxBarDBNavPrev1	TdxBarDBNavButton			Glyph.Data	single		bmp	1078	16	16	32	0					1		4506a08e333bf65e1241dc1d265c0ec790826f394a1e425324e80125ac979066	images\4506a08e333bf65e1241dc1d265c0ec790826f394a1e425324e80125ac979066.bmp
C:\Projects\M2022\DataChannels.dfm	DataChannels.pas	dfm	TfrmDataChannels	dxBarManager1.dxBarDBNavNext1	dxBarDBNavNext1	TdxBarDBNavButton			Glyph.Data	single		bmp	1078	16	16	32	0					1		f1e077905d1aeb2d609668d4ed60b14af4e2852c7b1589986eed9a6c045d1e58	images\f1e077905d1aeb2d609668d4ed60b14af4e2852c7b1589986eed9a6c045d1e58.bmp
C:\Projects\M2022\DataChannels.dfm	DataChannels.pas	dfm	TfrmDataChannels	dxBarManager1.dxBarDBNavLast1	dxBarDBNavLast1	TdxBarDBNavButton			Glyph.Data	single		bmp	1078	16	16	32	0					1		fce3745ba5ba9d6f747c39ade70e5bb3a43705557a11a01b17788a0cfe930304	images\fce3745ba5ba9d6f747c39ade70e5bb3a43705557a11a01b17788a0cfe930304.bmp
C:\Projects\M2022\DataChannels.dfm	DataChannels.pas	dfm	TfrmDataChannels	dxBarManager1.dxBarDBNavInsert1	dxBarDBNavInsert1	TdxBarDBNavButton			Glyph.Data	single		bmp	1078	16	16	32	0					1		85c3d26e8518011389ca86bb003d4f646fde018f5b8ea6bb5f236fa6b26ed9cb	images\85c3d26e8518011389ca86bb003d4f646fde018f5b8ea6bb5f236fa6b26ed9cb.bmp
C:\Projects\M2022\DataChannels.dfm	DataChannels.pas	dfm	TfrmDataChannels	dxBarManager1.dxBarDBNavDelete1	dxBarDBNavDelete1	TdxBarDBNavButton			Glyph.Data	single		bmp	1078	16	16	32	0					1		cb064bbb443aecb6b9c0d982ca7ef5e728083d86e4bf49b09e7330eed54dea24	images\cb064bbb443aecb6b9c0d982ca7ef5e728083d86e4bf49b09e7330eed54dea24.bmp
C:\Projects\M2022\DataChannels.dfm	DataChannels.pas	dfm	TfrmDataChannels	dxBarManager1.dxBarDBNavEdit1	dxBarDBNavEdit1	TdxBarDBNavButton			Glyph.Data	single		bmp	1078	16	16	32	0					1		22e66cc36468572cbdcae127edc7fe7560a3f052fa05202b746f2491175a05cf	images\22e66cc36468572cbdcae127edc7fe7560a3f052fa05202b746f2491175a05cf.bmp
C:\Projects\M2022\DataChannels.dfm	DataChannels.pas	dfm	TfrmDataChannels	dxBarManager1.dxBarDBNavPost1	dxBarDBNavPost1	TdxBarDBNavButton			Glyph.Data	single		bmp	1078	16	16	32	0					1		6212bc92930d93605cc9b6b3699601807dc1633fa573890fdac82faca790c47f	images\6212bc92930d93605cc9b6b3699601807dc1633fa573890fdac82faca790c47f.bmp
C:\Projects\M2022\DataChannels.dfm	DataChannels.pas	dfm	TfrmDataChannels	dxBarManager1.dxBarDBNavCancel1	dxBarDBNavCancel1	TdxBarDBNavButton			Glyph.Data	single		bmp	1078	16	16	32	0					1		975795a643484a5073c6e0223bb36e40eaf96637165ace0ca753593af1dde849	images\975795a643484a5073c6e0223bb36e40eaf96637165ace0ca753593af1dde849.bmp
C:\Projects\M2022\DataChannels.dfm	DataChannels.pas	dfm	TfrmDataChannels	dxBarManager1.dxBarDBNavRefresh1	dxBarDBNavRefresh1	TdxBarDBNavButton			Glyph.Data	single		bmp	1078	16	16	32	0					1		5d9485a834adeff5da0f68c84a8055425e3e8e58c4f93d181d2aa5086a8e39be	images\5d9485a834adeff5da0f68c84a8055425e3e8e58c4f93d181d2aa5086a8e39be.bmp
C:\Projects\M2022\DataChannels.dfm	DataChannels.pas	dfm	TfrmDataChannels	dxBarManager1.dxBarDBNavAppend1	dxBarDBNavAppend1	TdxBarDBNavButton			Glyph.Data	single		bmp	1078	16	16	32	0					1		d163fcae110e5795d26704ba244b2eb5db70a3fd10dfb16bd87aebf0b5a48a36	images\d163fcae110e5795d26704ba244b2eb5db70a3fd10dfb16bd87aebf0b5a48a36.bmp
C:\Projects\M2022\DefaultForm.dfm	DefaultForm.pas	dfm	TfrmDefaultForm		frmDefaultForm	TfrmDefaultForm			Icon.Data	single		ico	1150	0	0	0	0							87829c566615525191dec99da56caf00d42442aaa72a701af21d38cb4d4598be	images\87829c566615525191dec99da56caf00d42442aaa72a701af21d38cb4d4598be.ico
C:\Projects\M2022\DefaultForm3.dfm	DefaultForm3.pas	dfm	TfrmDefaultForm3		frmDefaultForm3	TfrmDefaultForm3			Icon.Data	single		ico	4286	0	0	0	0							9b081d4b5e32e71b56d5dd77c3c830135856904a9d4cfe9aad31fe860574e281	images\9b081d4b5e32e71b56d5dd77c3c830135856904a9d4cfe9aad31fe860574e281.ico
C:\Projects\M2022\DefaultForm3.dfm	DefaultForm3.pas	dfm	TfrmDefaultForm3	dxBarManager1.btnExit	btnExit	TdxBarButton			Glyph.Data	single		svg	3033	0	0	0	0							39e5933d6f88188b2c66d8c653d769e7684d9a23c349e93e39b61c6384fc2a9e	images\39e5933d6f88188b2c66d8c653d769e7684d9a23c349e93e39b61c6384fc2a9e.svg
C:\Projects\M2022\DefaultForm3.dfm	DefaultForm3.pas	dfm	TfrmDefaultForm3	dxBarManager1.btnExit	btnExit	TdxBarButton			LargeGlyph.Data	single		svg	3033	0	0	0	0							39e5933d6f88188b2c66d8c653d769e7684d9a23c349e93e39b61c6384fc2a9e	images\39e5933d6f88188b2c66d8c653d769e7684d9a23c349e93e39b61c6384fc2a9e.svg
C:\Projects\M2022\DefaultForm3.dfm	DefaultForm3.pas	dfm	TfrmDefaultForm3	dxBarManager1.btnMaximize	btnMaximize	TdxBarButton			Glyph.Data	single		svg	665	0	0	0	0							b66ee6af4a43fc88f8723e9f70e0aabbd6bd3ac6acd0959ded45f1907e9ac618	images\b66ee6af4a43fc88f8723e9f70e0aabbd6bd3ac6acd0959ded45f1907e9ac618.svg
C:\Projects\M2022\DefaultForm3.dfm	DefaultForm3.pas	dfm	TfrmDefaultForm3	dxBarManager1.btnMaximize	btnMaximize	TdxBarButton			LargeGlyph.Data	single		svg	665	0	0	0	0							b66ee6af4a43fc88f8723e9f70e0aabbd6bd3ac6acd0959ded45f1907e9ac618	images\b66ee6af4a43fc88f8723e9f70e0aabbd6bd3ac6acd0959ded45f1907e9ac618.svg
C:\Projects\M2022\DefaultForm3.dfm	DefaultForm3.pas	dfm	TfrmDefaultForm3	dxBarManager1.btnCancel	btnCancel	TdxBarButton			Glyph.Data	single		svg	475	0	0	0	0							182dc8b95b3aacd3fb2a562fef0f9af9d1bcead5a2f8e9477f6910dfd29af2d0	images\182dc8b95b3aacd3fb2a562fef0f9af9d1bcead5a2f8e9477f6910dfd29af2d0.svg
C:\Projects\M2022\DefaultForm3.dfm	DefaultForm3.pas	dfm	TfrmDefaultForm3	dxBarManager1.btnCancel	btnCancel	TdxBarButton			LargeGlyph.Data	single		svg	475	0	0	0	0							182dc8b95b3aacd3fb2a562fef0f9af9d1bcead5a2f8e9477f6910dfd29af2d0	images\182dc8b95b3aacd3fb2a562fef0f9af9d1bcead5a2f8e9477f6910dfd29af2d0.svg
C:\Projects\M2022\DefaultTolerance.dfm	DefaultTolerance.pas	dfm	TfrmDefaultTolerance		frmDefaultTolerance	TfrmDefaultTolerance			Icon.Data	single		ico	766	0	0	0	0							f97bf4dec162607c66fa8fef3ff7cc32ac8ca761a250890afc6434fabbd46443	images\f97bf4dec162607c66fa8fef3ff7cc32ac8ca761a250890afc6434fabbd46443.ico
C:\Projects\M2022\DefaultTolerance.dfm	DefaultTolerance.pas	dfm	TfrmDefaultTolerance	dxBarManager1.btnExit	btnExit	TdxBarButton			Glyph.Data	single		bmp	1078	16	16	32	0					1		d1f5d5f839df61eb3317ff82c09de63b57e908669df38bd26a96a6dd5b8d7ad7	images\d1f5d5f839df61eb3317ff82c09de63b57e908669df38bd26a96a6dd5b8d7ad7.bmp
C:\Projects\M2022\DefaultTolerance.dfm	DefaultTolerance.pas	dfm	TfrmDefaultTolerance	dxBarManager1.btnCancel	btnCancel	TdxBarButton			Glyph.Data	single		bmp	1078	16	16	32	0					1		d8be263f447bb2946a9ecf5e82e5052aebdb1fe0336a015e65e001415629d619	images\d8be263f447bb2946a9ecf5e82e5052aebdb1fe0336a015e65e001415629d619.bmp
C:\Projects\M2022\DefineSerialNumbers.dfm	DefineSerialNumbers.pas	dfm	TfrmDefineSerialNumbers		frmDefineSerialNumbers	TfrmDefineSerialNumbers			Icon.Data	single		ico	1150	0	0	0	0							87829c566615525191dec99da56caf00d42442aaa72a701af21d38cb4d4598be	images\87829c566615525191dec99da56caf00d42442aaa72a701af21d38cb4d4598be.ico
C:\Projects\M2022\DefineSerialNumbers.dfm	DefineSerialNumbers.pas	dfm	TfrmDefineSerialNumbers	dxBarManager1.btnExit	btnExit	TdxBarButton			Glyph.Data	single		svg	3033	0	0	0	0							39e5933d6f88188b2c66d8c653d769e7684d9a23c349e93e39b61c6384fc2a9e	images\39e5933d6f88188b2c66d8c653d769e7684d9a23c349e93e39b61c6384fc2a9e.svg
C:\Projects\M2022\DefineSerialNumbers.dfm	DefineSerialNumbers.pas	dfm	TfrmDefineSerialNumbers	dxBarManager1.btnMaximize	btnMaximize	TdxBarButton			Glyph.Data	single		bmp	1078	16	16	32	0					1		d979d0b7b77a3576b3ea07e84c5ebda63b9ff26d22cf4e477f50474bd456c113	images\d979d0b7b77a3576b3ea07e84c5ebda63b9ff26d22cf4e477f50474bd456c113.bmp
C:\Projects\M2022\DefineSerialNumbers.dfm	DefineSerialNumbers.pas	dfm	TfrmDefineSerialNumbers	dxBarManager1.btnCancel	btnCancel	TdxBarButton			Glyph.Data	single		bmp	1078	16	16	32	0					1		d8be263f447bb2946a9ecf5e82e5052aebdb1fe0336a015e65e001415629d619	images\d8be263f447bb2946a9ecf5e82e5052aebdb1fe0336a015e65e001415629d619.bmp
C:\Projects\M2022\DefineSerialNumbers.dfm	DefineSerialNumbers.pas	dfm	TfrmDefineSerialNumbers	dxBarManager1.btnDelete	btnDelete	TdxBarButton			Glyph.Data	single		bmp	1078	16	16	32	0					1		0eb430c3bf766d2880fb74dcbba407cf82fd63719978d05d02e3bd7f7a2a0a3c	images\0eb430c3bf766d2880fb74dcbba407cf82fd63719978d05d02e3bd7f7a2a0a3c.bmp
C:\Projects\M2022\DFCTLIST.dfm	DFCTLIST.pas	dfm	TDefectListDlg		DefectListDlg	TDefectListDlg			Icon.Data	single		ico	1150	0	0	0	0							87829c566615525191dec99da56caf00d42442aaa72a701af21d38cb4d4598be	images\87829c566615525191dec99da56caf00d42442aaa72a701af21d38cb4d4598be.ico
C:\Projects\M2022\DFCTLIST.dfm	DFCTLIST.pas	dfm	TDefectListDlg	dxBarManager1.dxBarDBNavFirst1	dxBarDBNavFirst1	TdxBarDBNavButton			Glyph.Data	single		bmp	1078	16	16	32	0					1		6607ef3da8822b74fe4b0acb662061780182bbfdc0c2cd0056156349e880dd94	images\6607ef3da8822b74fe4b0acb662061780182bbfdc0c2cd0056156349e880dd94.bmp
C:\Projects\M2022\DFCTLIST.dfm	DFCTLIST.pas	dfm	TDefectListDlg	dxBarManager1.dxBarDBNavPrev1	dxBarDBNavPrev1	TdxBarDBNavButton			Glyph.Data	single		bmp	1078	16	16	32	0					1		4506a08e333bf65e1241dc1d265c0ec790826f394a1e425324e80125ac979066	images\4506a08e333bf65e1241dc1d265c0ec790826f394a1e425324e80125ac979066.bmp
C:\Projects\M2022\DFCTLIST.dfm	DFCTLIST.pas	dfm	TDefectListDlg	dxBarManager1.dxBarDBNavNext1	dxBarDBNavNext1	TdxBarDBNavButton			Glyph.Data	single		bmp	1078	16	16	32	0					1		f1e077905d1aeb2d609668d4ed60b14af4e2852c7b1589986eed9a6c045d1e58	images\f1e077905d1aeb2d609668d4ed60b14af4e2852c7b1589986eed9a6c045d1e58.bmp
C:\Projects\M2022\DFCTLIST.dfm	DFCTLIST.pas	dfm	TDefectListDlg	dxBarManager1.dxBarDBNavLast1	dxBarDBNavLast1	TdxBarDBNavButton			Glyph.Data	single		bmp	1078	16	16	32	0					1		fce3745ba5ba9d6f747c39ade70e5bb3a43705557a11a01b17788a0cfe930304	images\fce3745ba5ba9d6f747c39ade70e5bb3a43705557a11a01b17788a0cfe930304.bmp
C:\Projects\M2022\DFCTLIST.dfm	DFCTLIST.pas	dfm	TDefectListDlg	dxBarManager1.dxBarDBNavInsert1	dxBarDBNavInsert1	TdxBarDBNavButton			Glyph.Data	single		bmp	1078	16	16	32	0					1		85c3d26e8518011389ca86bb003d4f646fde018f5b8ea6bb5f236fa6b26ed9cb	images\85c3d26e8518011389ca86bb003d4f646fde018f5b8ea6bb5f236fa6b26ed9cb.bmp
C:\Projects\M2022\DFCTLIST.dfm	DFCTLIST.pas	dfm	TDefectListDlg	dxBarManager1.dxBarDBNavDelete1	dxBarDBNavDelete1	TdxBarDBNavButton			Glyph.Data	single		bmp	1078	16	16	32	0					1		cb064bbb443aecb6b9c0d982ca7ef5e728083d86e4bf49b09e7330eed54dea24	images\cb064bbb443aecb6b9c0d982ca7ef5e728083d86e4bf49b09e7330eed54dea24.bmp
C:\Projects\M2022\DFCTLIST.dfm	DFCTLIST.pas	dfm	TDefectListDlg	dxBarManager1.dxBarDBNavEdit1	dxBarDBNavEdit1	TdxBarDBNavButton			Glyph.Data	single		bmp	1078	16	16	32	0					1		22e66cc36468572cbdcae127edc7fe7560a3f052fa05202b746f2491175a05cf	images\22e66cc36468572cbdcae127edc7fe7560a3f052fa05202b746f2491175a05cf.bmp
C:\Projects\M2022\DFCTLIST.dfm	DFCTLIST.pas	dfm	TDefectListDlg	dxBarManager1.dxBarDBNavPost1	dxBarDBNavPost1	TdxBarDBNavButton			Glyph.Data	single		bmp	1078	16	16	32	0					1		6212bc92930d93605cc9b6b3699601807dc1633fa573890fdac82faca790c47f	images\6212bc92930d93605cc9b6b3699601807dc1633fa573890fdac82faca790c47f.bmp
C:\Projects\M2022\DFCTLIST.dfm	DFCTLIST.pas	dfm	TDefectListDlg	dxBarManager1.dxBarDBNavCancel1	dxBarDBNavCancel1	TdxBarDBNavButton			Glyph.Data	single		bmp	1078	16	16	32	0					1		975795a643484a5073c6e0223bb36e40eaf96637165ace0ca753593af1dde849	images\975795a643484a5073c6e0223bb36e40eaf96637165ace0ca753593af1dde849.bmp
C:\Projects\M2022\DFCTLIST.dfm	DFCTLIST.pas	dfm	TDefectListDlg	dxBarManager1.dxBarDBNavRefresh1	dxBarDBNavRefresh1	TdxBarDBNavButton			Glyph.Data	single		bmp	1078	16	16	32	0					1		5d9485a834adeff5da0f68c84a8055425e3e8e58c4f93d181d2aa5086a8e39be	images\5d9485a834adeff5da0f68c84a8055425e3e8e58c4f93d181d2aa5086a8e39be.bmp
C:\Projects\M2022\DFCTLIST.dfm	DFCTLIST.pas	dfm	TDefectListDlg	dxBarManager1.btnPrint	btnPrint	TdxBarButton			Glyph.Data	single		svg	819	0	0	0	0							4ba55ff88e8cf3f39a716d1dd6eb4e744836948baa8d84db637a15a904e50cdb	images\4ba55ff88e8cf3f39a716d1dd6eb4e744836948baa8d84db637a15a904e50cdb.svg
C:\Projects\M2022\DFCTLIST.dfm	DFCTLIST.pas	dfm	TDefectListDlg	dxBarManager1.btnPrint	btnPrint	TdxBarButton			LargeGlyph.Data	single		svg	819	0	0	0	0							4ba55ff88e8cf3f39a716d1dd6eb4e744836948baa8d84db637a15a904e50cdb	images\4ba55ff88e8cf3f39a716d1dd6eb4e744836948baa8d84db637a15a904e50cdb.svg
C:\Projects\M2022\DFCTLIST.dfm	DFCTLIST.pas	dfm	TDefectListDlg	dxBarManager1.btnExit	btnExit	TdxBarButton			Glyph.Data	single		svg	3033	0	0	0	0							39e5933d6f88188b2c66d8c653d769e7684d9a23c349e93e39b61c6384fc2a9e	images\39e5933d6f88188b2c66d8c653d769e7684d9a23c349e93e39b61c6384fc2a9e.svg
C:\Projects\M2022\DFCTLIST.dfm	DFCTLIST.pas	dfm	TDefectListDlg	dxBarManager1.btnExit	btnExit	TdxBarButton			LargeGlyph.Data	single		svg	582	0	0	0	0							0f81df5c433377e3b5fc44dff9f57aa3aefe45a5c31105e2016acd7c53ce3379	images\0f81df5c433377e3b5fc44dff9f57aa3aefe45a5c31105e2016acd7c53ce3379.svg
C:\Projects\M2022\DowntimeList.dfm	DowntimeList.pas	dfm	TfrmDownTimeList		frmDownTimeList	TfrmDownTimeList			Icon.Data	single		ico	1150	0	0	0	0							87829c566615525191dec99da56caf00d42442aaa72a701af21d38cb4d4598be	images\87829c566615525191dec99da56caf00d42442aaa72a701af21d38cb4d4598be.ico
C:\Projects\M2022\DowntimeList.dfm	DowntimeList.pas	dfm	TfrmDownTimeList	dxBarManager1.btnExit	btnExit	TdxBarButton			Glyph.Data	single		svg	3033	0	0	0	0							39e5933d6f88188b2c66d8c653d769e7684d9a23c349e93e39b61c6384fc2a9e	images\39e5933d6f88188b2c66d8c653d769e7684d9a23c349e93e39b61c6384fc2a9e.svg
C:\Projects\M2022\DowntimeList.dfm	DowntimeList.pas	dfm	TfrmDownTimeList	dxBarManager1.btnPrint	btnPrint	TdxBarButton			Glyph.Data	single		svg	819	0	0	0	0							4ba55ff88e8cf3f39a716d1dd6eb4e744836948baa8d84db637a15a904e50cdb	images\4ba55ff88e8cf3f39a716d1dd6eb4e744836948baa8d84db637a15a904e50cdb.svg
C:\Projects\M2022\DowntimeList.dfm	DowntimeList.pas	dfm	TfrmDownTimeList	dxBarManager1.dxBarDBNavFirst1	dxBarDBNavFirst1	TdxBarDBNavButton			Glyph.Data	single		bmp	1078	16	16	32	0					1		6607ef3da8822b74fe4b0acb662061780182bbfdc0c2cd0056156349e880dd94	images\6607ef3da8822b74fe4b0acb662061780182bbfdc0c2cd0056156349e880dd94.bmp
C:\Projects\M2022\DowntimeList.dfm	DowntimeList.pas	dfm	TfrmDownTimeList	dxBarManager1.dxBarDBNavPrev1	dxBarDBNavPrev1	TdxBarDBNavButton			Glyph.Data	single		bmp	1078	16	16	32	0					1		4506a08e333bf65e1241dc1d265c0ec790826f394a1e425324e80125ac979066	images\4506a08e333bf65e1241dc1d265c0ec790826f394a1e425324e80125ac979066.bmp
C:\Projects\M2022\DowntimeList.dfm	DowntimeList.pas	dfm	TfrmDownTimeList	dxBarManager1.dxBarDBNavNext1	dxBarDBNavNext1	TdxBarDBNavButton			Glyph.Data	single		bmp	1078	16	16	32	0					1		f1e077905d1aeb2d609668d4ed60b14af4e2852c7b1589986eed9a6c045d1e58	images\f1e077905d1aeb2d609668d4ed60b14af4e2852c7b1589986eed9a6c045d1e58.bmp
C:\Projects\M2022\DowntimeList.dfm	DowntimeList.pas	dfm	TfrmDownTimeList	dxBarManager1.dxBarDBNavLast1	dxBarDBNavLast1	TdxBarDBNavButton			Glyph.Data	single		bmp	1078	16	16	32	0					1		fce3745ba5ba9d6f747c39ade70e5bb3a43705557a11a01b17788a0cfe930304	images\fce3745ba5ba9d6f747c39ade70e5bb3a43705557a11a01b17788a0cfe930304.bmp
C:\Projects\M2022\DowntimeList.dfm	DowntimeList.pas	dfm	TfrmDownTimeList	dxBarManager1.dxBarDBNavInsert1	dxBarDBNavInsert1	TdxBarDBNavButton			Glyph.Data	single		bmp	1078	16	16	32	0					1		85c3d26e8518011389ca86bb003d4f646fde018f5b8ea6bb5f236fa6b26ed9cb	images\85c3d26e8518011389ca86bb003d4f646fde018f5b8ea6bb5f236fa6b26ed9cb.bmp
C:\Projects\M2022\DowntimeList.dfm	DowntimeList.pas	dfm	TfrmDownTimeList	dxBarManager1.dxBarDBNavDelete1	dxBarDBNavDelete1	TdxBarDBNavButton			Glyph.Data	single		bmp	1078	16	16	32	0					1		cb064bbb443aecb6b9c0d982ca7ef5e728083d86e4bf49b09e7330eed54dea24	images\cb064bbb443aecb6b9c0d982ca7ef5e728083d86e4bf49b09e7330eed54dea24.bmp
C:\Projects\M2022\DowntimeList.dfm	DowntimeList.pas	dfm	TfrmDownTimeList	dxBarManager1.dxBarDBNavEdit1	dxBarDBNavEdit1	TdxBarDBNavButton			Glyph.Data	single		bmp	1078	16	16	32	0					1		22e66cc36468572cbdcae127edc7fe7560a3f052fa05202b746f2491175a05cf	images\22e66cc36468572cbdcae127edc7fe7560a3f052fa05202b746f2491175a05cf.bmp
C:\Projects\M2022\DowntimeList.dfm	DowntimeList.pas	dfm	TfrmDownTimeList	dxBarManager1.dxBarDBNavPost1	dxBarDBNavPost1	TdxBarDBNavButton			Glyph.Data	single		bmp	1078	16	16	32	0					1		6212bc92930d93605cc9b6b3699601807dc1633fa573890fdac82faca790c47f	images\6212bc92930d93605cc9b6b3699601807dc1633fa573890fdac82faca790c47f.bmp
C:\Projects\M2022\DowntimeList.dfm	DowntimeList.pas	dfm	TfrmDownTimeList	dxBarManager1.dxBarDBNavCancel1	dxBarDBNavCancel1	TdxBarDBNavButton			Glyph.Data	single		bmp	1078	16	16	32	0					1		975795a643484a5073c6e0223bb36e40eaf96637165ace0ca753593af1dde849	images\975795a643484a5073c6e0223bb36e40eaf96637165ace0ca753593af1dde849.bmp
C:\Projects\M2022\DowntimeList.dfm	DowntimeList.pas	dfm	TfrmDownTimeList	dxBarManager1.dxBarDBNavRefresh1	dxBarDBNavRefresh1	TdxBarDBNavButton			Glyph.Data	single		bmp	1078	16	16	32	0					1		5d9485a834adeff5da0f68c84a8055425e3e8e58c4f93d181d2aa5086a8e39be	images\5d9485a834adeff5da0f68c84a8055425e3e8e58c4f93d181d2aa5086a8e39be.bmp
C:\Projects\M2022\DrawingPages.dfm	DrawingPages.pas	dfm	TfrmDrawingPages	dxBarManager1.btnExit	btnExit	TdxBarButton			Glyph.Data	single		bmp	1078	16	16	32	0					1		d1f5d5f839df61eb3317ff82c09de63b57e908669df38bd26a96a6dd5b8d7ad7	images\d1f5d5f839df61eb3317ff82c09de63b57e908669df38bd26a96a6dd5b8d7ad7.bmp
C:\Projects\M2022\DrawingPages.dfm	DrawingPages.pas	dfm	TfrmDrawingPages	dxBarManager1.btnCancel	btnCancel	TdxBarButton			Glyph.Data	single		bmp	1078	16	16	32	0					1		d8be263f447bb2946a9ecf5e82e5052aebdb1fe0336a015e65e001415629d619	images\d8be263f447bb2946a9ecf5e82e5052aebdb1fe0336a015e65e001415629d619.bmp
C:\Projects\M2022\DrawingPages.dfm	DrawingPages.pas	dfm	TfrmDrawingPages	dxBarManager1.dxBarDBNavFirst1	dxBarDBNavFirst1	TdxBarDBNavButton			Glyph.Data	single		bmp	1078	16	16	32	0					1		6607ef3da8822b74fe4b0acb662061780182bbfdc0c2cd0056156349e880dd94	images\6607ef3da8822b74fe4b0acb662061780182bbfdc0c2cd0056156349e880dd94.bmp
C:\Projects\M2022\DrawingPages.dfm	DrawingPages.pas	dfm	TfrmDrawingPages	dxBarManager1.dxBarDBNavPrev1	dxBarDBNavPrev1	TdxBarDBNavButton			Glyph.Data	single		bmp	1078	16	16	32	0					1		4506a08e333bf65e1241dc1d265c0ec790826f394a1e425324e80125ac979066	images\4506a08e333bf65e1241dc1d265c0ec790826f394a1e425324e80125ac979066.bmp
C:\Projects\M2022\DrawingPages.dfm	DrawingPages.pas	dfm	TfrmDrawingPages	dxBarManager1.dxBarDBNavNext1	dxBarDBNavNext1	TdxBarDBNavButton			Glyph.Data	single		bmp	1078	16	16	32	0					1		f1e077905d1aeb2d609668d4ed60b14af4e2852c7b1589986eed9a6c045d1e58	images\f1e077905d1aeb2d609668d4ed60b14af4e2852c7b1589986eed9a6c045d1e58.bmp
C:\Projects\M2022\DrawingPages.dfm	DrawingPages.pas	dfm	TfrmDrawingPages	dxBarManager1.dxBarDBNavLast1	dxBarDBNavLast1	TdxBarDBNavButton			Glyph.Data	single		bmp	1078	16	16	32	0					1		fce3745ba5ba9d6f747c39ade70e5bb3a43705557a11a01b17788a0cfe930304	images\fce3745ba5ba9d6f747c39ade70e5bb3a43705557a11a01b17788a0cfe930304.bmp
C:\Projects\M2022\DrawingPages.dfm	DrawingPages.pas	dfm	TfrmDrawingPages	dxBarManager1.dxBarDBNavDelete1	dxBarDBNavDelete1	TdxBarDBNavButton			Glyph.Data	single		bmp	1078	16	16	32	0					1		cb064bbb443aecb6b9c0d982ca7ef5e728083d86e4bf49b09e7330eed54dea24	images\cb064bbb443aecb6b9c0d982ca7ef5e728083d86e4bf49b09e7330eed54dea24.bmp
C:\Projects\M2022\DrawingPages.dfm	DrawingPages.pas	dfm	TfrmDrawingPages	dxBarManager1.dxBarDBNavEdit1	dxBarDBNavEdit1	TdxBarDBNavButton			Glyph.Data	single		bmp	1078	16	16	32	0					1		22e66cc36468572cbdcae127edc7fe7560a3f052fa05202b746f2491175a05cf	images\22e66cc36468572cbdcae127edc7fe7560a3f052fa05202b746f2491175a05cf.bmp
C:\Projects\M2022\DrawingPages.dfm	DrawingPages.pas	dfm	TfrmDrawingPages	dxBarManager1.dxBarDBNavPost1	dxBarDBNavPost1	TdxBarDBNavButton			Glyph.Data	single		bmp	1078	16	16	32	0					1		6212bc92930d93605cc9b6b3699601807dc1633fa573890fdac82faca790c47f	images\6212bc92930d93605cc9b6b3699601807dc1633fa573890fdac82faca790c47f.bmp
C:\Projects\M2022\DrawingPages.dfm	DrawingPages.pas	dfm	TfrmDrawingPages	dxBarManager1.dxBarDBNavCancel1	dxBarDBNavCancel1	TdxBarDBNavButton			Glyph.Data	single		bmp	1078	16	16	32	0					1		975795a643484a5073c6e0223bb36e40eaf96637165ace0ca753593af1dde849	images\975795a643484a5073c6e0223bb36e40eaf96637165ace0ca753593af1dde849.bmp
C:\Projects\M2022\DrawingPages.dfm	DrawingPages.pas	dfm	TfrmDrawingPages	dxBarManager1.dxBarDBNavRefresh1	dxBarDBNavRefresh1	TdxBarDBNavButton			Glyph.Data	single		bmp	1078	16	16	32	0					1		5d9485a834adeff5da0f68c84a8055425e3e8e58c4f93d181d2aa5086a8e39be	images\5d9485a834adeff5da0f68c84a8055425e3e8e58c4f93d181d2aa5086a8e39be.bmp
C:\Projects\M2022\DrawingReport.dfm	DrawingReport.pas	dfm	TfrmDrawingReport		frmDrawingReport	TfrmDrawingReport			Icon.Data	single		ico	1150	0	0	0	0							87829c566615525191dec99da56caf00d42442aaa72a701af21d38cb4d4598be	images\87829c566615525191dec99da56caf00d42442aaa72a701af21d38cb4d4598be.ico
C:\Projects\M2022\DrawingReport.dfm	DrawingReport.pas	dfm	TfrmDrawingReport	dxBarManager1.btnExit	btnExit	TdxBarButton			Glyph.Data	single		svg	3033	0	0	0	0							39e5933d6f88188b2c66d8c653d769e7684d9a23c349e93e39b61c6384fc2a9e	images\39e5933d6f88188b2c66d8c653d769e7684d9a23c349e93e39b61c6384fc2a9e.svg
C:\Projects\M2022\DrawingReport.dfm	DrawingReport.pas	dfm	TfrmDrawingReport	dxBarManager1.btnExit	btnExit	TdxBarButton			LargeGlyph.Data	single		svg	3033	0	0	0	0							39e5933d6f88188b2c66d8c653d769e7684d9a23c349e93e39b61c6384fc2a9e	images\39e5933d6f88188b2c66d8c653d769e7684d9a23c349e93e39b61c6384fc2a9e.svg
C:\Projects\M2022\DrawingReport.dfm	DrawingReport.pas	dfm	TfrmDrawingReport	dxBarManager1.btnMaximize	btnMaximize	TdxBarButton			Glyph.Data	single		bmp	1078	16	16	32	0					1		d979d0b7b77a3576b3ea07e84c5ebda63b9ff26d22cf4e477f50474bd456c113	images\d979d0b7b77a3576b3ea07e84c5ebda63b9ff26d22cf4e477f50474bd456c113.bmp
C:\Projects\M2022\DrawingReport.dfm	DrawingReport.pas	dfm	TfrmDrawingReport	dxBarManager1.btnPrint	btnPrint	TdxBarButton			Glyph.Data	single		svg	1250	0	0	0	0							f3985f148c892524994c590303aa2e8be7986d918c096d7094fac860d3f59b30	images\f3985f148c892524994c590303aa2e8be7986d918c096d7094fac860d3f59b30.svg
C:\Projects\M2022\DrawingReport.dfm	DrawingReport.pas	dfm	TfrmDrawingReport	dxBarManager1.btnPrint	btnPrint	TdxBarButton			LargeGlyph.Data	single		svg	1250	0	0	0	0							f3985f148c892524994c590303aa2e8be7986d918c096d7094fac860d3f59b30	images\f3985f148c892524994c590303aa2e8be7986d918c096d7094fac860d3f59b30.svg
C:\Projects\M2022\DrawingReport.dfm	DrawingReport.pas	dfm	TfrmDrawingReport	dxBarManager1.ddlViewPage	ddlViewPage	TdxBarLookupCombo			Glyph.Data	single		bmp	1078	16	16	32	0					1		bbc4108921a351ec72897a48f2154efc1912a9110484d6471ef4ae5072a64f09	images\bbc4108921a351ec72897a48f2154efc1912a9110484d6471ef4ae5072a64f09.bmp
C:\Projects\M2022\DrawingReport.dfm	DrawingReport.pas	dfm	TfrmDrawingReport	dxBarManager1.ddlTool	ddlTool	TdxBarImageCombo			Glyph.Data	single		bmp	1078	16	16	32	0					1		9c41a85fa5ce6f5ec03987b719f3b171c7de40ed8bd799565cd38495132bf080	images\9c41a85fa5ce6f5ec03987b719f3b171c7de40ed8bd799565cd38495132bf080.bmp
C:\Projects\M2022\DrawingReport.dfm	DrawingReport.pas	dfm	TfrmDrawingReport	dxBarManager1.ddlDecision	ddlDecision	TdxBarImageCombo			Glyph.Data	single		bmp	1078	16	16	32	0					1		9c41a85fa5ce6f5ec03987b719f3b171c7de40ed8bd799565cd38495132bf080	images\9c41a85fa5ce6f5ec03987b719f3b171c7de40ed8bd799565cd38495132bf080.bmp
C:\Projects\M2022\DrawingReport.dfm	DrawingReport.pas	dfm	TfrmDrawingReport	dxBarManager1.ddlClass	ddlClass	TdxBarImageCombo			Glyph.Data	single		bmp	1078	16	16	32	0					1		9c41a85fa5ce6f5ec03987b719f3b171c7de40ed8bd799565cd38495132bf080	images\9c41a85fa5ce6f5ec03987b719f3b171c7de40ed8bd799565cd38495132bf080.bmp
C:\Projects\M2022\DrawingReport.dfm	DrawingReport.pas	dfm	TfrmDrawingReport	dxBarManager1.btnNext	btnNext	TdxBarButton			Glyph.Data	single		bmp	1078	16	16	32	0					1		5da6eebbad0994ba4cde53f8b358cd0ba7ba54168d1b929deafe6d4cb71ef370	images\5da6eebbad0994ba4cde53f8b358cd0ba7ba54168d1b929deafe6d4cb71ef370.bmp
C:\Projects\M2022\DrawingReport.dfm	DrawingReport.pas	dfm	TfrmDrawingReport	dxBarManager1.btnPrior	btnPrior	TdxBarButton			Glyph.Data	single		bmp	1078	16	16	32	0					1		ae812c0b905b061af16a56121d642e10d91b287b47f5503f2152a967b4be0e70	images\ae812c0b905b061af16a56121d642e10d91b287b47f5503f2152a967b4be0e70.bmp
C:\Projects\M2022\DrawingView.dfm	DrawingView.pas	dfm	TfrmDrawingView	dxBarManager1.ddlViewPage	ddlViewPage	TdxBarLookupCombo			Glyph.Data	single		bmp	1078	16	16	32	0					1		bbc4108921a351ec72897a48f2154efc1912a9110484d6471ef4ae5072a64f09	images\bbc4108921a351ec72897a48f2154efc1912a9110484d6471ef4ae5072a64f09.bmp
C:\Projects\M2022\EditEndProcessReason.dfm	EditEndProcessReason.pas	dfm	TfrmEditEndProcessReason		frmEditEndProcessReason	TfrmEditEndProcessReason			Icon.Data	single		ico	1150	0	0	0	0							87829c566615525191dec99da56caf00d42442aaa72a701af21d38cb4d4598be	images\87829c566615525191dec99da56caf00d42442aaa72a701af21d38cb4d4598be.ico
C:\Projects\M2022\EditEndProcessReason.dfm	EditEndProcessReason.pas	dfm	TfrmEditEndProcessReason	dxBarManager1.btnExit	btnExit	TdxBarButton			Glyph.Data	single		svg	3033	0	0	0	0							39e5933d6f88188b2c66d8c653d769e7684d9a23c349e93e39b61c6384fc2a9e	images\39e5933d6f88188b2c66d8c653d769e7684d9a23c349e93e39b61c6384fc2a9e.svg
C:\Projects\M2022\EditEndProcessReason.dfm	EditEndProcessReason.pas	dfm	TfrmEditEndProcessReason	dxBarManager1.dxBarDBNavFirst1	dxBarDBNavFirst1	TdxBarDBNavButton			Glyph.Data	single		svg	473	0	0	0	0							4f6b5e7feb872030cf8c07f4b0a9154dba561d068f0bbe851f401038888deb73	images\4f6b5e7feb872030cf8c07f4b0a9154dba561d068f0bbe851f401038888deb73.svg
C:\Projects\M2022\EditEndProcessReason.dfm	EditEndProcessReason.pas	dfm	TfrmEditEndProcessReason	dxBarManager1.dxBarDBNavPrev1	dxBarDBNavPrev1	TdxBarDBNavButton			Glyph.Data	single		svg	326	0	0	0	0							9affc86233a3c5214b39371064995d1a618b6351e5fc4ea3fcc737d5adee7301	images\9affc86233a3c5214b39371064995d1a618b6351e5fc4ea3fcc737d5adee7301.svg
C:\Projects\M2022\EditEndProcessReason.dfm	EditEndProcessReason.pas	dfm	TfrmEditEndProcessReason	dxBarManager1.dxBarDBNavNext1	dxBarDBNavNext1	TdxBarDBNavButton			Glyph.Data	single		svg	326	0	0	0	0							31c86d717e300180306624b9f136bc00ee9996221aef9eb76e66c80b91008bf7	images\31c86d717e300180306624b9f136bc00ee9996221aef9eb76e66c80b91008bf7.svg
C:\Projects\M2022\EditEndProcessReason.dfm	EditEndProcessReason.pas	dfm	TfrmEditEndProcessReason	dxBarManager1.dxBarDBNavLast1	dxBarDBNavLast1	TdxBarDBNavButton			Glyph.Data	single		svg	433	0	0	0	0							44036aa63309d06887b4983c8a4fc4e7f96de9af23f3593af004275785272ced	images\44036aa63309d06887b4983c8a4fc4e7f96de9af23f3593af004275785272ced.svg
C:\Projects\M2022\EditEndProcessReason.dfm	EditEndProcessReason.pas	dfm	TfrmEditEndProcessReason	dxBarManager1.dxBarDBNavInsert1	dxBarDBNavInsert1	TdxBarDBNavButton			Glyph.Data	single		svg	421	0	0	0	0							213250362e820808f9afeae33d37fe36d29446da8156945b7c706b08cd1f8ef6	images\213250362e820808f9afeae33d37fe36d29446da8156945b7c706b08cd1f8ef6.svg
C:\Projects\M2022\EditEndProcessReason.dfm	EditEndProcessReason.pas	dfm	TfrmEditEndProcessReason	dxBarManager1.dxBarDBNavDelete1	dxBarDBNavDelete1	TdxBarDBNavButton			Glyph.Data	single		svg	331	0	0	0	0							3426812018064253d38559294ae768a24bc1f0e2b55e1155b259650d305523b2	images\3426812018064253d38559294ae768a24bc1f0e2b55e1155b259650d305523b2.svg
C:\Projects\M2022\EditEndProcessReason.dfm	EditEndProcessReason.pas	dfm	TfrmEditEndProcessReason	dxBarManager1.dxBarDBNavEdit1	dxBarDBNavEdit1	TdxBarDBNavButton			Glyph.Data	single		svg	299	0	0	0	0							d7cef1afe0805720b049c349aa2273488c1eee83041ed56aa0d6d8502f8f2708	images\d7cef1afe0805720b049c349aa2273488c1eee83041ed56aa0d6d8502f8f2708.svg
C:\Projects\M2022\EditEndProcessReason.dfm	EditEndProcessReason.pas	dfm	TfrmEditEndProcessReason	dxBarManager1.dxBarDBNavPost1	dxBarDBNavPost1	TdxBarDBNavButton			Glyph.Data	single		svg	337	0	0	0	0							8f9b13bab01903aac5c507b4e8cabbe899263cd4f3aa5b9a02b0cf8d69d57e03	images\8f9b13bab01903aac5c507b4e8cabbe899263cd4f3aa5b9a02b0cf8d69d57e03.svg
C:\Projects\M2022\EditEndProcessReason.dfm	EditEndProcessReason.pas	dfm	TfrmEditEndProcessReason	dxBarManager1.dxBarDBNavCancel1	dxBarDBNavCancel1	TdxBarDBNavButton			Glyph.Data	single		svg	581	0	0	0	0							0bf670167728fb629118e442f19cb6d896033afa8289ac7bed141f4aa7ee9093	images\0bf670167728fb629118e442f19cb6d896033afa8289ac7bed141f4aa7ee9093.svg
C:\Projects\M2022\EditEndProcessReason.dfm	EditEndProcessReason.pas	dfm	TfrmEditEndProcessReason	dxBarManager1.dxBarDBNavRefresh1	dxBarDBNavRefresh1	TdxBarDBNavButton			Glyph.Data	single		svg	426	0	0	0	0							fe976aa73cfd0d6bdb8e57cba9f19670367d0f5a0ad38d7ed106e3af5b2d2eae	images\fe976aa73cfd0d6bdb8e57cba9f19670367d0f5a0ad38d7ed106e3af5b2d2eae.svg
C:\Projects\M2022\EditEndProcessReason.dfm	EditEndProcessReason.pas	dfm	TfrmEditEndProcessReason	dxBarManager1.dxBarDBNavAppend1	dxBarDBNavAppend1	TdxBarDBNavButton			Glyph.Data	single		svg	370	0	0	0	0							1cc652cdffa3e7adfface918a6fcea8f0c700fc11ba39682e14b71de2890a6ba	images\1cc652cdffa3e7adfface918a6fcea8f0c700fc11ba39682e14b71de2890a6ba.svg
C:\Projects\M2022\EditMRU.dfm	EditMRU.pas	dfm	TfrmEditMRU		frmEditMRU	TfrmEditMRU			Icon.Data	single		ico	1150	0	0	0	0							87829c566615525191dec99da56caf00d42442aaa72a701af21d38cb4d4598be	images\87829c566615525191dec99da56caf00d42442aaa72a701af21d38cb4d4598be.ico
C:\Projects\M2022\EditMRU.dfm	EditMRU.pas	dfm	TfrmEditMRU	dxBarManager1.btnExit	btnExit	TdxBarButton			Glyph.Data	single		svg	3033	0	0	0	0							39e5933d6f88188b2c66d8c653d769e7684d9a23c349e93e39b61c6384fc2a9e	images\39e5933d6f88188b2c66d8c653d769e7684d9a23c349e93e39b61c6384fc2a9e.svg
C:\Projects\M2022\EditMRU.dfm	EditMRU.pas	dfm	TfrmEditMRU	dxBarManager1.btnCancel	btnCancel	TdxBarButton			Glyph.Data	single		svg	475	0	0	0	0							182dc8b95b3aacd3fb2a562fef0f9af9d1bcead5a2f8e9477f6910dfd29af2d0	images\182dc8b95b3aacd3fb2a562fef0f9af9d1bcead5a2f8e9477f6910dfd29af2d0.svg
C:\Projects\M2022\EditOnOff.dfm	EditOnOff.pas	dfm	TfrmEditOnOffTimes		frmEditOnOffTimes	TfrmEditOnOffTimes			Icon.Data	single		ico	1150	0	0	0	0							87829c566615525191dec99da56caf00d42442aaa72a701af21d38cb4d4598be	images\87829c566615525191dec99da56caf00d42442aaa72a701af21d38cb4d4598be.ico
C:\Projects\M2022\EditOnOff.dfm	EditOnOff.pas	dfm	TfrmEditOnOffTimes	dxBarManager1.btnExit	btnExit	TdxBarButton			Glyph.Data	single		svg	3033	0	0	0	0							39e5933d6f88188b2c66d8c653d769e7684d9a23c349e93e39b61c6384fc2a9e	images\39e5933d6f88188b2c66d8c653d769e7684d9a23c349e93e39b61c6384fc2a9e.svg
C:\Projects\M2022\EditOnOff.dfm	EditOnOff.pas	dfm	TfrmEditOnOffTimes	dxBarManager1.btnExit	btnExit	TdxBarButton			LargeGlyph.Data	single		svg	3033	0	0	0	0							39e5933d6f88188b2c66d8c653d769e7684d9a23c349e93e39b61c6384fc2a9e	images\39e5933d6f88188b2c66d8c653d769e7684d9a23c349e93e39b61c6384fc2a9e.svg
C:\Projects\M2022\EditOnOff.dfm	EditOnOff.pas	dfm	TfrmEditOnOffTimes	dxBarManager1.btnMaximize	btnMaximize	TdxBarButton			Glyph.Data	single		svg	783	0	0	0	0							a04d5c7e545624b99c2776d2a695d8f00b718c15eb88bf461ead28bece4b6618	images\a04d5c7e545624b99c2776d2a695d8f00b718c15eb88bf461ead28bece4b6618.svg
C:\Projects\M2022\EditOnOff.dfm	EditOnOff.pas	dfm	TfrmEditOnOffTimes	dxBarManager1.btnMaximize	btnMaximize	TdxBarButton			LargeGlyph.Data	single		svg	783	0	0	0	0							a04d5c7e545624b99c2776d2a695d8f00b718c15eb88bf461ead28bece4b6618	images\a04d5c7e545624b99c2776d2a695d8f00b718c15eb88bf461ead28bece4b6618.svg
C:\Projects\M2022\EditOnOff.dfm	EditOnOff.pas	dfm	TfrmEditOnOffTimes	dxBarManager1.ddlOperation	ddlOperation	TdxBarLookupCombo			Glyph.Data	single		bmp	1078	16	16	32	0					1		bbc4108921a351ec72897a48f2154efc1912a9110484d6471ef4ae5072a64f09	images\bbc4108921a351ec72897a48f2154efc1912a9110484d6471ef4ae5072a64f09.bmp
C:\Projects\M2022\EditOnOff.dfm	EditOnOff.pas	dfm	TfrmEditOnOffTimes	dxBarManager1.ddlSublot	ddlSublot	TdxBarLookupCombo			Glyph.Data	single		bmp	1078	16	16	32	0					1		bbc4108921a351ec72897a48f2154efc1912a9110484d6471ef4ae5072a64f09	images\bbc4108921a351ec72897a48f2154efc1912a9110484d6471ef4ae5072a64f09.bmp
C:\Projects\M2022\EndProcess.dfm	EndProcess.pas	dfm	TfrmEndProcess		frmEndProcess	TfrmEndProcess			Icon.Data	single		ico	766	0	0	0	0							ff66307bd79fe7ed8b4531ae81ef3204cb3be14d8de48ef8f75f7f95693b8981	images\ff66307bd79fe7ed8b4531ae81ef3204cb3be14d8de48ef8f75f7f95693b8981.ico
C:\Projects\M2022\EndProcess.dfm	EndProcess.pas	dfm	TfrmEndProcess	Panel1.dxDBGrid1	dxDBGrid1	TdxDBGrid			Filter.Criteria	single			4	0	0	0	0							df3f619804a92fdb4057192dc43dd748ea778adc52bc498ce80524c014b81119	images\df3f619804a92fdb4057192dc43dd748ea778adc52bc498ce80524c014b81119.bin
C:\Projects\M2022\EndProcess.dfm	EndProcess.pas	dfm	TfrmEndProcess	Panel2.edtPcsProd	edtPcsProd	TOvcSimpleField			RangeHigh	single			10	0	0	0	0							f8085fb4c654c6e3627a51f27013c1aa0e49b7fcfe0bbd525bcedfcccdfbf013	images\f8085fb4c654c6e3627a51f27013c1aa0e49b7fcfe0bbd525bcedfcccdfbf013.bin
C:\Projects\M2022\EndProcess.dfm	EndProcess.pas	dfm	TfrmEndProcess	Panel2.edtPcsProd	edtPcsProd	TOvcSimpleField			RangeLow	single			10	0	0	0	0							01d448afd928065458cf670b60f5a594d735af0172c8d67f22a81680132681ca	images\01d448afd928065458cf670b60f5a594d735af0172c8d67f22a81680132681ca.bin
C:\Projects\M2022\EndProcess.dfm	EndProcess.pas	dfm	TfrmEndProcess	Panel2.edtPcsProdTotal	edtPcsProdTotal	TOvcSimpleField			RangeHigh	single			10	0	0	0	0							f8085fb4c654c6e3627a51f27013c1aa0e49b7fcfe0bbd525bcedfcccdfbf013	images\f8085fb4c654c6e3627a51f27013c1aa0e49b7fcfe0bbd525bcedfcccdfbf013.bin
C:\Projects\M2022\EndProcess.dfm	EndProcess.pas	dfm	TfrmEndProcess	Panel2.edtPcsProdTotal	edtPcsProdTotal	TOvcSimpleField			RangeLow	single			10	0	0	0	0							01d448afd928065458cf670b60f5a594d735af0172c8d67f22a81680132681ca	images\01d448afd928065458cf670b60f5a594d735af0172c8d67f22a81680132681ca.bin
C:\Projects\M2022\EndProcess.dfm	EndProcess.pas	dfm	TfrmEndProcess	Panel2.edtScrap	edtScrap	TOvcSimpleField			RangeHigh	single			10	0	0	0	0							f8085fb4c654c6e3627a51f27013c1aa0e49b7fcfe0bbd525bcedfcccdfbf013	images\f8085fb4c654c6e3627a51f27013c1aa0e49b7fcfe0bbd525bcedfcccdfbf013.bin
C:\Projects\M2022\EndProcess.dfm	EndProcess.pas	dfm	TfrmEndProcess	Panel2.edtScrap	edtScrap	TOvcSimpleField			RangeLow	single			10	0	0	0	0							01d448afd928065458cf670b60f5a594d735af0172c8d67f22a81680132681ca	images\01d448afd928065458cf670b60f5a594d735af0172c8d67f22a81680132681ca.bin
C:\Projects\M2022\EndProcess.dfm	EndProcess.pas	dfm	TfrmEndProcess	Panel2.edtScrapTotal	edtScrapTotal	TOvcSimpleField			RangeHigh	single			10	0	0	0	0							f8085fb4c654c6e3627a51f27013c1aa0e49b7fcfe0bbd525bcedfcccdfbf013	images\f8085fb4c654c6e3627a51f27013c1aa0e49b7fcfe0bbd525bcedfcccdfbf013.bin
C:\Projects\M2022\EndProcess.dfm	EndProcess.pas	dfm	TfrmEndProcess	Panel2.edtScrapTotal	edtScrapTotal	TOvcSimpleField			RangeLow	single			10	0	0	0	0							01d448afd928065458cf670b60f5a594d735af0172c8d67f22a81680132681ca	images\01d448afd928065458cf670b60f5a594d735af0172c8d67f22a81680132681ca.bin
C:\Projects\M2022\EndProcess.dfm	EndProcess.pas	dfm	TfrmEndProcess	dxBarManager1.btnEditList	btnEditList	TdxBarButton			Glyph.Data	single		bmp	250	16	16	4	16					1		940fb81e395844ff6a0a9d525240d9efcf2fd1a630707ffdf3b7d0684e4b04ad	images\940fb81e395844ff6a0a9d525240d9efcf2fd1a630707ffdf3b7d0684e4b04ad.bmp
C:\Projects\M2022\EndProcess.dfm	EndProcess.pas	dfm	TfrmEndProcess	dxBarManager1.btnExit	btnExit	TdxBarButton			Glyph.Data	single		bmp	1338	16	16	8	256					1		d707bc3a72cf0cc794c3b169c96f32ffebc0fccb062c09bf43b8a86c11bf1a09	images\d707bc3a72cf0cc794c3b169c96f32ffebc0fccb062c09bf43b8a86c11bf1a09.bmp
C:\Projects\M2022\EndProcess.dfm	EndProcess.pas	dfm	TfrmEndProcess	dxBarManager1.btnCancel	btnCancel	TdxBarButton			Glyph.Data	single		bmp	250	16	16	4	16					1		2f27168d2e27034d4c8f119ecbd638ec0b7e9e94d8cafa778d6cd5344b77ab9b	images\2f27168d2e27034d4c8f119ecbd638ec0b7e9e94d8cafa778d6cd5344b77ab9b.bmp
C:\Projects\M2022\EndProcess.dfm	EndProcess.pas	dfm	TfrmEndProcess	dxBarManager1.dxBarDBNavFirst1	dxBarDBNavFirst1	TdxBarDBNavButton			Glyph.Data	single		bmp	250	16	16	4	16					1		2ea14019e18dd0aaee7703631bf2916352f08ee5726836b8d7c70f23e3ca1545	images\2ea14019e18dd0aaee7703631bf2916352f08ee5726836b8d7c70f23e3ca1545.bmp
C:\Projects\M2022\EndProcess.dfm	EndProcess.pas	dfm	TfrmEndProcess	dxBarManager1.dxBarDBNavPrev1	dxBarDBNavPrev1	TdxBarDBNavButton			Glyph.Data	single		bmp	250	16	16	4	16					1		bc26a12d8d820a28456e0f5cc295df0ce239230f4c1eb8d54af18961e607f045	images\bc26a12d8d820a28456e0f5cc295df0ce239230f4c1eb8d54af18961e607f045.bmp
C:\Projects\M2022\EndProcess.dfm	EndProcess.pas	dfm	TfrmEndProcess	dxBarManager1.dxBarDBNavNext1	dxBarDBNavNext1	TdxBarDBNavButton			Glyph.Data	single		bmp	250	16	16	4	16					1		735275fa89f69911947bd47fdaed12ecb63463a11f808c2ecbefc860a823d6d4	images\735275fa89f69911947bd47fdaed12ecb63463a11f808c2ecbefc860a823d6d4.bmp
C:\Projects\M2022\EndProcess.dfm	EndProcess.pas	dfm	TfrmEndProcess	dxBarManager1.dxBarDBNavLast1	dxBarDBNavLast1	TdxBarDBNavButton			Glyph.Data	single		bmp	250	16	16	4	16					1		76cafaa91a8991de44ccaa783c0752452d941b22463077498d4092dcb1e0cbb4	images\76cafaa91a8991de44ccaa783c0752452d941b22463077498d4092dcb1e0cbb4.bmp
C:\Projects\M2022\EndProcess.dfm	EndProcess.pas	dfm	TfrmEndProcess	dxBarManager1.dxBarDBNavInsert1	dxBarDBNavInsert1	TdxBarDBNavButton			Glyph.Data	single		bmp	250	16	16	4	16					1		34a3340848af27240361505bbabb2b754a5d01ac5d52f46273e5c578ddb6d018	images\34a3340848af27240361505bbabb2b754a5d01ac5d52f46273e5c578ddb6d018.bmp
C:\Projects\M2022\EndProcess.dfm	EndProcess.pas	dfm	TfrmEndProcess	dxBarManager1.dxBarDBNavDelete1	dxBarDBNavDelete1	TdxBarDBNavButton			Glyph.Data	single		bmp	250	16	16	4	16					1		8bff05db3357b2af37c9010ec58e7410a399abcbc7562fc964df34295c577fb5	images\8bff05db3357b2af37c9010ec58e7410a399abcbc7562fc964df34295c577fb5.bmp
C:\Projects\M2022\EndProcess.dfm	EndProcess.pas	dfm	TfrmEndProcess	dxBarManager1.dxBarDBNavEdit1	dxBarDBNavEdit1	TdxBarDBNavButton			Glyph.Data	single		bmp	250	16	16	4	16					1		708c1820b8ee81fb724ee5700b92e79ce959e89a9cd972aff5e94b5791afd62a	images\708c1820b8ee81fb724ee5700b92e79ce959e89a9cd972aff5e94b5791afd62a.bmp
C:\Projects\M2022\EndProcess.dfm	EndProcess.pas	dfm	TfrmEndProcess	dxBarManager1.dxBarDBNavPost1	dxBarDBNavPost1	TdxBarDBNavButton			Glyph.Data	single		bmp	250	16	16	4	16					1		5b7018a295acea7e1e77d751b760ff004cf554d51d7544165fd95af0c4e977bf	images\5b7018a295acea7e1e77d751b760ff004cf554d51d7544165fd95af0c4e977bf.bmp
C:\Projects\M2022\EndProcess.dfm	EndProcess.pas	dfm	TfrmEndProcess	dxBarManager1.dxBarDBNavCancel1	dxBarDBNavCancel1	TdxBarDBNavButton			Glyph.Data	single		bmp	250	16	16	4	16					1		ae1daedb87d2678ab275f5b7654d2c88a829cfb45b0a49fff14fb5d5b8997bc6	images\ae1daedb87d2678ab275f5b7654d2c88a829cfb45b0a49fff14fb5d5b8997bc6.bmp
C:\Projects\M2022\EndProcess.dfm	EndProcess.pas	dfm	TfrmEndProcess	dxBarManager1.dxBarDBNavRefresh1	dxBarDBNavRefresh1	TdxBarDBNavButton			Glyph.Data	single		bmp	250	16	16	4	16					1		5d768b432a5b0690861ff77929a5cebcf5ccd173ec618bc5bf05c24a6b295978	images\5d768b432a5b0690861ff77929a5cebcf5ccd173ec618bc5bf05c24a6b295978.bmp
C:\Projects\M2022\EndProcessList.dfm	EndProcessList.pas	dfm	TfrmEndProcessList		frmEndProcessList	TfrmEndProcessList			Icon.Data	single		ico	1150	0	0	0	0							87829c566615525191dec99da56caf00d42442aaa72a701af21d38cb4d4598be	images\87829c566615525191dec99da56caf00d42442aaa72a701af21d38cb4d4598be.ico
C:\Projects\M2022\EndProcessList.dfm	EndProcessList.pas	dfm	TfrmEndProcessList	dxBarManager1.btnExit	btnExit	TdxBarButton			Glyph.Data	single		svg	3033	0	0	0	0							39e5933d6f88188b2c66d8c653d769e7684d9a23c349e93e39b61c6384fc2a9e	images\39e5933d6f88188b2c66d8c653d769e7684d9a23c349e93e39b61c6384fc2a9e.svg
C:\Projects\M2022\EndProcessList.dfm	EndProcessList.pas	dfm	TfrmEndProcessList	dxBarManager1.btnExit	btnExit	TdxBarButton			LargeGlyph.Data	single		svg	582	0	0	0	0							0f81df5c433377e3b5fc44dff9f57aa3aefe45a5c31105e2016acd7c53ce3379	images\0f81df5c433377e3b5fc44dff9f57aa3aefe45a5c31105e2016acd7c53ce3379.svg
C:\Projects\M2022\EndProcessList.dfm	EndProcessList.pas	dfm	TfrmEndProcessList	dxBarManager1.btnPrint	btnPrint	TdxBarButton			Glyph.Data	single		svg	819	0	0	0	0							4ba55ff88e8cf3f39a716d1dd6eb4e744836948baa8d84db637a15a904e50cdb	images\4ba55ff88e8cf3f39a716d1dd6eb4e744836948baa8d84db637a15a904e50cdb.svg
C:\Projects\M2022\EndProcessList.dfm	EndProcessList.pas	dfm	TfrmEndProcessList	dxBarManager1.btnPrint	btnPrint	TdxBarButton			LargeGlyph.Data	single		svg	819	0	0	0	0							4ba55ff88e8cf3f39a716d1dd6eb4e744836948baa8d84db637a15a904e50cdb	images\4ba55ff88e8cf3f39a716d1dd6eb4e744836948baa8d84db637a15a904e50cdb.svg
C:\Projects\M2022\EndProcessList.dfm	EndProcessList.pas	dfm	TfrmEndProcessList	dxBarManager1.dxBarDBNavFirst1	dxBarDBNavFirst1	TdxBarDBNavButton			Glyph.Data	single		bmp	1078	16	16	32	0					1		6607ef3da8822b74fe4b0acb662061780182bbfdc0c2cd0056156349e880dd94	images\6607ef3da8822b74fe4b0acb662061780182bbfdc0c2cd0056156349e880dd94.bmp
C:\Projects\M2022\EndProcessList.dfm	EndProcessList.pas	dfm	TfrmEndProcessList	dxBarManager1.dxBarDBNavPrev1	dxBarDBNavPrev1	TdxBarDBNavButton			Glyph.Data	single		bmp	1078	16	16	32	0					1		4506a08e333bf65e1241dc1d265c0ec790826f394a1e425324e80125ac979066	images\4506a08e333bf65e1241dc1d265c0ec790826f394a1e425324e80125ac979066.bmp
C:\Projects\M2022\EndProcessList.dfm	EndProcessList.pas	dfm	TfrmEndProcessList	dxBarManager1.dxBarDBNavNext1	dxBarDBNavNext1	TdxBarDBNavButton			Glyph.Data	single		bmp	1078	16	16	32	0					1		f1e077905d1aeb2d609668d4ed60b14af4e2852c7b1589986eed9a6c045d1e58	images\f1e077905d1aeb2d609668d4ed60b14af4e2852c7b1589986eed9a6c045d1e58.bmp
C:\Projects\M2022\EndProcessList.dfm	EndProcessList.pas	dfm	TfrmEndProcessList	dxBarManager1.dxBarDBNavLast1	dxBarDBNavLast1	TdxBarDBNavButton			Glyph.Data	single		bmp	1078	16	16	32	0					1		fce3745ba5ba9d6f747c39ade70e5bb3a43705557a11a01b17788a0cfe930304	images\fce3745ba5ba9d6f747c39ade70e5bb3a43705557a11a01b17788a0cfe930304.bmp
C:\Projects\M2022\EndProcessList.dfm	EndProcessList.pas	dfm	TfrmEndProcessList	dxBarManager1.dxBarDBNavInsert1	dxBarDBNavInsert1	TdxBarDBNavButton			Glyph.Data	single		bmp	1078	16	16	32	0					1		85c3d26e8518011389ca86bb003d4f646fde018f5b8ea6bb5f236fa6b26ed9cb	images\85c3d26e8518011389ca86bb003d4f646fde018f5b8ea6bb5f236fa6b26ed9cb.bmp
C:\Projects\M2022\EndProcessList.dfm	EndProcessList.pas	dfm	TfrmEndProcessList	dxBarManager1.dxBarDBNavDelete1	dxBarDBNavDelete1	TdxBarDBNavButton			Glyph.Data	single		bmp	1078	16	16	32	0					1		cb064bbb443aecb6b9c0d982ca7ef5e728083d86e4bf49b09e7330eed54dea24	images\cb064bbb443aecb6b9c0d982ca7ef5e728083d86e4bf49b09e7330eed54dea24.bmp
C:\Projects\M2022\EndProcessList.dfm	EndProcessList.pas	dfm	TfrmEndProcessList	dxBarManager1.dxBarDBNavEdit1	dxBarDBNavEdit1	TdxBarDBNavButton			Glyph.Data	single		bmp	1078	16	16	32	0					1		22e66cc36468572cbdcae127edc7fe7560a3f052fa05202b746f2491175a05cf	images\22e66cc36468572cbdcae127edc7fe7560a3f052fa05202b746f2491175a05cf.bmp
C:\Projects\M2022\EndProcessList.dfm	EndProcessList.pas	dfm	TfrmEndProcessList	dxBarManager1.dxBarDBNavPost1	dxBarDBNavPost1	TdxBarDBNavButton			Glyph.Data	single		bmp	1078	16	16	32	0					1		6212bc92930d93605cc9b6b3699601807dc1633fa573890fdac82faca790c47f	images\6212bc92930d93605cc9b6b3699601807dc1633fa573890fdac82faca790c47f.bmp
C:\Projects\M2022\EndProcessList.dfm	EndProcessList.pas	dfm	TfrmEndProcessList	dxBarManager1.dxBarDBNavCancel1	dxBarDBNavCancel1	TdxBarDBNavButton			Glyph.Data	single		bmp	1078	16	16	32	0					1		975795a643484a5073c6e0223bb36e40eaf96637165ace0ca753593af1dde849	images\975795a643484a5073c6e0223bb36e40eaf96637165ace0ca753593af1dde849.bmp
C:\Projects\M2022\EndProcessList.dfm	EndProcessList.pas	dfm	TfrmEndProcessList	dxBarManager1.dxBarDBNavRefresh1	dxBarDBNavRefresh1	TdxBarDBNavButton			Glyph.Data	single		bmp	1078	16	16	32	0					1		5d9485a834adeff5da0f68c84a8055425e3e8e58c4f93d181d2aa5086a8e39be	images\5d9485a834adeff5da0f68c84a8055425e3e8e58c4f93d181d2aa5086a8e39be.bmp
C:\Projects\M2022\EnterMutiVar.dfm	EnterMutiVar.pas	dfm	TfrmEnterMutliVar		frmEnterMutliVar	TfrmEnterMutliVar			Icon.Data	single		ico	1150	0	0	0	0							87829c566615525191dec99da56caf00d42442aaa72a701af21d38cb4d4598be	images\87829c566615525191dec99da56caf00d42442aaa72a701af21d38cb4d4598be.ico
C:\Projects\M2022\EnterMutiVar.dfm	EnterMutiVar.pas	dfm	TfrmEnterMutliVar	dxBarManager1.btnExit	btnExit	TdxBarButton			Glyph.Data	single		bmp	1078	16	16	32	0					1		d1f5d5f839df61eb3317ff82c09de63b57e908669df38bd26a96a6dd5b8d7ad7	images\d1f5d5f839df61eb3317ff82c09de63b57e908669df38bd26a96a6dd5b8d7ad7.bmp
C:\Projects\M2022\EnterMutiVar.dfm	EnterMutiVar.pas	dfm	TfrmEnterMutliVar	dxBarManager1.btnMaximize	btnMaximize	TdxBarButton			Glyph.Data	single		bmp	1078	16	16	32	0					1		d979d0b7b77a3576b3ea07e84c5ebda63b9ff26d22cf4e477f50474bd456c113	images\d979d0b7b77a3576b3ea07e84c5ebda63b9ff26d22cf4e477f50474bd456c113.bmp
C:\Projects\M2022\EnterPassword.dfm	EnterPassword.pas	dfm	TfrmEnterPassword		frmEnterPassword	TfrmEnterPassword			Icon.Data	single		ico	1150	0	0	0	0							87829c566615525191dec99da56caf00d42442aaa72a701af21d38cb4d4598be	images\87829c566615525191dec99da56caf00d42442aaa72a701af21d38cb4d4598be.ico
C:\Projects\M2022\EnterPassword.dfm	EnterPassword.pas	dfm	TfrmEnterPassword	btnCancel	btnCancel	TcxButton			OptionsImage.Glyph.Data	single		svg	475	0	0	0	0							182dc8b95b3aacd3fb2a562fef0f9af9d1bcead5a2f8e9477f6910dfd29af2d0	images\182dc8b95b3aacd3fb2a562fef0f9af9d1bcead5a2f8e9477f6910dfd29af2d0.svg
C:\Projects\M2022\EnterPassword.dfm	EnterPassword.pas	dfm	TfrmEnterPassword	btnOK	btnOK	TcxButton			OptionsImage.Glyph.Data	single		svg	311	0	0	0	0							ab2833c13bab5dcf5c52f24bf054fc6b3ced8666064942a91cc8b758a6e53202	images\ab2833c13bab5dcf5c52f24bf054fc6b3ced8666064942a91cc8b758a6e53202.svg
C:\Projects\M2022\EWrkSLCT.dfm	EWrkSLCT.pas	dfm	TfrmEwrkSlct		frmEwrkSlct	TfrmEwrkSlct			Icon.Data	single		ico	1150	0	0	0	0							87829c566615525191dec99da56caf00d42442aaa72a701af21d38cb4d4598be	images\87829c566615525191dec99da56caf00d42442aaa72a701af21d38cb4d4598be.ico
C:\Projects\M2022\EWrkSLCT.dfm	EWrkSLCT.pas	dfm	TfrmEwrkSlct	btn_Cancel	btn_Cancel	TBitBtn			Glyph.Data	strip		bmp	2002	36	18	24	0	NumGlyphs	2		2	2	Y	d78f1bb64a7e8beab00a2dab78822953f929c64f88e7e91e471d18b75f1c4855	images\d78f1bb64a7e8beab00a2dab78822953f929c64f88e7e91e471d18b75f1c4855.bmp
C:\Projects\M2022\EWrkSLCT.dfm	EWrkSLCT.pas	dfm	TfrmEwrkSlct	btn_Ok	btn_Ok	TBitBtn			Glyph.Data	strip		bmp	2002	36	18	24	0	NumGlyphs	2		2	2	Y	e0eb440933305d2932dcd2291622c4b925879d4f8d95ac5fd930d81a4c5ed4bf	images\e0eb440933305d2932dcd2291622c4b925879d4f8d95ac5fd930d81a4c5ed4bf.bmp
C:\Projects\M2022\EWrkSLCT.dfm	EWrkSLCT.pas	dfm	TfrmEwrkSlct	edt_LotSize	edt_LotSize	TOvcSimpleField			RangeHigh	single			10	0	0	0	0							f8085fb4c654c6e3627a51f27013c1aa0e49b7fcfe0bbd525bcedfcccdfbf013	images\f8085fb4c654c6e3627a51f27013c1aa0e49b7fcfe0bbd525bcedfcccdfbf013.bin
C:\Projects\M2022\EWrkSLCT.dfm	EWrkSLCT.pas	dfm	TfrmEwrkSlct	edt_LotSize	edt_LotSize	TOvcSimpleField			RangeLow	single			10	0	0	0	0							01d448afd928065458cf670b60f5a594d735af0172c8d67f22a81680132681ca	images\01d448afd928065458cf670b60f5a594d735af0172c8d67f22a81680132681ca.bin
C:\Projects\M2022\Examples\Common\CarsData.dfm	CarsData.pas	dfm	TdmCars	mdModels	mdModels	TdxMemData			Persistent.Data	single			376	0	0	0	0							d27573c72a96e6a326ffa988b738e12a780346f592e6dfb4a2676df913a86b0d	images\d27573c72a96e6a326ffa988b738e12a780346f592e6dfb4a2676df913a86b0d.bin
C:\Projects\M2022\Examples\Common\CarsData.dfm	CarsData.pas	dfm	TdmCars	mdBodyStyle	mdBodyStyle	TdxMemData			Persistent.Data	single			39	0	0	0	0							df5c5fb01feadddc4f783bbfcf78b4046e54d4381a2cf3014f0820e7a2088c67	images\df5c5fb01feadddc4f783bbfcf78b4046e54d4381a2cf3014f0820e7a2088c67.bin
C:\Projects\M2022\Examples\Common\CarsData.dfm	CarsData.pas	dfm	TdmCars	mdCategory	mdCategory	TdxMemData			Persistent.Data	single			55	0	0	0	0							152baa318a13db833f9576e6a1b1b526aa120f1fccdcde5b553569e321ab3377	images\152baa318a13db833f9576e6a1b1b526aa120f1fccdcde5b553569e321ab3377.bin
C:\Projects\M2022\Examples\Common\CarsData.dfm	CarsData.pas	dfm	TdmCars	mdTrademark	mdTrademark	TdxMemData			Persistent.Data	single			85	0	0	0	0							726b9d939feae06c83cba17a1b317c46462f68404a54ecd9b463bbc0288ab5fc	images\726b9d939feae06c83cba17a1b317c46462f68404a54ecd9b463bbc0288ab5fc.bin
C:\Projects\M2022\Examples\Common\CarsData.dfm	CarsData.pas	dfm	TdmCars	mdTransmissionType	mdTransmissionType	TdxMemData			Persistent.Data	single			39	0	0	0	0							df5c5fb01feadddc4f783bbfcf78b4046e54d4381a2cf3014f0820e7a2088c67	images\df5c5fb01feadddc4f783bbfcf78b4046e54d4381a2cf3014f0820e7a2088c67.bin
C:\Projects\M2022\Examples\Common\CarsData.dfm	CarsData.pas	dfm	TdmCars	ilLogo	ilLogo	TcxImageList			ImageInfo[0].Image.Data	container		bmp	55058	275	50	32	0							5e3092cdd45002be38c7658e47dacf1967f03e5153c91af0a56c77c73ddae268	images\5e3092cdd45002be38c7658e47dacf1967f03e5153c91af0a56c77c73ddae268.bmp
C:\Projects\M2022\Examples\Common\CarsData.dfm	CarsData.pas	dfm	TdmCars	ilLogo	ilLogo	TcxImageList			ImageInfo[1].Image.Data	container		bmp	55058	275	50	32	0							bbdd92c502ae777aa4b919586025dda1d87afc3aeb2f8296c7614f4dc0676a10	images\bbdd92c502ae777aa4b919586025dda1d87afc3aeb2f8296c7614f4dc0676a10.bmp
C:\Projects\M2022\Examples\Common\CarsData.dfm	CarsData.pas	dfm	TdmCars	ilLogo	ilLogo	TcxImageList			ImageInfo[2].Image.Data	container		bmp	55058	275	50	32	0							5883c2861c1b79233806e1905ff63e0eccd905355fc8d0bcc4510110a989e3fb	images\5883c2861c1b79233806e1905ff63e0eccd905355fc8d0bcc4510110a989e3fb.bmp
C:\Projects\M2022\Examples\Common\CarsData.dfm	CarsData.pas	dfm	TdmCars	ilLogo	ilLogo	TcxImageList			ImageInfo[3].Image.Data	container		bmp	55058	275	50	32	0							a943bddffa10dc6cdbca74e8eec14c1ebc638f18a130957fe50e91499de43af0	images\a943bddffa10dc6cdbca74e8eec14c1ebc638f18a130957fe50e91499de43af0.bmp
C:\Projects\M2022\Examples\Common\CarsData.dfm	CarsData.pas	dfm	TdmCars	ilLogo	ilLogo	TcxImageList			ImageInfo[4].Image.Data	container		bmp	55058	275	50	32	0							b01943cfbfc0365d881fa2aff1a39ba2e8479d5d0f2c9037317c57a55e306c9a	images\b01943cfbfc0365d881fa2aff1a39ba2e8479d5d0f2c9037317c57a55e306c9a.bmp
C:\Projects\M2022\Examples\Common\CarsData.dfm	CarsData.pas	dfm	TdmCars	ilLogo	ilLogo	TcxImageList			ImageInfo[5].Image.Data	container		bmp	55058	275	50	32	0							dc22a92ddf0b73ce88b51feb51bb3bac48a1bd18c97c046dfb30e876b9dc4b52	images\dc22a92ddf0b73ce88b51feb51bb3bac48a1bd18c97c046dfb30e876b9dc4b52.bmp
C:\Projects\M2022\Examples\Common\CarsData.dfm	CarsData.pas	dfm	TdmCars	ilLogo	ilLogo	TcxImageList			ImageInfo[6].Image.Data	container		bmp	55058	275	50	32	0							c5c93b8ec96a4a809fcf1a9863cc62d50d28f47c4a512a5aa8e7f95864371e3b	images\c5c93b8ec96a4a809fcf1a9863cc62d50d28f47c4a512a5aa8e7f95864371e3b.bmp
C:\Projects\M2022\Examples\Common\CarsData.dfm	CarsData.pas	dfm	TdmCars	ilLogo	ilLogo	TcxImageList			ImageInfo[7].Image.Data	container		bmp	55058	275	50	32	0							f4b685dfd47d9e6aea34fe302aa0c87687166f49ddb5f4ff1be3dc44c23d0247	images\f4b685dfd47d9e6aea34fe302aa0c87687166f49ddb5f4ff1be3dc44c23d0247.bmp
C:\Projects\M2022\Examples\Common\CarsData.dfm	CarsData.pas	dfm	TdmCars	ilLogo	ilLogo	TcxImageList			ImageInfo[8].Image.Data	container		bmp	55058	275	50	32	0							8f3dd525fe042028285a1839418213719dbd2103fc95f97cb8c0675c61ebd568	images\8f3dd525fe042028285a1839418213719dbd2103fc95f97cb8c0675c61ebd568.bmp
C:\Projects\M2022\Examples\Common\CarsData.dfm	CarsData.pas	dfm	TdmCars	ilLogo	ilLogo	TcxImageList			ImageInfo[9].Image.Data	container		bmp	55058	275	50	32	0							a0eca3e858b097bbffe6a3b019a2decbcfab986409c3858698168581040c1fbb	images\a0eca3e858b097bbffe6a3b019a2decbcfab986409c3858698168581040c1fbb.bmp
C:\Projects\M2022\Examples\Common\CarsData.dfm	CarsData.pas	dfm	TdmCars	ilLogo	ilLogo	TcxImageList			ImageInfo[10].Image.Data	container		bmp	55058	275	50	32	0							f8d5de0b5b2d214e802f4c84576892090d5f05639d2c506086bfb65b9828711c	images\f8d5de0b5b2d214e802f4c84576892090d5f05639d2c506086bfb65b9828711c.bmp
C:\Projects\M2022\Examples\Common\CarsData.dfm	CarsData.pas	dfm	TdmCars	ilLogo	ilLogo	TcxImageList			ImageInfo[11].Image.Data	container		bmp	55058	275	50	32	0							dd35c8155a389b30f5fc73094664a9d644976eec7c66bd77dbf1e10ee912411c	images\dd35c8155a389b30f5fc73094664a9d644976eec7c66bd77dbf1e10ee912411c.bmp
C:\Projects\M2022\Examples\Common\CarsData.dfm	CarsData.pas	dfm	TdmCars	ilLogo	ilLogo	TcxImageList			ImageInfo[12].Image.Data	container		bmp	55058	275	50	32	0							f428962b4e673bfc52e42308ed99a67eadeb6241231fb9e0ed15faf5da660bf5	images\f428962b4e673bfc52e42308ed99a67eadeb6241231fb9e0ed15faf5da660bf5.bmp
C:\Projects\M2022\Examples\Common\CarsData.dfm	CarsData.pas	dfm	TdmCars	ilLogo	ilLogo	TcxImageList			ImageInfo[13].Image.Data	container		bmp	55058	275	50	32	0							a1dbbb6d7ff39bd69bdd2b724c706f22ead4243718ee8e661eaaa8b753a146e5	images\a1dbbb6d7ff39bd69bdd2b724c706f22ead4243718ee8e661eaaa8b753a146e5.bmp
C:\Projects\M2022\Examples\Common\CarsData.dfm	CarsData.pas	dfm	TdmCars	ilLogo	ilLogo	TcxImageList			ImageInfo[14].Image.Data	container		bmp	55058	275	50	32	0							609f5aed855e3449b3bb5759ef4dc1f0d52ed7aa19a13caac78671f6238438bf	images\609f5aed855e3449b3bb5759ef4dc1f0d52ed7aa19a13caac78671f6238438bf.bmp
C:\Projects\M2022\Examples\Common\CarsData.dfm	CarsData.pas	dfm	TdmCars	ilLogo	ilLogo	TcxImageList			ImageInfo[15].Image.Data	container		bmp	55058	275	50	32	0							7cbae4c07b91b118671006081f91acf74fbac03eb7bc0486cf6042d8c7a240a6	images\7cbae4c07b91b118671006081f91acf74fbac03eb7bc0486cf6042d8c7a240a6.bmp
C:\Projects\M2022\Examples\Common\CarsData.dfm	CarsData.pas	dfm	TdmCars	ilLogo	ilLogo	TcxImageList			ImageInfo[16].Image.Data	container		bmp	55058	275	50	32	0							69802b39db6bc98c45efd071725b0f986730cb7804794eb1c1422e8e7cb517c4	images\69802b39db6bc98c45efd071725b0f986730cb7804794eb1c1422e8e7cb517c4.bmp
C:\Projects\M2022\Examples\Common\CarsData.dfm	CarsData.pas	dfm	TdmCars	ilLogo	ilLogo	TcxImageList			ImageInfo[17].Image.Data	container		bmp	55058	275	50	32	0							6f527e13f73ff3fcf7e4035b6afee9714bd37d07d86ccb40f793ccab851dbce0	images\6f527e13f73ff3fcf7e4035b6afee9714bd37d07d86ccb40f793ccab851dbce0.bmp
C:\Projects\M2022\Examples\Common\CarsData.dfm	CarsData.pas	dfm	TdmCars	ilLogo	ilLogo	TcxImageList			ImageInfo[18].Image.Data	container		bmp	55058	275	50	32	0							af5402b43ae4a382a514b060ffd0f4f307e8b7d72a7229389454a5ad5f7d1e9a	images\af5402b43ae4a382a514b060ffd0f4f307e8b7d72a7229389454a5ad5f7d1e9a.bmp
C:\Projects\M2022\Examples\Common\CarsDataForGrid.dfm	CarsDataForGrid.pas	dfm	TdmGridCars	mdModels	mdModels	TdxMemData		Y	Persistent.Data	single			376	0	0	0	0							d27573c72a96e6a326ffa988b738e12a780346f592e6dfb4a2676df913a86b0d	images\d27573c72a96e6a326ffa988b738e12a780346f592e6dfb4a2676df913a86b0d.bin
C:\Projects\M2022\Examples\Common\CarsDataForGrid.dfm	CarsDataForGrid.pas	dfm	TdmGridCars	mdBodyStyle	mdBodyStyle	TdxMemData		Y	Persistent.Data	single			39	0	0	0	0							df5c5fb01feadddc4f783bbfcf78b4046e54d4381a2cf3014f0820e7a2088c67	images\df5c5fb01feadddc4f783bbfcf78b4046e54d4381a2cf3014f0820e7a2088c67.bin
C:\Projects\M2022\Examples\Common\CarsDataForGrid.dfm	CarsDataForGrid.pas	dfm	TdmGridCars	mdCategory	mdCategory	TdxMemData		Y	Persistent.Data	single			55	0	0	0	0							152baa318a13db833f9576e6a1b1b526aa120f1fccdcde5b553569e321ab3377	images\152baa318a13db833f9576e6a1b1b526aa120f1fccdcde5b553569e321ab3377.bin
C:\Projects\M2022\Examples\Common\CarsDataForGrid.dfm	CarsDataForGrid.pas	dfm	TdmGridCars	mdTrademark	mdTrademark	TdxMemData		Y	Persistent.Data	single			85	0	0	0	0							726b9d939feae06c83cba17a1b317c46462f68404a54ecd9b463bbc0288ab5fc	images\726b9d939feae06c83cba17a1b317c46462f68404a54ecd9b463bbc0288ab5fc.bin
C:\Projects\M2022\Examples\Common\CarsDataForGrid.dfm	CarsDataForGrid.pas	dfm	TdmGridCars	mdTransmissionType	mdTransmissionType	TdxMemData		Y	Persistent.Data	single			39	0	0	0	0							df5c5fb01feadddc4f783bbfcf78b4046e54d4381a2cf3014f0820e7a2088c67	images\df5c5fb01feadddc4f783bbfcf78b4046e54d4381a2cf3014f0820e7a2088c67.bin
C:\Projects\M2022\Examples\Common\DevAVData.dfm	DevAVData.pas	dfm	TdmDevAV	mdPrefix	mdPrefix	TdxMemData			Persistent.Data	single			116	0	0	0	0							a43e2eef81bac3038205841c356749b6ee2d39f6b66de4819ed22ba83879b5c5	images\a43e2eef81bac3038205841c356749b6ee2d39f6b66de4819ed22ba83879b5c5.bin
C:\Projects\M2022\Examples\Common\DevAVData.dfm	DevAVData.pas	dfm	TdmDevAV	mdStatus	mdStatus	TdxMemData			Persistent.Data	single			147	0	0	0	0							689ab434faeccdfc141c57792b392d2d611dc0544faa17a3d3901907a6539f49	images\689ab434faeccdfc141c57792b392d2d611dc0544faa17a3d3901907a6539f49.bin
C:\Projects\M2022\Examples\Common\NotepadMainForm.dfm	NotepadMainForm.pas	dfm	TfrmNotepadMain	cxLargeImages	cxLargeImages	TcxImageList			Bitmap	container			202896	0	0	0	0							0a12ea34f5fea499e5318ff4a25c23c2ee545a5f0cf460f0ad78d713620356cb	images\0a12ea34f5fea499e5318ff4a25c23c2ee545a5f0cf460f0ad78d713620356cb.bin
C:\Projects\M2022\Examples\Common\NotepadMainForm.dfm	NotepadMainForm.pas	dfm	TfrmNotepadMain	cxLargeImages	cxLargeImages	TcxImageList			ImageInfo[0].Image.Data	container		svg	491	0	0	0	0							ca303dfd125423a7971a90b0ec52b333e0d75a1d7adadbacf244803c36e7e916	images\ca303dfd125423a7971a90b0ec52b333e0d75a1d7adadbacf244803c36e7e916.svg
C:\Projects\M2022\Examples\Common\NotepadMainForm.dfm	NotepadMainForm.pas	dfm	TfrmNotepadMain	cxLargeImages	cxLargeImages	TcxImageList			ImageInfo[1].Image.Data	container		svg	967	0	0	0	0							86577553b036de6875548481d1b7e59b75cba868423edf1508a90e4b1196f13c	images\86577553b036de6875548481d1b7e59b75cba868423edf1508a90e4b1196f13c.svg
C:\Projects\M2022\Examples\Common\NotepadMainForm.dfm	NotepadMainForm.pas	dfm	TfrmNotepadMain	cxLargeImages	cxLargeImages	TcxImageList			ImageInfo[2].Image.Data	container		svg	548	0	0	0	0							02fe00225d89ae163376ef544ec642ac12ba2b7e2ca5c8e1381ca44e4170b63d	images\02fe00225d89ae163376ef544ec642ac12ba2b7e2ca5c8e1381ca44e4170b63d.svg
C:\Projects\M2022\Examples\Common\NotepadMainForm.dfm	NotepadMainForm.pas	dfm	TfrmNotepadMain	cxLargeImages	cxLargeImages	TcxImageList			ImageInfo[3].Image.Data	container		svg	625	0	0	0	0							92dd65c08b9b254e4323203e0dc635eb825ce7fa32fb05b1f4b8945d9f659434	images\92dd65c08b9b254e4323203e0dc635eb825ce7fa32fb05b1f4b8945d9f659434.svg
C:\Projects\M2022\Examples\Common\NotepadMainForm.dfm	NotepadMainForm.pas	dfm	TfrmNotepadMain	cxLargeImages	cxLargeImages	TcxImageList			ImageInfo[4].Image.Data	container		svg	627	0	0	0	0							a55f573b105b3ee1c8d5ed958af9c851e0cc360e920dc10a5340ce36d6127643	images\a55f573b105b3ee1c8d5ed958af9c851e0cc360e920dc10a5340ce36d6127643.svg
C:\Projects\M2022\Examples\Common\NotepadMainForm.dfm	NotepadMainForm.pas	dfm	TfrmNotepadMain	cxLargeImages	cxLargeImages	TcxImageList			ImageInfo[5].Image.Data	container		svg	783	0	0	0	0							1e54056bba3436c346dcba444cbd3c1769b6816a2ea27193c0771f210b859f83	images\1e54056bba3436c346dcba444cbd3c1769b6816a2ea27193c0771f210b859f83.svg
C:\Projects\M2022\Examples\Common\NotepadMainForm.dfm	NotepadMainForm.pas	dfm	TfrmNotepadMain	cxLargeImages	cxLargeImages	TcxImageList			ImageInfo[6].Image.Data	container		svg	911	0	0	0	0							f5dc48c5cb1c4141c990785420a58d7872685db6e2bcab07d625aa7141b6e502	images\f5dc48c5cb1c4141c990785420a58d7872685db6e2bcab07d625aa7141b6e502.svg
C:\Projects\M2022\Examples\Common\NotepadMainForm.dfm	NotepadMainForm.pas	dfm	TfrmNotepadMain	cxLargeImages	cxLargeImages	TcxImageList			ImageInfo[7].Image.Data	container		svg	598	0	0	0	0							1ced10caaadb679a960f0af40df5d9c07e55b93c95fc65e9d3db13085599b36d	images\1ced10caaadb679a960f0af40df5d9c07e55b93c95fc65e9d3db13085599b36d.svg
C:\Projects\M2022\Examples\Common\NotepadMainForm.dfm	NotepadMainForm.pas	dfm	TfrmNotepadMain	cxLargeImages	cxLargeImages	TcxImageList			ImageInfo[8].Image.Data	container		svg	805	0	0	0	0							d63c35248333fec97a67794faa3ab902356e04c5ddfc4f6f0ff2d2f2f35f3be0	images\d63c35248333fec97a67794faa3ab902356e04c5ddfc4f6f0ff2d2f2f35f3be0.svg
C:\Projects\M2022\Examples\Common\NotepadMainForm.dfm	NotepadMainForm.pas	dfm	TfrmNotepadMain	cxLargeImages	cxLargeImages	TcxImageList			ImageInfo[9].Image.Data	container		svg	1226	0	0	0	0							e5a50bd586938310c94905ea4311c71a11dced6d7ba2fd7d57883d941a9a9ebe	images\e5a50bd586938310c94905ea4311c71a11dced6d7ba2fd7d57883d941a9a9ebe.svg
C:\Projects\M2022\Examples\Common\NotepadMainForm.dfm	NotepadMainForm.pas	dfm	TfrmNotepadMain	cxLargeImages	cxLargeImages	TcxImageList			ImageInfo[10].Image.Data	container		svg	980	0	0	0	0							c38eaea130a456d650d9ffe2fb5a76f9fa73a3e4f1e938ea7a6213160d39c297	images\c38eaea130a456d650d9ffe2fb5a76f9fa73a3e4f1e938ea7a6213160d39c297.svg
C:\Projects\M2022\Examples\Common\NotepadMainForm.dfm	NotepadMainForm.pas	dfm	TfrmNotepadMain	cxLargeImages	cxLargeImages	TcxImageList			ImageInfo[11].Image.Data	container		svg	429	0	0	0	0							f5cf14c8cb34a677f91dfdf24667c824397612c260516c8b02efa78e867d5def	images\f5cf14c8cb34a677f91dfdf24667c824397612c260516c8b02efa78e867d5def.svg
C:\Projects\M2022\Examples\Common\NotepadMainForm.dfm	NotepadMainForm.pas	dfm	TfrmNotepadMain	cxLargeImages	cxLargeImages	TcxImageList			ImageInfo[12].Image.Data	container		svg	728	0	0	0	0							fe7639ce078efadf406079bc27ea7678fd92adb40e36cdee4f56015421b1f2f5	images\fe7639ce078efadf406079bc27ea7678fd92adb40e36cdee4f56015421b1f2f5.svg
C:\Projects\M2022\Examples\Common\NotepadMainForm.dfm	NotepadMainForm.pas	dfm	TfrmNotepadMain	cxLargeImages	cxLargeImages	TcxImageList			ImageInfo[13].Image.Data	container		svg	728	0	0	0	0							fe7639ce078efadf406079bc27ea7678fd92adb40e36cdee4f56015421b1f2f5	images\fe7639ce078efadf406079bc27ea7678fd92adb40e36cdee4f56015421b1f2f5.svg
C:\Projects\M2022\Examples\Common\NotepadMainForm.dfm	NotepadMainForm.pas	dfm	TfrmNotepadMain	cxLargeImages	cxLargeImages	TcxImageList			ImageInfo[14].Image.Data	container		svg	728	0	0	0	0							fe7639ce078efadf406079bc27ea7678fd92adb40e36cdee4f56015421b1f2f5	images\fe7639ce078efadf406079bc27ea7678fd92adb40e36cdee4f56015421b1f2f5.svg
C:\Projects\M2022\Examples\Common\NotepadMainForm.dfm	NotepadMainForm.pas	dfm	TfrmNotepadMain	cxLargeImages	cxLargeImages	TcxImageList			ImageInfo[15].Image.Data	container		svg	435	0	0	0	0							0c3d58a47be8a078a3891f065f9b4cf9fbc4cbecfdf2c7e82b3d235fa6e842c5	images\0c3d58a47be8a078a3891f065f9b4cf9fbc4cbecfdf2c7e82b3d235fa6e842c5.svg
C:\Projects\M2022\Examples\Common\NotepadMainForm.dfm	NotepadMainForm.pas	dfm	TfrmNotepadMain	cxLargeImages	cxLargeImages	TcxImageList			ImageInfo[16].Image.Data	container		svg	1196	0	0	0	0							06acab88757a65f559adcc5659122114baaa4ecedf438914a5afb93772f9e5ac	images\06acab88757a65f559adcc5659122114baaa4ecedf438914a5afb93772f9e5ac.svg
C:\Projects\M2022\Examples\Common\NotepadMainForm.dfm	NotepadMainForm.pas	dfm	TfrmNotepadMain	cxLargeImages	cxLargeImages	TcxImageList			ImageInfo[17].Image.Data	container		svg	512	0	0	0	0							e06cd3f02acd1d3956a8203f4f72569db2813689035a5259acf1baa0069c5cd8	images\e06cd3f02acd1d3956a8203f4f72569db2813689035a5259acf1baa0069c5cd8.svg
C:\Projects\M2022\Examples\Common\NotepadMainForm.dfm	NotepadMainForm.pas	dfm	TfrmNotepadMain	cxLargeImages	cxLargeImages	TcxImageList			ImageInfo[18].Image.Data	container		svg	1140	0	0	0	0							c83fd8033791fef57061dcb27ecfe3b77ce4bf5ccf8bd1efb043b8f0e21e5ae2	images\c83fd8033791fef57061dcb27ecfe3b77ce4bf5ccf8bd1efb043b8f0e21e5ae2.svg
C:\Projects\M2022\Examples\Common\NotepadMainForm.dfm	NotepadMainForm.pas	dfm	TfrmNotepadMain	cxLargeImages	cxLargeImages	TcxImageList			ImageInfo[19].Image.Data	container		svg	697	0	0	0	0							dcb5fca6c1105c3e63dc02ec01b2fe31773a97392415941c1637ce2b252da1fd	images\dcb5fca6c1105c3e63dc02ec01b2fe31773a97392415941c1637ce2b252da1fd.svg
C:\Projects\M2022\Examples\Common\NotepadMainForm.dfm	NotepadMainForm.pas	dfm	TfrmNotepadMain	cxLargeImages	cxLargeImages	TcxImageList			ImageInfo[20].Image.Data	container		svg	728	0	0	0	0							fe7639ce078efadf406079bc27ea7678fd92adb40e36cdee4f56015421b1f2f5	images\fe7639ce078efadf406079bc27ea7678fd92adb40e36cdee4f56015421b1f2f5.svg
C:\Projects\M2022\Examples\Common\NotepadMainForm.dfm	NotepadMainForm.pas	dfm	TfrmNotepadMain	cxLargeImages	cxLargeImages	TcxImageList			ImageInfo[21].Image.Data	container		svg	671	0	0	0	0							d50d1e0446108ff39bcd36b52a1952cc656dabbb7559d65749501a70c5fd196b	images\d50d1e0446108ff39bcd36b52a1952cc656dabbb7559d65749501a70c5fd196b.svg
C:\Projects\M2022\Examples\Common\NotepadMainForm.dfm	NotepadMainForm.pas	dfm	TfrmNotepadMain	cxLargeImages	cxLargeImages	TcxImageList			ImageInfo[22].Image.Data	container		svg	671	0	0	0	0							d50d1e0446108ff39bcd36b52a1952cc656dabbb7559d65749501a70c5fd196b	images\d50d1e0446108ff39bcd36b52a1952cc656dabbb7559d65749501a70c5fd196b.svg
C:\Projects\M2022\Examples\Common\NotepadMainForm.dfm	NotepadMainForm.pas	dfm	TfrmNotepadMain	cxLargeImages	cxLargeImages	TcxImageList			ImageInfo[23].Image.Data	container		svg	2073	0	0	0	0							81000d618ffcea9aa36d6d6dec2f5e03b588ca65c57716676eaf66db7b96d11f	images\81000d618ffcea9aa36d6d6dec2f5e03b588ca65c57716676eaf66db7b96d11f.svg
C:\Projects\M2022\Examples\Common\NotepadMainForm.dfm	NotepadMainForm.pas	dfm	TfrmNotepadMain	cxLargeImages	cxLargeImages	TcxImageList			ImageInfo[24].Image.Data	container		svg	782	0	0	0	0							678e330d6dbe3affd5534f115ff2ea5afdd32500c24aa4f5bc8dc98b01f64e72	images\678e330d6dbe3affd5534f115ff2ea5afdd32500c24aa4f5bc8dc98b01f64e72.svg
C:\Projects\M2022\Examples\Common\NotepadMainForm.dfm	NotepadMainForm.pas	dfm	TfrmNotepadMain	cxLargeImages	cxLargeImages	TcxImageList			ImageInfo[25].Image.Data	container		svg	471	0	0	0	0							e60bec45ed71c0240fa053597499474b50571a68734e86b1acc7cdb728fbcd2a	images\e60bec45ed71c0240fa053597499474b50571a68734e86b1acc7cdb728fbcd2a.svg
C:\Projects\M2022\Examples\Common\NotepadMainForm.dfm	NotepadMainForm.pas	dfm	TfrmNotepadMain	cxLargeImages	cxLargeImages	TcxImageList			ImageInfo[26].Image.Data	container		svg	514	0	0	0	0							bfab4670e01ce13014bd83976549b9f2c67e3017dcab4d7cde76c982bc2ce6f0	images\bfab4670e01ce13014bd83976549b9f2c67e3017dcab4d7cde76c982bc2ce6f0.svg
C:\Projects\M2022\Examples\Common\NotepadMainForm.dfm	NotepadMainForm.pas	dfm	TfrmNotepadMain	cxLargeImages	cxLargeImages	TcxImageList			ImageInfo[27].Image.Data	container		svg	497	0	0	0	0							8d10d0e0bed5f2276c8de05b2e9e34f9ae37eafffd7e3088a85824220dae2531	images\8d10d0e0bed5f2276c8de05b2e9e34f9ae37eafffd7e3088a85824220dae2531.svg
C:\Projects\M2022\Examples\Common\NotepadMainForm.dfm	NotepadMainForm.pas	dfm	TfrmNotepadMain	cxLargeImages	cxLargeImages	TcxImageList			ImageInfo[28].Image.Data	container		svg	501	0	0	0	0							2472229e106053b6af9f6a66ffbabe250b512f5a89043b4cb90453c94c765725	images\2472229e106053b6af9f6a66ffbabe250b512f5a89043b4cb90453c94c765725.svg
C:\Projects\M2022\Examples\Common\NotepadMainForm.dfm	NotepadMainForm.pas	dfm	TfrmNotepadMain	cxLargeImages	cxLargeImages	TcxImageList			ImageInfo[29].Image.Data	container		svg	501	0	0	0	0							0f5c6d450a768e895720dd94920b4d0eedeb1de30e7e042bb860e7b89ea2c34c	images\0f5c6d450a768e895720dd94920b4d0eedeb1de30e7e042bb860e7b89ea2c34c.svg
C:\Projects\M2022\Examples\Common\NotepadMainForm.dfm	NotepadMainForm.pas	dfm	TfrmNotepadMain	cxLargeImages	cxLargeImages	TcxImageList			ImageInfo[30].Image.Data	container		svg	666	0	0	0	0							b6e96f1c591a36ca281d2a17c02816ec42a8896d64aadae68cc66b715dced97c	images\b6e96f1c591a36ca281d2a17c02816ec42a8896d64aadae68cc66b715dced97c.svg
C:\Projects\M2022\Examples\Common\NotepadMainForm.dfm	NotepadMainForm.pas	dfm	TfrmNotepadMain	cxLargeImages	cxLargeImages	TcxImageList			ImageInfo[31].Image.Data	container		svg	468	0	0	0	0							3f5061e69950c5a209f91145a2596718d1756a1aaf4b03159e7b4b01e1faf70a	images\3f5061e69950c5a209f91145a2596718d1756a1aaf4b03159e7b4b01e1faf70a.svg
C:\Projects\M2022\Examples\Common\NotepadMainForm.dfm	NotepadMainForm.pas	dfm	TfrmNotepadMain	cxLargeImages	cxLargeImages	TcxImageList			ImageInfo[32].Image.Data	container		svg	590	0	0	0	0							c93972e6fa7736abaa5a0c80162ae4dd142ae248dd8424b18ecb58bffc0533ef	images\c93972e6fa7736abaa5a0c80162ae4dd142ae248dd8424b18ecb58bffc0533ef.svg
C:\Projects\M2022\Examples\Common\NotepadMainForm.dfm	NotepadMainForm.pas	dfm	TfrmNotepadMain	cxLargeImages	cxLargeImages	TcxImageList			ImageInfo[33].Image.Data	container		svg	856	0	0	0	0							974475a4ca4350248a3713fd05233f315eddc6674fb27f87609a7d7e5ee974ba	images\974475a4ca4350248a3713fd05233f315eddc6674fb27f87609a7d7e5ee974ba.svg
C:\Projects\M2022\Examples\Common\NotepadMainForm.dfm	NotepadMainForm.pas	dfm	TfrmNotepadMain	cxLargeImages	cxLargeImages	TcxImageList			ImageInfo[34].Image.Data	container		svg	528	0	0	0	0							6c184a74b469e0e0bb28d8f8c74cecff0334c111064a0205cabf9fb36dfe45e2	images\6c184a74b469e0e0bb28d8f8c74cecff0334c111064a0205cabf9fb36dfe45e2.svg
C:\Projects\M2022\Examples\Common\NotepadMainForm.dfm	NotepadMainForm.pas	dfm	TfrmNotepadMain	cxLargeImages	cxLargeImages	TcxImageList			ImageInfo[35].Image.Data	container		svg	1227	0	0	0	0							c392ca0a32c799276f5452217d72fd37a55e46c2d0013d819ea24405f66dcc7c	images\c392ca0a32c799276f5452217d72fd37a55e46c2d0013d819ea24405f66dcc7c.svg
C:\Projects\M2022\Examples\Common\NotepadMainForm.dfm	NotepadMainForm.pas	dfm	TfrmNotepadMain	cxLargeImages	cxLargeImages	TcxImageList			ImageInfo[36].Image.Data	container		svg	581	0	0	0	0							09a0edd66e29de9b62c97751b33b669385482db869cb0b9dee9c7dbdf4828239	images\09a0edd66e29de9b62c97751b33b669385482db869cb0b9dee9c7dbdf4828239.svg
C:\Projects\M2022\Examples\Common\NotepadMainForm.dfm	NotepadMainForm.pas	dfm	TfrmNotepadMain	cxLargeImages	cxLargeImages	TcxImageList			ImageInfo[37].Image.Data	container		svg	2201	0	0	0	0							ba73e2f1ab85d70735bbc9d2bd871839fd3d0e19cb021aa6c82beff481275ba2	images\ba73e2f1ab85d70735bbc9d2bd871839fd3d0e19cb021aa6c82beff481275ba2.svg
C:\Projects\M2022\Examples\Common\NotepadMainForm.dfm	NotepadMainForm.pas	dfm	TfrmNotepadMain	cxLargeImages	cxLargeImages	TcxImageList			ImageInfo[38].Image.Data	container		svg	3557	0	0	0	0							85c00cbd937da23495877a6072542571398f769e51c7196b8cd98dbafa974d72	images\85c00cbd937da23495877a6072542571398f769e51c7196b8cd98dbafa974d72.svg
C:\Projects\M2022\Examples\Common\NotepadMainForm.dfm	NotepadMainForm.pas	dfm	TfrmNotepadMain	cxLargeImages	cxLargeImages	TcxImageList			ImageInfo[39].Image.Data	container		svg	427	0	0	0	0							cb65b0fd8a0a7a7ef27fdcf101ac0265a087a54d9e79346d7f3f56ce8a006ecc	images\cb65b0fd8a0a7a7ef27fdcf101ac0265a087a54d9e79346d7f3f56ce8a006ecc.svg
C:\Projects\M2022\Examples\Common\NotepadMainForm.dfm	NotepadMainForm.pas	dfm	TfrmNotepadMain	cxLargeImages	cxLargeImages	TcxImageList			ImageInfo[40].Image.Data	container		svg	728	0	0	0	0							fe7639ce078efadf406079bc27ea7678fd92adb40e36cdee4f56015421b1f2f5	images\fe7639ce078efadf406079bc27ea7678fd92adb40e36cdee4f56015421b1f2f5.svg
C:\Projects\M2022\Examples\Common\NotepadMainForm.dfm	NotepadMainForm.pas	dfm	TfrmNotepadMain	cxLargeImages	cxLargeImages	TcxImageList			ImageInfo[41].Image.Data	container		svg	1091	0	0	0	0							cd4d5cfa18b55834e66c85a39625854d0abcbc7bbedf3243c8b6c3a1b3f37704	images\cd4d5cfa18b55834e66c85a39625854d0abcbc7bbedf3243c8b6c3a1b3f37704.svg
C:\Projects\M2022\Examples\Common\NotepadMainForm.dfm	NotepadMainForm.pas	dfm	TfrmNotepadMain	cxLargeImages	cxLargeImages	TcxImageList			ImageInfo[42].Image.Data	container		svg	534	0	0	0	0							4e4f339b09b97eb70fbc56b2c6f111b2dc54c7d962859e41470b3b30143f71a4	images\4e4f339b09b97eb70fbc56b2c6f111b2dc54c7d962859e41470b3b30143f71a4.svg
C:\Projects\M2022\Examples\Common\NotepadMainForm.dfm	NotepadMainForm.pas	dfm	TfrmNotepadMain	cxLargeImages	cxLargeImages	TcxImageList			ImageInfo[43].Image.Data	container		svg	1538	0	0	0	0							13b5ce0816bcb21f935dbb74cf8addb463fc99dbdf3dd6488b700cc3585f5553	images\13b5ce0816bcb21f935dbb74cf8addb463fc99dbdf3dd6488b700cc3585f5553.svg
C:\Projects\M2022\Examples\Common\NotepadMainForm.dfm	NotepadMainForm.pas	dfm	TfrmNotepadMain	cxLargeImages	cxLargeImages	TcxImageList			ImageInfo[44].Image.Data	container		svg	1229	0	0	0	0							7d74e65845f9dce86d591a561e84c3ae5e51853120a600557bf5d107d8b62292	images\7d74e65845f9dce86d591a561e84c3ae5e51853120a600557bf5d107d8b62292.svg
C:\Projects\M2022\Examples\Common\NotepadMainForm.dfm	NotepadMainForm.pas	dfm	TfrmNotepadMain	cxLargeImages	cxLargeImages	TcxImageList			ImageInfo[45].Image.Data	container		svg	887	0	0	0	0							feb55d02a3f7e8aac098c89ea976b44c9a9c0fef6f98508fbc2b5a446debc23f	images\feb55d02a3f7e8aac098c89ea976b44c9a9c0fef6f98508fbc2b5a446debc23f.svg
C:\Projects\M2022\Examples\Common\NotepadMainForm.dfm	NotepadMainForm.pas	dfm	TfrmNotepadMain	cxSmallImages	cxSmallImages	TcxImageList			Bitmap	container			50832	0	0	0	0							b97ea21922905c1994d0628261e691be80102a61becc10331a2213d97444d009	images\b97ea21922905c1994d0628261e691be80102a61becc10331a2213d97444d009.bin
C:\Projects\M2022\Examples\Common\NotepadMainForm.dfm	NotepadMainForm.pas	dfm	TfrmNotepadMain	cxSmallImages	cxSmallImages	TcxImageList			ImageInfo[0].Image.Data	container		svg	491	0	0	0	0							ca303dfd125423a7971a90b0ec52b333e0d75a1d7adadbacf244803c36e7e916	images\ca303dfd125423a7971a90b0ec52b333e0d75a1d7adadbacf244803c36e7e916.svg
C:\Projects\M2022\Examples\Common\NotepadMainForm.dfm	NotepadMainForm.pas	dfm	TfrmNotepadMain	cxSmallImages	cxSmallImages	TcxImageList			ImageInfo[1].Image.Data	container		svg	967	0	0	0	0							86577553b036de6875548481d1b7e59b75cba868423edf1508a90e4b1196f13c	images\86577553b036de6875548481d1b7e59b75cba868423edf1508a90e4b1196f13c.svg
C:\Projects\M2022\Examples\Common\NotepadMainForm.dfm	NotepadMainForm.pas	dfm	TfrmNotepadMain	cxSmallImages	cxSmallImages	TcxImageList			ImageInfo[2].Image.Data	container		svg	548	0	0	0	0							02fe00225d89ae163376ef544ec642ac12ba2b7e2ca5c8e1381ca44e4170b63d	images\02fe00225d89ae163376ef544ec642ac12ba2b7e2ca5c8e1381ca44e4170b63d.svg
C:\Projects\M2022\Examples\Common\NotepadMainForm.dfm	NotepadMainForm.pas	dfm	TfrmNotepadMain	cxSmallImages	cxSmallImages	TcxImageList			ImageInfo[3].Image.Data	container		svg	625	0	0	0	0							92dd65c08b9b254e4323203e0dc635eb825ce7fa32fb05b1f4b8945d9f659434	images\92dd65c08b9b254e4323203e0dc635eb825ce7fa32fb05b1f4b8945d9f659434.svg
C:\Projects\M2022\Examples\Common\NotepadMainForm.dfm	NotepadMainForm.pas	dfm	TfrmNotepadMain	cxSmallImages	cxSmallImages	TcxImageList			ImageInfo[4].Image.Data	container		svg	627	0	0	0	0							a55f573b105b3ee1c8d5ed958af9c851e0cc360e920dc10a5340ce36d6127643	images\a55f573b105b3ee1c8d5ed958af9c851e0cc360e920dc10a5340ce36d6127643.svg
C:\Projects\M2022\Examples\Common\NotepadMainForm.dfm	NotepadMainForm.pas	dfm	TfrmNotepadMain	cxSmallImages	cxSmallImages	TcxImageList			ImageInfo[5].Image.Data	container		svg	803	0	0	0	0							21bab715a3e86da2fb6cb5b72fc3f428f6cce055b3878d5011f90f3eb733f3f3	images\21bab715a3e86da2fb6cb5b72fc3f428f6cce055b3878d5011f90f3eb733f3f3.svg
C:\Projects\M2022\Examples\Common\NotepadMainForm.dfm	NotepadMainForm.pas	dfm	TfrmNotepadMain	cxSmallImages	cxSmallImages	TcxImageList			ImageInfo[6].Image.Data	container		svg	911	0	0	0	0							f5dc48c5cb1c4141c990785420a58d7872685db6e2bcab07d625aa7141b6e502	images\f5dc48c5cb1c4141c990785420a58d7872685db6e2bcab07d625aa7141b6e502.svg
C:\Projects\M2022\Examples\Common\NotepadMainForm.dfm	NotepadMainForm.pas	dfm	TfrmNotepadMain	cxSmallImages	cxSmallImages	TcxImageList			ImageInfo[7].Image.Data	container		svg	598	0	0	0	0							1ced10caaadb679a960f0af40df5d9c07e55b93c95fc65e9d3db13085599b36d	images\1ced10caaadb679a960f0af40df5d9c07e55b93c95fc65e9d3db13085599b36d.svg
C:\Projects\M2022\Examples\Common\NotepadMainForm.dfm	NotepadMainForm.pas	dfm	TfrmNotepadMain	cxSmallImages	cxSmallImages	TcxImageList			ImageInfo[8].Image.Data	container		svg	805	0	0	0	0							d63c35248333fec97a67794faa3ab902356e04c5ddfc4f6f0ff2d2f2f35f3be0	images\d63c35248333fec97a67794faa3ab902356e04c5ddfc4f6f0ff2d2f2f35f3be0.svg
C:\Projects\M2022\Examples\Common\NotepadMainForm.dfm	NotepadMainForm.pas	dfm	TfrmNotepadMain	cxSmallImages	cxSmallImages	TcxImageList			ImageInfo[9].Image.Data	container		svg	1226	0	0	0	0							e5a50bd586938310c94905ea4311c71a11dced6d7ba2fd7d57883d941a9a9ebe	images\e5a50bd586938310c94905ea4311c71a11dced6d7ba2fd7d57883d941a9a9ebe.svg
C:\Projects\M2022\Examples\Common\NotepadMainForm.dfm	NotepadMainForm.pas	dfm	TfrmNotepadMain	cxSmallImages	cxSmallImages	TcxImageList			ImageInfo[10].Image.Data	container		svg	980	0	0	0	0							c38eaea130a456d650d9ffe2fb5a76f9fa73a3e4f1e938ea7a6213160d39c297	images\c38eaea130a456d650d9ffe2fb5a76f9fa73a3e4f1e938ea7a6213160d39c297.svg
C:\Projects\M2022\Examples\Common\NotepadMainForm.dfm	NotepadMainForm.pas	dfm	TfrmNotepadMain	cxSmallImages	cxSmallImages	TcxImageList			ImageInfo[11].Image.Data	container		svg	429	0	0	0	0							f5cf14c8cb34a677f91dfdf24667c824397612c260516c8b02efa78e867d5def	images\f5cf14c8cb34a677f91dfdf24667c824397612c260516c8b02efa78e867d5def.svg
C:\Projects\M2022\Examples\Common\NotepadMainForm.dfm	NotepadMainForm.pas	dfm	TfrmNotepadMain	cxSmallImages	cxSmallImages	TcxImageList			ImageInfo[12].Image.Data	container		svg	728	0	0	0	0							fe7639ce078efadf406079bc27ea7678fd92adb40e36cdee4f56015421b1f2f5	images\fe7639ce078efadf406079bc27ea7678fd92adb40e36cdee4f56015421b1f2f5.svg
C:\Projects\M2022\Examples\Common\NotepadMainForm.dfm	NotepadMainForm.pas	dfm	TfrmNotepadMain	cxSmallImages	cxSmallImages	TcxImageList			ImageInfo[13].Image.Data	container		svg	728	0	0	0	0							fe7639ce078efadf406079bc27ea7678fd92adb40e36cdee4f56015421b1f2f5	images\fe7639ce078efadf406079bc27ea7678fd92adb40e36cdee4f56015421b1f2f5.svg
C:\Projects\M2022\Examples\Common\NotepadMainForm.dfm	NotepadMainForm.pas	dfm	TfrmNotepadMain	cxSmallImages	cxSmallImages	TcxImageList			ImageInfo[14].Image.Data	container		svg	728	0	0	0	0							fe7639ce078efadf406079bc27ea7678fd92adb40e36cdee4f56015421b1f2f5	images\fe7639ce078efadf406079bc27ea7678fd92adb40e36cdee4f56015421b1f2f5.svg
C:\Projects\M2022\Examples\Common\NotepadMainForm.dfm	NotepadMainForm.pas	dfm	TfrmNotepadMain	cxSmallImages	cxSmallImages	TcxImageList			ImageInfo[15].Image.Data	container		svg	435	0	0	0	0							0c3d58a47be8a078a3891f065f9b4cf9fbc4cbecfdf2c7e82b3d235fa6e842c5	images\0c3d58a47be8a078a3891f065f9b4cf9fbc4cbecfdf2c7e82b3d235fa6e842c5.svg
C:\Projects\M2022\Examples\Common\NotepadMainForm.dfm	NotepadMainForm.pas	dfm	TfrmNotepadMain	cxSmallImages	cxSmallImages	TcxImageList			ImageInfo[16].Image.Data	container		svg	1196	0	0	0	0							06acab88757a65f559adcc5659122114baaa4ecedf438914a5afb93772f9e5ac	images\06acab88757a65f559adcc5659122114baaa4ecedf438914a5afb93772f9e5ac.svg
C:\Projects\M2022\Examples\Common\NotepadMainForm.dfm	NotepadMainForm.pas	dfm	TfrmNotepadMain	cxSmallImages	cxSmallImages	TcxImageList			ImageInfo[17].Image.Data	container		svg	512	0	0	0	0							e06cd3f02acd1d3956a8203f4f72569db2813689035a5259acf1baa0069c5cd8	images\e06cd3f02acd1d3956a8203f4f72569db2813689035a5259acf1baa0069c5cd8.svg
C:\Projects\M2022\Examples\Common\NotepadMainForm.dfm	NotepadMainForm.pas	dfm	TfrmNotepadMain	cxSmallImages	cxSmallImages	TcxImageList			ImageInfo[18].Image.Data	container		svg	1140	0	0	0	0							c83fd8033791fef57061dcb27ecfe3b77ce4bf5ccf8bd1efb043b8f0e21e5ae2	images\c83fd8033791fef57061dcb27ecfe3b77ce4bf5ccf8bd1efb043b8f0e21e5ae2.svg
C:\Projects\M2022\Examples\Common\NotepadMainForm.dfm	NotepadMainForm.pas	dfm	TfrmNotepadMain	cxSmallImages	cxSmallImages	TcxImageList			ImageInfo[19].Image.Data	container		svg	697	0	0	0	0							dcb5fca6c1105c3e63dc02ec01b2fe31773a97392415941c1637ce2b252da1fd	images\dcb5fca6c1105c3e63dc02ec01b2fe31773a97392415941c1637ce2b252da1fd.svg
C:\Projects\M2022\Examples\Common\NotepadMainForm.dfm	NotepadMainForm.pas	dfm	TfrmNotepadMain	cxSmallImages	cxSmallImages	TcxImageList			ImageInfo[20].Image.Data	container		svg	728	0	0	0	0							fe7639ce078efadf406079bc27ea7678fd92adb40e36cdee4f56015421b1f2f5	images\fe7639ce078efadf406079bc27ea7678fd92adb40e36cdee4f56015421b1f2f5.svg
C:\Projects\M2022\Examples\Common\NotepadMainForm.dfm	NotepadMainForm.pas	dfm	TfrmNotepadMain	cxSmallImages	cxSmallImages	TcxImageList			ImageInfo[21].Image.Data	container		svg	671	0	0	0	0							d50d1e0446108ff39bcd36b52a1952cc656dabbb7559d65749501a70c5fd196b	images\d50d1e0446108ff39bcd36b52a1952cc656dabbb7559d65749501a70c5fd196b.svg
C:\Projects\M2022\Examples\Common\NotepadMainForm.dfm	NotepadMainForm.pas	dfm	TfrmNotepadMain	cxSmallImages	cxSmallImages	TcxImageList			ImageInfo[22].Image.Data	container		svg	671	0	0	0	0							d50d1e0446108ff39bcd36b52a1952cc656dabbb7559d65749501a70c5fd196b	images\d50d1e0446108ff39bcd36b52a1952cc656dabbb7559d65749501a70c5fd196b.svg
C:\Projects\M2022\Examples\Common\NotepadMainForm.dfm	NotepadMainForm.pas	dfm	TfrmNotepadMain	cxSmallImages	cxSmallImages	TcxImageList			ImageInfo[23].Image.Data	container		svg	2073	0	0	0	0							81000d618ffcea9aa36d6d6dec2f5e03b588ca65c57716676eaf66db7b96d11f	images\81000d618ffcea9aa36d6d6dec2f5e03b588ca65c57716676eaf66db7b96d11f.svg
C:\Projects\M2022\Examples\Common\NotepadMainForm.dfm	NotepadMainForm.pas	dfm	TfrmNotepadMain	cxSmallImages	cxSmallImages	TcxImageList			ImageInfo[24].Image.Data	container		svg	782	0	0	0	0							678e330d6dbe3affd5534f115ff2ea5afdd32500c24aa4f5bc8dc98b01f64e72	images\678e330d6dbe3affd5534f115ff2ea5afdd32500c24aa4f5bc8dc98b01f64e72.svg
C:\Projects\M2022\Examples\Common\NotepadMainForm.dfm	NotepadMainForm.pas	dfm	TfrmNotepadMain	cxSmallImages	cxSmallImages	TcxImageList			ImageInfo[25].Image.Data	container		svg	471	0	0	0	0							e60bec45ed71c0240fa053597499474b50571a68734e86b1acc7cdb728fbcd2a	images\e60bec45ed71c0240fa053597499474b50571a68734e86b1acc7cdb728fbcd2a.svg
C:\Projects\M2022\Examples\Common\NotepadMainForm.dfm	NotepadMainForm.pas	dfm	TfrmNotepadMain	cxSmallImages	cxSmallImages	TcxImageList			ImageInfo[26].Image.Data	container		svg	514	0	0	0	0							bfab4670e01ce13014bd83976549b9f2c67e3017dcab4d7cde76c982bc2ce6f0	images\bfab4670e01ce13014bd83976549b9f2c67e3017dcab4d7cde76c982bc2ce6f0.svg
C:\Projects\M2022\Examples\Common\NotepadMainForm.dfm	NotepadMainForm.pas	dfm	TfrmNotepadMain	cxSmallImages	cxSmallImages	TcxImageList			ImageInfo[27].Image.Data	container		svg	497	0	0	0	0							8d10d0e0bed5f2276c8de05b2e9e34f9ae37eafffd7e3088a85824220dae2531	images\8d10d0e0bed5f2276c8de05b2e9e34f9ae37eafffd7e3088a85824220dae2531.svg
C:\Projects\M2022\Examples\Common\NotepadMainForm.dfm	NotepadMainForm.pas	dfm	TfrmNotepadMain	cxSmallImages	cxSmallImages	TcxImageList			ImageInfo[28].Image.Data	container		svg	501	0	0	0	0							2472229e106053b6af9f6a66ffbabe250b512f5a89043b4cb90453c94c765725	images\2472229e106053b6af9f6a66ffbabe250b512f5a89043b4cb90453c94c765725.svg
C:\Projects\M2022\Examples\Common\NotepadMainForm.dfm	NotepadMainForm.pas	dfm	TfrmNotepadMain	cxSmallImages	cxSmallImages	TcxImageList			ImageInfo[29].Image.Data	container		svg	501	0	0	0	0							0f5c6d450a768e895720dd94920b4d0eedeb1de30e7e042bb860e7b89ea2c34c	images\0f5c6d450a768e895720dd94920b4d0eedeb1de30e7e042bb860e7b89ea2c34c.svg
C:\Projects\M2022\Examples\Common\NotepadMainForm.dfm	NotepadMainForm.pas	dfm	TfrmNotepadMain	cxSmallImages	cxSmallImages	TcxImageList			ImageInfo[30].Image.Data	container		svg	666	0	0	0	0							b6e96f1c591a36ca281d2a17c02816ec42a8896d64aadae68cc66b715dced97c	images\b6e96f1c591a36ca281d2a17c02816ec42a8896d64aadae68cc66b715dced97c.svg
C:\Projects\M2022\Examples\Common\NotepadMainForm.dfm	NotepadMainForm.pas	dfm	TfrmNotepadMain	cxSmallImages	cxSmallImages	TcxImageList			ImageInfo[31].Image.Data	container		svg	468	0	0	0	0							3f5061e69950c5a209f91145a2596718d1756a1aaf4b03159e7b4b01e1faf70a	images\3f5061e69950c5a209f91145a2596718d1756a1aaf4b03159e7b4b01e1faf70a.svg
C:\Projects\M2022\Examples\Common\NotepadMainForm.dfm	NotepadMainForm.pas	dfm	TfrmNotepadMain	cxSmallImages	cxSmallImages	TcxImageList			ImageInfo[32].Image.Data	container		svg	590	0	0	0	0							c93972e6fa7736abaa5a0c80162ae4dd142ae248dd8424b18ecb58bffc0533ef	images\c93972e6fa7736abaa5a0c80162ae4dd142ae248dd8424b18ecb58bffc0533ef.svg
C:\Projects\M2022\Examples\Common\NotepadMainForm.dfm	NotepadMainForm.pas	dfm	TfrmNotepadMain	cxSmallImages	cxSmallImages	TcxImageList			ImageInfo[33].Image.Data	container		svg	856	0	0	0	0							974475a4ca4350248a3713fd05233f315eddc6674fb27f87609a7d7e5ee974ba	images\974475a4ca4350248a3713fd05233f315eddc6674fb27f87609a7d7e5ee974ba.svg
C:\Projects\M2022\Examples\Common\NotepadMainForm.dfm	NotepadMainForm.pas	dfm	TfrmNotepadMain	cxSmallImages	cxSmallImages	TcxImageList			ImageInfo[34].Image.Data	container		svg	528	0	0	0	0							6c184a74b469e0e0bb28d8f8c74cecff0334c111064a0205cabf9fb36dfe45e2	images\6c184a74b469e0e0bb28d8f8c74cecff0334c111064a0205cabf9fb36dfe45e2.svg
C:\Projects\M2022\Examples\Common\NotepadMainForm.dfm	NotepadMainForm.pas	dfm	TfrmNotepadMain	cxSmallImages	cxSmallImages	TcxImageList			ImageInfo[35].Image.Data	container		svg	1227	0	0	0	0							c392ca0a32c799276f5452217d72fd37a55e46c2d0013d819ea24405f66dcc7c	images\c392ca0a32c799276f5452217d72fd37a55e46c2d0013d819ea24405f66dcc7c.svg
C:\Projects\M2022\Examples\Common\NotepadMainForm.dfm	NotepadMainForm.pas	dfm	TfrmNotepadMain	cxSmallImages	cxSmallImages	TcxImageList			ImageInfo[36].Image.Data	container		svg	581	0	0	0	0							09a0edd66e29de9b62c97751b33b669385482db869cb0b9dee9c7dbdf4828239	images\09a0edd66e29de9b62c97751b33b669385482db869cb0b9dee9c7dbdf4828239.svg
C:\Projects\M2022\Examples\Common\NotepadMainForm.dfm	NotepadMainForm.pas	dfm	TfrmNotepadMain	cxSmallImages	cxSmallImages	TcxImageList			ImageInfo[37].Image.Data	container		svg	2201	0	0	0	0							ba73e2f1ab85d70735bbc9d2bd871839fd3d0e19cb021aa6c82beff481275ba2	images\ba73e2f1ab85d70735bbc9d2bd871839fd3d0e19cb021aa6c82beff481275ba2.svg
C:\Projects\M2022\Examples\Common\NotepadMainForm.dfm	NotepadMainForm.pas	dfm	TfrmNotepadMain	cxSmallImages	cxSmallImages	TcxImageList			ImageInfo[38].Image.Data	container		svg	3557	0	0	0	0							85c00cbd937da23495877a6072542571398f769e51c7196b8cd98dbafa974d72	images\85c00cbd937da23495877a6072542571398f769e51c7196b8cd98dbafa974d72.svg
C:\Projects\M2022\Examples\Common\NotepadMainForm.dfm	NotepadMainForm.pas	dfm	TfrmNotepadMain	cxSmallImages	cxSmallImages	TcxImageList			ImageInfo[39].Image.Data	container		svg	427	0	0	0	0							cb65b0fd8a0a7a7ef27fdcf101ac0265a087a54d9e79346d7f3f56ce8a006ecc	images\cb65b0fd8a0a7a7ef27fdcf101ac0265a087a54d9e79346d7f3f56ce8a006ecc.svg
C:\Projects\M2022\Examples\Common\NotepadMainForm.dfm	NotepadMainForm.pas	dfm	TfrmNotepadMain	cxSmallImages	cxSmallImages	TcxImageList			ImageInfo[40].Image.Data	container		svg	728	0	0	0	0							fe7639ce078efadf406079bc27ea7678fd92adb40e36cdee4f56015421b1f2f5	images\fe7639ce078efadf406079bc27ea7678fd92adb40e36cdee4f56015421b1f2f5.svg
C:\Projects\M2022\Examples\Common\NotepadMainForm.dfm	NotepadMainForm.pas	dfm	TfrmNotepadMain	cxSmallImages	cxSmallImages	TcxImageList			ImageInfo[41].Image.Data	container		svg	1091	0	0	0	0							cd4d5cfa18b55834e66c85a39625854d0abcbc7bbedf3243c8b6c3a1b3f37704	images\cd4d5cfa18b55834e66c85a39625854d0abcbc7bbedf3243c8b6c3a1b3f37704.svg
C:\Projects\M2022\Examples\Common\NotepadMainForm.dfm	NotepadMainForm.pas	dfm	TfrmNotepadMain	cxSmallImages	cxSmallImages	TcxImageList			ImageInfo[42].Image.Data	container		svg	534	0	0	0	0							4e4f339b09b97eb70fbc56b2c6f111b2dc54c7d962859e41470b3b30143f71a4	images\4e4f339b09b97eb70fbc56b2c6f111b2dc54c7d962859e41470b3b30143f71a4.svg
C:\Projects\M2022\Examples\Common\NotepadMainForm.dfm	NotepadMainForm.pas	dfm	TfrmNotepadMain	cxSmallImages	cxSmallImages	TcxImageList			ImageInfo[43].Image.Data	container		svg	1571	0	0	0	0							57f7dce162c2f75b14cfc4b90ec936038d0abf499d2d95b4fc3cb67e77cd71fa	images\57f7dce162c2f75b14cfc4b90ec936038d0abf499d2d95b4fc3cb67e77cd71fa.svg
C:\Projects\M2022\Examples\Common\NotepadMainForm.dfm	NotepadMainForm.pas	dfm	TfrmNotepadMain	cxSmallImages	cxSmallImages	TcxImageList			ImageInfo[44].Image.Data	container		svg	1229	0	0	0	0							7d74e65845f9dce86d591a561e84c3ae5e51853120a600557bf5d107d8b62292	images\7d74e65845f9dce86d591a561e84c3ae5e51853120a600557bf5d107d8b62292.svg
C:\Projects\M2022\Examples\Common\NotepadMainForm.dfm	NotepadMainForm.pas	dfm	TfrmNotepadMain	cxSmallImages	cxSmallImages	TcxImageList			ImageInfo[45].Image.Data	container		svg	887	0	0	0	0							feb55d02a3f7e8aac098c89ea976b44c9a9c0fef6f98508fbc2b5a446debc23f	images\feb55d02a3f7e8aac098c89ea976b44c9a9c0fef6f98508fbc2b5a446debc23f.svg
C:\Projects\M2022\Examples\CustomDrawTableViewDemo\CustomDrawTableViewDemoMain.dfm	CustomDrawTableViewDemoMain.pas	dfm	TCustomDrawTableViewDemoMainForm	imPaymentType	imPaymentType	TImageList			Bitmap	container			8614	0	0	0	0							3d81152518d306abafc1e5897bab8ecf80d5953151e5af1ed6951f50eb541c24	images\3d81152518d306abafc1e5897bab8ecf80d5953151e5af1ed6951f50eb541c24.bin
C:\Projects\M2022\Examples\CustomDrawTableViewDemo\CustomDrawTableViewDemoMain.dfm	CustomDrawTableViewDemoMain.pas	dfm	TCustomDrawTableViewDemoMainForm	imIndicatorImages	imIndicatorImages	TImageList			Bitmap	container			4966	0	0	0	0							107a560a55192174dcfdfae30e4a3b8d4afb238525f0104d714441fecdbfec47	images\107a560a55192174dcfdfae30e4a3b8d4afb238525f0104d714441fecdbfec47.bin
C:\Projects\M2022\Examples\CustomDrawTableViewDemo\CustomDrawTableViewDemoStylesEditor.dfm	CustomDrawTableViewDemoStylesEditor.pas	dfm	TCustomDrawTableViewDemoStylesEditorForm	tvCustomDrawItems	tvCustomDrawItems	TTreeView			Items.Data	single			548	0	0	0	0							9b8551110a9de0d937d1700d2e566ad8f300998189e3082c76d6328375d801b3	images\9b8551110a9de0d937d1700d2e566ad8f300998189e3082c76d6328375d801b3.bin
C:\Projects\M2022\Examples\CustomDrawTableViewDemo\CustomDrawTableViewDemoStylesEditor.dfm	CustomDrawTableViewDemoStylesEditor.pas	dfm	TCustomDrawTableViewDemoStylesEditorForm	gbEventHandlerSettings.sbFont	sbFont	TSpeedButton			Glyph.Data	single		bmp	362	22	20	4	16							5a89068931a043041b3ade37510cc22d147fb31a4ce4fd7d932a68b1d75c0e35	images\5a89068931a043041b3ade37510cc22d147fb31a4ce4fd7d932a68b1d75c0e35.bmp
C:\Projects\M2022\Examples\KB_T103467\Unit1.dfm	Unit1.pas	dfm	TForm1	cxGroupBox1.cxGrid1.cxGrid1TableView1	cxGrid1TableView1	TcxGridTableView			DataController.Data	single			303	0	0	0	0							fd3abaffe1be0fd06bf6f48fc78f97fa14db050b9e012ca3230a7ae8e320c75a	images\fd3abaffe1be0fd06bf6f48fc78f97fa14db050b9e012ca3230a7ae8e320c75a.bin
C:\Projects\M2022\Examples\RibbonNotepadDemo\RibbonNotepadMainForm.dfm	RibbonNotepadMainForm.pas	dfm	TfrmRibbonNotepadMain	Ribbon	Ribbon	TdxRibbon			BackgroundImage.Data	single		png	3962	0	0	0	0							c7c1dcfba19a1011dccde785634cbe5d258131f77bab12b42128bcd12034b03e	images\c7c1dcfba19a1011dccde785634cbe5d258131f77bab12b42128bcd12034b03e.png
C:\Projects\M2022\Examples\RibbonNotepadDemo\RibbonNotepadMainForm.dfm	RibbonNotepadMainForm.pas	dfm	TfrmRibbonNotepadMain	BackstageView.bvtsOptions.gbOptionsPane.gbPersonalizationOptions.gbRibbonBackgroundImagePane.btnSpecifyImage	btnSpecifyImage	TcxButton			OptionsImage.Glyph.Data	single		bmp	4150	32	32	32	0					1		16e7a092d7c981862ace381cefc57800387a3642977662dc606e109ee2a89246	images\16e7a092d7c981862ace381cefc57800387a3642977662dc606e109ee2a89246.bmp
C:\Projects\M2022\Examples\RibbonNotepadDemo\RibbonNotepadMainForm.dfm	RibbonNotepadMainForm.pas	dfm	TfrmRibbonNotepadMain	BackstageView.bvtsHelp.gbHelpContent.Image1	Image1	TImage			Picture.Data	single	TBitmap	bmp	258	8	8	24	0					1		8bd2b2942996c61ccc77e3af39f3ba7df76a059db48a9074a5deecc8afda9abd	images\8bd2b2942996c61ccc77e3af39f3ba7df76a059db48a9074a5deecc8afda9abd.bmp
C:\Projects\M2022\Examples\RibbonNotepadDemo\RibbonNotepadMainForm.dfm	RibbonNotepadMainForm.pas	dfm	TfrmRibbonNotepadMain	BackstageView.bvtsHelp.gbHelpContent.imDot1	imDot1	TImage			Picture.Data	single	TBitmap	bmp	258	8	8	24	0					1		8bd2b2942996c61ccc77e3af39f3ba7df76a059db48a9074a5deecc8afda9abd	images\8bd2b2942996c61ccc77e3af39f3ba7df76a059db48a9074a5deecc8afda9abd.bmp
C:\Projects\M2022\Examples\RibbonNotepadDemo\RibbonNotepadMainForm.dfm	RibbonNotepadMainForm.pas	dfm	TfrmRibbonNotepadMain	BackstageView.bvtsHelp.gbHelpContent.imDot2	imDot2	TImage			Picture.Data	single	TBitmap	bmp	258	8	8	24	0					1		8bd2b2942996c61ccc77e3af39f3ba7df76a059db48a9074a5deecc8afda9abd	images\8bd2b2942996c61ccc77e3af39f3ba7df76a059db48a9074a5deecc8afda9abd.bmp
C:\Projects\M2022\Examples\RibbonNotepadDemo\RibbonNotepadMainForm.dfm	RibbonNotepadMainForm.pas	dfm	TfrmRibbonNotepadMain	BackstageView.bvtsHelp.gbHelpContent.imDot3	imDot3	TImage			Picture.Data	single	TBitmap	bmp	258	8	8	24	0					1		8bd2b2942996c61ccc77e3af39f3ba7df76a059db48a9074a5deecc8afda9abd	images\8bd2b2942996c61ccc77e3af39f3ba7df76a059db48a9074a5deecc8afda9abd.bmp
C:\Projects\M2022\Examples\RibbonNotepadDemo\RibbonNotepadMainForm.dfm	RibbonNotepadMainForm.pas	dfm	TfrmRibbonNotepadMain	BackstageView.bvtsHelp.gbHelpContent.imDot4	imDot4	TImage			Picture.Data	single	TBitmap	bmp	258	8	8	24	0					1		8bd2b2942996c61ccc77e3af39f3ba7df76a059db48a9074a5deecc8afda9abd	images\8bd2b2942996c61ccc77e3af39f3ba7df76a059db48a9074a5deecc8afda9abd.bmp
C:\Projects\M2022\Examples\RibbonNotepadDemo\RibbonNotepadMainForm.dfm	RibbonNotepadMainForm.pas	dfm	TfrmRibbonNotepadMain	BackstageView.bvtsHelp.gbHelpContent.imDot5	imDot5	TImage			Picture.Data	single	TBitmap	bmp	258	8	8	24	0					1		8bd2b2942996c61ccc77e3af39f3ba7df76a059db48a9074a5deecc8afda9abd	images\8bd2b2942996c61ccc77e3af39f3ba7df76a059db48a9074a5deecc8afda9abd.bmp
C:\Projects\M2022\Examples\RibbonNotepadDemo\RibbonNotepadMainForm.dfm	RibbonNotepadMainForm.pas	dfm	TfrmRibbonNotepadMain	BackstageView.bvtsHelp.gbHelpContent.imDot6	imDot6	TImage			Picture.Data	single	TBitmap	bmp	258	8	8	24	0					1		8bd2b2942996c61ccc77e3af39f3ba7df76a059db48a9074a5deecc8afda9abd	images\8bd2b2942996c61ccc77e3af39f3ba7df76a059db48a9074a5deecc8afda9abd.bmp
C:\Projects\M2022\Examples\RibbonNotepadDemo\RibbonNotepadMainForm.dfm	RibbonNotepadMainForm.pas	dfm	TfrmRibbonNotepadMain	BackstageView.bvtsHelp.gbHelpContent.imLogo	imLogo	TImage			Picture.Data	single	TdxPNGImage		2714	0	0	0	0							3a15acc8311ca478e10d9fbf0668bad98cebd6828abc8fad29866f56517e1389	images\3a15acc8311ca478e10d9fbf0668bad98cebd6828abc8fad29866f56517e1389.bin
C:\Projects\M2022\Examples\RibbonNotepadDemo\RibbonNotepadMainForm.dfm	RibbonNotepadMainForm.pas	dfm	TfrmRibbonNotepadMain	cxLargeImages	cxLargeImages	TcxImageList		Y	Bitmap	container			219814	0	0	0	0							303b0d071361f88c3ad8503dcd018ce49d1d31479ca8320bc87b9b26f471af26	images\303b0d071361f88c3ad8503dcd018ce49d1d31479ca8320bc87b9b26f471af26.bin
C:\Projects\M2022\Examples\RibbonNotepadDemo\RibbonNotepadMainForm.dfm	RibbonNotepadMainForm.pas	dfm	TfrmRibbonNotepadMain	cxLargeImages	cxLargeImages	TcxImageList		Y	ImageInfo[0].Image.Data	container		svg	505	0	0	0	0							861e0e90d499936e3bd83709038b76b010a4a5361c73fc307e33caa7e841266d	images\861e0e90d499936e3bd83709038b76b010a4a5361c73fc307e33caa7e841266d.svg
C:\Projects\M2022\Examples\RibbonNotepadDemo\RibbonNotepadMainForm.dfm	RibbonNotepadMainForm.pas	dfm	TfrmRibbonNotepadMain	cxLargeImages	cxLargeImages	TcxImageList		Y	ImageInfo[1].Image.Data	container		svg	981	0	0	0	0							28317f4fe19faf664ae6aadf282c8f6fcf105870c67c85490c2712aa78d1f3f5	images\28317f4fe19faf664ae6aadf282c8f6fcf105870c67c85490c2712aa78d1f3f5.svg
C:\Projects\M2022\Examples\RibbonNotepadDemo\RibbonNotepadMainForm.dfm	RibbonNotepadMainForm.pas	dfm	TfrmRibbonNotepadMain	cxLargeImages	cxLargeImages	TcxImageList		Y	ImageInfo[2].Image.Data	container		svg	540	0	0	0	0							ba83219659caf1b921b704ba3a7c2900c00ae52d4b18cb5d75bc6cfbe18f1564	images\ba83219659caf1b921b704ba3a7c2900c00ae52d4b18cb5d75bc6cfbe18f1564.svg
C:\Projects\M2022\Examples\RibbonNotepadDemo\RibbonNotepadMainForm.dfm	RibbonNotepadMainForm.pas	dfm	TfrmRibbonNotepadMain	cxLargeImages	cxLargeImages	TcxImageList		Y	ImageInfo[3].Image.Data	container		svg	639	0	0	0	0							f9b79052100daf4553e0557e6d91c0c78d32f97b9f059736ee69072a23579214	images\f9b79052100daf4553e0557e6d91c0c78d32f97b9f059736ee69072a23579214.svg
C:\Projects\M2022\Examples\RibbonNotepadDemo\RibbonNotepadMainForm.dfm	RibbonNotepadMainForm.pas	dfm	TfrmRibbonNotepadMain	cxLargeImages	cxLargeImages	TcxImageList		Y	ImageInfo[4].Image.Data	container		svg	641	0	0	0	0							add15e1fd0e5da1320f84706176f71540a1980c83db30e0e1a7cc0317c26e654	images\add15e1fd0e5da1320f84706176f71540a1980c83db30e0e1a7cc0317c26e654.svg
C:\Projects\M2022\Examples\RibbonNotepadDemo\RibbonNotepadMainForm.dfm	RibbonNotepadMainForm.pas	dfm	TfrmRibbonNotepadMain	cxLargeImages	cxLargeImages	TcxImageList		Y	ImageInfo[5].Image.Data	container		svg	797	0	0	0	0							b83ee1d196ca67f4dc145b1df255a048daf07e7e0521b09775968063184a4be0	images\b83ee1d196ca67f4dc145b1df255a048daf07e7e0521b09775968063184a4be0.svg
C:\Projects\M2022\Examples\RibbonNotepadDemo\RibbonNotepadMainForm.dfm	RibbonNotepadMainForm.pas	dfm	TfrmRibbonNotepadMain	cxLargeImages	cxLargeImages	TcxImageList		Y	ImageInfo[6].Image.Data	container		svg	925	0	0	0	0							981171ca4a36be93b7a4d6504effddf96e0aa12f67891cf16075f63b415491ff	images\981171ca4a36be93b7a4d6504effddf96e0aa12f67891cf16075f63b415491ff.svg
C:\Projects\M2022\Examples\RibbonNotepadDemo\RibbonNotepadMainForm.dfm	RibbonNotepadMainForm.pas	dfm	TfrmRibbonNotepadMain	cxLargeImages	cxLargeImages	TcxImageList		Y	ImageInfo[7].Image.Data	container		svg	612	0	0	0	0							abaea4d75f91c87c21a2b65507936e9be0887b8fa39fa208e0b95dee2f3f4353	images\abaea4d75f91c87c21a2b65507936e9be0887b8fa39fa208e0b95dee2f3f4353.svg
C:\Projects\M2022\Examples\RibbonNotepadDemo\RibbonNotepadMainForm.dfm	RibbonNotepadMainForm.pas	dfm	TfrmRibbonNotepadMain	cxLargeImages	cxLargeImages	TcxImageList		Y	ImageInfo[8].Image.Data	container		svg	819	0	0	0	0							a9ebf90d5398408baa1a6ca49d9e26334615fc5ac2d2bc5ede6267eb2729d65f	images\a9ebf90d5398408baa1a6ca49d9e26334615fc5ac2d2bc5ede6267eb2729d65f.svg
C:\Projects\M2022\Examples\RibbonNotepadDemo\RibbonNotepadMainForm.dfm	RibbonNotepadMainForm.pas	dfm	TfrmRibbonNotepadMain	cxLargeImages	cxLargeImages	TcxImageList		Y	ImageInfo[9].Image.Data	container		svg	1218	0	0	0	0							7e62c81001461ffa8684e8d20bb82700a4181e957149c81584d65e74e0697e03	images\7e62c81001461ffa8684e8d20bb82700a4181e957149c81584d65e74e0697e03.svg
C:\Projects\M2022\Examples\RibbonNotepadDemo\RibbonNotepadMainForm.dfm	RibbonNotepadMainForm.pas	dfm	TfrmRibbonNotepadMain	cxLargeImages	cxLargeImages	TcxImageList		Y	ImageInfo[10].Image.Data	container		svg	994	0	0	0	0							866bba88c952a27ac7c7fd1ed98f1fd2d6b4f7557863794b42782960f5bd741f	images\866bba88c952a27ac7c7fd1ed98f1fd2d6b4f7557863794b42782960f5bd741f.svg
C:\Projects\M2022\Examples\RibbonNotepadDemo\RibbonNotepadMainForm.dfm	RibbonNotepadMainForm.pas	dfm	TfrmRibbonNotepadMain	cxLargeImages	cxLargeImages	TcxImageList		Y	ImageInfo[11].Image.Data	container		svg	443	0	0	0	0							d6e62845dd09c28d67226f959cf756435ef8c22d6e2a0b35b068ae6fc18f3a4c	images\d6e62845dd09c28d67226f959cf756435ef8c22d6e2a0b35b068ae6fc18f3a4c.svg
C:\Projects\M2022\Examples\RibbonNotepadDemo\RibbonNotepadMainForm.dfm	RibbonNotepadMainForm.pas	dfm	TfrmRibbonNotepadMain	cxLargeImages	cxLargeImages	TcxImageList		Y	ImageInfo[12].Image.Data	container		svg	742	0	0	0	0							e5e0160934adc4c19bfe065f23249b926bb9938162bb10daaae1e4d1e28e8517	images\e5e0160934adc4c19bfe065f23249b926bb9938162bb10daaae1e4d1e28e8517.svg
C:\Projects\M2022\Examples\RibbonNotepadDemo\RibbonNotepadMainForm.dfm	RibbonNotepadMainForm.pas	dfm	TfrmRibbonNotepadMain	cxLargeImages	cxLargeImages	TcxImageList		Y	ImageInfo[13].Image.Data	container		svg	742	0	0	0	0							e5e0160934adc4c19bfe065f23249b926bb9938162bb10daaae1e4d1e28e8517	images\e5e0160934adc4c19bfe065f23249b926bb9938162bb10daaae1e4d1e28e8517.svg
C:\Projects\M2022\Examples\RibbonNotepadDemo\RibbonNotepadMainForm.dfm	RibbonNotepadMainForm.pas	dfm	TfrmRibbonNotepadMain	cxLargeImages	cxLargeImages	TcxImageList		Y	ImageInfo[14].Image.Data	container		svg	742	0	0	0	0							e5e0160934adc4c19bfe065f23249b926bb9938162bb10daaae1e4d1e28e8517	images\e5e0160934adc4c19bfe065f23249b926bb9938162bb10daaae1e4d1e28e8517.svg
C:\Projects\M2022\Examples\RibbonNotepadDemo\RibbonNotepadMainForm.dfm	RibbonNotepadMainForm.pas	dfm	TfrmRibbonNotepadMain	cxLargeImages	cxLargeImages	TcxImageList		Y	ImageInfo[15].Image.Data	container		svg	449	0	0	0	0							4e4df32c4411d0fa1190c4adea7e5412c5d9bf7a671032ed804c4edb19aa829d	images\4e4df32c4411d0fa1190c4adea7e5412c5d9bf7a671032ed804c4edb19aa829d.svg
C:\Projects\M2022\Examples\RibbonNotepadDemo\RibbonNotepadMainForm.dfm	RibbonNotepadMainForm.pas	dfm	TfrmRibbonNotepadMain	cxLargeImages	cxLargeImages	TcxImageList		Y	ImageInfo[16].Image.Data	container		svg	1210	0	0	0	0							15a39627a23f42db48fb53d16800f3c9c2ce4ee27d05a5207babd1495c66d3ed	images\15a39627a23f42db48fb53d16800f3c9c2ce4ee27d05a5207babd1495c66d3ed.svg
C:\Projects\M2022\Examples\RibbonNotepadDemo\RibbonNotepadMainForm.dfm	RibbonNotepadMainForm.pas	dfm	TfrmRibbonNotepadMain	cxLargeImages	cxLargeImages	TcxImageList		Y	ImageInfo[17].Image.Data	container		svg	509	0	0	0	0							c48519c15291fd617dbd5ffca4205e3a555a895684d7c1db744d71c243b75e7c	images\c48519c15291fd617dbd5ffca4205e3a555a895684d7c1db744d71c243b75e7c.svg
C:\Projects\M2022\Examples\RibbonNotepadDemo\RibbonNotepadMainForm.dfm	RibbonNotepadMainForm.pas	dfm	TfrmRibbonNotepadMain	cxLargeImages	cxLargeImages	TcxImageList		Y	ImageInfo[18].Image.Data	container		svg	1153	0	0	0	0							2bfb3a8cd214507a56b274cb53762d09289ee3dffb7c20ca07b4f0869955e571	images\2bfb3a8cd214507a56b274cb53762d09289ee3dffb7c20ca07b4f0869955e571.svg
C:\Projects\M2022\Examples\RibbonNotepadDemo\RibbonNotepadMainForm.dfm	RibbonNotepadMainForm.pas	dfm	TfrmRibbonNotepadMain	cxLargeImages	cxLargeImages	TcxImageList		Y	ImageInfo[19].Image.Data	container		svg	711	0	0	0	0							6db77bb6da76964c836b3c142b2ad5362573b501f0835c0e0f22494c027933b7	images\6db77bb6da76964c836b3c142b2ad5362573b501f0835c0e0f22494c027933b7.svg
C:\Projects\M2022\Examples\RibbonNotepadDemo\RibbonNotepadMainForm.dfm	RibbonNotepadMainForm.pas	dfm	TfrmRibbonNotepadMain	cxLargeImages	cxLargeImages	TcxImageList		Y	ImageInfo[20].Image.Data	container		svg	742	0	0	0	0							e5e0160934adc4c19bfe065f23249b926bb9938162bb10daaae1e4d1e28e8517	images\e5e0160934adc4c19bfe065f23249b926bb9938162bb10daaae1e4d1e28e8517.svg
C:\Projects\M2022\Examples\RibbonNotepadDemo\RibbonNotepadMainForm.dfm	RibbonNotepadMainForm.pas	dfm	TfrmRibbonNotepadMain	cxLargeImages	cxLargeImages	TcxImageList		Y	ImageInfo[21].Image.Data	container		svg	685	0	0	0	0							bb8364772af4ea5126c5346090906fb2211f8121a15f43ff6866d4b82e96b07a	images\bb8364772af4ea5126c5346090906fb2211f8121a15f43ff6866d4b82e96b07a.svg
C:\Projects\M2022\Examples\RibbonNotepadDemo\RibbonNotepadMainForm.dfm	RibbonNotepadMainForm.pas	dfm	TfrmRibbonNotepadMain	cxLargeImages	cxLargeImages	TcxImageList		Y	ImageInfo[22].Image.Data	container		svg	685	0	0	0	0							bb8364772af4ea5126c5346090906fb2211f8121a15f43ff6866d4b82e96b07a	images\bb8364772af4ea5126c5346090906fb2211f8121a15f43ff6866d4b82e96b07a.svg
C:\Projects\M2022\Examples\RibbonNotepadDemo\RibbonNotepadMainForm.dfm	RibbonNotepadMainForm.pas	dfm	TfrmRibbonNotepadMain	cxLargeImages	cxLargeImages	TcxImageList		Y	ImageInfo[23].Image.Data	container		svg	2066	0	0	0	0							85652fa1e99a364d739ca2a233886c0ff73cfca152b6a0ab070757d4806ffb75	images\85652fa1e99a364d739ca2a233886c0ff73cfca152b6a0ab070757d4806ffb75.svg
C:\Projects\M2022\Examples\RibbonNotepadDemo\RibbonNotepadMainForm.dfm	RibbonNotepadMainForm.pas	dfm	TfrmRibbonNotepadMain	cxLargeImages	cxLargeImages	TcxImageList		Y	ImageInfo[24].Image.Data	container		svg	796	0	0	0	0							7b27f3c57d6216fac0a9b77d1a42494390dc76429f7e083fc6ce347119e08be1	images\7b27f3c57d6216fac0a9b77d1a42494390dc76429f7e083fc6ce347119e08be1.svg
C:\Projects\M2022\Examples\RibbonNotepadDemo\RibbonNotepadMainForm.dfm	RibbonNotepadMainForm.pas	dfm	TfrmRibbonNotepadMain	cxLargeImages	cxLargeImages	TcxImageList		Y	ImageInfo[25].Image.Data	container		svg	485	0	0	0	0							5882216d09a3a514052e218eeb81c2f6e5f710630f57898930027ac29bf68853	images\5882216d09a3a514052e218eeb81c2f6e5f710630f57898930027ac29bf68853.svg
C:\Projects\M2022\Examples\RibbonNotepadDemo\RibbonNotepadMainForm.dfm	RibbonNotepadMainForm.pas	dfm	TfrmRibbonNotepadMain	cxLargeImages	cxLargeImages	TcxImageList		Y	ImageInfo[26].Image.Data	container		svg	528	0	0	0	0							827ae57afda52e45bc54e3ec93dd106eb3af8ea6a29f431da914faad0612059a	images\827ae57afda52e45bc54e3ec93dd106eb3af8ea6a29f431da914faad0612059a.svg
C:\Projects\M2022\Examples\RibbonNotepadDemo\RibbonNotepadMainForm.dfm	RibbonNotepadMainForm.pas	dfm	TfrmRibbonNotepadMain	cxLargeImages	cxLargeImages	TcxImageList		Y	ImageInfo[27].Image.Data	container		svg	511	0	0	0	0							1b0892dad4aeb8b5fe448136541cb63940d500e80e7259d12ccb61aa62027051	images\1b0892dad4aeb8b5fe448136541cb63940d500e80e7259d12ccb61aa62027051.svg
C:\Projects\M2022\Examples\RibbonNotepadDemo\RibbonNotepadMainForm.dfm	RibbonNotepadMainForm.pas	dfm	TfrmRibbonNotepadMain	cxLargeImages	cxLargeImages	TcxImageList		Y	ImageInfo[28].Image.Data	container		svg	515	0	0	0	0							eac465fa4047626d95b58f3348284de320799d700120e33d3dc0942362c21a0d	images\eac465fa4047626d95b58f3348284de320799d700120e33d3dc0942362c21a0d.svg
C:\Projects\M2022\Examples\RibbonNotepadDemo\RibbonNotepadMainForm.dfm	RibbonNotepadMainForm.pas	dfm	TfrmRibbonNotepadMain	cxLargeImages	cxLargeImages	TcxImageList		Y	ImageInfo[29].Image.Data	container		svg	515	0	0	0	0							a5d258d83d54a3cbbe2e0d2939a536e04a6a66d584020a0ec68c0fc9752eafa3	images\a5d258d83d54a3cbbe2e0d2939a536e04a6a66d584020a0ec68c0fc9752eafa3.svg
C:\Projects\M2022\Examples\RibbonNotepadDemo\RibbonNotepadMainForm.dfm	RibbonNotepadMainForm.pas	dfm	TfrmRibbonNotepadMain	cxLargeImages	cxLargeImages	TcxImageList		Y	ImageInfo[30].Image.Data	container		svg	659	0	0	0	0							c07b04f6827ecc217e3a0d14172b44544624092cdcdbf39251b16b391312651f	images\c07b04f6827ecc217e3a0d14172b44544624092cdcdbf39251b16b391312651f.svg
C:\Projects\M2022\Examples\RibbonNotepadDemo\RibbonNotepadMainForm.dfm	RibbonNotepadMainForm.pas	dfm	TfrmRibbonNotepadMain	cxLargeImages	cxLargeImages	TcxImageList		Y	ImageInfo[31].Image.Data	container		svg	482	0	0	0	0							9f93629c74356ba2775409a1182a88e4d55418a3babf6069542d766985b2af2b	images\9f93629c74356ba2775409a1182a88e4d55418a3babf6069542d766985b2af2b.svg
C:\Projects\M2022\Examples\RibbonNotepadDemo\RibbonNotepadMainForm.dfm	RibbonNotepadMainForm.pas	dfm	TfrmRibbonNotepadMain	cxLargeImages	cxLargeImages	TcxImageList		Y	ImageInfo[32].Image.Data	container		svg	583	0	0	0	0							ff12751c459cc06a6f7d1682e2f9dc06d1cffe241540d79c1fce586613390b43	images\ff12751c459cc06a6f7d1682e2f9dc06d1cffe241540d79c1fce586613390b43.svg
C:\Projects\M2022\Examples\RibbonNotepadDemo\RibbonNotepadMainForm.dfm	RibbonNotepadMainForm.pas	dfm	TfrmRibbonNotepadMain	cxLargeImages	cxLargeImages	TcxImageList		Y	ImageInfo[33].Image.Data	container		svg	849	0	0	0	0							62c2e306cdbe6a4ec7110a2594a545f32a98453ab18893e1f279528cc513daef	images\62c2e306cdbe6a4ec7110a2594a545f32a98453ab18893e1f279528cc513daef.svg
C:\Projects\M2022\Examples\RibbonNotepadDemo\RibbonNotepadMainForm.dfm	RibbonNotepadMainForm.pas	dfm	TfrmRibbonNotepadMain	cxLargeImages	cxLargeImages	TcxImageList		Y	ImageInfo[34].Image.Data	container		svg	542	0	0	0	0							35a4053a56e9cf60ae146ba13c66f4ade8431aef9de13484f347bf656842567d	images\35a4053a56e9cf60ae146ba13c66f4ade8431aef9de13484f347bf656842567d.svg
C:\Projects\M2022\Examples\RibbonNotepadDemo\RibbonNotepadMainForm.dfm	RibbonNotepadMainForm.pas	dfm	TfrmRibbonNotepadMain	cxLargeImages	cxLargeImages	TcxImageList		Y	ImageInfo[35].Image.Data	container		svg	1220	0	0	0	0							b0ef54e096590b005f3f9fd45706932c63c4e1df35d34ddd5b825c235189d53e	images\b0ef54e096590b005f3f9fd45706932c63c4e1df35d34ddd5b825c235189d53e.svg
C:\Projects\M2022\Examples\RibbonNotepadDemo\RibbonNotepadMainForm.dfm	RibbonNotepadMainForm.pas	dfm	TfrmRibbonNotepadMain	cxLargeImages	cxLargeImages	TcxImageList		Y	ImageInfo[36].Image.Data	container		svg	595	0	0	0	0							823db1e6d0f002145fef178a6a946ded9415b645283a5a0e4d58b89a6a4b097e	images\823db1e6d0f002145fef178a6a946ded9415b645283a5a0e4d58b89a6a4b097e.svg
C:\Projects\M2022\Examples\RibbonNotepadDemo\RibbonNotepadMainForm.dfm	RibbonNotepadMainForm.pas	dfm	TfrmRibbonNotepadMain	cxLargeImages	cxLargeImages	TcxImageList		Y	ImageInfo[37].Image.Data	container		svg	2214	0	0	0	0							c94a166e1033431c92e42098990e5775cda4252f138d5086caef926e93d7127f	images\c94a166e1033431c92e42098990e5775cda4252f138d5086caef926e93d7127f.svg
C:\Projects\M2022\Examples\RibbonNotepadDemo\RibbonNotepadMainForm.dfm	RibbonNotepadMainForm.pas	dfm	TfrmRibbonNotepadMain	cxLargeImages	cxLargeImages	TcxImageList		Y	ImageInfo[38].Image.Data	container		svg	3571	0	0	0	0							82a0fdd39d43364cf5bbc9a79991437b3581785cbac582002bc797183e4fd16f	images\82a0fdd39d43364cf5bbc9a79991437b3581785cbac582002bc797183e4fd16f.svg
C:\Projects\M2022\Examples\RibbonNotepadDemo\RibbonNotepadMainForm.dfm	RibbonNotepadMainForm.pas	dfm	TfrmRibbonNotepadMain	cxLargeImages	cxLargeImages	TcxImageList		Y	ImageInfo[39].Image.Data	container		svg	441	0	0	0	0							12c58c141eb54a812c68cfeb7406e7307c3afb1e0f2040ef80ded6b37aeb5907	images\12c58c141eb54a812c68cfeb7406e7307c3afb1e0f2040ef80ded6b37aeb5907.svg
C:\Projects\M2022\Examples\RibbonNotepadDemo\RibbonNotepadMainForm.dfm	RibbonNotepadMainForm.pas	dfm	TfrmRibbonNotepadMain	cxLargeImages	cxLargeImages	TcxImageList		Y	ImageInfo[40].Image.Data	container		svg	742	0	0	0	0							e5e0160934adc4c19bfe065f23249b926bb9938162bb10daaae1e4d1e28e8517	images\e5e0160934adc4c19bfe065f23249b926bb9938162bb10daaae1e4d1e28e8517.svg
C:\Projects\M2022\Examples\RibbonNotepadDemo\RibbonNotepadMainForm.dfm	RibbonNotepadMainForm.pas	dfm	TfrmRibbonNotepadMain	cxLargeImages	cxLargeImages	TcxImageList		Y	ImageInfo[41].Image.Data	container		svg	1080	0	0	0	0							f208ae119bd4ca2a533eecb9dd31b2a1016ad290b568b5a6d2f516cb1cba73fc	images\f208ae119bd4ca2a533eecb9dd31b2a1016ad290b568b5a6d2f516cb1cba73fc.svg
C:\Projects\M2022\Examples\RibbonNotepadDemo\RibbonNotepadMainForm.dfm	RibbonNotepadMainForm.pas	dfm	TfrmRibbonNotepadMain	cxLargeImages	cxLargeImages	TcxImageList		Y	ImageInfo[42].Image.Data	container		svg	548	0	0	0	0							ae8368985d4835333109fe32d225c075d3abd88c93857ecae7728c866f5e3275	images\ae8368985d4835333109fe32d225c075d3abd88c93857ecae7728c866f5e3275.svg
C:\Projects\M2022\Examples\RibbonNotepadDemo\RibbonNotepadMainForm.dfm	RibbonNotepadMainForm.pas	dfm	TfrmRibbonNotepadMain	cxLargeImages	cxLargeImages	TcxImageList		Y	ImageInfo[43].Image.Data	container		svg	1552	0	0	0	0							318d4eb1c80d74398b0163576753a71716c7057c5edcc2af1a7a4569feba37cb	images\318d4eb1c80d74398b0163576753a71716c7057c5edcc2af1a7a4569feba37cb.svg
C:\Projects\M2022\Examples\RibbonNotepadDemo\RibbonNotepadMainForm.dfm	RibbonNotepadMainForm.pas	dfm	TfrmRibbonNotepadMain	cxLargeImages	cxLargeImages	TcxImageList		Y	ImageInfo[44].Image.Data	container		svg	1220	0	0	0	0							588ed5926ffea78109c30f49de6b947417aef55f18884b8da752171a6fbd6f24	images\588ed5926ffea78109c30f49de6b947417aef55f18884b8da752171a6fbd6f24.svg
C:\Projects\M2022\Examples\RibbonNotepadDemo\RibbonNotepadMainForm.dfm	RibbonNotepadMainForm.pas	dfm	TfrmRibbonNotepadMain	cxLargeImages	cxLargeImages	TcxImageList		Y	ImageInfo[45].Image.Data	container		svg	878	0	0	0	0							c73f81a820f24e77d0c4a0db74cf3e0f057bf986cf710bb0077693b6a93f78ee	images\c73f81a820f24e77d0c4a0db74cf3e0f057bf986cf710bb0077693b6a93f78ee.svg
C:\Projects\M2022\Examples\RibbonNotepadDemo\RibbonNotepadMainForm.dfm	RibbonNotepadMainForm.pas	dfm	TfrmRibbonNotepadMain	cxLargeImages	cxLargeImages	TcxImageList		Y	ImageInfo[46].Image.Data	container		svg	823	0	0	0	0							1967757bbfdf1f37b03904ea3e95ee48b34abe158459e4732e157bf82e97959f	images\1967757bbfdf1f37b03904ea3e95ee48b34abe158459e4732e157bf82e97959f.svg
C:\Projects\M2022\Examples\RibbonNotepadDemo\RibbonNotepadMainForm.dfm	RibbonNotepadMainForm.pas	dfm	TfrmRibbonNotepadMain	cxLargeImages	cxLargeImages	TcxImageList		Y	ImageInfo[47].Image.Data	container		svg	601	0	0	0	0							e513ff69df9b473b690a25c17ca84dd8f2da5595c3184b93595d66b0fd702075	images\e513ff69df9b473b690a25c17ca84dd8f2da5595c3184b93595d66b0fd702075.svg
C:\Projects\M2022\Examples\RibbonNotepadDemo\RibbonNotepadMainForm.dfm	RibbonNotepadMainForm.pas	dfm	TfrmRibbonNotepadMain	cxLargeImages	cxLargeImages	TcxImageList		Y	ImageInfo[48].Image.Data	container		svg	842	0	0	0	0							f24ddd80e899676c62bf77ed5470220c5c01a3400becf007d2adca8c1b0c5910	images\f24ddd80e899676c62bf77ed5470220c5c01a3400becf007d2adca8c1b0c5910.svg
C:\Projects\M2022\Examples\RibbonNotepadDemo\RibbonNotepadMainForm.dfm	RibbonNotepadMainForm.pas	dfm	TfrmRibbonNotepadMain	cxSmallImages	cxSmallImages	TcxImageList		Y	Bitmap	container			55078	0	0	0	0							069cba10450f232974e0baf6201e8570af483264217462914c3ef19661a3815a	images\069cba10450f232974e0baf6201e8570af483264217462914c3ef19661a3815a.bin
C:\Projects\M2022\Examples\RibbonNotepadDemo\RibbonNotepadMainForm.dfm	RibbonNotepadMainForm.pas	dfm	TfrmRibbonNotepadMain	cxSmallImages	cxSmallImages	TcxImageList		Y	ImageInfo[0].Image.Data	container		svg	505	0	0	0	0							861e0e90d499936e3bd83709038b76b010a4a5361c73fc307e33caa7e841266d	images\861e0e90d499936e3bd83709038b76b010a4a5361c73fc307e33caa7e841266d.svg
C:\Projects\M2022\Examples\RibbonNotepadDemo\RibbonNotepadMainForm.dfm	RibbonNotepadMainForm.pas	dfm	TfrmRibbonNotepadMain	cxSmallImages	cxSmallImages	TcxImageList		Y	ImageInfo[1].Image.Data	container		svg	981	0	0	0	0							28317f4fe19faf664ae6aadf282c8f6fcf105870c67c85490c2712aa78d1f3f5	images\28317f4fe19faf664ae6aadf282c8f6fcf105870c67c85490c2712aa78d1f3f5.svg
C:\Projects\M2022\Examples\RibbonNotepadDemo\RibbonNotepadMainForm.dfm	RibbonNotepadMainForm.pas	dfm	TfrmRibbonNotepadMain	cxSmallImages	cxSmallImages	TcxImageList		Y	ImageInfo[2].Image.Data	container		svg	540	0	0	0	0							ba83219659caf1b921b704ba3a7c2900c00ae52d4b18cb5d75bc6cfbe18f1564	images\ba83219659caf1b921b704ba3a7c2900c00ae52d4b18cb5d75bc6cfbe18f1564.svg
C:\Projects\M2022\Examples\RibbonNotepadDemo\RibbonNotepadMainForm.dfm	RibbonNotepadMainForm.pas	dfm	TfrmRibbonNotepadMain	cxSmallImages	cxSmallImages	TcxImageList		Y	ImageInfo[3].Image.Data	container		svg	639	0	0	0	0							f9b79052100daf4553e0557e6d91c0c78d32f97b9f059736ee69072a23579214	images\f9b79052100daf4553e0557e6d91c0c78d32f97b9f059736ee69072a23579214.svg
C:\Projects\M2022\Examples\RibbonNotepadDemo\RibbonNotepadMainForm.dfm	RibbonNotepadMainForm.pas	dfm	TfrmRibbonNotepadMain	cxSmallImages	cxSmallImages	TcxImageList		Y	ImageInfo[4].Image.Data	container		svg	641	0	0	0	0							add15e1fd0e5da1320f84706176f71540a1980c83db30e0e1a7cc0317c26e654	images\add15e1fd0e5da1320f84706176f71540a1980c83db30e0e1a7cc0317c26e654.svg
C:\Projects\M2022\Examples\RibbonNotepadDemo\RibbonNotepadMainForm.dfm	RibbonNotepadMainForm.pas	dfm	TfrmRibbonNotepadMain	cxSmallImages	cxSmallImages	TcxImageList		Y	ImageInfo[5].Image.Data	container		svg	795	0	0	0	0							2529a340b1ceb0ea88a06e9bfbc647c35933b51de8792526b0af4a26e8120139	images\2529a340b1ceb0ea88a06e9bfbc647c35933b51de8792526b0af4a26e8120139.svg
C:\Projects\M2022\Examples\RibbonNotepadDemo\RibbonNotepadMainForm.dfm	RibbonNotepadMainForm.pas	dfm	TfrmRibbonNotepadMain	cxSmallImages	cxSmallImages	TcxImageList		Y	ImageInfo[6].Image.Data	container		svg	925	0	0	0	0							981171ca4a36be93b7a4d6504effddf96e0aa12f67891cf16075f63b415491ff	images\981171ca4a36be93b7a4d6504effddf96e0aa12f67891cf16075f63b415491ff.svg
C:\Projects\M2022\Examples\RibbonNotepadDemo\RibbonNotepadMainForm.dfm	RibbonNotepadMainForm.pas	dfm	TfrmRibbonNotepadMain	cxSmallImages	cxSmallImages	TcxImageList		Y	ImageInfo[7].Image.Data	container		svg	612	0	0	0	0							abaea4d75f91c87c21a2b65507936e9be0887b8fa39fa208e0b95dee2f3f4353	images\abaea4d75f91c87c21a2b65507936e9be0887b8fa39fa208e0b95dee2f3f4353.svg
C:\Projects\M2022\Examples\RibbonNotepadDemo\RibbonNotepadMainForm.dfm	RibbonNotepadMainForm.pas	dfm	TfrmRibbonNotepadMain	cxSmallImages	cxSmallImages	TcxImageList		Y	ImageInfo[8].Image.Data	container		svg	819	0	0	0	0							a9ebf90d5398408baa1a6ca49d9e26334615fc5ac2d2bc5ede6267eb2729d65f	images\a9ebf90d5398408baa1a6ca49d9e26334615fc5ac2d2bc5ede6267eb2729d65f.svg
C:\Projects\M2022\Examples\RibbonNotepadDemo\RibbonNotepadMainForm.dfm	RibbonNotepadMainForm.pas	dfm	TfrmRibbonNotepadMain	cxSmallImages	cxSmallImages	TcxImageList		Y	ImageInfo[9].Image.Data	container		svg	1218	0	0	0	0							7e62c81001461ffa8684e8d20bb82700a4181e957149c81584d65e74e0697e03	images\7e62c81001461ffa8684e8d20bb82700a4181e957149c81584d65e74e0697e03.svg
C:\Projects\M2022\Examples\RibbonNotepadDemo\RibbonNotepadMainForm.dfm	RibbonNotepadMainForm.pas	dfm	TfrmRibbonNotepadMain	cxSmallImages	cxSmallImages	TcxImageList		Y	ImageInfo[10].Image.Data	container		svg	994	0	0	0	0							866bba88c952a27ac7c7fd1ed98f1fd2d6b4f7557863794b42782960f5bd741f	images\866bba88c952a27ac7c7fd1ed98f1fd2d6b4f7557863794b42782960f5bd741f.svg
C:\Projects\M2022\Examples\RibbonNotepadDemo\RibbonNotepadMainForm.dfm	RibbonNotepadMainForm.pas	dfm	TfrmRibbonNotepadMain	cxSmallImages	cxSmallImages	TcxImageList		Y	ImageInfo[11].Image.Data	container		svg	443	0	0	0	0							d6e62845dd09c28d67226f959cf756435ef8c22d6e2a0b35b068ae6fc18f3a4c	images\d6e62845dd09c28d67226f959cf756435ef8c22d6e2a0b35b068ae6fc18f3a4c.svg
C:\Projects\M2022\Examples\RibbonNotepadDemo\RibbonNotepadMainForm.dfm	RibbonNotepadMainForm.pas	dfm	TfrmRibbonNotepadMain	cxSmallImages	cxSmallImages	TcxImageList		Y	ImageInfo[12].Image.Data	container		svg	742	0	0	0	0							e5e0160934adc4c19bfe065f23249b926bb9938162bb10daaae1e4d1e28e8517	images\e5e0160934adc4c19bfe065f23249b926bb9938162bb10daaae1e4d1e28e8517.svg
C:\Projects\M2022\Examples\RibbonNotepadDemo\RibbonNotepadMainForm.dfm	RibbonNotepadMainForm.pas	dfm	TfrmRibbonNotepadMain	cxSmallImages	cxSmallImages	TcxImageList		Y	ImageInfo[13].Image.Data	container		svg	742	0	0	0	0							e5e0160934adc4c19bfe065f23249b926bb9938162bb10daaae1e4d1e28e8517	images\e5e0160934adc4c19bfe065f23249b926bb9938162bb10daaae1e4d1e28e8517.svg
C:\Projects\M2022\Examples\RibbonNotepadDemo\RibbonNotepadMainForm.dfm	RibbonNotepadMainForm.pas	dfm	TfrmRibbonNotepadMain	cxSmallImages	cxSmallImages	TcxImageList		Y	ImageInfo[14].Image.Data	container		svg	742	0	0	0	0							e5e0160934adc4c19bfe065f23249b926bb9938162bb10daaae1e4d1e28e8517	images\e5e0160934adc4c19bfe065f23249b926bb9938162bb10daaae1e4d1e28e8517.svg
C:\Projects\M2022\Examples\RibbonNotepadDemo\RibbonNotepadMainForm.dfm	RibbonNotepadMainForm.pas	dfm	TfrmRibbonNotepadMain	cxSmallImages	cxSmallImages	TcxImageList		Y	ImageInfo[15].Image.Data	container		svg	449	0	0	0	0							4e4df32c4411d0fa1190c4adea7e5412c5d9bf7a671032ed804c4edb19aa829d	images\4e4df32c4411d0fa1190c4adea7e5412c5d9bf7a671032ed804c4edb19aa829d.svg
C:\Projects\M2022\Examples\RibbonNotepadDemo\RibbonNotepadMainForm.dfm	RibbonNotepadMainForm.pas	dfm	TfrmRibbonNotepadMain	cxSmallImages	cxSmallImages	TcxImageList		Y	ImageInfo[16].Image.Data	container		svg	1210	0	0	0	0							15a39627a23f42db48fb53d16800f3c9c2ce4ee27d05a5207babd1495c66d3ed	images\15a39627a23f42db48fb53d16800f3c9c2ce4ee27d05a5207babd1495c66d3ed.svg
C:\Projects\M2022\Examples\RibbonNotepadDemo\RibbonNotepadMainForm.dfm	RibbonNotepadMainForm.pas	dfm	TfrmRibbonNotepadMain	cxSmallImages	cxSmallImages	TcxImageList		Y	ImageInfo[17].Image.Data	container		svg	509	0	0	0	0							c48519c15291fd617dbd5ffca4205e3a555a895684d7c1db744d71c243b75e7c	images\c48519c15291fd617dbd5ffca4205e3a555a895684d7c1db744d71c243b75e7c.svg
C:\Projects\M2022\Examples\RibbonNotepadDemo\RibbonNotepadMainForm.dfm	RibbonNotepadMainForm.pas	dfm	TfrmRibbonNotepadMain	cxSmallImages	cxSmallImages	TcxImageList		Y	ImageInfo[18].Image.Data	container		svg	1153	0	0	0	0							2bfb3a8cd214507a56b274cb53762d09289ee3dffb7c20ca07b4f0869955e571	images\2bfb3a8cd214507a56b274cb53762d09289ee3dffb7c20ca07b4f0869955e571.svg
C:\Projects\M2022\Examples\RibbonNotepadDemo\RibbonNotepadMainForm.dfm	RibbonNotepadMainForm.pas	dfm	TfrmRibbonNotepadMain	cxSmallImages	cxSmallImages	TcxImageList		Y	ImageInfo[19].Image.Data	container		svg	711	0	0	0	0							6db77bb6da76964c836b3c142b2ad5362573b501f0835c0e0f22494c027933b7	images\6db77bb6da76964c836b3c142b2ad5362573b501f0835c0e0f22494c027933b7.svg
C:\Projects\M2022\Examples\RibbonNotepadDemo\RibbonNotepadMainForm.dfm	RibbonNotepadMainForm.pas	dfm	TfrmRibbonNotepadMain	cxSmallImages	cxSmallImages	TcxImageList		Y	ImageInfo[20].Image.Data	container		svg	742	0	0	0	0							e5e0160934adc4c19bfe065f23249b926bb9938162bb10daaae1e4d1e28e8517	images\e5e0160934adc4c19bfe065f23249b926bb9938162bb10daaae1e4d1e28e8517.svg
C:\Projects\M2022\Examples\RibbonNotepadDemo\RibbonNotepadMainForm.dfm	RibbonNotepadMainForm.pas	dfm	TfrmRibbonNotepadMain	cxSmallImages	cxSmallImages	TcxImageList		Y	ImageInfo[21].Image.Data	container		svg	685	0	0	0	0							bb8364772af4ea5126c5346090906fb2211f8121a15f43ff6866d4b82e96b07a	images\bb8364772af4ea5126c5346090906fb2211f8121a15f43ff6866d4b82e96b07a.svg
C:\Projects\M2022\Examples\RibbonNotepadDemo\RibbonNotepadMainForm.dfm	RibbonNotepadMainForm.pas	dfm	TfrmRibbonNotepadMain	cxSmallImages	cxSmallImages	TcxImageList		Y	ImageInfo[22].Image.Data	container		svg	685	0	0	0	0							bb8364772af4ea5126c5346090906fb2211f8121a15f43ff6866d4b82e96b07a	images\bb8364772af4ea5126c5346090906fb2211f8121a15f43ff6866d4b82e96b07a.svg
C:\Projects\M2022\Examples\RibbonNotepadDemo\RibbonNotepadMainForm.dfm	RibbonNotepadMainForm.pas	dfm	TfrmRibbonNotepadMain	cxSmallImages	cxSmallImages	TcxImageList		Y	ImageInfo[23].Image.Data	container		svg	2066	0	0	0	0							85652fa1e99a364d739ca2a233886c0ff73cfca152b6a0ab070757d4806ffb75	images\85652fa1e99a364d739ca2a233886c0ff73cfca152b6a0ab070757d4806ffb75.svg
C:\Projects\M2022\Examples\RibbonNotepadDemo\RibbonNotepadMainForm.dfm	RibbonNotepadMainForm.pas	dfm	TfrmRibbonNotepadMain	cxSmallImages	cxSmallImages	TcxImageList		Y	ImageInfo[24].Image.Data	container		svg	796	0	0	0	0							7b27f3c57d6216fac0a9b77d1a42494390dc76429f7e083fc6ce347119e08be1	images\7b27f3c57d6216fac0a9b77d1a42494390dc76429f7e083fc6ce347119e08be1.svg
C:\Projects\M2022\Examples\RibbonNotepadDemo\RibbonNotepadMainForm.dfm	RibbonNotepadMainForm.pas	dfm	TfrmRibbonNotepadMain	cxSmallImages	cxSmallImages	TcxImageList		Y	ImageInfo[25].Image.Data	container		svg	485	0	0	0	0							5882216d09a3a514052e218eeb81c2f6e5f710630f57898930027ac29bf68853	images\5882216d09a3a514052e218eeb81c2f6e5f710630f57898930027ac29bf68853.svg
C:\Projects\M2022\Examples\RibbonNotepadDemo\RibbonNotepadMainForm.dfm	RibbonNotepadMainForm.pas	dfm	TfrmRibbonNotepadMain	cxSmallImages	cxSmallImages	TcxImageList		Y	ImageInfo[26].Image.Data	container		svg	528	0	0	0	0							827ae57afda52e45bc54e3ec93dd106eb3af8ea6a29f431da914faad0612059a	images\827ae57afda52e45bc54e3ec93dd106eb3af8ea6a29f431da914faad0612059a.svg
C:\Projects\M2022\Examples\RibbonNotepadDemo\RibbonNotepadMainForm.dfm	RibbonNotepadMainForm.pas	dfm	TfrmRibbonNotepadMain	cxSmallImages	cxSmallImages	TcxImageList		Y	ImageInfo[27].Image.Data	container		svg	511	0	0	0	0							1b0892dad4aeb8b5fe448136541cb63940d500e80e7259d12ccb61aa62027051	images\1b0892dad4aeb8b5fe448136541cb63940d500e80e7259d12ccb61aa62027051.svg
C:\Projects\M2022\Examples\RibbonNotepadDemo\RibbonNotepadMainForm.dfm	RibbonNotepadMainForm.pas	dfm	TfrmRibbonNotepadMain	cxSmallImages	cxSmallImages	TcxImageList		Y	ImageInfo[28].Image.Data	container		svg	515	0	0	0	0							eac465fa4047626d95b58f3348284de320799d700120e33d3dc0942362c21a0d	images\eac465fa4047626d95b58f3348284de320799d700120e33d3dc0942362c21a0d.svg
C:\Projects\M2022\Examples\RibbonNotepadDemo\RibbonNotepadMainForm.dfm	RibbonNotepadMainForm.pas	dfm	TfrmRibbonNotepadMain	cxSmallImages	cxSmallImages	TcxImageList		Y	ImageInfo[29].Image.Data	container		svg	515	0	0	0	0							a5d258d83d54a3cbbe2e0d2939a536e04a6a66d584020a0ec68c0fc9752eafa3	images\a5d258d83d54a3cbbe2e0d2939a536e04a6a66d584020a0ec68c0fc9752eafa3.svg
C:\Projects\M2022\Examples\RibbonNotepadDemo\RibbonNotepadMainForm.dfm	RibbonNotepadMainForm.pas	dfm	TfrmRibbonNotepadMain	cxSmallImages	cxSmallImages	TcxImageList		Y	ImageInfo[30].Image.Data	container		svg	659	0	0	0	0							c07b04f6827ecc217e3a0d14172b44544624092cdcdbf39251b16b391312651f	images\c07b04f6827ecc217e3a0d14172b44544624092cdcdbf39251b16b391312651f.svg
C:\Projects\M2022\Examples\RibbonNotepadDemo\RibbonNotepadMainForm.dfm	RibbonNotepadMainForm.pas	dfm	TfrmRibbonNotepadMain	cxSmallImages	cxSmallImages	TcxImageList		Y	ImageInfo[31].Image.Data	container		svg	482	0	0	0	0							9f93629c74356ba2775409a1182a88e4d55418a3babf6069542d766985b2af2b	images\9f93629c74356ba2775409a1182a88e4d55418a3babf6069542d766985b2af2b.svg
C:\Projects\M2022\Examples\RibbonNotepadDemo\RibbonNotepadMainForm.dfm	RibbonNotepadMainForm.pas	dfm	TfrmRibbonNotepadMain	cxSmallImages	cxSmallImages	TcxImageList		Y	ImageInfo[32].Image.Data	container		svg	583	0	0	0	0							ff12751c459cc06a6f7d1682e2f9dc06d1cffe241540d79c1fce586613390b43	images\ff12751c459cc06a6f7d1682e2f9dc06d1cffe241540d79c1fce586613390b43.svg
C:\Projects\M2022\Examples\RibbonNotepadDemo\RibbonNotepadMainForm.dfm	RibbonNotepadMainForm.pas	dfm	TfrmRibbonNotepadMain	cxSmallImages	cxSmallImages	TcxImageList		Y	ImageInfo[33].Image.Data	container		svg	849	0	0	0	0							62c2e306cdbe6a4ec7110a2594a545f32a98453ab18893e1f279528cc513daef	images\62c2e306cdbe6a4ec7110a2594a545f32a98453ab18893e1f279528cc513daef.svg
C:\Projects\M2022\Examples\RibbonNotepadDemo\RibbonNotepadMainForm.dfm	RibbonNotepadMainForm.pas	dfm	TfrmRibbonNotepadMain	cxSmallImages	cxSmallImages	TcxImageList		Y	ImageInfo[34].Image.Data	container		svg	542	0	0	0	0							35a4053a56e9cf60ae146ba13c66f4ade8431aef9de13484f347bf656842567d	images\35a4053a56e9cf60ae146ba13c66f4ade8431aef9de13484f347bf656842567d.svg
C:\Projects\M2022\Examples\RibbonNotepadDemo\RibbonNotepadMainForm.dfm	RibbonNotepadMainForm.pas	dfm	TfrmRibbonNotepadMain	cxSmallImages	cxSmallImages	TcxImageList		Y	ImageInfo[35].Image.Data	container		svg	1220	0	0	0	0							b0ef54e096590b005f3f9fd45706932c63c4e1df35d34ddd5b825c235189d53e	images\b0ef54e096590b005f3f9fd45706932c63c4e1df35d34ddd5b825c235189d53e.svg
C:\Projects\M2022\Examples\RibbonNotepadDemo\RibbonNotepadMainForm.dfm	RibbonNotepadMainForm.pas	dfm	TfrmRibbonNotepadMain	cxSmallImages	cxSmallImages	TcxImageList		Y	ImageInfo[36].Image.Data	container		svg	595	0	0	0	0							823db1e6d0f002145fef178a6a946ded9415b645283a5a0e4d58b89a6a4b097e	images\823db1e6d0f002145fef178a6a946ded9415b645283a5a0e4d58b89a6a4b097e.svg
C:\Projects\M2022\Examples\RibbonNotepadDemo\RibbonNotepadMainForm.dfm	RibbonNotepadMainForm.pas	dfm	TfrmRibbonNotepadMain	cxSmallImages	cxSmallImages	TcxImageList		Y	ImageInfo[37].Image.Data	container		svg	2214	0	0	0	0							c94a166e1033431c92e42098990e5775cda4252f138d5086caef926e93d7127f	images\c94a166e1033431c92e42098990e5775cda4252f138d5086caef926e93d7127f.svg
C:\Projects\M2022\Examples\RibbonNotepadDemo\RibbonNotepadMainForm.dfm	RibbonNotepadMainForm.pas	dfm	TfrmRibbonNotepadMain	cxSmallImages	cxSmallImages	TcxImageList		Y	ImageInfo[38].Image.Data	container		svg	3571	0	0	0	0							82a0fdd39d43364cf5bbc9a79991437b3581785cbac582002bc797183e4fd16f	images\82a0fdd39d43364cf5bbc9a79991437b3581785cbac582002bc797183e4fd16f.svg
C:\Projects\M2022\Examples\RibbonNotepadDemo\RibbonNotepadMainForm.dfm	RibbonNotepadMainForm.pas	dfm	TfrmRibbonNotepadMain	cxSmallImages	cxSmallImages	TcxImageList		Y	ImageInfo[39].Image.Data	container		svg	441	0	0	0	0							12c58c141eb54a812c68cfeb7406e7307c3afb1e0f2040ef80ded6b37aeb5907	images\12c58c141eb54a812c68cfeb7406e7307c3afb1e0f2040ef80ded6b37aeb5907.svg
C:\Projects\M2022\Examples\RibbonNotepadDemo\RibbonNotepadMainForm.dfm	RibbonNotepadMainForm.pas	dfm	TfrmRibbonNotepadMain	cxSmallImages	cxSmallImages	TcxImageList		Y	ImageInfo[40].Image.Data	container		svg	742	0	0	0	0							e5e0160934adc4c19bfe065f23249b926bb9938162bb10daaae1e4d1e28e8517	images\e5e0160934adc4c19bfe065f23249b926bb9938162bb10daaae1e4d1e28e8517.svg
C:\Projects\M2022\Examples\RibbonNotepadDemo\RibbonNotepadMainForm.dfm	RibbonNotepadMainForm.pas	dfm	TfrmRibbonNotepadMain	cxSmallImages	cxSmallImages	TcxImageList		Y	ImageInfo[41].Image.Data	container		svg	1080	0	0	0	0							f208ae119bd4ca2a533eecb9dd31b2a1016ad290b568b5a6d2f516cb1cba73fc	images\f208ae119bd4ca2a533eecb9dd31b2a1016ad290b568b5a6d2f516cb1cba73fc.svg
C:\Projects\M2022\Examples\RibbonNotepadDemo\RibbonNotepadMainForm.dfm	RibbonNotepadMainForm.pas	dfm	TfrmRibbonNotepadMain	cxSmallImages	cxSmallImages	TcxImageList		Y	ImageInfo[42].Image.Data	container		svg	548	0	0	0	0							ae8368985d4835333109fe32d225c075d3abd88c93857ecae7728c866f5e3275	images\ae8368985d4835333109fe32d225c075d3abd88c93857ecae7728c866f5e3275.svg
C:\Projects\M2022\Examples\RibbonNotepadDemo\RibbonNotepadMainForm.dfm	RibbonNotepadMainForm.pas	dfm	TfrmRibbonNotepadMain	cxSmallImages	cxSmallImages	TcxImageList		Y	ImageInfo[43].Image.Data	container		svg	1585	0	0	0	0							d3e30041ce57ec8812eb4aa637baa1bebeafe459c4fff6c55bf4e01b3d75db2a	images\d3e30041ce57ec8812eb4aa637baa1bebeafe459c4fff6c55bf4e01b3d75db2a.svg
C:\Projects\M2022\Examples\RibbonNotepadDemo\RibbonNotepadMainForm.dfm	RibbonNotepadMainForm.pas	dfm	TfrmRibbonNotepadMain	cxSmallImages	cxSmallImages	TcxImageList		Y	ImageInfo[44].Image.Data	container		svg	1220	0	0	0	0							588ed5926ffea78109c30f49de6b947417aef55f18884b8da752171a6fbd6f24	images\588ed5926ffea78109c30f49de6b947417aef55f18884b8da752171a6fbd6f24.svg
C:\Projects\M2022\Examples\RibbonNotepadDemo\RibbonNotepadMainForm.dfm	RibbonNotepadMainForm.pas	dfm	TfrmRibbonNotepadMain	cxSmallImages	cxSmallImages	TcxImageList		Y	ImageInfo[45].Image.Data	container		svg	878	0	0	0	0							c73f81a820f24e77d0c4a0db74cf3e0f057bf986cf710bb0077693b6a93f78ee	images\c73f81a820f24e77d0c4a0db74cf3e0f057bf986cf710bb0077693b6a93f78ee.svg
C:\Projects\M2022\Examples\RibbonNotepadDemo\RibbonNotepadMainForm.dfm	RibbonNotepadMainForm.pas	dfm	TfrmRibbonNotepadMain	cxSmallImages	cxSmallImages	TcxImageList		Y	ImageInfo[46].Image.Data	container		svg	823	0	0	0	0							1967757bbfdf1f37b03904ea3e95ee48b34abe158459e4732e157bf82e97959f	images\1967757bbfdf1f37b03904ea3e95ee48b34abe158459e4732e157bf82e97959f.svg
C:\Projects\M2022\Examples\RibbonNotepadDemo\RibbonNotepadMainForm.dfm	RibbonNotepadMainForm.pas	dfm	TfrmRibbonNotepadMain	cxSmallImages	cxSmallImages	TcxImageList		Y	ImageInfo[47].Image.Data	container		svg	601	0	0	0	0							e513ff69df9b473b690a25c17ca84dd8f2da5595c3184b93595d66b0fd702075	images\e513ff69df9b473b690a25c17ca84dd8f2da5595c3184b93595d66b0fd702075.svg
C:\Projects\M2022\Examples\RibbonNotepadDemo\RibbonNotepadMainForm.dfm	RibbonNotepadMainForm.pas	dfm	TfrmRibbonNotepadMain	cxSmallImages	cxSmallImages	TcxImageList		Y	ImageInfo[48].Image.Data	container		svg	842	0	0	0	0							f24ddd80e899676c62bf77ed5470220c5c01a3400becf007d2adca8c1b0c5910	images\f24ddd80e899676c62bf77ed5470220c5c01a3400becf007d2adca8c1b0c5910.svg
C:\Projects\M2022\Examples\RibbonNotepadDemo\RibbonNotepadMainForm.dfm	RibbonNotepadMainForm.pas	dfm	TfrmRibbonNotepadMain	dxBarManager.dxbFile	dxbFile	TdxBar			Glyph.Data	single		bmp	1078	16	16	32	0					1		bed1135e7d495d0c0cf2ebc5e31d396d95998330cdef5e3fa5e7f946751eb990	images\bed1135e7d495d0c0cf2ebc5e31d396d95998330cdef5e3fa5e7f946751eb990.bmp
C:\Projects\M2022\Examples\RibbonNotepadDemo\RibbonNotepadMainForm.dfm	RibbonNotepadMainForm.pas	dfm	TfrmRibbonNotepadMain	dxBarManager.dxbClipboard	dxbClipboard	TdxBar			Glyph.Data	single		bmp	1078	16	16	32	0					1		0c8d1b8d5ac6ca4262304839669ee875135216a1357eb770c0682ea0fa18c4c5	images\0c8d1b8d5ac6ca4262304839669ee875135216a1357eb770c0682ea0fa18c4c5.bmp
C:\Projects\M2022\Examples\RibbonNotepadDemo\RibbonNotepadMainForm.dfm	RibbonNotepadMainForm.pas	dfm	TfrmRibbonNotepadMain	dxBarManager.dxbEditing	dxbEditing	TdxBar			Glyph.Data	single		bmp	1078	16	16	32	0					1		41d0f65083046ce0e2a177756f7a0fd0f9db6ffbfa65187c29030b2ddb83c7f0	images\41d0f65083046ce0e2a177756f7a0fd0f9db6ffbfa65187c29030b2ddb83c7f0.bmp
C:\Projects\M2022\Examples\RibbonNotepadDemo\RibbonNotepadMainForm.dfm	RibbonNotepadMainForm.pas	dfm	TfrmRibbonNotepadMain	dxBarManager.dxbParagraph	dxbParagraph	TdxBar			Glyph.Data	single		bmp	1078	16	16	32	0					1		39f8fa8350448892afc6ea1adc76a9c44bcc82391c6d8cc6da99debb78ced329	images\39f8fa8350448892afc6ea1adc76a9c44bcc82391c6d8cc6da99debb78ced329.bmp
C:\Projects\M2022\Examples\RibbonNotepadDemo\RibbonNotepadMainForm.dfm	RibbonNotepadMainForm.pas	dfm	TfrmRibbonNotepadMain	dxBarManager.dxbFontAndColors	dxbFontAndColors	TdxBar			Glyph.Data	single		bmp	1078	16	16	32	0					1		7e5f86577631edc83f4e3a2f0606e6648a91bff3c207483f0edf4e5f95019d8c	images\7e5f86577631edc83f4e3a2f0606e6648a91bff3c207483f0edf4e5f95019d8c.bmp
C:\Projects\M2022\Examples\RibbonNotepadDemo\RibbonNotepadMainForm.dfm	RibbonNotepadMainForm.pas	dfm	TfrmRibbonNotepadMain	dxBarManager.dxbRibbonOptions	dxbRibbonOptions	TdxBar			Glyph.Data	single		bmp	1078	16	16	32	0					1		26c3f99e0196843988011a630f14c0e04130a5e1221e9727360f8ede7ae373ff	images\26c3f99e0196843988011a630f14c0e04130a5e1221e9727360f8ede7ae373ff.bmp
C:\Projects\M2022\Examples\RibbonNotepadDemo\RibbonNotepadMainForm.dfm	RibbonNotepadMainForm.pas	dfm	TfrmRibbonNotepadMain	dxBarManager.dxbQATOptions	dxbQATOptions	TdxBar			Glyph.Data	single		bmp	1078	16	16	32	0					1		f7833c43defcd6d8365cc84ff84c5abb6555296c61ccd1e2f39c93c3d6ca8ef6	images\f7833c43defcd6d8365cc84ff84c5abb6555296c61ccd1e2f39c93c3d6ca8ef6.bmp
C:\Projects\M2022\Examples\RibbonNotepadDemo\RibbonNotepadMainForm.dfm	RibbonNotepadMainForm.pas	dfm	TfrmRibbonNotepadMain	dxBarManager.dxbColorScheme	dxbColorScheme	TdxBar			Glyph.Data	single		bmp	1078	16	16	32	0					1		b8b3fadddc4c1a276a363ff9dce76e8b1843c3d041f7245cfb547ba779dae84f	images\b8b3fadddc4c1a276a363ff9dce76e8b1843c3d041f7245cfb547ba779dae84f.bmp
C:\Projects\M2022\Examples\RibbonNotepadDemo\RibbonNotepadMainForm.dfm	RibbonNotepadMainForm.pas	dfm	TfrmRibbonNotepadMain	dxBarManager.dxbHelp	dxbHelp	TdxBar			Glyph.Data	single		bmp	1078	16	16	32	0					1		f20ae9a3ee889100a2854f099c0b38ef6fce78a9e3a0d8e2970cf5cc361dad9b	images\f20ae9a3ee889100a2854f099c0b38ef6fce78a9e3a0d8e2970cf5cc361dad9b.bmp
C:\Projects\M2022\Examples\RibbonNotepadDemo\RibbonNotepadMainForm.dfm	RibbonNotepadMainForm.pas	dfm	TfrmRibbonNotepadMain	dxBarManager.dxbLinks	dxbLinks	TdxBar			Glyph.Data	single		bmp	1078	16	16	32	0					1		1c5af7110cb67b35c7f00d7ba81022b2a2e5bbd329211583bc51c64291024e9d	images\1c5af7110cb67b35c7f00d7ba81022b2a2e5bbd329211583bc51c64291024e9d.bmp
C:\Projects\M2022\Examples\RibbonNotepadDemo\RibbonNotepadMainForm.dfm	RibbonNotepadMainForm.pas	dfm	TfrmRibbonNotepadMain	dxBarManager.dxbContextMenuStyle	dxbContextMenuStyle	TdxBar			Glyph.Data	single		bmp	1078	16	16	32	0					1		e3fab6c3f8f2438bf6c47ba2885f48a8f751bbbf4cdbea2dab906dfcdbe628c4	images\e3fab6c3f8f2438bf6c47ba2885f48a8f751bbbf4cdbea2dab906dfcdbe628c4.bmp
C:\Projects\M2022\Examples\RibbonNotepadDemo\RibbonNotepadMainForm.dfm	RibbonNotepadMainForm.pas	dfm	TfrmRibbonNotepadMain	dxBarManager.bbQATAboveRibbon	bbQATAboveRibbon	TdxBarButton			Glyph.Data	single		bmp	630	12	12	32	0					1		618840b8e665e792e99a2b7f64dc16c330f186e97f1c83a970a42db1b0e912ec	images\618840b8e665e792e99a2b7f64dc16c330f186e97f1c83a970a42db1b0e912ec.bmp
C:\Projects\M2022\Examples\RibbonNotepadDemo\RibbonNotepadMainForm.dfm	RibbonNotepadMainForm.pas	dfm	TfrmRibbonNotepadMain	dxBarManager.bbQATBelowRibbon	bbQATBelowRibbon	TdxBarButton			Glyph.Data	single		bmp	630	12	12	32	0					1		3e8fe2ede37fa9dc635b61744b237993736b07fd0f366bb4542e3b494c45ffbe	images\3e8fe2ede37fa9dc635b61744b237993736b07fd0f366bb4542e3b494c45ffbe.bmp
C:\Projects\M2022\Examples\RibbonNotepadDemo\RibbonNotepadMainForm.dfm	RibbonNotepadMainForm.pas	dfm	TfrmRibbonNotepadMain	dxBarManager.bbLogo	bbLogo	TdxBarButton			Glyph.Data	single		bmp	1078	16	16	32	0					1		6793c70f7b5a6e02f1a72f253007952644af3cef28ffe89bfc68c628e0ecf297	images\6793c70f7b5a6e02f1a72f253007952644af3cef28ffe89bfc68c628e0ecf297.bmp
C:\Projects\M2022\Examples\RibbonNotepadDemo\RibbonNotepadMainForm.dfm	RibbonNotepadMainForm.pas	dfm	TfrmRibbonNotepadMain	dxBarManager.beOfficeSearchBox	beOfficeSearchBox	TcxBarEditItem			Properties.Glyph.Data	single		png	702	0	0	0	0							c294ff19b7d7e28a1a39172d68302a9df0b3d48929464f08a06f0f69a9b54fc2	images\c294ff19b7d7e28a1a39172d68302a9df0b3d48929464f08a06f0f69a9b54fc2.png
C:\Projects\M2022\Examples\RibbonNotepadDemo\RibbonNotepadMainForm.dfm	RibbonNotepadMainForm.pas	dfm	TfrmRibbonNotepadMain	dxBarScreenTipRepository1	dxBarScreenTipRepository1	TdxBarScreenTipRepository			StandardFooter.Glyph.Data	single		bmp	1078	16	16	32	0					1		1c5af7110cb67b35c7f00d7ba81022b2a2e5bbd329211583bc51c64291024e9d	images\1c5af7110cb67b35c7f00d7ba81022b2a2e5bbd329211583bc51c64291024e9d.bmp
C:\Projects\M2022\Examples\RibbonNotepadDemo\RibbonNotepadMainForm.dfm	RibbonNotepadMainForm.pas	dfm	TfrmRibbonNotepadMain	dxBarScreenTipRepository1.stFind	stFind	TdxBarScreenTip			Description.Glyph.Data	single		bmp	13878	96	36	32	0							7ae0d09462cd86fcbfebc5ddbddb9bc99000082588c6e221429e2ee5b4bb81e0	images\7ae0d09462cd86fcbfebc5ddbddb9bc99000082588c6e221429e2ee5b4bb81e0.bmp
C:\Projects\M2022\Examples\RibbonNotepadDemo\RibbonNotepadMainForm.dfm	RibbonNotepadMainForm.pas	dfm	TfrmRibbonNotepadMain	dxBarScreenTipRepository1.stReplace	stReplace	TdxBarScreenTip			Description.Glyph.Data	single		bmp	20022	96	52	32	0							496c8a65579f957747e4802478deb02cfa37dc097cf2170fd1e0a15099d80af2	images\496c8a65579f957747e4802478deb02cfa37dc097cf2170fd1e0a15099d80af2.bmp
C:\Projects\M2022\Examples\RibbonNotepadDemo\RibbonNotepadMainForm.dfm	RibbonNotepadMainForm.pas	dfm	TfrmRibbonNotepadMain	dxBarScreenTipRepository1.stAppMenu	stAppMenu	TdxBarScreenTip			Description.Glyph.Data	single		bmp	34646	94	92	32	0							bd879d24597bf4fd55cc5a637c11f006330b17c816efce4c102fbf1c88f9240d	images\bd879d24597bf4fd55cc5a637c11f006330b17c816efce4c102fbf1c88f9240d.bmp
C:\Projects\M2022\Examples\RibbonNotepadDemo\RibbonNotepadMainForm.dfm	RibbonNotepadMainForm.pas	dfm	TfrmRibbonNotepadMain	dxBarScreenTipRepository1.stOpen	stOpen	TdxBarScreenTip			Description.Glyph.Data	single		bmp	27702	96	72	32	0							91a34b6cae128cc5a7590ec0add9453b243d427d5929610e5d6809771cabca24	images\91a34b6cae128cc5a7590ec0add9453b243d427d5929610e5d6809771cabca24.bmp
C:\Projects\M2022\Examples\RibbonNotepadDemo\RibbonNotepadMainForm.dfm	RibbonNotepadMainForm.pas	dfm	TfrmRibbonNotepadMain	dxBarScreenTipRepository1.stOpen	stOpen	TdxBarScreenTip			Footer.Glyph.Data	single		bmp	1078	16	16	32	0					1		1c5af7110cb67b35c7f00d7ba81022b2a2e5bbd329211583bc51c64291024e9d	images\1c5af7110cb67b35c7f00d7ba81022b2a2e5bbd329211583bc51c64291024e9d.bmp
C:\Projects\M2022\Examples\RibbonNotepadDemo\RibbonNotepadMainForm.dfm	RibbonNotepadMainForm.pas	dfm	TfrmRibbonNotepadMain	dxBarScreenTipRepository1.stPrint	stPrint	TdxBarScreenTip			Description.Glyph.Data	single		bmp	28470	96	74	32	0							971efb8b6990953cbf9d2f895a87451410ca6ef3cdf10980dfb10c78734468de	images\971efb8b6990953cbf9d2f895a87451410ca6ef3cdf10980dfb10c78734468de.bmp
C:\Projects\M2022\Examples\RibbonNotepadDemo\RibbonNotepadMainForm.dfm	RibbonNotepadMainForm.pas	dfm	TfrmRibbonNotepadMain	dxBarScreenTipRepository1.stFontDialog	stFontDialog	TdxBarScreenTip			Description.Glyph.Data	single		bmp	28630	94	76	32	0							71fa673df602cc690497df78240b7d455144c6ce9434d7b5c78d94a099b6e0dc	images\71fa673df602cc690497df78240b7d455144c6ce9434d7b5c78d94a099b6e0dc.bmp
C:\Projects\M2022\Examples\RibbonNotepadDemo\RibbonNotepadMainForm.dfm	RibbonNotepadMainForm.pas	dfm	TfrmRibbonNotepadMain	ilSmallColorSchemesGlyphs	ilSmallColorSchemesGlyphs	TcxImageList			ImageInfo[0].Image.Data	container		bmp	1082	16	16	32	0					1		05b50dd48ecdb08ac22f2359142c0b806b0b00db1ba61c6eb9e2853498985668	images\05b50dd48ecdb08ac22f2359142c0b806b0b00db1ba61c6eb9e2853498985668.bmp
C:\Projects\M2022\Examples\RibbonNotepadDemo\RibbonNotepadMainForm.dfm	RibbonNotepadMainForm.pas	dfm	TfrmRibbonNotepadMain	ilSmallColorSchemesGlyphs	ilSmallColorSchemesGlyphs	TcxImageList			ImageInfo[1].Image.Data	container		bmp	1082	16	16	32	0					1		d1c79f594148abba15069f7eacbdea7ec966d07b7748df45d22178a3c407b3dc	images\d1c79f594148abba15069f7eacbdea7ec966d07b7748df45d22178a3c407b3dc.bmp
C:\Projects\M2022\Examples\RibbonNotepadDemo\RibbonNotepadMainForm.dfm	RibbonNotepadMainForm.pas	dfm	TfrmRibbonNotepadMain	ilSmallColorSchemesGlyphs	ilSmallColorSchemesGlyphs	TcxImageList			ImageInfo[2].Image.Data	container		bmp	1082	16	16	32	0					1		7cd5a55749a02c62ca4052daeb96c22fb3693b8ad0d57343b57682251aa062b8	images\7cd5a55749a02c62ca4052daeb96c22fb3693b8ad0d57343b57682251aa062b8.bmp
C:\Projects\M2022\Examples\RibbonNotepadDemo\RibbonNotepadMainForm.dfm	RibbonNotepadMainForm.pas	dfm	TfrmRibbonNotepadMain	ilSmallColorSchemesGlyphs	ilSmallColorSchemesGlyphs	TcxImageList			ImageInfo[3].Image.Data	container		bmp	1082	16	16	32	0					1		5b87dea49d8eb4dd5ded58d309386e94d3494e0a2b90a81f2ea75065a8fd79a0	images\5b87dea49d8eb4dd5ded58d309386e94d3494e0a2b90a81f2ea75065a8fd79a0.bmp
C:\Projects\M2022\Examples\RibbonNotepadDemo\RibbonNotepadMainForm.dfm	RibbonNotepadMainForm.pas	dfm	TfrmRibbonNotepadMain	ilSmallColorSchemesGlyphs	ilSmallColorSchemesGlyphs	TcxImageList			ImageInfo[4].Image.Data	container		bmp	1082	16	16	32	0					1		7cd5a55749a02c62ca4052daeb96c22fb3693b8ad0d57343b57682251aa062b8	images\7cd5a55749a02c62ca4052daeb96c22fb3693b8ad0d57343b57682251aa062b8.bmp
C:\Projects\M2022\Examples\RibbonNotepadDemo\RibbonNotepadMainForm.dfm	RibbonNotepadMainForm.pas	dfm	TfrmRibbonNotepadMain	ilSmallColorSchemesGlyphs	ilSmallColorSchemesGlyphs	TcxImageList			ImageInfo[5].Image.Data	container		bmp	1082	16	16	32	0					1		c08181a7e3b66cf21e8cdbf52b4d051f5a54d5a8eac9b457f780df3ca844e207	images\c08181a7e3b66cf21e8cdbf52b4d051f5a54d5a8eac9b457f780df3ca844e207.bmp
C:\Projects\M2022\Examples\RibbonNotepadDemo\RibbonNotepadMainForm.dfm	RibbonNotepadMainForm.pas	dfm	TfrmRibbonNotepadMain	ilLargeColorSchemesGlyphs	ilLargeColorSchemesGlyphs	TcxImageList			ImageInfo[0].Image.Data	container		bmp	9274	48	48	32	0					1		9343f81602a6fe533793d8e111bfe3afb5cb25c5ac5f95c672d4420f33511f6b	images\9343f81602a6fe533793d8e111bfe3afb5cb25c5ac5f95c672d4420f33511f6b.bmp
C:\Projects\M2022\Examples\RibbonNotepadDemo\RibbonNotepadMainForm.dfm	RibbonNotepadMainForm.pas	dfm	TfrmRibbonNotepadMain	ilLargeColorSchemesGlyphs	ilLargeColorSchemesGlyphs	TcxImageList			ImageInfo[1].Image.Data	container		bmp	9274	48	48	32	0					1		896de14ef0f5e34acdc78af1717d538e82987ab077f08f8f164e90a722ffcd5a	images\896de14ef0f5e34acdc78af1717d538e82987ab077f08f8f164e90a722ffcd5a.bmp
C:\Projects\M2022\Examples\RibbonNotepadDemo\RibbonNotepadMainForm.dfm	RibbonNotepadMainForm.pas	dfm	TfrmRibbonNotepadMain	ilLargeColorSchemesGlyphs	ilLargeColorSchemesGlyphs	TcxImageList			ImageInfo[2].Image.Data	container		bmp	9274	48	48	32	0					1		dd3d7e89d761931b1c9609dd8703a29d565e66af2e360ea51987d7dcf09ca0b6	images\dd3d7e89d761931b1c9609dd8703a29d565e66af2e360ea51987d7dcf09ca0b6.bmp
C:\Projects\M2022\Examples\RibbonNotepadDemo\RibbonNotepadMainForm.dfm	RibbonNotepadMainForm.pas	dfm	TfrmRibbonNotepadMain	ilLargeColorSchemesGlyphs	ilLargeColorSchemesGlyphs	TcxImageList			ImageInfo[3].Image.Data	container		bmp	9274	48	48	32	0					1		f8cd50b9af02444a18f11390f59d275e24cd1ae331debaf5632d5a184f1646cb	images\f8cd50b9af02444a18f11390f59d275e24cd1ae331debaf5632d5a184f1646cb.bmp
C:\Projects\M2022\Examples\RibbonNotepadDemo\RibbonNotepadMainForm.dfm	RibbonNotepadMainForm.pas	dfm	TfrmRibbonNotepadMain	ilLargeColorSchemesGlyphs	ilLargeColorSchemesGlyphs	TcxImageList			ImageInfo[4].Image.Data	container		bmp	9274	48	48	32	0					1		013e4e9f3b801eed274106d5a5358b3848f85bcbfdc303f6e269885a1d909989	images\013e4e9f3b801eed274106d5a5358b3848f85bcbfdc303f6e269885a1d909989.bmp
C:\Projects\M2022\Examples\RibbonNotepadDemo\RibbonNotepadMainForm.dfm	RibbonNotepadMainForm.pas	dfm	TfrmRibbonNotepadMain	ilLargeColorSchemesGlyphs	ilLargeColorSchemesGlyphs	TcxImageList			ImageInfo[5].Image.Data	container		bmp	9274	48	48	32	0					1		ccc2a76af5ac61cee5951b0d68629a2cfaddf19c35b29bb98353459b45c1c69b	images\ccc2a76af5ac61cee5951b0d68629a2cfaddf19c35b29bb98353459b45c1c69b.bmp
C:\Projects\M2022\Examples\RibbonNotepadDemo\RibbonNotepadMainForm.dfm	RibbonNotepadMainForm.pas	dfm	TfrmRibbonNotepadMain	RibbonRadialMenu	RibbonRadialMenu	TdxRibbonRadialMenu			Glyph.Data	single		png	2677	0	0	0	0							3eff063d7865875ba696b92611859b163f3fbd04cacb8f52fa0c7fd232d4e147	images\3eff063d7865875ba696b92611859b163f3fbd04cacb8f52fa0c7fd232d4e147.png
C:\Projects\M2022\FastMetrologyReport.dfm	FastMetrologyReport.pas	dfm	TfrmFastMetrologyReport		frmFastMetrologyReport	TfrmFastMetrologyReport			Icon.Data	single		ico	1150	0	0	0	0							87829c566615525191dec99da56caf00d42442aaa72a701af21d38cb4d4598be	images\87829c566615525191dec99da56caf00d42442aaa72a701af21d38cb4d4598be.ico
C:\Projects\M2022\FastMetrologyReport.dfm	FastMetrologyReport.pas	dfm	TfrmFastMetrologyReport	dxBarManager1.btnExit	btnExit	TdxBarButton			Glyph.Data	single		bmp	1078	16	16	32	0					1		d1f5d5f839df61eb3317ff82c09de63b57e908669df38bd26a96a6dd5b8d7ad7	images\d1f5d5f839df61eb3317ff82c09de63b57e908669df38bd26a96a6dd5b8d7ad7.bmp
C:\Projects\M2022\FastMetrologyReport.dfm	FastMetrologyReport.pas	dfm	TfrmFastMetrologyReport	dxBarManager1.btnMaximize	btnMaximize	TdxBarButton			Glyph.Data	single		bmp	1078	16	16	32	0					1		d979d0b7b77a3576b3ea07e84c5ebda63b9ff26d22cf4e477f50474bd456c113	images\d979d0b7b77a3576b3ea07e84c5ebda63b9ff26d22cf4e477f50474bd456c113.bmp
C:\Projects\M2022\FastMetrologyReport.dfm	FastMetrologyReport.pas	dfm	TfrmFastMetrologyReport	dxBarManager1.btnCancel	btnCancel	TdxBarButton			Glyph.Data	single		bmp	1078	16	16	32	0					1		d8be263f447bb2946a9ecf5e82e5052aebdb1fe0336a015e65e001415629d619	images\d8be263f447bb2946a9ecf5e82e5052aebdb1fe0336a015e65e001415629d619.bmp
C:\Projects\M2022\FastMetrologyReport.dfm	FastMetrologyReport.pas	dfm	TfrmFastMetrologyReport	dxBarManager1.btnPrint	btnPrint	TdxBarButton			Glyph.Data	single		bmp	1078	16	16	32	0					1		946d8ef4176300b7514b0712f480d3449521bbc5f097c0f596a6516e63518d3c	images\946d8ef4176300b7514b0712f480d3449521bbc5f097c0f596a6516e63518d3c.bmp
C:\Projects\M2022\FindSerialNumber.dfm	FindSerialNumber.pas	dfm	TfrmFindSerialNumber		frmFindSerialNumber	TfrmFindSerialNumber			Icon.Data	single		ico	1150	0	0	0	0							87829c566615525191dec99da56caf00d42442aaa72a701af21d38cb4d4598be	images\87829c566615525191dec99da56caf00d42442aaa72a701af21d38cb4d4598be.ico
C:\Projects\M2022\FindSerialNumber.dfm	FindSerialNumber.pas	dfm	TfrmFindSerialNumber	dxBarManager1.btnExit	btnExit	TdxBarButton			Glyph.Data	single		bmp	1078	16	16	32	0					1		d1f5d5f839df61eb3317ff82c09de63b57e908669df38bd26a96a6dd5b8d7ad7	images\d1f5d5f839df61eb3317ff82c09de63b57e908669df38bd26a96a6dd5b8d7ad7.bmp
C:\Projects\M2022\FindSerialNumber.dfm	FindSerialNumber.pas	dfm	TfrmFindSerialNumber	dxBarManager1.btnMaximize	btnMaximize	TdxBarButton			Glyph.Data	single		bmp	1078	16	16	32	0					1		d979d0b7b77a3576b3ea07e84c5ebda63b9ff26d22cf4e477f50474bd456c113	images\d979d0b7b77a3576b3ea07e84c5ebda63b9ff26d22cf4e477f50474bd456c113.bmp
C:\Projects\M2022\FindSerialNumber.dfm	FindSerialNumber.pas	dfm	TfrmFindSerialNumber	dxBarManager1.btnCancel	btnCancel	TdxBarButton			Glyph.Data	single		bmp	1078	16	16	32	0					1		d8be263f447bb2946a9ecf5e82e5052aebdb1fe0336a015e65e001415629d619	images\d8be263f447bb2946a9ecf5e82e5052aebdb1fe0336a015e65e001415629d619.bmp
C:\Projects\M2022\FirstSampleReport.dfm	FirstSampleReport.pas	dfm	TfrmFirstSampleReport	RzCheckList1	RzCheckList1	TRzCheckList			CustomGlyphs.Data	strip		bmp	4666	96	16	24	0					6		20de6362cd769f0d2bc7de0d3989e2f39f4f3bddfbbc543770b733d6d41704a9	images\20de6362cd769f0d2bc7de0d3989e2f39f4f3bddfbbc543770b733d6d41704a9.bmp
C:\Projects\M2022\FirstSampleReport.dfm	FirstSampleReport.pas	dfm	TfrmFirstSampleReport	dxBarManager1.btnSetup	btnSetup	TdxBarButton			Glyph.Data	single		bmp	1078	16	16	32	0					1		3c545b6eab756628aaef5cb3e28e2d0b905be4aa96532a412462b7a92f079baa	images\3c545b6eab756628aaef5cb3e28e2d0b905be4aa96532a412462b7a92f079baa.bmp
C:\Projects\M2022\FirstSampleReport.dfm	FirstSampleReport.pas	dfm	TfrmFirstSampleReport	dxBarManager1.btnSearch	btnSearch	TdxBarButton			Glyph.Data	single		bmp	1078	16	16	32	0					1		3fba5a2f642b1d55d1df246640c7c563a35fc862ad1bdde5c6c3b04cd43b11f4	images\3fba5a2f642b1d55d1df246640c7c563a35fc862ad1bdde5c6c3b04cd43b11f4.bmp
C:\Projects\M2022\FirstSampleReport.dfm	FirstSampleReport.pas	dfm	TfrmFirstSampleReport	dxBarManager1.btnPrint	btnPrint	TdxBarButton			Glyph.Data	single		bmp	1078	16	16	32	0					1		946d8ef4176300b7514b0712f480d3449521bbc5f097c0f596a6516e63518d3c	images\946d8ef4176300b7514b0712f480d3449521bbc5f097c0f596a6516e63518d3c.bmp
C:\Projects\M2022\FirstSampleReport.dfm	FirstSampleReport.pas	dfm	TfrmFirstSampleReport	dxBarManager1.btnReportCAPB	btnReportCAPB	TdxBarButton			Glyph.Data	single		bmp	1078	16	16	32	0					1		946d8ef4176300b7514b0712f480d3449521bbc5f097c0f596a6516e63518d3c	images\946d8ef4176300b7514b0712f480d3449521bbc5f097c0f596a6516e63518d3c.bmp
C:\Projects\M2022\FirstSampleSearch.dfm	FirstSampleSearch.pas	dfm	TfrmFirstSampleSearch		frmFirstSampleSearch	TfrmFirstSampleSearch			Icon.Data	single		ico	1150	0	0	0	0							87829c566615525191dec99da56caf00d42442aaa72a701af21d38cb4d4598be	images\87829c566615525191dec99da56caf00d42442aaa72a701af21d38cb4d4598be.ico
C:\Projects\M2022\FixMessage.dfm	FixMessage.pas	dfm	TfrmFixmessage		frmFixmessage	TfrmFixmessage			Icon.Data	single		ico	51262	0	0	0	0							adad2bc51732dcd9f6ba266123714c98295a19dc1825ce265486b70b67ab3b62	images\adad2bc51732dcd9f6ba266123714c98295a19dc1825ce265486b70b67ab3b62.ico
C:\Projects\M2022\FixMessage.dfm	FixMessage.pas	dfm	TfrmFixmessage	RzSplitter1.RzPanel1.cxImage1	cxImage1	TcxImage			Picture.Data	single	TPngImage	png	3707	0	0	0	0							bcb5301d622134516a908c665112b0063a9280ee08e3bd8d95129a01aab99c80	images\bcb5301d622134516a908c665112b0063a9280ee08e3bd8d95129a01aab99c80.png
C:\Projects\M2022\FixMessage.dfm	FixMessage.pas	dfm	TfrmFixmessage	RzPanel2.BitBtn1	BitBtn1	TcxButton			OptionsImage.Glyph.Data	single		svg	311	0	0	0	0							ab2833c13bab5dcf5c52f24bf054fc6b3ced8666064942a91cc8b758a6e53202	images\ab2833c13bab5dcf5c52f24bf054fc6b3ced8666064942a91cc8b758a6e53202.svg
C:\Projects\M2022\FixMessage.dfm	FixMessage.pas	dfm	TfrmFixmessage	qry1	qry1	TQuery			Data	single			645	0	0	0	0							fedbde7b782002a9609160796973fb76cb82358abfb98945faa38e5f3f9130fb	images\fedbde7b782002a9609160796973fb76cb82358abfb98945faa38e5f3f9130fb.bin
C:\Projects\M2022\frmAskSS.dfm	frmAskSS.pas	dfm	TfrmAskSSize		frmAskSSize	TfrmAskSSize			Icon.Data	single		ico	1150	0	0	0	0							87829c566615525191dec99da56caf00d42442aaa72a701af21d38cb4d4598be	images\87829c566615525191dec99da56caf00d42442aaa72a701af21d38cb4d4598be.ico
C:\Projects\M2022\frmAskSS.dfm	frmAskSS.pas	dfm	TfrmAskSSize	dxBarManager1.btnExit	btnExit	TdxBarButton			Glyph.Data	single		bmp	1078	16	16	32	0					1		d1f5d5f839df61eb3317ff82c09de63b57e908669df38bd26a96a6dd5b8d7ad7	images\d1f5d5f839df61eb3317ff82c09de63b57e908669df38bd26a96a6dd5b8d7ad7.bmp
C:\Projects\M2022\frmAskSS.dfm	frmAskSS.pas	dfm	TfrmAskSSize	dxBarManager1.btnCancel	btnCancel	TdxBarButton			Glyph.Data	single		bmp	1078	16	16	32	0					1		d8be263f447bb2946a9ecf5e82e5052aebdb1fe0336a015e65e001415629d619	images\d8be263f447bb2946a9ecf5e82e5052aebdb1fe0336a015e65e001415629d619.bmp
C:\Projects\M2022\frmAskSS.dfm	frmAskSS.pas	dfm	TfrmAskSSize	dxBarManager1.btnMoveUp	btnMoveUp	TdxBarButton			Glyph.Data	single		bmp	1078	16	16	32	0					1		2fa18c3565d1f9b4951b9cbc50df8d74fc1d015993b031df9360acacb443678c	images\2fa18c3565d1f9b4951b9cbc50df8d74fc1d015993b031df9360acacb443678c.bmp
C:\Projects\M2022\frmAskSS.dfm	frmAskSS.pas	dfm	TfrmAskSSize	dxBarManager1.btnMoveDown	btnMoveDown	TdxBarButton			Glyph.Data	single		bmp	1078	16	16	32	0					1		fbdd6718e3501f252289f7a92228dfbb98ceaf91af193d52b8c486d5954ff2c9	images\fbdd6718e3501f252289f7a92228dfbb98ceaf91af193d52b8c486d5954ff2c9.bmp
C:\Projects\M2022\FTRNotes.dfm	FTRNotes.pas	dfm	TfrmFtrNotes		frmFtrNotes	TfrmFtrNotes			Icon.Data	single		ico	1150	0	0	0	0							87829c566615525191dec99da56caf00d42442aaa72a701af21d38cb4d4598be	images\87829c566615525191dec99da56caf00d42442aaa72a701af21d38cb4d4598be.ico
C:\Projects\M2022\FTRNotes.dfm	FTRNotes.pas	dfm	TfrmFtrNotes	dxBarManager1.btnExit	btnExit	TdxBarButton			Glyph.Data	single		svg	3033	0	0	0	0							39e5933d6f88188b2c66d8c653d769e7684d9a23c349e93e39b61c6384fc2a9e	images\39e5933d6f88188b2c66d8c653d769e7684d9a23c349e93e39b61c6384fc2a9e.svg
C:\Projects\M2022\FTRNotes.dfm	FTRNotes.pas	dfm	TfrmFtrNotes	dxBarManager1.btnExit	btnExit	TdxBarButton			LargeGlyph.Data	single		svg	2970	0	0	0	0							ecf7f8cff245dfe469c22dbbe89949935729c454cb838c7e2c99d37c710fdaf8	images\ecf7f8cff245dfe469c22dbbe89949935729c454cb838c7e2c99d37c710fdaf8.svg
C:\Projects\M2022\FTRNotes.dfm	FTRNotes.pas	dfm	TfrmFtrNotes	dxBarManager1.btnCancel	btnCancel	TdxBarButton			Glyph.Data	single		svg	475	0	0	0	0							182dc8b95b3aacd3fb2a562fef0f9af9d1bcead5a2f8e9477f6910dfd29af2d0	images\182dc8b95b3aacd3fb2a562fef0f9af9d1bcead5a2f8e9477f6910dfd29af2d0.svg
C:\Projects\M2022\FTRNotes.dfm	FTRNotes.pas	dfm	TfrmFtrNotes	dxBarManager1.btnCancel	btnCancel	TdxBarButton			LargeGlyph.Data	single		svg	568	0	0	0	0							254a91a3ff0f1a3346e315f10174313c435acc2a79e950cdf6f2ecb6ebd6961f	images\254a91a3ff0f1a3346e315f10174313c435acc2a79e950cdf6f2ecb6ebd6961f.svg
C:\Projects\M2022\GAGEFRM2.dfm	GAGEFRM2.pas	dfm	TfrmGageport2		frmGageport2	TfrmGageport2			Icon.Data	single		ico	766	0	0	0	0							ae9145644cd9111b11b730117baca2df72aa657880f470984b013c6d76d90bb2	images\ae9145644cd9111b11b730117baca2df72aa657880f470984b013c6d76d90bb2.ico
C:\Projects\M2022\GAGETEST.dfm	GAGETEST.pas	dfm	TGageBoxTestDlg		GageBoxTestDlg	TGageBoxTestDlg			Icon.Data	single		ico	1150	0	0	0	0							87829c566615525191dec99da56caf00d42442aaa72a701af21d38cb4d4598be	images\87829c566615525191dec99da56caf00d42442aaa72a701af21d38cb4d4598be.ico
C:\Projects\M2022\GAGETEST.dfm	GAGETEST.pas	dfm	TGageBoxTestDlg	btn_ReadGage	btn_ReadGage	TcxButton			OptionsImage.Glyph.Data	single		svg	1329	0	0	0	0							432076bb18be436f2b5716ea63fe9d00b2b094dd10e0e5b8b96ab55234215cf9	images\432076bb18be436f2b5716ea63fe9d00b2b094dd10e0e5b8b96ab55234215cf9.svg
C:\Projects\M2022\GAGETEST.dfm	GAGETEST.pas	dfm	TGageBoxTestDlg	btn_OK	btn_OK	TcxButton			OptionsImage.Glyph.Data	single		svg	3033	0	0	0	0							39e5933d6f88188b2c66d8c653d769e7684d9a23c349e93e39b61c6384fc2a9e	images\39e5933d6f88188b2c66d8c653d769e7684d9a23c349e93e39b61c6384fc2a9e.svg
C:\Projects\M2022\GONOGO.dfm	GONOGO.pas	dfm	TGoNoGoDlg		GoNoGoDlg	TGoNoGoDlg			Icon.Data	single		ico	1150	0	0	0	0							87829c566615525191dec99da56caf00d42442aaa72a701af21d38cb4d4598be	images\87829c566615525191dec99da56caf00d42442aaa72a701af21d38cb4d4598be.ico
C:\Projects\M2022\GONOGO.dfm	GONOGO.pas	dfm	TGoNoGoDlg	edt_BadPcs	edt_BadPcs	TOvcSimpleField			RangeHigh	single			10	0	0	0	0							7aef47f1de3be50d508efbbfb6db945c4a0ad740a15a3542bea0ceaeb3fa915f	images\7aef47f1de3be50d508efbbfb6db945c4a0ad740a15a3542bea0ceaeb3fa915f.bin
C:\Projects\M2022\GONOGO.dfm	GONOGO.pas	dfm	TGoNoGoDlg	edt_BadPcs	edt_BadPcs	TOvcSimpleField			RangeLow	single			10	0	0	0	0							01d448afd928065458cf670b60f5a594d735af0172c8d67f22a81680132681ca	images\01d448afd928065458cf670b60f5a594d735af0172c8d67f22a81680132681ca.bin
C:\Projects\M2022\GONOGO.dfm	GONOGO.pas	dfm	TGoNoGoDlg	edt_PcsOver	edt_PcsOver	TOvcSimpleField			RangeHigh	single			10	0	0	0	0							7aef47f1de3be50d508efbbfb6db945c4a0ad740a15a3542bea0ceaeb3fa915f	images\7aef47f1de3be50d508efbbfb6db945c4a0ad740a15a3542bea0ceaeb3fa915f.bin
C:\Projects\M2022\GONOGO.dfm	GONOGO.pas	dfm	TGoNoGoDlg	edt_PcsOver	edt_PcsOver	TOvcSimpleField			RangeLow	single			10	0	0	0	0							01d448afd928065458cf670b60f5a594d735af0172c8d67f22a81680132681ca	images\01d448afd928065458cf670b60f5a594d735af0172c8d67f22a81680132681ca.bin
C:\Projects\M2022\GONOGO.dfm	GONOGO.pas	dfm	TGoNoGoDlg	edt_PcsUnder	edt_PcsUnder	TOvcSimpleField			RangeHigh	single			10	0	0	0	0							7aef47f1de3be50d508efbbfb6db945c4a0ad740a15a3542bea0ceaeb3fa915f	images\7aef47f1de3be50d508efbbfb6db945c4a0ad740a15a3542bea0ceaeb3fa915f.bin
C:\Projects\M2022\GONOGO.dfm	GONOGO.pas	dfm	TGoNoGoDlg	edt_PcsUnder	edt_PcsUnder	TOvcSimpleField			RangeLow	single			10	0	0	0	0							01d448afd928065458cf670b60f5a594d735af0172c8d67f22a81680132681ca	images\01d448afd928065458cf670b60f5a594d735af0172c8d67f22a81680132681ca.bin
C:\Projects\M2022\GONOGO.dfm	GONOGO.pas	dfm	TGoNoGoDlg	edtPcsInspected	edtPcsInspected	TOvcSimpleField			RangeHigh	single			10	0	0	0	0							7aef47f1de3be50d508efbbfb6db945c4a0ad740a15a3542bea0ceaeb3fa915f	images\7aef47f1de3be50d508efbbfb6db945c4a0ad740a15a3542bea0ceaeb3fa915f.bin
C:\Projects\M2022\GONOGO.dfm	GONOGO.pas	dfm	TGoNoGoDlg	edtPcsInspected	edtPcsInspected	TOvcSimpleField			RangeLow	single			10	0	0	0	0							01d448afd928065458cf670b60f5a594d735af0172c8d67f22a81680132681ca	images\01d448afd928065458cf670b60f5a594d735af0172c8d67f22a81680132681ca.bin
C:\Projects\M2022\GONOGO.dfm	GONOGO.pas	dfm	TGoNoGoDlg	edt_BelowNorm	edt_BelowNorm	TOvcSimpleField			RangeHigh	single			10	0	0	0	0							7aef47f1de3be50d508efbbfb6db945c4a0ad740a15a3542bea0ceaeb3fa915f	images\7aef47f1de3be50d508efbbfb6db945c4a0ad740a15a3542bea0ceaeb3fa915f.bin
C:\Projects\M2022\GONOGO.dfm	GONOGO.pas	dfm	TGoNoGoDlg	edt_BelowNorm	edt_BelowNorm	TOvcSimpleField			RangeLow	single			10	0	0	0	0							01d448afd928065458cf670b60f5a594d735af0172c8d67f22a81680132681ca	images\01d448afd928065458cf670b60f5a594d735af0172c8d67f22a81680132681ca.bin
C:\Projects\M2022\GridLayout.dfm	GridLayout.pas	dfm	TfrmGridLayout		frmGridLayout	TfrmGridLayout			Icon.Data	single		ico	1150	0	0	0	0							87829c566615525191dec99da56caf00d42442aaa72a701af21d38cb4d4598be	images\87829c566615525191dec99da56caf00d42442aaa72a701af21d38cb4d4598be.ico
C:\Projects\M2022\GridLayout.dfm	GridLayout.pas	dfm	TfrmGridLayout	RzPanel1.RzMenuButton1	RzMenuButton1	TcxButton			OptionsImage.Glyph.Data	single		svg	311	0	0	0	0							ab2833c13bab5dcf5c52f24bf054fc6b3ced8666064942a91cc8b758a6e53202	images\ab2833c13bab5dcf5c52f24bf054fc6b3ced8666064942a91cc8b758a6e53202.svg
C:\Projects\M2022\GridLayout.dfm	GridLayout.pas	dfm	TfrmGridLayout	RzPanel1.RzMenuButton2	RzMenuButton2	TcxButton			OptionsImage.Glyph.Data	single		svg	475	0	0	0	0							182dc8b95b3aacd3fb2a562fef0f9af9d1bcead5a2f8e9477f6910dfd29af2d0	images\182dc8b95b3aacd3fb2a562fef0f9af9d1bcead5a2f8e9477f6910dfd29af2d0.svg
C:\Projects\M2022\GridLayout.dfm	GridLayout.pas	dfm	TfrmGridLayout	dxBarManager1	dxBarManager1	TdxBarManager			HelpButtonGlyph.Data	single		bmp	1078	16	16	32	0					1		ac7fabcb83cb04ea347df7e26a69df04ec3759c43d3ffb6de6a747f1cbf1e0fc	images\ac7fabcb83cb04ea347df7e26a69df04ec3759c43d3ffb6de6a747f1cbf1e0fc.bmp
C:\Projects\M2022\GridLayout.dfm	GridLayout.pas	dfm	TfrmGridLayout	dxBarManager1.dxBarDBNavFirst1	dxBarDBNavFirst1	TdxBarDBNavButton			Glyph.Data	single		svg	473	0	0	0	0							4f6b5e7feb872030cf8c07f4b0a9154dba561d068f0bbe851f401038888deb73	images\4f6b5e7feb872030cf8c07f4b0a9154dba561d068f0bbe851f401038888deb73.svg
C:\Projects\M2022\GridLayout.dfm	GridLayout.pas	dfm	TfrmGridLayout	dxBarManager1.dxBarDBNavPrev1	dxBarDBNavPrev1	TdxBarDBNavButton			Glyph.Data	single		svg	326	0	0	0	0							9affc86233a3c5214b39371064995d1a618b6351e5fc4ea3fcc737d5adee7301	images\9affc86233a3c5214b39371064995d1a618b6351e5fc4ea3fcc737d5adee7301.svg
C:\Projects\M2022\GridLayout.dfm	GridLayout.pas	dfm	TfrmGridLayout	dxBarManager1.dxBarDBNavNext1	dxBarDBNavNext1	TdxBarDBNavButton			Glyph.Data	single		svg	326	0	0	0	0							31c86d717e300180306624b9f136bc00ee9996221aef9eb76e66c80b91008bf7	images\31c86d717e300180306624b9f136bc00ee9996221aef9eb76e66c80b91008bf7.svg
C:\Projects\M2022\GridLayout.dfm	GridLayout.pas	dfm	TfrmGridLayout	dxBarManager1.dxBarDBNavLast1	dxBarDBNavLast1	TdxBarDBNavButton			Glyph.Data	single		svg	433	0	0	0	0							44036aa63309d06887b4983c8a4fc4e7f96de9af23f3593af004275785272ced	images\44036aa63309d06887b4983c8a4fc4e7f96de9af23f3593af004275785272ced.svg
C:\Projects\M2022\GridLayout.dfm	GridLayout.pas	dfm	TfrmGridLayout	dxBarManager1.dxBarDBNavDelete1	dxBarDBNavDelete1	TdxBarDBNavButton			Glyph.Data	single		svg	331	0	0	0	0							3426812018064253d38559294ae768a24bc1f0e2b55e1155b259650d305523b2	images\3426812018064253d38559294ae768a24bc1f0e2b55e1155b259650d305523b2.svg
C:\Projects\M2022\GridLayout.dfm	GridLayout.pas	dfm	TfrmGridLayout	dxBarManager1.dxBarDBNavEdit1	dxBarDBNavEdit1	TdxBarDBNavButton			Glyph.Data	single		svg	299	0	0	0	0							d7cef1afe0805720b049c349aa2273488c1eee83041ed56aa0d6d8502f8f2708	images\d7cef1afe0805720b049c349aa2273488c1eee83041ed56aa0d6d8502f8f2708.svg
C:\Projects\M2022\GridLayout.dfm	GridLayout.pas	dfm	TfrmGridLayout	dxBarManager1.dxBarDBNavPost1	dxBarDBNavPost1	TdxBarDBNavButton			Glyph.Data	single		svg	337	0	0	0	0							8f9b13bab01903aac5c507b4e8cabbe899263cd4f3aa5b9a02b0cf8d69d57e03	images\8f9b13bab01903aac5c507b4e8cabbe899263cd4f3aa5b9a02b0cf8d69d57e03.svg
C:\Projects\M2022\GridLayout.dfm	GridLayout.pas	dfm	TfrmGridLayout	dxBarManager1.dxBarDBNavCancel1	dxBarDBNavCancel1	TdxBarDBNavButton			Glyph.Data	single		svg	581	0	0	0	0							0bf670167728fb629118e442f19cb6d896033afa8289ac7bed141f4aa7ee9093	images\0bf670167728fb629118e442f19cb6d896033afa8289ac7bed141f4aa7ee9093.svg
C:\Projects\M2022\GridLayout.dfm	GridLayout.pas	dfm	TfrmGridLayout	dxBarManager1.dxBarDBNavRefresh1	dxBarDBNavRefresh1	TdxBarDBNavButton			Glyph.Data	single		svg	426	0	0	0	0							fe976aa73cfd0d6bdb8e57cba9f19670367d0f5a0ad38d7ed106e3af5b2d2eae	images\fe976aa73cfd0d6bdb8e57cba9f19670367d0f5a0ad38d7ed106e3af5b2d2eae.svg
C:\Projects\M2022\GridLayout.dfm	GridLayout.pas	dfm	TfrmGridLayout	dxBarManager1.dxBarDBNavAppend1	dxBarDBNavAppend1	TdxBarDBNavButton			Glyph.Data	single		svg	370	0	0	0	0							1cc652cdffa3e7adfface918a6fcea8f0c700fc11ba39682e14b71de2890a6ba	images\1cc652cdffa3e7adfface918a6fcea8f0c700fc11ba39682e14b71de2890a6ba.svg
C:\Projects\M2022\GridLayout.dfm	GridLayout.pas	dfm	TfrmGridLayout	cxImageList1	cxImageList1	TcxImageList			Bitmap	container			2790	0	0	0	0							75f6b001c8535b7c33fde00d7dc9114d13c28bd433a0e6a131c29708691e6b22	images\75f6b001c8535b7c33fde00d7dc9114d13c28bd433a0e6a131c29708691e6b22.bin
C:\Projects\M2022\GridLayout.dfm	GridLayout.pas	dfm	TfrmGridLayout	cxImageList1	cxImageList1	TcxImageList			ImageInfo[0].Image.Data	container		svg	2823	0	0	0	0							995610dcf272a6240a71fc02b762110c36325f40620e026c0f527cb5b75d8949	images\995610dcf272a6240a71fc02b762110c36325f40620e026c0f527cb5b75d8949.svg
C:\Projects\M2022\GridLayout.dfm	GridLayout.pas	dfm	TfrmGridLayout	cxImageList1	cxImageList1	TcxImageList			ImageInfo[1].Image.Data	container		svg	2823	0	0	0	0							995610dcf272a6240a71fc02b762110c36325f40620e026c0f527cb5b75d8949	images\995610dcf272a6240a71fc02b762110c36325f40620e026c0f527cb5b75d8949.svg
C:\Projects\M2022\GroupControl.dfm	GroupControl.pas	dfm	TfrmGroupControl		frmGroupControl	TfrmGroupControl			Icon.Data	single		ico	1150	0	0	0	0							87829c566615525191dec99da56caf00d42442aaa72a701af21d38cb4d4598be	images\87829c566615525191dec99da56caf00d42442aaa72a701af21d38cb4d4598be.ico
C:\Projects\M2022\GroupControl.dfm	GroupControl.pas	dfm	TfrmGroupControl	imlEOProcess	imlEOProcess	TImageList			Bitmap	container			40082	0	0	0	0							a25bced70dc82cf9922f288f5852503b0cc0f2210a041bf05c98a771d389e1f3	images\a25bced70dc82cf9922f288f5852503b0cc0f2210a041bf05c98a771d389e1f3.bin
C:\Projects\M2022\GroupControl.dfm	GroupControl.pas	dfm	TfrmGroupControl	dxBarManager1.btnExit	btnExit	TdxBarButton			Glyph.Data	single		svg	3033	0	0	0	0							39e5933d6f88188b2c66d8c653d769e7684d9a23c349e93e39b61c6384fc2a9e	images\39e5933d6f88188b2c66d8c653d769e7684d9a23c349e93e39b61c6384fc2a9e.svg
C:\Projects\M2022\GroupControl.dfm	GroupControl.pas	dfm	TfrmGroupControl	dxBarManager1.btnExit	btnExit	TdxBarButton			LargeGlyph.Data	single		svg	3033	0	0	0	0							39e5933d6f88188b2c66d8c653d769e7684d9a23c349e93e39b61c6384fc2a9e	images\39e5933d6f88188b2c66d8c653d769e7684d9a23c349e93e39b61c6384fc2a9e.svg
C:\Projects\M2022\GroupControl.dfm	GroupControl.pas	dfm	TfrmGroupControl	dxBarManager1.btnJobList	btnJobList	TdxBarButton			Glyph.Data	single		svg	3033	0	0	0	0							39e5933d6f88188b2c66d8c653d769e7684d9a23c349e93e39b61c6384fc2a9e	images\39e5933d6f88188b2c66d8c653d769e7684d9a23c349e93e39b61c6384fc2a9e.svg
C:\Projects\M2022\GroupControl.dfm	GroupControl.pas	dfm	TfrmGroupControl	dxBarManager1.btnJobList	btnJobList	TdxBarButton			LargeGlyph.Data	single		svg	3033	0	0	0	0							39e5933d6f88188b2c66d8c653d769e7684d9a23c349e93e39b61c6384fc2a9e	images\39e5933d6f88188b2c66d8c653d769e7684d9a23c349e93e39b61c6384fc2a9e.svg
C:\Projects\M2022\GroupControl.dfm	GroupControl.pas	dfm	TfrmGroupControl	dxBarManager1.btnMaximize	btnMaximize	TdxBarButton			Glyph.Data	single		bmp	1078	16	16	32	0					1		d979d0b7b77a3576b3ea07e84c5ebda63b9ff26d22cf4e477f50474bd456c113	images\d979d0b7b77a3576b3ea07e84c5ebda63b9ff26d22cf4e477f50474bd456c113.bmp
C:\Projects\M2022\GroupControl.dfm	GroupControl.pas	dfm	TfrmGroupControl	dxBarManager1.btnSamplesPerChart	btnSamplesPerChart	TdxBarImageCombo			Glyph.Data	single		bmp	1078	16	16	32	0					1		9c41a85fa5ce6f5ec03987b719f3b171c7de40ed8bd799565cd38495132bf080	images\9c41a85fa5ce6f5ec03987b719f3b171c7de40ed8bd799565cd38495132bf080.bmp
C:\Projects\M2022\GroupControl.dfm	GroupControl.pas	dfm	TfrmGroupControl	dxBarManager1.btnShowClass	btnShowClass	TdxBarImageCombo			Glyph.Data	single		bmp	1078	16	16	32	0					1		9c41a85fa5ce6f5ec03987b719f3b171c7de40ed8bd799565cd38495132bf080	images\9c41a85fa5ce6f5ec03987b719f3b171c7de40ed8bd799565cd38495132bf080.bmp
C:\Projects\M2022\GroupControl.dfm	GroupControl.pas	dfm	TfrmGroupControl	dxBarManager1.lstSampleWidth	lstSampleWidth	TdxBarImageCombo			Glyph.Data	single		bmp	1078	16	16	32	0					1		9c41a85fa5ce6f5ec03987b719f3b171c7de40ed8bd799565cd38495132bf080	images\9c41a85fa5ce6f5ec03987b719f3b171c7de40ed8bd799565cd38495132bf080.bmp
C:\Projects\M2022\GroupControl.dfm	GroupControl.pas	dfm	TfrmGroupControl	imlEOProcess2	imlEOProcess2	TImageList			Bitmap	container			30082	0	0	0	0							faacf710ca8106922fc7e7a8a0fd1e9104f01e16aafecb4e69391b5b2dfd46b2	images\faacf710ca8106922fc7e7a8a0fd1e9104f01e16aafecb4e69391b5b2dfd46b2.bin
C:\Projects\M2022\GroupSelectVariables.dfm	GroupSelectVariables.pas	dfm	TfrmGroupSelectVariables		frmGroupSelectVariables	TfrmGroupSelectVariables			Icon.Data	single		ico	1150	0	0	0	0							87829c566615525191dec99da56caf00d42442aaa72a701af21d38cb4d4598be	images\87829c566615525191dec99da56caf00d42442aaa72a701af21d38cb4d4598be.ico
C:\Projects\M2022\GroupSelectVariables.dfm	GroupSelectVariables.pas	dfm	TfrmGroupSelectVariables	dxBarManager1.btnCancel	btnCancel	TdxBarButton			Glyph.Data	single		svg	475	0	0	0	0							182dc8b95b3aacd3fb2a562fef0f9af9d1bcead5a2f8e9477f6910dfd29af2d0	images\182dc8b95b3aacd3fb2a562fef0f9af9d1bcead5a2f8e9477f6910dfd29af2d0.svg
C:\Projects\M2022\GroupSelectVariables.dfm	GroupSelectVariables.pas	dfm	TfrmGroupSelectVariables	dxBarManager1.btnCancel	btnCancel	TdxBarButton			LargeGlyph.Data	single		svg	475	0	0	0	0							182dc8b95b3aacd3fb2a562fef0f9af9d1bcead5a2f8e9477f6910dfd29af2d0	images\182dc8b95b3aacd3fb2a562fef0f9af9d1bcead5a2f8e9477f6910dfd29af2d0.svg
C:\Projects\M2022\GroupSelectVariables.dfm	GroupSelectVariables.pas	dfm	TfrmGroupSelectVariables	dxBarManager1.btnExit	btnExit	TdxBarButton			Glyph.Data	single		svg	3033	0	0	0	0							39e5933d6f88188b2c66d8c653d769e7684d9a23c349e93e39b61c6384fc2a9e	images\39e5933d6f88188b2c66d8c653d769e7684d9a23c349e93e39b61c6384fc2a9e.svg
C:\Projects\M2022\GroupSelectVariables.dfm	GroupSelectVariables.pas	dfm	TfrmGroupSelectVariables	dxBarManager1.btnExit	btnExit	TdxBarButton			LargeGlyph.Data	single		svg	3033	0	0	0	0							39e5933d6f88188b2c66d8c653d769e7684d9a23c349e93e39b61c6384fc2a9e	images\39e5933d6f88188b2c66d8c653d769e7684d9a23c349e93e39b61c6384fc2a9e.svg
C:\Projects\M2022\HeaderPage.dfm	HeaderPage.pas	dfm	TfrmHeaderPage		frmHeaderPage	TfrmHeaderPage			Icon.Data	single		ico	1150	0	0	0	0							87829c566615525191dec99da56caf00d42442aaa72a701af21d38cb4d4598be	images\87829c566615525191dec99da56caf00d42442aaa72a701af21d38cb4d4598be.ico
C:\Projects\M2022\HeaderPage.dfm	HeaderPage.pas	dfm	TfrmHeaderPage	dxBarManager1.btnExit	btnExit	TdxBarButton			Glyph.Data	single		svg	3033	0	0	0	0							39e5933d6f88188b2c66d8c653d769e7684d9a23c349e93e39b61c6384fc2a9e	images\39e5933d6f88188b2c66d8c653d769e7684d9a23c349e93e39b61c6384fc2a9e.svg
C:\Projects\M2022\HeaderPage.dfm	HeaderPage.pas	dfm	TfrmHeaderPage	dxBarManager1.btnPrint	btnPrint	TdxBarButton			Glyph.Data	single		svg	819	0	0	0	0							4ba55ff88e8cf3f39a716d1dd6eb4e744836948baa8d84db637a15a904e50cdb	images\4ba55ff88e8cf3f39a716d1dd6eb4e744836948baa8d84db637a15a904e50cdb.svg
C:\Projects\M2022\HeaderPage.dfm	HeaderPage.pas	dfm	TfrmHeaderPage	dxBarManager1.btnJobLayoutReportLarge	btnJobLayoutReportLarge	TdxBarLargeButton			Glyph.Data	single		svg	819	0	0	0	0							4ba55ff88e8cf3f39a716d1dd6eb4e744836948baa8d84db637a15a904e50cdb	images\4ba55ff88e8cf3f39a716d1dd6eb4e744836948baa8d84db637a15a904e50cdb.svg
C:\Projects\M2022\HeaderPage.dfm	HeaderPage.pas	dfm	TfrmHeaderPage	dxBarManager1.btnJobLayoutReportLarge	btnJobLayoutReportLarge	TdxBarLargeButton			LargeGlyph.Data	single		svg	819	0	0	0	0							4ba55ff88e8cf3f39a716d1dd6eb4e744836948baa8d84db637a15a904e50cdb	images\4ba55ff88e8cf3f39a716d1dd6eb4e744836948baa8d84db637a15a904e50cdb.svg
C:\Projects\M2022\HeaderPage.dfm	HeaderPage.pas	dfm	TfrmHeaderPage	dxBarManager1.btnExit2	btnExit2	TdxBarLargeButton			Glyph.Data	single		svg	3033	0	0	0	0							39e5933d6f88188b2c66d8c653d769e7684d9a23c349e93e39b61c6384fc2a9e	images\39e5933d6f88188b2c66d8c653d769e7684d9a23c349e93e39b61c6384fc2a9e.svg
C:\Projects\M2022\HeaderPage.dfm	HeaderPage.pas	dfm	TfrmHeaderPage	dxBarManager1.btnExit2	btnExit2	TdxBarLargeButton			LargeGlyph.Data	single		svg	3033	0	0	0	0							39e5933d6f88188b2c66d8c653d769e7684d9a23c349e93e39b61c6384fc2a9e	images\39e5933d6f88188b2c66d8c653d769e7684d9a23c349e93e39b61c6384fc2a9e.svg
C:\Projects\M2022\HeaderPage.dfm	HeaderPage.pas	dfm	TfrmHeaderPage	dxBarManager1.btnExit2	btnExit2	TdxBarLargeButton			HotGlyph.Data	single		svg	3033	0	0	0	0							39e5933d6f88188b2c66d8c653d769e7684d9a23c349e93e39b61c6384fc2a9e	images\39e5933d6f88188b2c66d8c653d769e7684d9a23c349e93e39b61c6384fc2a9e.svg
C:\Projects\M2022\Heats.dfm	Heats.pas	dfm	TfrmHeats		frmHeats	TfrmHeats			Icon.Data	single		ico	1150	0	0	0	0							87829c566615525191dec99da56caf00d42442aaa72a701af21d38cb4d4598be	images\87829c566615525191dec99da56caf00d42442aaa72a701af21d38cb4d4598be.ico
C:\Projects\M2022\Heats.dfm	Heats.pas	dfm	TfrmHeats	qryFolHeat	qryFolHeat	TQuery			Data	single			737	0	0	0	0							a04142228391378731d94fe64d4594c5aa0301656eafaa2ec7421501cdbf8684	images\a04142228391378731d94fe64d4594c5aa0301656eafaa2ec7421501cdbf8684.bin
C:\Projects\M2022\Heats.dfm	Heats.pas	dfm	TfrmHeats	dxBarManager1.btnExit	btnExit	TdxBarButton			Glyph.Data	single		svg	3033	0	0	0	0							39e5933d6f88188b2c66d8c653d769e7684d9a23c349e93e39b61c6384fc2a9e	images\39e5933d6f88188b2c66d8c653d769e7684d9a23c349e93e39b61c6384fc2a9e.svg
C:\Projects\M2022\Heats.dfm	Heats.pas	dfm	TfrmHeats	dxBarManager1.btnExit	btnExit	TdxBarButton			LargeGlyph.Data	single		svg	3033	0	0	0	0							39e5933d6f88188b2c66d8c653d769e7684d9a23c349e93e39b61c6384fc2a9e	images\39e5933d6f88188b2c66d8c653d769e7684d9a23c349e93e39b61c6384fc2a9e.svg
C:\Projects\M2022\HeatStockbook.dfm	HeatStockbook.pas	dfm	TfrmHeatStockBook		frmHeatStockBook	TfrmHeatStockBook			Icon.Data	single		ico	51262	0	0	0	0							adad2bc51732dcd9f6ba266123714c98295a19dc1825ce265486b70b67ab3b62	images\adad2bc51732dcd9f6ba266123714c98295a19dc1825ce265486b70b67ab3b62.ico
C:\Projects\M2022\HeatStockbook.dfm	HeatStockbook.pas	dfm	TfrmHeatStockBook	dxBarManager1.btnExit	btnExit	TdxBarButton			Glyph.Data	single		bmp	1078	16	16	32	0					1		d1f5d5f839df61eb3317ff82c09de63b57e908669df38bd26a96a6dd5b8d7ad7	images\d1f5d5f839df61eb3317ff82c09de63b57e908669df38bd26a96a6dd5b8d7ad7.bmp
C:\Projects\M2022\HeatStockbook.dfm	HeatStockbook.pas	dfm	TfrmHeatStockBook	dxBarManager1.dxBarDBNavFirst1	dxBarDBNavFirst1	TdxBarDBNavButton			Glyph.Data	single		bmp	1078	16	16	32	0					1		6607ef3da8822b74fe4b0acb662061780182bbfdc0c2cd0056156349e880dd94	images\6607ef3da8822b74fe4b0acb662061780182bbfdc0c2cd0056156349e880dd94.bmp
C:\Projects\M2022\HeatStockbook.dfm	HeatStockbook.pas	dfm	TfrmHeatStockBook	dxBarManager1.dxBarDBNavPrev1	dxBarDBNavPrev1	TdxBarDBNavButton			Glyph.Data	single		bmp	1078	16	16	32	0					1		4506a08e333bf65e1241dc1d265c0ec790826f394a1e425324e80125ac979066	images\4506a08e333bf65e1241dc1d265c0ec790826f394a1e425324e80125ac979066.bmp
C:\Projects\M2022\HeatStockbook.dfm	HeatStockbook.pas	dfm	TfrmHeatStockBook	dxBarManager1.dxBarDBNavNext1	dxBarDBNavNext1	TdxBarDBNavButton			Glyph.Data	single		bmp	1078	16	16	32	0					1		f1e077905d1aeb2d609668d4ed60b14af4e2852c7b1589986eed9a6c045d1e58	images\f1e077905d1aeb2d609668d4ed60b14af4e2852c7b1589986eed9a6c045d1e58.bmp
C:\Projects\M2022\HeatStockbook.dfm	HeatStockbook.pas	dfm	TfrmHeatStockBook	dxBarManager1.dxBarDBNavLast1	dxBarDBNavLast1	TdxBarDBNavButton			Glyph.Data	single		bmp	1078	16	16	32	0					1		fce3745ba5ba9d6f747c39ade70e5bb3a43705557a11a01b17788a0cfe930304	images\fce3745ba5ba9d6f747c39ade70e5bb3a43705557a11a01b17788a0cfe930304.bmp
C:\Projects\M2022\HeatStockbook.dfm	HeatStockbook.pas	dfm	TfrmHeatStockBook	dxBarManager1.dxBarDBNavInsert1	dxBarDBNavInsert1	TdxBarDBNavButton			Glyph.Data	single		bmp	1078	16	16	32	0					1		85c3d26e8518011389ca86bb003d4f646fde018f5b8ea6bb5f236fa6b26ed9cb	images\85c3d26e8518011389ca86bb003d4f646fde018f5b8ea6bb5f236fa6b26ed9cb.bmp
C:\Projects\M2022\HeatStockbook.dfm	HeatStockbook.pas	dfm	TfrmHeatStockBook	dxBarManager1.dxBarDBNavDelete1	dxBarDBNavDelete1	TdxBarDBNavButton			Glyph.Data	single		bmp	1078	16	16	32	0					1		cb064bbb443aecb6b9c0d982ca7ef5e728083d86e4bf49b09e7330eed54dea24	images\cb064bbb443aecb6b9c0d982ca7ef5e728083d86e4bf49b09e7330eed54dea24.bmp
C:\Projects\M2022\HeatStockbook.dfm	HeatStockbook.pas	dfm	TfrmHeatStockBook	dxBarManager1.dxBarDBNavEdit1	dxBarDBNavEdit1	TdxBarDBNavButton			Glyph.Data	single		bmp	1078	16	16	32	0					1		22e66cc36468572cbdcae127edc7fe7560a3f052fa05202b746f2491175a05cf	images\22e66cc36468572cbdcae127edc7fe7560a3f052fa05202b746f2491175a05cf.bmp
C:\Projects\M2022\HeatStockbook.dfm	HeatStockbook.pas	dfm	TfrmHeatStockBook	dxBarManager1.dxBarDBNavPost1	dxBarDBNavPost1	TdxBarDBNavButton			Glyph.Data	single		bmp	1078	16	16	32	0					1		6212bc92930d93605cc9b6b3699601807dc1633fa573890fdac82faca790c47f	images\6212bc92930d93605cc9b6b3699601807dc1633fa573890fdac82faca790c47f.bmp
C:\Projects\M2022\HeatStockbook.dfm	HeatStockbook.pas	dfm	TfrmHeatStockBook	dxBarManager1.dxBarDBNavCancel1	dxBarDBNavCancel1	TdxBarDBNavButton			Glyph.Data	single		bmp	1078	16	16	32	0					1		975795a643484a5073c6e0223bb36e40eaf96637165ace0ca753593af1dde849	images\975795a643484a5073c6e0223bb36e40eaf96637165ace0ca753593af1dde849.bmp
C:\Projects\M2022\HeatStockbook.dfm	HeatStockbook.pas	dfm	TfrmHeatStockBook	dxBarManager1.dxBarDBNavRefresh1	dxBarDBNavRefresh1	TdxBarDBNavButton			Glyph.Data	single		bmp	1078	16	16	32	0					1		5d9485a834adeff5da0f68c84a8055425e3e8e58c4f93d181d2aa5086a8e39be	images\5d9485a834adeff5da0f68c84a8055425e3e8e58c4f93d181d2aa5086a8e39be.bmp
C:\Projects\M2022\ImportCadFile.dfm	ImportCadFile.pas	dfm	TfrmImportCADFile		frmImportCADFile	TfrmImportCADFile			Icon.Data	single		ico	1150	0	0	0	0							87829c566615525191dec99da56caf00d42442aaa72a701af21d38cb4d4598be	images\87829c566615525191dec99da56caf00d42442aaa72a701af21d38cb4d4598be.ico
C:\Projects\M2022\ImportCadFile.dfm	ImportCadFile.pas	dfm	TfrmImportCADFile	dxBarManager1.btnExit	btnExit	TdxBarButton			Glyph.Data	single		svg	3033	0	0	0	0							39e5933d6f88188b2c66d8c653d769e7684d9a23c349e93e39b61c6384fc2a9e	images\39e5933d6f88188b2c66d8c653d769e7684d9a23c349e93e39b61c6384fc2a9e.svg
C:\Projects\M2022\ImportCadFile.dfm	ImportCadFile.pas	dfm	TfrmImportCADFile	dxBarManager1.btnExit	btnExit	TdxBarButton			LargeGlyph.Data	single		svg	3033	0	0	0	0							39e5933d6f88188b2c66d8c653d769e7684d9a23c349e93e39b61c6384fc2a9e	images\39e5933d6f88188b2c66d8c653d769e7684d9a23c349e93e39b61c6384fc2a9e.svg
C:\Projects\M2022\ImportCadFile.dfm	ImportCadFile.pas	dfm	TfrmImportCADFile	dxBarManager1.btnMaximize	btnMaximize	TdxBarButton			Glyph.Data	single		bmp	1078	16	16	32	0					1		d979d0b7b77a3576b3ea07e84c5ebda63b9ff26d22cf4e477f50474bd456c113	images\d979d0b7b77a3576b3ea07e84c5ebda63b9ff26d22cf4e477f50474bd456c113.bmp
C:\Projects\M2022\ImportCadFile.dfm	ImportCadFile.pas	dfm	TfrmImportCADFile	dxBarManager1.btnCancel	btnCancel	TdxBarButton			Glyph.Data	single		svg	475	0	0	0	0							182dc8b95b3aacd3fb2a562fef0f9af9d1bcead5a2f8e9477f6910dfd29af2d0	images\182dc8b95b3aacd3fb2a562fef0f9af9d1bcead5a2f8e9477f6910dfd29af2d0.svg
C:\Projects\M2022\ImportCadFile.dfm	ImportCadFile.pas	dfm	TfrmImportCADFile	dxBarManager1.btnCancel	btnCancel	TdxBarButton			LargeGlyph.Data	single		svg	475	0	0	0	0							182dc8b95b3aacd3fb2a562fef0f9af9d1bcead5a2f8e9477f6910dfd29af2d0	images\182dc8b95b3aacd3fb2a562fef0f9af9d1bcead5a2f8e9477f6910dfd29af2d0.svg
C:\Projects\M2022\ImportCadFile.dfm	ImportCadFile.pas	dfm	TfrmImportCADFile	dxBarManager1.btnOpen	btnOpen	TdxBarButton			Glyph.Data	single		bmp	1078	16	16	32	0					1		a48d7c162b33133c1659189ea21dbed94fb16f80febeabd3e1469a685163b1e8	images\a48d7c162b33133c1659189ea21dbed94fb16f80febeabd3e1469a685163b1e8.bmp
C:\Projects\M2022\ImportCadFile.dfm	ImportCadFile.pas	dfm	TfrmImportCADFile	dxBarManager1.ddlUnits	ddlUnits	TdxBarImageCombo			Glyph.Data	single		bmp	1078	16	16	32	0					1		9c41a85fa5ce6f5ec03987b719f3b171c7de40ed8bd799565cd38495132bf080	images\9c41a85fa5ce6f5ec03987b719f3b171c7de40ed8bd799565cd38495132bf080.bmp
C:\Projects\M2022\ImportCadFile.dfm	ImportCadFile.pas	dfm	TfrmImportCADFile	dxBarManager1.btnSaveToOperation	btnSaveToOperation	TdxBarButton			Glyph.Data	single		bmp	1078	16	16	32	0					1		73f8d7829293829e26b41246906634217fcb2356acd4ccab9ad84b52474c46ec	images\73f8d7829293829e26b41246906634217fcb2356acd4ccab9ad84b52474c46ec.bmp
C:\Projects\M2022\ImportCadFile.dfm	ImportCadFile.pas	dfm	TfrmImportCADFile	dxBarManager1.btnPrint	btnPrint	TdxBarButton			Glyph.Data	single		bmp	1078	16	16	32	0					1		946d8ef4176300b7514b0712f480d3449521bbc5f097c0f596a6516e63518d3c	images\946d8ef4176300b7514b0712f480d3449521bbc5f097c0f596a6516e63518d3c.bmp
C:\Projects\M2022\ImportCadFile.dfm	ImportCadFile.pas	dfm	TfrmImportCADFile	dxBarManager1.btnClear	btnClear	TdxBarButton			Glyph.Data	single		bmp	1078	16	16	32	0					1		0eb430c3bf766d2880fb74dcbba407cf82fd63719978d05d02e3bd7f7a2a0a3c	images\0eb430c3bf766d2880fb74dcbba407cf82fd63719978d05d02e3bd7f7a2a0a3c.bmp
C:\Projects\M2022\ImportCadFile.dfm	ImportCadFile.pas	dfm	TfrmImportCADFile	dxBarManager1.btnAddPage	btnAddPage	TdxBarButton			Glyph.Data	single		bmp	1078	16	16	32	0					1		7d82526ccddb02614599d418612eb2928ad06cca4e2a1e162bd42f08109a7c60	images\7d82526ccddb02614599d418612eb2928ad06cca4e2a1e162bd42f08109a7c60.bmp
C:\Projects\M2022\ImportCadFile.dfm	ImportCadFile.pas	dfm	TfrmImportCADFile	dxBarManager1.ddlSelectPage	ddlSelectPage	TdxBarLookupCombo			Glyph.Data	single		bmp	1078	16	16	32	0					1		bbc4108921a351ec72897a48f2154efc1912a9110484d6471ef4ae5072a64f09	images\bbc4108921a351ec72897a48f2154efc1912a9110484d6471ef4ae5072a64f09.bmp
C:\Projects\M2022\ImportCadFile.dfm	ImportCadFile.pas	dfm	TfrmImportCADFile	dxBarManager1.btnShowHideEtities	btnShowHideEtities	TdxBarImageCombo			Glyph.Data	single		bmp	1078	16	16	32	0					1		9c41a85fa5ce6f5ec03987b719f3b171c7de40ed8bd799565cd38495132bf080	images\9c41a85fa5ce6f5ec03987b719f3b171c7de40ed8bd799565cd38495132bf080.bmp
C:\Projects\M2022\ImportCadFile.dfm	ImportCadFile.pas	dfm	TfrmImportCADFile	dxBarManager1.btnDeleteAll	btnDeleteAll	TdxBarButton			Glyph.Data	single		bmp	1078	16	16	32	0					1		138fb8a254c41a3d544a6e211e0931b71b63ae49aa1fc467fbc2587564ac9f09	images\138fb8a254c41a3d544a6e211e0931b71b63ae49aa1fc467fbc2587564ac9f09.bmp
C:\Projects\M2022\ImportCadFile.dfm	ImportCadFile.pas	dfm	TfrmImportCADFile	dxBarManager1.btnLoadAll	btnLoadAll	TdxBarButton			Glyph.Data	single		bmp	1078	16	16	32	0					1		6c9525cbec18fec456586e3fb497ed640f2ca62eb0036e6711acc7a875761245	images\6c9525cbec18fec456586e3fb497ed640f2ca62eb0036e6711acc7a875761245.bmp
C:\Projects\M2022\ImportCadFile.dfm	ImportCadFile.pas	dfm	TfrmImportCADFile	dxBarManager1.dxBarDBNavFirst1	dxBarDBNavFirst1	TdxBarDBNavButton			Glyph.Data	single		svg	473	0	0	0	0							4f6b5e7feb872030cf8c07f4b0a9154dba561d068f0bbe851f401038888deb73	images\4f6b5e7feb872030cf8c07f4b0a9154dba561d068f0bbe851f401038888deb73.svg
C:\Projects\M2022\ImportCadFile.dfm	ImportCadFile.pas	dfm	TfrmImportCADFile	dxBarManager1.dxBarDBNavPrev1	dxBarDBNavPrev1	TdxBarDBNavButton			Glyph.Data	single		svg	326	0	0	0	0							9affc86233a3c5214b39371064995d1a618b6351e5fc4ea3fcc737d5adee7301	images\9affc86233a3c5214b39371064995d1a618b6351e5fc4ea3fcc737d5adee7301.svg
C:\Projects\M2022\ImportCadFile.dfm	ImportCadFile.pas	dfm	TfrmImportCADFile	dxBarManager1.dxBarDBNavNext1	dxBarDBNavNext1	TdxBarDBNavButton			Glyph.Data	single		svg	326	0	0	0	0							31c86d717e300180306624b9f136bc00ee9996221aef9eb76e66c80b91008bf7	images\31c86d717e300180306624b9f136bc00ee9996221aef9eb76e66c80b91008bf7.svg
C:\Projects\M2022\ImportCadFile.dfm	ImportCadFile.pas	dfm	TfrmImportCADFile	dxBarManager1.dxBarDBNavLast1	dxBarDBNavLast1	TdxBarDBNavButton			Glyph.Data	single		svg	433	0	0	0	0							44036aa63309d06887b4983c8a4fc4e7f96de9af23f3593af004275785272ced	images\44036aa63309d06887b4983c8a4fc4e7f96de9af23f3593af004275785272ced.svg
C:\Projects\M2022\ImportCadFile.dfm	ImportCadFile.pas	dfm	TfrmImportCADFile	dxBarManager1.dxBarDBNavInsert1	dxBarDBNavInsert1	TdxBarDBNavButton			Glyph.Data	single		svg	421	0	0	0	0							213250362e820808f9afeae33d37fe36d29446da8156945b7c706b08cd1f8ef6	images\213250362e820808f9afeae33d37fe36d29446da8156945b7c706b08cd1f8ef6.svg
C:\Projects\M2022\ImportCadFile.dfm	ImportCadFile.pas	dfm	TfrmImportCADFile	dxBarManager1.dxBarDBNavDelete1	dxBarDBNavDelete1	TdxBarDBNavButton			Glyph.Data	single		svg	331	0	0	0	0							3426812018064253d38559294ae768a24bc1f0e2b55e1155b259650d305523b2	images\3426812018064253d38559294ae768a24bc1f0e2b55e1155b259650d305523b2.svg
C:\Projects\M2022\ImportCadFile.dfm	ImportCadFile.pas	dfm	TfrmImportCADFile	dxBarManager1.dxBarDBNavEdit1	dxBarDBNavEdit1	TdxBarDBNavButton			Glyph.Data	single		svg	299	0	0	0	0							d7cef1afe0805720b049c349aa2273488c1eee83041ed56aa0d6d8502f8f2708	images\d7cef1afe0805720b049c349aa2273488c1eee83041ed56aa0d6d8502f8f2708.svg
C:\Projects\M2022\ImportCadFile.dfm	ImportCadFile.pas	dfm	TfrmImportCADFile	dxBarManager1.dxBarDBNavPost1	dxBarDBNavPost1	TdxBarDBNavButton			Glyph.Data	single		svg	337	0	0	0	0							8f9b13bab01903aac5c507b4e8cabbe899263cd4f3aa5b9a02b0cf8d69d57e03	images\8f9b13bab01903aac5c507b4e8cabbe899263cd4f3aa5b9a02b0cf8d69d57e03.svg
C:\Projects\M2022\ImportCadFile.dfm	ImportCadFile.pas	dfm	TfrmImportCADFile	dxBarManager1.dxBarDBNavCancel1	dxBarDBNavCancel1	TdxBarDBNavButton			Glyph.Data	single		svg	581	0	0	0	0							0bf670167728fb629118e442f19cb6d896033afa8289ac7bed141f4aa7ee9093	images\0bf670167728fb629118e442f19cb6d896033afa8289ac7bed141f4aa7ee9093.svg
C:\Projects\M2022\ImportCadFile.dfm	ImportCadFile.pas	dfm	TfrmImportCADFile	dxBarManager1.dxBarDBNavRefresh1	dxBarDBNavRefresh1	TdxBarDBNavButton			Glyph.Data	single		svg	426	0	0	0	0							fe976aa73cfd0d6bdb8e57cba9f19670367d0f5a0ad38d7ed106e3af5b2d2eae	images\fe976aa73cfd0d6bdb8e57cba9f19670367d0f5a0ad38d7ed106e3af5b2d2eae.svg
C:\Projects\M2022\ImportCadFile.dfm	ImportCadFile.pas	dfm	TfrmImportCADFile	dxBarManager1.dxBarDBNavAppend1	dxBarDBNavAppend1	TdxBarDBNavButton			Glyph.Data	single		svg	370	0	0	0	0							1cc652cdffa3e7adfface918a6fcea8f0c700fc11ba39682e14b71de2890a6ba	images\1cc652cdffa3e7adfface918a6fcea8f0c700fc11ba39682e14b71de2890a6ba.svg
C:\Projects\M2022\ImportPDFFile.dfm	ImportPDFFile.pas	dfm	TfrmImportPDFFile		frmImportPDFFile	TfrmImportPDFFile			Icon.Data	single		ico	1150	0	0	0	0							87829c566615525191dec99da56caf00d42442aaa72a701af21d38cb4d4598be	images\87829c566615525191dec99da56caf00d42442aaa72a701af21d38cb4d4598be.ico
C:\Projects\M2022\ImportPDFFile.dfm	ImportPDFFile.pas	dfm	TfrmImportPDFFile	RzSplitter2.RzPanel1.RzPanel5.SpeedButton1	SpeedButton1	TcxButton			OptionsImage.Glyph.Data	strip		bmp	2102	32	16	32	0	OptionsImage.NumGlyphs	2		2	2	Y	1187a92e3d663f6565ef8a93c0f46fb1daa396efc0eeb551db02007f6782687f	images\1187a92e3d663f6565ef8a93c0f46fb1daa396efc0eeb551db02007f6782687f.bmp
C:\Projects\M2022\ImportPDFFile.dfm	ImportPDFFile.pas	dfm	TfrmImportPDFFile	RzSplitter2.RzPanel1.RzPanel5.btnApplyFieldToSelected	btnApplyFieldToSelected	TcxButton			OptionsImage.Glyph.Data	strip		bmp	2102	32	16	32	0	OptionsImage.NumGlyphs	2		2	2	Y	c4e2dc8989cdc75473a956de45acde0acc528920ac8631c068dd28b47d74c0cc	images\c4e2dc8989cdc75473a956de45acde0acc528920ac8631c068dd28b47d74c0cc.bmp
C:\Projects\M2022\ImportPDFFile.dfm	ImportPDFFile.pas	dfm	TfrmImportPDFFile	RzSplitter2.RzPanel1.RzPanel5.edtZeroAt	edtZeroAt	TcxButtonEdit			Properties.Buttons[0].Glyph.Data	container		svg	539	0	0	0	0							54255b1f42a1243163dfdc6d7a027143e049c8713f3d1902f01299f7e280b79e	images\54255b1f42a1243163dfdc6d7a027143e049c8713f3d1902f01299f7e280b79e.svg
C:\Projects\M2022\ImportPDFFile.dfm	ImportPDFFile.pas	dfm	TfrmImportPDFFile	RzSplitter2.RzPanel1.RzPanel5.edtZeroAt	edtZeroAt	TcxButtonEdit			Properties.Buttons[1].Glyph.Data	container		svg	791	0	0	0	0							734d087624eb5bbe251eb800562c797e90fe53eac2faa9df69fd4cb137d6a54c	images\734d087624eb5bbe251eb800562c797e90fe53eac2faa9df69fd4cb137d6a54c.svg
C:\Projects\M2022\ImportPDFFile.dfm	ImportPDFFile.pas	dfm	TfrmImportPDFFile	RzSplitter2.RzPanel1.RzPanel5.edtZeroAt	edtZeroAt	TcxButtonEdit			Properties.Buttons[2].Glyph.Data	container		svg	539	0	0	0	0							56320698ba9f7e8cf1214bba7634e804f1c3f2a2f7726d2256f511005c230cfc	images\56320698ba9f7e8cf1214bba7634e804f1c3f2a2f7726d2256f511005c230cfc.svg
C:\Projects\M2022\ImportPDFFile.dfm	ImportPDFFile.pas	dfm	TfrmImportPDFFile	RzSplitter2.RzPanel1.RzPanel5.edtZeroAt	edtZeroAt	TcxButtonEdit			Properties.Buttons[3].Glyph.Data	container		svg	1035	0	0	0	0							8e2031bc811b6b6679a910f03bb4a3fa4109fff48e5a8bcb185dc0c96efe20bf	images\8e2031bc811b6b6679a910f03bb4a3fa4109fff48e5a8bcb185dc0c96efe20bf.svg
C:\Projects\M2022\ImportPDFFile.dfm	ImportPDFFile.pas	dfm	TfrmImportPDFFile	RzSplitter2.RzPanel1.pnlBalloon.brnBalloon9	brnBalloon9	TcxButton			OptionsImage.Glyph.Data	single		bmp	8246	32	64	32	0							793daa646ba19cc03a52a9127a174569ebfd426fadb15ab8321c229aee19cfd2	images\793daa646ba19cc03a52a9127a174569ebfd426fadb15ab8321c229aee19cfd2.bmp
C:\Projects\M2022\ImportPDFFile.dfm	ImportPDFFile.pas	dfm	TfrmImportPDFFile	RzSplitter2.RzPanel1.pnlBalloon.btnBalloon1	btnBalloon1	TcxButton			OptionsImage.Glyph.Data	single		bmp	2358	24	24	32	0					1		f4f70f0998275b25f1c04c6a1be671643a9ca288c87db7c058eeae63eb4c2b1a	images\f4f70f0998275b25f1c04c6a1be671643a9ca288c87db7c058eeae63eb4c2b1a.bmp
C:\Projects\M2022\ImportPDFFile.dfm	ImportPDFFile.pas	dfm	TfrmImportPDFFile	dxBarManager1.btnExit	btnExit	TdxBarButton			Glyph.Data	single		svg	3033	0	0	0	0							39e5933d6f88188b2c66d8c653d769e7684d9a23c349e93e39b61c6384fc2a9e	images\39e5933d6f88188b2c66d8c653d769e7684d9a23c349e93e39b61c6384fc2a9e.svg
C:\Projects\M2022\ImportPDFFile.dfm	ImportPDFFile.pas	dfm	TfrmImportPDFFile	dxBarManager1.btnExit	btnExit	TdxBarButton			LargeGlyph.Data	single		svg	582	0	0	0	0							0f81df5c433377e3b5fc44dff9f57aa3aefe45a5c31105e2016acd7c53ce3379	images\0f81df5c433377e3b5fc44dff9f57aa3aefe45a5c31105e2016acd7c53ce3379.svg
C:\Projects\M2022\ImportPDFFile.dfm	ImportPDFFile.pas	dfm	TfrmImportPDFFile	dxBarManager1.btnMaximize	btnMaximize	TdxBarButton			Glyph.Data	single		bmp	1078	16	16	32	0					1		d979d0b7b77a3576b3ea07e84c5ebda63b9ff26d22cf4e477f50474bd456c113	images\d979d0b7b77a3576b3ea07e84c5ebda63b9ff26d22cf4e477f50474bd456c113.bmp
C:\Projects\M2022\ImportPDFFile.dfm	ImportPDFFile.pas	dfm	TfrmImportPDFFile	dxBarManager1.btnCancel	btnCancel	TdxBarButton			Glyph.Data	single		bmp	1078	16	16	32	0					1		d8be263f447bb2946a9ecf5e82e5052aebdb1fe0336a015e65e001415629d619	images\d8be263f447bb2946a9ecf5e82e5052aebdb1fe0336a015e65e001415629d619.bmp
C:\Projects\M2022\ImportPDFFile.dfm	ImportPDFFile.pas	dfm	TfrmImportPDFFile	dxBarManager1.btnFitToPage	btnFitToPage	TdxBarButton			Glyph.Data	single		svg	1038	0	0	0	0							9dad382e18cedd7089ee3ea65c681337ce526e6990640d7637dbbd5de5053aae	images\9dad382e18cedd7089ee3ea65c681337ce526e6990640d7637dbbd5de5053aae.svg
C:\Projects\M2022\ImportPDFFile.dfm	ImportPDFFile.pas	dfm	TfrmImportPDFFile	dxBarManager1.btnFitToPage	btnFitToPage	TdxBarButton			LargeGlyph.Data	single		svg	1038	0	0	0	0							9dad382e18cedd7089ee3ea65c681337ce526e6990640d7637dbbd5de5053aae	images\9dad382e18cedd7089ee3ea65c681337ce526e6990640d7637dbbd5de5053aae.svg
C:\Projects\M2022\ImportPDFFile.dfm	ImportPDFFile.pas	dfm	TfrmImportPDFFile	dxBarManager1.btnSaveToOperation	btnSaveToOperation	TdxBarButton			Glyph.Data	single		bmp	1078	16	16	32	0					1		73f8d7829293829e26b41246906634217fcb2356acd4ccab9ad84b52474c46ec	images\73f8d7829293829e26b41246906634217fcb2356acd4ccab9ad84b52474c46ec.bmp
C:\Projects\M2022\ImportPDFFile.dfm	ImportPDFFile.pas	dfm	TfrmImportPDFFile	dxBarManager1.btnPrint	btnPrint	TdxBarButton			Glyph.Data	single		svg	862	0	0	0	0							48ca49d8bcb058216f75a2d218f6fd3e512d4e08143ece8d58dc3c9631f30605	images\48ca49d8bcb058216f75a2d218f6fd3e512d4e08143ece8d58dc3c9631f30605.svg
C:\Projects\M2022\ImportPDFFile.dfm	ImportPDFFile.pas	dfm	TfrmImportPDFFile	dxBarManager1.btnPrint	btnPrint	TdxBarButton			LargeGlyph.Data	single		svg	862	0	0	0	0							48ca49d8bcb058216f75a2d218f6fd3e512d4e08143ece8d58dc3c9631f30605	images\48ca49d8bcb058216f75a2d218f6fd3e512d4e08143ece8d58dc3c9631f30605.svg
C:\Projects\M2022\ImportPDFFile.dfm	ImportPDFFile.pas	dfm	TfrmImportPDFFile	dxBarManager1.btnClear	btnClear	TdxBarButton			Glyph.Data	single		bmp	1078	16	16	32	0					1		0eb430c3bf766d2880fb74dcbba407cf82fd63719978d05d02e3bd7f7a2a0a3c	images\0eb430c3bf766d2880fb74dcbba407cf82fd63719978d05d02e3bd7f7a2a0a3c.bmp
C:\Projects\M2022\ImportPDFFile.dfm	ImportPDFFile.pas	dfm	TfrmImportPDFFile	dxBarManager1.btnOpenPDFFile	btnOpenPDFFile	TdxBarButton			Glyph.Data	single		svg	1305	0	0	0	0							353f7312ddea031d6bc8640ca9da7f6624b38bd45df09cc011590a4daf41b7ee	images\353f7312ddea031d6bc8640ca9da7f6624b38bd45df09cc011590a4daf41b7ee.svg
C:\Projects\M2022\ImportPDFFile.dfm	ImportPDFFile.pas	dfm	TfrmImportPDFFile	dxBarManager1.btnOpenPDFFile	btnOpenPDFFile	TdxBarButton			LargeGlyph.Data	single		svg	1305	0	0	0	0							353f7312ddea031d6bc8640ca9da7f6624b38bd45df09cc011590a4daf41b7ee	images\353f7312ddea031d6bc8640ca9da7f6624b38bd45df09cc011590a4daf41b7ee.svg
C:\Projects\M2022\ImportPDFFile.dfm	ImportPDFFile.pas	dfm	TfrmImportPDFFile	dxBarManager1.btnFitToHeight	btnFitToHeight	TdxBarButton			Glyph.Data	single		svg	908	0	0	0	0							2efca59a04f38b20b73db01d24344cf5e9898fb9adfe5b00255a8225695d3a4e	images\2efca59a04f38b20b73db01d24344cf5e9898fb9adfe5b00255a8225695d3a4e.svg
C:\Projects\M2022\ImportPDFFile.dfm	ImportPDFFile.pas	dfm	TfrmImportPDFFile	dxBarManager1.btnFitToHeight	btnFitToHeight	TdxBarButton			LargeGlyph.Data	single		svg	908	0	0	0	0							2efca59a04f38b20b73db01d24344cf5e9898fb9adfe5b00255a8225695d3a4e	images\2efca59a04f38b20b73db01d24344cf5e9898fb9adfe5b00255a8225695d3a4e.svg
C:\Projects\M2022\ImportPDFFile.dfm	ImportPDFFile.pas	dfm	TfrmImportPDFFile	dxBarManager1.btnBalloon2	btnBalloon2	TdxBarButton			Glyph.Data	single		bmp	1078	16	16	32	0					1		4fa8009421e78349cf03aace07c018c6dbb298079d416dd561620540ec25536f	images\4fa8009421e78349cf03aace07c018c6dbb298079d416dd561620540ec25536f.bmp
C:\Projects\M2022\ImportPDFFile.dfm	ImportPDFFile.pas	dfm	TfrmImportPDFFile	dxBarManager1.btnDeleteBalloon	btnDeleteBalloon	TdxBarButton			Glyph.Data	single		bmp	1078	16	16	32	0					1		3761e5e1595ec5664bcb11309422d8e4030620841870f72e9f2ff9bbf55d70b0	images\3761e5e1595ec5664bcb11309422d8e4030620841870f72e9f2ff9bbf55d70b0.bmp
C:\Projects\M2022\ImportPDFFile.dfm	ImportPDFFile.pas	dfm	TfrmImportPDFFile	dxBarManager1.edtZoom	edtZoom	TdxBarEdit			Glyph.Data	single		svg	827	0	0	0	0							6764fdb3156749ad26b90d915fe93a0d61175b2826508534b471522d08bd1fb5	images\6764fdb3156749ad26b90d915fe93a0d61175b2826508534b471522d08bd1fb5.svg
C:\Projects\M2022\ImportPDFFile.dfm	ImportPDFFile.pas	dfm	TfrmImportPDFFile	dxBarManager1.btnZoomIn	btnZoomIn	TdxBarButton			Glyph.Data	single		svg	793	0	0	0	0							42953640f53a7fa2a8175d6e0d1f1c465f70bb88b2ba6571b054148eb463fb8f	images\42953640f53a7fa2a8175d6e0d1f1c465f70bb88b2ba6571b054148eb463fb8f.svg
C:\Projects\M2022\ImportPDFFile.dfm	ImportPDFFile.pas	dfm	TfrmImportPDFFile	dxBarManager1.btnZoomIn	btnZoomIn	TdxBarButton			LargeGlyph.Data	single		svg	793	0	0	0	0							42953640f53a7fa2a8175d6e0d1f1c465f70bb88b2ba6571b054148eb463fb8f	images\42953640f53a7fa2a8175d6e0d1f1c465f70bb88b2ba6571b054148eb463fb8f.svg
C:\Projects\M2022\ImportPDFFile.dfm	ImportPDFFile.pas	dfm	TfrmImportPDFFile	dxBarManager1.btnZoomOut	btnZoomOut	TdxBarButton			Glyph.Data	single		svg	746	0	0	0	0							b09e0bb1bb0e928f7278c915ebf4e086d87bdb3bc8be72b857dba6393749d56b	images\b09e0bb1bb0e928f7278c915ebf4e086d87bdb3bc8be72b857dba6393749d56b.svg
C:\Projects\M2022\ImportPDFFile.dfm	ImportPDFFile.pas	dfm	TfrmImportPDFFile	dxBarManager1.btnZoomOut	btnZoomOut	TdxBarButton			LargeGlyph.Data	single		svg	746	0	0	0	0							b09e0bb1bb0e928f7278c915ebf4e086d87bdb3bc8be72b857dba6393749d56b	images\b09e0bb1bb0e928f7278c915ebf4e086d87bdb3bc8be72b857dba6393749d56b.svg
C:\Projects\M2022\ImportPDFFile.dfm	ImportPDFFile.pas	dfm	TfrmImportPDFFile	dxBarManager1.cmbZoom	cmbZoom	TdxBarImageCombo			Glyph.Data	single		svg	827	0	0	0	0							6764fdb3156749ad26b90d915fe93a0d61175b2826508534b471522d08bd1fb5	images\6764fdb3156749ad26b90d915fe93a0d61175b2826508534b471522d08bd1fb5.svg
C:\Projects\M2022\ImportPDFFile.dfm	ImportPDFFile.pas	dfm	TfrmImportPDFFile	dxBarManager1.btnRotatePage	btnRotatePage	TdxBarButton			Glyph.Data	single		svg	785	0	0	0	0							b523ac2fe0d54034d12b7e82e4029046f4aeba6269757786be08345fc80b280b	images\b523ac2fe0d54034d12b7e82e4029046f4aeba6269757786be08345fc80b280b.svg
C:\Projects\M2022\ImportPDFFile.dfm	ImportPDFFile.pas	dfm	TfrmImportPDFFile	dxBarManager1.btnRotatePage	btnRotatePage	TdxBarButton			LargeGlyph.Data	single		svg	785	0	0	0	0							b523ac2fe0d54034d12b7e82e4029046f4aeba6269757786be08345fc80b280b	images\b523ac2fe0d54034d12b7e82e4029046f4aeba6269757786be08345fc80b280b.svg
C:\Projects\M2022\ImportPDFFile.dfm	ImportPDFFile.pas	dfm	TfrmImportPDFFile	dxBarManager1.dxBarDBNavFirst1	dxBarDBNavFirst1	TdxBarDBNavButton			Glyph.Data	single		svg	473	0	0	0	0							4f6b5e7feb872030cf8c07f4b0a9154dba561d068f0bbe851f401038888deb73	images\4f6b5e7feb872030cf8c07f4b0a9154dba561d068f0bbe851f401038888deb73.svg
C:\Projects\M2022\ImportPDFFile.dfm	ImportPDFFile.pas	dfm	TfrmImportPDFFile	dxBarManager1.dxBarDBNavPrev1	dxBarDBNavPrev1	TdxBarDBNavButton			Glyph.Data	single		svg	326	0	0	0	0							9affc86233a3c5214b39371064995d1a618b6351e5fc4ea3fcc737d5adee7301	images\9affc86233a3c5214b39371064995d1a618b6351e5fc4ea3fcc737d5adee7301.svg
C:\Projects\M2022\ImportPDFFile.dfm	ImportPDFFile.pas	dfm	TfrmImportPDFFile	dxBarManager1.dxBarDBNavNext1	dxBarDBNavNext1	TdxBarDBNavButton			Glyph.Data	single		svg	326	0	0	0	0							31c86d717e300180306624b9f136bc00ee9996221aef9eb76e66c80b91008bf7	images\31c86d717e300180306624b9f136bc00ee9996221aef9eb76e66c80b91008bf7.svg
C:\Projects\M2022\ImportPDFFile.dfm	ImportPDFFile.pas	dfm	TfrmImportPDFFile	dxBarManager1.dxBarDBNavLast1	dxBarDBNavLast1	TdxBarDBNavButton			Glyph.Data	single		svg	433	0	0	0	0							44036aa63309d06887b4983c8a4fc4e7f96de9af23f3593af004275785272ced	images\44036aa63309d06887b4983c8a4fc4e7f96de9af23f3593af004275785272ced.svg
C:\Projects\M2022\ImportPDFFile.dfm	ImportPDFFile.pas	dfm	TfrmImportPDFFile	dxBarManager1.dxBarDBNavInsert1	dxBarDBNavInsert1	TdxBarDBNavButton			Glyph.Data	single		svg	421	0	0	0	0							213250362e820808f9afeae33d37fe36d29446da8156945b7c706b08cd1f8ef6	images\213250362e820808f9afeae33d37fe36d29446da8156945b7c706b08cd1f8ef6.svg
C:\Projects\M2022\ImportPDFFile.dfm	ImportPDFFile.pas	dfm	TfrmImportPDFFile	dxBarManager1.dxBarDBNavDelete1	dxBarDBNavDelete1	TdxBarDBNavButton			Glyph.Data	single		svg	331	0	0	0	0							3426812018064253d38559294ae768a24bc1f0e2b55e1155b259650d305523b2	images\3426812018064253d38559294ae768a24bc1f0e2b55e1155b259650d305523b2.svg
C:\Projects\M2022\ImportPDFFile.dfm	ImportPDFFile.pas	dfm	TfrmImportPDFFile	dxBarManager1.dxBarDBNavEdit1	dxBarDBNavEdit1	TdxBarDBNavButton			Glyph.Data	single		svg	299	0	0	0	0							d7cef1afe0805720b049c349aa2273488c1eee83041ed56aa0d6d8502f8f2708	images\d7cef1afe0805720b049c349aa2273488c1eee83041ed56aa0d6d8502f8f2708.svg
C:\Projects\M2022\ImportPDFFile.dfm	ImportPDFFile.pas	dfm	TfrmImportPDFFile	dxBarManager1.dxBarDBNavPost1	dxBarDBNavPost1	TdxBarDBNavButton			Glyph.Data	single		svg	337	0	0	0	0							8f9b13bab01903aac5c507b4e8cabbe899263cd4f3aa5b9a02b0cf8d69d57e03	images\8f9b13bab01903aac5c507b4e8cabbe899263cd4f3aa5b9a02b0cf8d69d57e03.svg
C:\Projects\M2022\ImportPDFFile.dfm	ImportPDFFile.pas	dfm	TfrmImportPDFFile	dxBarManager1.dxBarDBNavCancel1	dxBarDBNavCancel1	TdxBarDBNavButton			Glyph.Data	single		svg	581	0	0	0	0							0bf670167728fb629118e442f19cb6d896033afa8289ac7bed141f4aa7ee9093	images\0bf670167728fb629118e442f19cb6d896033afa8289ac7bed141f4aa7ee9093.svg
C:\Projects\M2022\ImportPDFFile.dfm	ImportPDFFile.pas	dfm	TfrmImportPDFFile	dxBarManager1.dxBarDBNavRefresh1	dxBarDBNavRefresh1	TdxBarDBNavButton			Glyph.Data	single		svg	426	0	0	0	0							fe976aa73cfd0d6bdb8e57cba9f19670367d0f5a0ad38d7ed106e3af5b2d2eae	images\fe976aa73cfd0d6bdb8e57cba9f19670367d0f5a0ad38d7ed106e3af5b2d2eae.svg
C:\Projects\M2022\ImportPDFFile.dfm	ImportPDFFile.pas	dfm	TfrmImportPDFFile	dxBarManager1.dxBarDBNavAppend1	dxBarDBNavAppend1	TdxBarDBNavButton			Glyph.Data	single		svg	370	0	0	0	0							1cc652cdffa3e7adfface918a6fcea8f0c700fc11ba39682e14b71de2890a6ba	images\1cc652cdffa3e7adfface918a6fcea8f0c700fc11ba39682e14b71de2890a6ba.svg
C:\Projects\M2022\InspectionFrequencyAssisntant.dfm	InspectionFrequencyAssisntant.pas	dfm	TfrmInspectionFrequencyAssistant		frmInspectionFrequencyAssistant	TfrmInspectionFrequencyAssistant			Icon.Data	single		ico	1150	0	0	0	0							87829c566615525191dec99da56caf00d42442aaa72a701af21d38cb4d4598be	images\87829c566615525191dec99da56caf00d42442aaa72a701af21d38cb4d4598be.ico
C:\Projects\M2022\InspectionFrequencyAssisntant.dfm	InspectionFrequencyAssisntant.pas	dfm	TfrmInspectionFrequencyAssistant	dxBarManager1.btnExit	btnExit	TdxBarButton			Glyph.Data	single		svg	3033	0	0	0	0							39e5933d6f88188b2c66d8c653d769e7684d9a23c349e93e39b61c6384fc2a9e	images\39e5933d6f88188b2c66d8c653d769e7684d9a23c349e93e39b61c6384fc2a9e.svg
C:\Projects\M2022\InspectionFrequencyAssisntant.dfm	InspectionFrequencyAssisntant.pas	dfm	TfrmInspectionFrequencyAssistant	dxBarManager1.btnMaximize	btnMaximize	TdxBarButton			Glyph.Data	single		bmp	1078	16	16	32	0					1		d979d0b7b77a3576b3ea07e84c5ebda63b9ff26d22cf4e477f50474bd456c113	images\d979d0b7b77a3576b3ea07e84c5ebda63b9ff26d22cf4e477f50474bd456c113.bmp
C:\Projects\M2022\InspectionFrequencyAssisntant.dfm	InspectionFrequencyAssisntant.pas	dfm	TfrmInspectionFrequencyAssistant	dxBarManager1.btnPrint	btnPrint	TdxBarButton			Glyph.Data	single		bmp	1078	16	16	32	0					1		946d8ef4176300b7514b0712f480d3449521bbc5f097c0f596a6516e63518d3c	images\946d8ef4176300b7514b0712f480d3449521bbc5f097c0f596a6516e63518d3c.bmp
C:\Projects\M2022\InspectionFrequencyAssisntant.dfm	InspectionFrequencyAssisntant.pas	dfm	TfrmInspectionFrequencyAssistant	dxBarManager1.btnCancel	btnCancel	TdxBarButton			Glyph.Data	single		bmp	1078	16	16	32	0					1		d8be263f447bb2946a9ecf5e82e5052aebdb1fe0336a015e65e001415629d619	images\d8be263f447bb2946a9ecf5e82e5052aebdb1fe0336a015e65e001415629d619.bmp
C:\Projects\M2022\INSPFLDR.dfm	INSPFLDR.pas	dfm	TInspFolderFrm	qryJobOper	qryJobOper	TQuery			Data	single			561	0	0	0	0							a54aa83431268ba1aab01b181d049248bdac104828d265d9f4596b5cd4b72e73	images\a54aa83431268ba1aab01b181d049248bdac104828d265d9f4596b5cd4b72e73.bin
C:\Projects\M2022\INSPFLDR.dfm	INSPFLDR.pas	dfm	TInspFolderFrm	qryCountValidResults	qryCountValidResults	TQuery			Data	single			716	0	0	0	0							2eba32b887f48184c83ba360a612e7fc864862bdbeb146fbc240e47eccbb50a1	images\2eba32b887f48184c83ba360a612e7fc864862bdbeb146fbc240e47eccbb50a1.bin
C:\Projects\M2022\INSPFLDR.dfm	INSPFLDR.pas	dfm	TInspFolderFrm	qryAllUsedSublots	qryAllUsedSublots	TQuery			Data	single			922	0	0	0	0							5e86bfd7209b270da4c92548f71ac71704e7189e6f9b854dbf1d0de2bb3f055d	images\5e86bfd7209b270da4c92548f71ac71704e7189e6f9b854dbf1d0de2bb3f055d.bin
C:\Projects\M2022\INSPFLDR.dfm	INSPFLDR.pas	dfm	TInspFolderFrm	qryOnOffList	qryOnOffList	TQuery			Data	single			1733	0	0	0	0							92dd839f6c231c8692321be581be1a045f42b4aa9cbbb20e9592f289db588203	images\92dd839f6c231c8692321be581be1a045f42b4aa9cbbb20e9592f289db588203.bin
C:\Projects\M2022\INSPFLDR.dfm	INSPFLDR.pas	dfm	TInspFolderFrm	imlEOProcess	imlEOProcess	TImageList			Bitmap	container			30082	0	0	0	0							de529d34a8e3f2b4bdb44aa8b9e7ef97bc2db1c4c72892fe3c4747976cae7447	images\de529d34a8e3f2b4bdb44aa8b9e7ef97bc2db1c4c72892fe3c4747976cae7447.bin
C:\Projects\M2022\INSPFLDR.dfm	INSPFLDR.pas	dfm	TInspFolderFrm	qryOsubMax	qryOsubMax	TQuery			Data	single			418	0	0	0	0							9ae802e65b9167036f70d4a5b1c29f09d5aa10d5566ed533204934f9a3ebf327	images\9ae802e65b9167036f70d4a5b1c29f09d5aa10d5566ed533204934f9a3ebf327.bin
C:\Projects\M2022\INSPFLDR.dfm	INSPFLDR.pas	dfm	TInspFolderFrm	qryResMax	qryResMax	TQuery			Data	single			420	0	0	0	0							7e3c5ff0205271172dee2e0d815e43985e387785cbe128f0163274a4eb3a3766	images\7e3c5ff0205271172dee2e0d815e43985e387785cbe128f0163274a4eb3a3766.bin
C:\Projects\M2022\INSPFLDR.dfm	INSPFLDR.pas	dfm	TInspFolderFrm	FDMemTable1	FDMemTable1	TFDMemTable			Content	single			2631	0	0	0	0							649eed2c88c7916a01fef2994a74380049a824ada3786dd4c23e8390ec4f84c1	images\649eed2c88c7916a01fef2994a74380049a824ada3786dd4c23e8390ec4f84c1.bin
C:\Projects\M2022\InspFldrAC2.dfm	InspFldrAC2.pas	dfm	TfrmInspFldrAC2		frmInspFldrAC2	TfrmInspFldrAC2			Icon.Data	single		ico	1150	0	0	0	0							87829c566615525191dec99da56caf00d42442aaa72a701af21d38cb4d4598be	images\87829c566615525191dec99da56caf00d42442aaa72a701af21d38cb4d4598be.ico
C:\Projects\M2022\InspFldrAC2.dfm	InspFldrAC2.pas	dfm	TfrmInspFldrAC2	dxBarManager1.btnExit	btnExit	TdxBarButton			Glyph.Data	single		svg	3033	0	0	0	0							39e5933d6f88188b2c66d8c653d769e7684d9a23c349e93e39b61c6384fc2a9e	images\39e5933d6f88188b2c66d8c653d769e7684d9a23c349e93e39b61c6384fc2a9e.svg
C:\Projects\M2022\InspFldrAC2.dfm	InspFldrAC2.pas	dfm	TfrmInspFldrAC2	dxBarManager1.btnMaximize	btnMaximize	TdxBarButton			Glyph.Data	single		bmp	1078	16	16	32	0					1		d979d0b7b77a3576b3ea07e84c5ebda63b9ff26d22cf4e477f50474bd456c113	images\d979d0b7b77a3576b3ea07e84c5ebda63b9ff26d22cf4e477f50474bd456c113.bmp
C:\Projects\M2022\IPTrack.dfm	IPTrack.pas	dfm	TfrmIpTrack		frmIpTrack	TfrmIpTrack			Icon.Data	single		ico	1150	0	0	0	0							87829c566615525191dec99da56caf00d42442aaa72a701af21d38cb4d4598be	images\87829c566615525191dec99da56caf00d42442aaa72a701af21d38cb4d4598be.ico
C:\Projects\M2022\IPTrack.dfm	IPTrack.pas	dfm	TfrmIpTrack	RzPanel3.RzPanel4.btnViewSamples2	btnViewSamples2	TcxButton			OptionsImage.Glyph.Data	strip		bmp	16438	128	32	32	0	OptionsImage.NumGlyphs	4		4	4	Y	49f89135b12f70578d07a73d695f18b0076db5278aa48557cf15cf4595a5a5d2	images\49f89135b12f70578d07a73d695f18b0076db5278aa48557cf15cf4595a5a5d2.bmp
C:\Projects\M2022\IPTrack.dfm	IPTrack.pas	dfm	TfrmIpTrack	RzPanel3.RzPanel4.btnPA	btnPA	TcxButton			OptionsImage.Glyph.Data	strip		bmp	9270	96	24	32	0	OptionsImage.NumGlyphs	4		4	4	Y	42e573000915ec3f0b785020ca437ac6b179a5e83fa779e072638e9cc786f9c2	images\42e573000915ec3f0b785020ca437ac6b179a5e83fa779e072638e9cc786f9c2.bmp
C:\Projects\M2022\IPTrack.dfm	IPTrack.pas	dfm	TfrmIpTrack	dxBarManager1.btnExit	btnExit	TdxBarButton			Glyph.Data	single		svg	3033	0	0	0	0							39e5933d6f88188b2c66d8c653d769e7684d9a23c349e93e39b61c6384fc2a9e	images\39e5933d6f88188b2c66d8c653d769e7684d9a23c349e93e39b61c6384fc2a9e.svg
C:\Projects\M2022\IPTrack.dfm	IPTrack.pas	dfm	TfrmIpTrack	dxBarManager1.btnExit	btnExit	TdxBarButton			LargeGlyph.Data	single		svg	3033	0	0	0	0							39e5933d6f88188b2c66d8c653d769e7684d9a23c349e93e39b61c6384fc2a9e	images\39e5933d6f88188b2c66d8c653d769e7684d9a23c349e93e39b61c6384fc2a9e.svg
C:\Projects\M2022\IPTrack.dfm	IPTrack.pas	dfm	TfrmIpTrack	dxBarManager1.btnVewClass	btnVewClass	TdxBarImageCombo			Glyph.Data	single		bmp	1078	16	16	32	0					1		9c41a85fa5ce6f5ec03987b719f3b171c7de40ed8bd799565cd38495132bf080	images\9c41a85fa5ce6f5ec03987b719f3b171c7de40ed8bd799565cd38495132bf080.bmp
C:\Projects\M2022\IPTrack.dfm	IPTrack.pas	dfm	TfrmIpTrack	dxBarManager1.btnJobList	btnJobList	TdxBarButton			Glyph.Data	single		svg	3033	0	0	0	0							39e5933d6f88188b2c66d8c653d769e7684d9a23c349e93e39b61c6384fc2a9e	images\39e5933d6f88188b2c66d8c653d769e7684d9a23c349e93e39b61c6384fc2a9e.svg
C:\Projects\M2022\IPTrack.dfm	IPTrack.pas	dfm	TfrmIpTrack	dxBarManager1.btnJobList	btnJobList	TdxBarButton			LargeGlyph.Data	single		svg	3033	0	0	0	0							39e5933d6f88188b2c66d8c653d769e7684d9a23c349e93e39b61c6384fc2a9e	images\39e5933d6f88188b2c66d8c653d769e7684d9a23c349e93e39b61c6384fc2a9e.svg
C:\Projects\M2022\IPTrack.dfm	IPTrack.pas	dfm	TfrmIpTrack	dxPrinter	dxPrinter	TdxComponentPrinter			PreviewOptions.PreviewBoundsRect	single			16	0	0	0	0							c699874a39ecfbde66ebc1bf305ba4dafaeca7ebd471216fd3edb70a489edfde	images\c699874a39ecfbde66ebc1bf305ba4dafaeca7ebd471216fd3edb70a489edfde.bin
C:\Projects\M2022\ITrack.dfm	ITrack.pas	dfm	TfrmITrack		frmITrack	TfrmITrack			Icon.Data	single		ico	1150	0	0	0	0							87829c566615525191dec99da56caf00d42442aaa72a701af21d38cb4d4598be	images\87829c566615525191dec99da56caf00d42442aaa72a701af21d38cb4d4598be.ico
C:\Projects\M2022\ITrack.dfm	ITrack.pas	dfm	TfrmITrack	dxRibbon1	dxRibbon1	TdxRibbon			ApplicationButton.Glyph.Data	single		png	597	0	0	0	0							13f3f5342efd05205d641fc00f95a7b3604bed90fda57818441b5db90f069406	images\13f3f5342efd05205d641fc00f95a7b3604bed90fda57818441b5db90f069406.png
C:\Projects\M2022\ITrack.dfm	ITrack.pas	dfm	TfrmITrack	dxBarManager1.btnExit	btnExit	TdxBarButton			Glyph.Data	single		svg	3033	0	0	0	0							39e5933d6f88188b2c66d8c653d769e7684d9a23c349e93e39b61c6384fc2a9e	images\39e5933d6f88188b2c66d8c653d769e7684d9a23c349e93e39b61c6384fc2a9e.svg
C:\Projects\M2022\ITrack.dfm	ITrack.pas	dfm	TfrmITrack	dxBarManager1.btnExit	btnExit	TdxBarButton			LargeGlyph.Data	single		svg	3033	0	0	0	0							39e5933d6f88188b2c66d8c653d769e7684d9a23c349e93e39b61c6384fc2a9e	images\39e5933d6f88188b2c66d8c653d769e7684d9a23c349e93e39b61c6384fc2a9e.svg
C:\Projects\M2022\ITrack.dfm	ITrack.pas	dfm	TfrmITrack	dxBarManager1.ddlVarFilterSelect	ddlVarFilterSelect	TdxBarImageCombo			Glyph.Data	single		bmp	1078	16	16	32	0					1		9c41a85fa5ce6f5ec03987b719f3b171c7de40ed8bd799565cd38495132bf080	images\9c41a85fa5ce6f5ec03987b719f3b171c7de40ed8bd799565cd38495132bf080.bmp
C:\Projects\M2022\ITrack.dfm	ITrack.pas	dfm	TfrmITrack	dxBarManager1.btnLargerCharacters	btnLargerCharacters	TdxBarButton			Glyph.Data	single		svg	594	0	0	0	0							bf82bfc55b526e89ddc9aefed0d9bdaccb99dbab295001555bf580c74e9f8009	images\bf82bfc55b526e89ddc9aefed0d9bdaccb99dbab295001555bf580c74e9f8009.svg
C:\Projects\M2022\ITrack.dfm	ITrack.pas	dfm	TfrmITrack	dxBarManager1.btnLargerCharacters	btnLargerCharacters	TdxBarButton			LargeGlyph.Data	single		svg	594	0	0	0	0							bf82bfc55b526e89ddc9aefed0d9bdaccb99dbab295001555bf580c74e9f8009	images\bf82bfc55b526e89ddc9aefed0d9bdaccb99dbab295001555bf580c74e9f8009.svg
C:\Projects\M2022\ITrack.dfm	ITrack.pas	dfm	TfrmITrack	dxBarManager1.btnSmallerCharacters	btnSmallerCharacters	TdxBarButton			Glyph.Data	single		svg	593	0	0	0	0							d383cc53f93ccddba1ef784bac9f444a51f0e4ed037ad2a567e851bba2edd6df	images\d383cc53f93ccddba1ef784bac9f444a51f0e4ed037ad2a567e851bba2edd6df.svg
C:\Projects\M2022\ITrack.dfm	ITrack.pas	dfm	TfrmITrack	dxBarManager1.btnSmallerCharacters	btnSmallerCharacters	TdxBarButton			LargeGlyph.Data	single		svg	593	0	0	0	0							d383cc53f93ccddba1ef784bac9f444a51f0e4ed037ad2a567e851bba2edd6df	images\d383cc53f93ccddba1ef784bac9f444a51f0e4ed037ad2a567e851bba2edd6df.svg
C:\Projects\M2022\ITrack.dfm	ITrack.pas	dfm	TfrmITrack	dxBarManager1.btnpTrack	btnpTrack	TdxBarButton			Glyph.Data	single		svg	2123	0	0	0	0							e7055aa1a911489fbdb8683cba59424886704020673291961e9caea075161f93	images\e7055aa1a911489fbdb8683cba59424886704020673291961e9caea075161f93.svg
C:\Projects\M2022\ITrack.dfm	ITrack.pas	dfm	TfrmITrack	dxBarManager1.btnToolTrack	btnToolTrack	TdxBarButton			Glyph.Data	single		svg	1844	0	0	0	0							103b070677ac02d9f8e7c00659e55bb99bcc85e6c7cce2c83bcf38158e69c5e0	images\103b070677ac02d9f8e7c00659e55bb99bcc85e6c7cce2c83bcf38158e69c5e0.svg
C:\Projects\M2022\ITrack.dfm	ITrack.pas	dfm	TfrmITrack	dxBarManager1.btnBlueprint	btnBlueprint	TdxBarButton			Glyph.Data	single		svg	2828	0	0	0	0							5df06dcfae7a125ebc6f527e8156bc8da61f3f764109dc3143635875fb2e3ee1	images\5df06dcfae7a125ebc6f527e8156bc8da61f3f764109dc3143635875fb2e3ee1.svg
C:\Projects\M2022\ITrack.dfm	ITrack.pas	dfm	TfrmITrack	dxBarManager1.btnDataDesign	btnDataDesign	TdxBarButton			Glyph.Data	single		svg	4158	0	0	0	0							8246e49fec36c8fb469a7df5ba75ee9a33983771a6aba3d01540046cb536308c	images\8246e49fec36c8fb469a7df5ba75ee9a33983771a6aba3d01540046cb536308c.svg
C:\Projects\M2022\ITrack.dfm	ITrack.pas	dfm	TfrmITrack	dxBarManager1.btnTPCReport	btnTPCReport	TdxBarButton			Glyph.Data	single		svg	4032	0	0	0	0							27b85355de3a220048b19fe36feb36069d4060db36ffe3dc651fd7d382a906ad	images\27b85355de3a220048b19fe36feb36069d4060db36ffe3dc651fd7d382a906ad.svg
C:\Projects\M2022\ITrack.dfm	ITrack.pas	dfm	TfrmITrack	dxBarManager1.btnipTrack	btnipTrack	TdxBarButton			Glyph.Data	single		svg	3347	0	0	0	0							d03cf4d8a9011652685866b7f3579424c392f26c215e7229700bdf777fe6d69f	images\d03cf4d8a9011652685866b7f3579424c392f26c215e7229700bdf777fe6d69f.svg
C:\Projects\M2022\ITrack.dfm	ITrack.pas	dfm	TfrmITrack	dxBarManager1.btnJobList	btnJobList	TdxBarButton			Glyph.Data	single		svg	3033	0	0	0	0							39e5933d6f88188b2c66d8c653d769e7684d9a23c349e93e39b61c6384fc2a9e	images\39e5933d6f88188b2c66d8c653d769e7684d9a23c349e93e39b61c6384fc2a9e.svg
C:\Projects\M2022\ITrack.dfm	ITrack.pas	dfm	TfrmITrack	dxBarManager1.btnJobList	btnJobList	TdxBarButton			LargeGlyph.Data	single		svg	582	0	0	0	0							0f81df5c433377e3b5fc44dff9f57aa3aefe45a5c31105e2016acd7c53ce3379	images\0f81df5c433377e3b5fc44dff9f57aa3aefe45a5c31105e2016acd7c53ce3379.svg
C:\Projects\M2022\JobLayout.dfm	JobLayout.pas	dfm	TfrmJobLayout	qryIInsp	qryIInsp	TQuery			Data	single			1374	0	0	0	0							8ba788a610bc3f153dc8e77e333ad3deebd88e719700b00dd41e2b3fbb2539cb	images\8ba788a610bc3f153dc8e77e333ad3deebd88e719700b00dd41e2b3fbb2539cb.bin
C:\Projects\M2022\JobVerifierRemover.dfm	JobVerifierRemover.pas	dfm	TfrmJobVerifierRemover		frmJobVerifierRemover	TfrmJobVerifierRemover		Y	Icon.Data	single		ico	1150	0	0	0	0							87829c566615525191dec99da56caf00d42442aaa72a701af21d38cb4d4598be	images\87829c566615525191dec99da56caf00d42442aaa72a701af21d38cb4d4598be.ico
C:\Projects\M2022\JobVerifierRemover.dfm	JobVerifierRemover.pas	dfm	TfrmJobVerifierRemover	dxBarManager1.btnRemoveThis	btnRemoveThis	TdxBarButton			Glyph.Data	single		bmp	1078	16	16	32	0					1		0eb430c3bf766d2880fb74dcbba407cf82fd63719978d05d02e3bd7f7a2a0a3c	images\0eb430c3bf766d2880fb74dcbba407cf82fd63719978d05d02e3bd7f7a2a0a3c.bmp
C:\Projects\M2022\LastPartReport.dfm	LastPartReport.pas	dfm	TfrmLastPartReport		frmLastPartReport	TfrmLastPartReport			Icon.Data	single		ico	1150	0	0	0	0							87829c566615525191dec99da56caf00d42442aaa72a701af21d38cb4d4598be	images\87829c566615525191dec99da56caf00d42442aaa72a701af21d38cb4d4598be.ico
C:\Projects\M2022\LastPartReport.dfm	LastPartReport.pas	dfm	TfrmLastPartReport	dxBarManager1.btnExit	btnExit	TdxBarButton			Glyph.Data	single		svg	3033	0	0	0	0							39e5933d6f88188b2c66d8c653d769e7684d9a23c349e93e39b61c6384fc2a9e	images\39e5933d6f88188b2c66d8c653d769e7684d9a23c349e93e39b61c6384fc2a9e.svg
C:\Projects\M2022\LastPartReport.dfm	LastPartReport.pas	dfm	TfrmLastPartReport	dxBarManager1.btnExit	btnExit	TdxBarButton			LargeGlyph.Data	single		svg	3033	0	0	0	0							39e5933d6f88188b2c66d8c653d769e7684d9a23c349e93e39b61c6384fc2a9e	images\39e5933d6f88188b2c66d8c653d769e7684d9a23c349e93e39b61c6384fc2a9e.svg
C:\Projects\M2022\LastPartReport.dfm	LastPartReport.pas	dfm	TfrmLastPartReport	dxBarManager1.btnMaximize	btnMaximize	TdxBarButton			Glyph.Data	single		bmp	1078	16	16	32	0					1		d979d0b7b77a3576b3ea07e84c5ebda63b9ff26d22cf4e477f50474bd456c113	images\d979d0b7b77a3576b3ea07e84c5ebda63b9ff26d22cf4e477f50474bd456c113.bmp
C:\Projects\M2022\LastPartReport.dfm	LastPartReport.pas	dfm	TfrmLastPartReport	dxBarManager1.btnCancel	btnCancel	TdxBarButton			Glyph.Data	single		svg	475	0	0	0	0							182dc8b95b3aacd3fb2a562fef0f9af9d1bcead5a2f8e9477f6910dfd29af2d0	images\182dc8b95b3aacd3fb2a562fef0f9af9d1bcead5a2f8e9477f6910dfd29af2d0.svg
C:\Projects\M2022\LastPartReport.dfm	LastPartReport.pas	dfm	TfrmLastPartReport	dxBarManager1.btnCancel	btnCancel	TdxBarButton			LargeGlyph.Data	single		svg	475	0	0	0	0							182dc8b95b3aacd3fb2a562fef0f9af9d1bcead5a2f8e9477f6910dfd29af2d0	images\182dc8b95b3aacd3fb2a562fef0f9af9d1bcead5a2f8e9477f6910dfd29af2d0.svg
C:\Projects\M2022\LastPartReport.dfm	LastPartReport.pas	dfm	TfrmLastPartReport	dxBarManager1.btnPrint	btnPrint	TdxBarButton			Glyph.Data	single		svg	1250	0	0	0	0							f3985f148c892524994c590303aa2e8be7986d918c096d7094fac860d3f59b30	images\f3985f148c892524994c590303aa2e8be7986d918c096d7094fac860d3f59b30.svg
C:\Projects\M2022\LastPartReport.dfm	LastPartReport.pas	dfm	TfrmLastPartReport	dxBarManager1.btnPrint	btnPrint	TdxBarButton			LargeGlyph.Data	single		svg	1250	0	0	0	0							f3985f148c892524994c590303aa2e8be7986d918c096d7094fac860d3f59b30	images\f3985f148c892524994c590303aa2e8be7986d918c096d7094fac860d3f59b30.svg
C:\Projects\M2022\LastPartReport.dfm	LastPartReport.pas	dfm	TfrmLastPartReport	ImageList1	ImageList1	TImageList			Bitmap	container			33862	0	0	0	0							eb18ea7d1dc9c0927a2b0bc767b1528d96f1d4af2d5b1b5b20cc4d3bacf8cd98	images\eb18ea7d1dc9c0927a2b0bc767b1528d96f1d4af2d5b1b5b20cc4d3bacf8cd98.bin
C:\Projects\M2022\ListOfActiveStantions.dfm	ListOfActiveStantions.pas	dfm	TfrmStationList		frmStationList	TfrmStationList			Icon.Data	single		ico	1150	0	0	0	0							87829c566615525191dec99da56caf00d42442aaa72a701af21d38cb4d4598be	images\87829c566615525191dec99da56caf00d42442aaa72a701af21d38cb4d4598be.ico
C:\Projects\M2022\ListOfActiveStantions.dfm	ListOfActiveStantions.pas	dfm	TfrmStationList	dxBarManager1.btnExit	btnExit	TdxBarButton			Glyph.Data	single		svg	3033	0	0	0	0							39e5933d6f88188b2c66d8c653d769e7684d9a23c349e93e39b61c6384fc2a9e	images\39e5933d6f88188b2c66d8c653d769e7684d9a23c349e93e39b61c6384fc2a9e.svg
C:\Projects\M2022\ListOfActiveStantions.dfm	ListOfActiveStantions.pas	dfm	TfrmStationList	dxBarManager1.btnExit	btnExit	TdxBarButton			LargeGlyph.Data	single		svg	3033	0	0	0	0							39e5933d6f88188b2c66d8c653d769e7684d9a23c349e93e39b61c6384fc2a9e	images\39e5933d6f88188b2c66d8c653d769e7684d9a23c349e93e39b61c6384fc2a9e.svg
C:\Projects\M2022\ListOfActiveStantions.dfm	ListOfActiveStantions.pas	dfm	TfrmStationList	dxBarManager1.btnCancel	btnCancel	TdxBarButton			Glyph.Data	single		svg	475	0	0	0	0							182dc8b95b3aacd3fb2a562fef0f9af9d1bcead5a2f8e9477f6910dfd29af2d0	images\182dc8b95b3aacd3fb2a562fef0f9af9d1bcead5a2f8e9477f6910dfd29af2d0.svg
C:\Projects\M2022\ListOfActiveStantions.dfm	ListOfActiveStantions.pas	dfm	TfrmStationList	dxBarManager1.btnCancel	btnCancel	TdxBarButton			LargeGlyph.Data	single		svg	475	0	0	0	0							182dc8b95b3aacd3fb2a562fef0f9af9d1bcead5a2f8e9477f6910dfd29af2d0	images\182dc8b95b3aacd3fb2a562fef0f9af9d1bcead5a2f8e9477f6910dfd29af2d0.svg
C:\Projects\M2022\ListOfToolActions.dfm	ListOfToolActions.pas	dfm	TfrmListOfToolActions		frmListOfToolActions	TfrmListOfToolActions			Icon.Data	single		ico	1150	0	0	0	0							87829c566615525191dec99da56caf00d42442aaa72a701af21d38cb4d4598be	images\87829c566615525191dec99da56caf00d42442aaa72a701af21d38cb4d4598be.ico
C:\Projects\M2022\ListOfToolActions.dfm	ListOfToolActions.pas	dfm	TfrmListOfToolActions	dxBarManager1.btnExit	btnExit	TdxBarButton			Glyph.Data	single		bmp	1078	16	16	32	0					1		d1f5d5f839df61eb3317ff82c09de63b57e908669df38bd26a96a6dd5b8d7ad7	images\d1f5d5f839df61eb3317ff82c09de63b57e908669df38bd26a96a6dd5b8d7ad7.bmp
C:\Projects\M2022\ListOfToolActions.dfm	ListOfToolActions.pas	dfm	TfrmListOfToolActions	dxBarManager1.btnMaximize	btnMaximize	TdxBarButton			Glyph.Data	single		bmp	1078	16	16	32	0					1		d979d0b7b77a3576b3ea07e84c5ebda63b9ff26d22cf4e477f50474bd456c113	images\d979d0b7b77a3576b3ea07e84c5ebda63b9ff26d22cf4e477f50474bd456c113.bmp
C:\Projects\M2022\MachineList.dfm	MachineList.pas	dfm	TdlgMachineList		dlgMachineList	TdlgMachineList			Icon.Data	single		ico	1150	0	0	0	0							87829c566615525191dec99da56caf00d42442aaa72a701af21d38cb4d4598be	images\87829c566615525191dec99da56caf00d42442aaa72a701af21d38cb4d4598be.ico
C:\Projects\M2022\MachineList.dfm	MachineList.pas	dfm	TdlgMachineList	Panel2.BitBtn2	BitBtn2	TcxButton			OptionsImage.Glyph.Data	single		svg	475	0	0	0	0							182dc8b95b3aacd3fb2a562fef0f9af9d1bcead5a2f8e9477f6910dfd29af2d0	images\182dc8b95b3aacd3fb2a562fef0f9af9d1bcead5a2f8e9477f6910dfd29af2d0.svg
C:\Projects\M2022\MachineList.dfm	MachineList.pas	dfm	TdlgMachineList	Panel2.BitBtn1	BitBtn1	TcxButton			OptionsImage.Glyph.Data	single		svg	311	0	0	0	0							ab2833c13bab5dcf5c52f24bf054fc6b3ced8666064942a91cc8b758a6e53202	images\ab2833c13bab5dcf5c52f24bf054fc6b3ced8666064942a91cc8b758a6e53202.svg
C:\Projects\M2022\MachineList.dfm	MachineList.pas	dfm	TdlgMachineList	Panel2.btnSetupPositions2	btnSetupPositions2	TcxButton			OptionsImage.Glyph.Data	single		svg	1430	0	0	0	0							45516c4e9f741da6c371643d11c1a69d9ef11140bac49cda632477ab01c92552	images\45516c4e9f741da6c371643d11c1a69d9ef11140bac49cda632477ab01c92552.svg
C:\Projects\M2022\MachineList.dfm	MachineList.pas	dfm	TdlgMachineList	dxBarManager1.btnSetupPositions	btnSetupPositions	TdxBarButton			Glyph.Data	single		svg	1430	0	0	0	0							45516c4e9f741da6c371643d11c1a69d9ef11140bac49cda632477ab01c92552	images\45516c4e9f741da6c371643d11c1a69d9ef11140bac49cda632477ab01c92552.svg
C:\Projects\M2022\MachineList.dfm	MachineList.pas	dfm	TdlgMachineList	dxBarManager1.btnPrint	btnPrint	TdxBarButton			Glyph.Data	single		svg	819	0	0	0	0							4ba55ff88e8cf3f39a716d1dd6eb4e744836948baa8d84db637a15a904e50cdb	images\4ba55ff88e8cf3f39a716d1dd6eb4e744836948baa8d84db637a15a904e50cdb.svg
C:\Projects\M2022\MachineList.dfm	MachineList.pas	dfm	TdlgMachineList	dxBarManager1.btnExit	btnExit	TdxBarLargeButton			Glyph.Data	single		svg	3033	0	0	0	0							39e5933d6f88188b2c66d8c653d769e7684d9a23c349e93e39b61c6384fc2a9e	images\39e5933d6f88188b2c66d8c653d769e7684d9a23c349e93e39b61c6384fc2a9e.svg
C:\Projects\M2022\MachineList.dfm	MachineList.pas	dfm	TdlgMachineList	dxBarManager1.btnExit	btnExit	TdxBarLargeButton			LargeGlyph.Data	single		svg	3033	0	0	0	0							39e5933d6f88188b2c66d8c653d769e7684d9a23c349e93e39b61c6384fc2a9e	images\39e5933d6f88188b2c66d8c653d769e7684d9a23c349e93e39b61c6384fc2a9e.svg
C:\Projects\M2022\MachineList.dfm	MachineList.pas	dfm	TdlgMachineList	dxBarManager1.btnExit	btnExit	TdxBarLargeButton			HotGlyph.Data	single		svg	3033	0	0	0	0							39e5933d6f88188b2c66d8c653d769e7684d9a23c349e93e39b61c6384fc2a9e	images\39e5933d6f88188b2c66d8c653d769e7684d9a23c349e93e39b61c6384fc2a9e.svg
C:\Projects\M2022\MachineList.dfm	MachineList.pas	dfm	TdlgMachineList	dxBarManager1.dxBarDBNavFirst1	dxBarDBNavFirst1	TdxBarDBNavButton			Glyph.Data	single		svg	473	0	0	0	0							4f6b5e7feb872030cf8c07f4b0a9154dba561d068f0bbe851f401038888deb73	images\4f6b5e7feb872030cf8c07f4b0a9154dba561d068f0bbe851f401038888deb73.svg
C:\Projects\M2022\MachineList.dfm	MachineList.pas	dfm	TdlgMachineList	dxBarManager1.dxBarDBNavPrev1	dxBarDBNavPrev1	TdxBarDBNavButton			Glyph.Data	single		svg	326	0	0	0	0							9affc86233a3c5214b39371064995d1a618b6351e5fc4ea3fcc737d5adee7301	images\9affc86233a3c5214b39371064995d1a618b6351e5fc4ea3fcc737d5adee7301.svg
C:\Projects\M2022\MachineList.dfm	MachineList.pas	dfm	TdlgMachineList	dxBarManager1.dxBarDBNavNext1	dxBarDBNavNext1	TdxBarDBNavButton			Glyph.Data	single		svg	326	0	0	0	0							31c86d717e300180306624b9f136bc00ee9996221aef9eb76e66c80b91008bf7	images\31c86d717e300180306624b9f136bc00ee9996221aef9eb76e66c80b91008bf7.svg
C:\Projects\M2022\MachineList.dfm	MachineList.pas	dfm	TdlgMachineList	dxBarManager1.dxBarDBNavLast1	dxBarDBNavLast1	TdxBarDBNavButton			Glyph.Data	single		svg	433	0	0	0	0							44036aa63309d06887b4983c8a4fc4e7f96de9af23f3593af004275785272ced	images\44036aa63309d06887b4983c8a4fc4e7f96de9af23f3593af004275785272ced.svg
C:\Projects\M2022\MachineList.dfm	MachineList.pas	dfm	TdlgMachineList	dxBarManager1.dxBarDBNavInsert1	dxBarDBNavInsert1	TdxBarDBNavButton			Glyph.Data	single		svg	421	0	0	0	0							213250362e820808f9afeae33d37fe36d29446da8156945b7c706b08cd1f8ef6	images\213250362e820808f9afeae33d37fe36d29446da8156945b7c706b08cd1f8ef6.svg
C:\Projects\M2022\MachineList.dfm	MachineList.pas	dfm	TdlgMachineList	dxBarManager1.dxBarDBNavDelete1	dxBarDBNavDelete1	TdxBarDBNavButton			Glyph.Data	single		svg	331	0	0	0	0							3426812018064253d38559294ae768a24bc1f0e2b55e1155b259650d305523b2	images\3426812018064253d38559294ae768a24bc1f0e2b55e1155b259650d305523b2.svg
C:\Projects\M2022\MachineList.dfm	MachineList.pas	dfm	TdlgMachineList	dxBarManager1.dxBarDBNavEdit1	dxBarDBNavEdit1	TdxBarDBNavButton			Glyph.Data	single		svg	299	0	0	0	0							d7cef1afe0805720b049c349aa2273488c1eee83041ed56aa0d6d8502f8f2708	images\d7cef1afe0805720b049c349aa2273488c1eee83041ed56aa0d6d8502f8f2708.svg
C:\Projects\M2022\MachineList.dfm	MachineList.pas	dfm	TdlgMachineList	dxBarManager1.dxBarDBNavPost1	dxBarDBNavPost1	TdxBarDBNavButton			Glyph.Data	single		svg	337	0	0	0	0							8f9b13bab01903aac5c507b4e8cabbe899263cd4f3aa5b9a02b0cf8d69d57e03	images\8f9b13bab01903aac5c507b4e8cabbe899263cd4f3aa5b9a02b0cf8d69d57e03.svg
C:\Projects\M2022\MachineList.dfm	MachineList.pas	dfm	TdlgMachineList	dxBarManager1.dxBarDBNavCancel1	dxBarDBNavCancel1	TdxBarDBNavButton			Glyph.Data	single		svg	581	0	0	0	0							0bf670167728fb629118e442f19cb6d896033afa8289ac7bed141f4aa7ee9093	images\0bf670167728fb629118e442f19cb6d896033afa8289ac7bed141f4aa7ee9093.svg
C:\Projects\M2022\MachineList.dfm	MachineList.pas	dfm	TdlgMachineList	dxBarManager1.dxBarDBNavRefresh1	dxBarDBNavRefresh1	TdxBarDBNavButton			Glyph.Data	single		svg	426	0	0	0	0							fe976aa73cfd0d6bdb8e57cba9f19670367d0f5a0ad38d7ed106e3af5b2d2eae	images\fe976aa73cfd0d6bdb8e57cba9f19670367d0f5a0ad38d7ed106e3af5b2d2eae.svg
C:\Projects\M2022\MachineList.dfm	MachineList.pas	dfm	TdlgMachineList	dxBarManager1.dxBarDBNavAppend1	dxBarDBNavAppend1	TdxBarDBNavButton			Glyph.Data	single		svg	370	0	0	0	0							1cc652cdffa3e7adfface918a6fcea8f0c700fc11ba39682e14b71de2890a6ba	images\1cc652cdffa3e7adfface918a6fcea8f0c700fc11ba39682e14b71de2890a6ba.svg
C:\Projects\M2022\MachineTypes.dfm	MachineTypes.pas	dfm	TfrmMachineTypes		frmMachineTypes	TfrmMachineTypes		Y	Icon.Data	single		ico	766	0	0	0	0							ff66307bd79fe7ed8b4531ae81ef3204cb3be14d8de48ef8f75f7f95693b8981	images\ff66307bd79fe7ed8b4531ae81ef3204cb3be14d8de48ef8f75f7f95693b8981.ico
C:\Projects\M2022\MachineTypes.dfm	MachineTypes.pas	dfm	TfrmMachineTypes	dxBarManager1.btnPrint	btnPrint	TdxBarButton			Glyph.Data	single		svg	819	0	0	0	0							4ba55ff88e8cf3f39a716d1dd6eb4e744836948baa8d84db637a15a904e50cdb	images\4ba55ff88e8cf3f39a716d1dd6eb4e744836948baa8d84db637a15a904e50cdb.svg
C:\Projects\M2022\MachineTypes.dfm	MachineTypes.pas	dfm	TfrmMachineTypes	dxBarManager1.dxBarDBNavFirst1	dxBarDBNavFirst1	TdxBarDBNavButton			Glyph.Data	single		bmp	1078	16	16	32	0					1		6607ef3da8822b74fe4b0acb662061780182bbfdc0c2cd0056156349e880dd94	images\6607ef3da8822b74fe4b0acb662061780182bbfdc0c2cd0056156349e880dd94.bmp
C:\Projects\M2022\MachineTypes.dfm	MachineTypes.pas	dfm	TfrmMachineTypes	dxBarManager1.dxBarDBNavPrev1	dxBarDBNavPrev1	TdxBarDBNavButton			Glyph.Data	single		bmp	1078	16	16	32	0					1		4506a08e333bf65e1241dc1d265c0ec790826f394a1e425324e80125ac979066	images\4506a08e333bf65e1241dc1d265c0ec790826f394a1e425324e80125ac979066.bmp
C:\Projects\M2022\MachineTypes.dfm	MachineTypes.pas	dfm	TfrmMachineTypes	dxBarManager1.dxBarDBNavNext1	dxBarDBNavNext1	TdxBarDBNavButton			Glyph.Data	single		bmp	1078	16	16	32	0					1		f1e077905d1aeb2d609668d4ed60b14af4e2852c7b1589986eed9a6c045d1e58	images\f1e077905d1aeb2d609668d4ed60b14af4e2852c7b1589986eed9a6c045d1e58.bmp
C:\Projects\M2022\MachineTypes.dfm	MachineTypes.pas	dfm	TfrmMachineTypes	dxBarManager1.dxBarDBNavLast1	dxBarDBNavLast1	TdxBarDBNavButton			Glyph.Data	single		bmp	1078	16	16	32	0					1		fce3745ba5ba9d6f747c39ade70e5bb3a43705557a11a01b17788a0cfe930304	images\fce3745ba5ba9d6f747c39ade70e5bb3a43705557a11a01b17788a0cfe930304.bmp
C:\Projects\M2022\MachineTypes.dfm	MachineTypes.pas	dfm	TfrmMachineTypes	dxBarManager1.dxBarDBNavInsert1	dxBarDBNavInsert1	TdxBarDBNavButton			Glyph.Data	single		bmp	1078	16	16	32	0					1		85c3d26e8518011389ca86bb003d4f646fde018f5b8ea6bb5f236fa6b26ed9cb	images\85c3d26e8518011389ca86bb003d4f646fde018f5b8ea6bb5f236fa6b26ed9cb.bmp
C:\Projects\M2022\MachineTypes.dfm	MachineTypes.pas	dfm	TfrmMachineTypes	dxBarManager1.dxBarDBNavDelete1	dxBarDBNavDelete1	TdxBarDBNavButton			Glyph.Data	single		bmp	1078	16	16	32	0					1		cb064bbb443aecb6b9c0d982ca7ef5e728083d86e4bf49b09e7330eed54dea24	images\cb064bbb443aecb6b9c0d982ca7ef5e728083d86e4bf49b09e7330eed54dea24.bmp
C:\Projects\M2022\MachineTypes.dfm	MachineTypes.pas	dfm	TfrmMachineTypes	dxBarManager1.dxBarDBNavEdit1	dxBarDBNavEdit1	TdxBarDBNavButton			Glyph.Data	single		bmp	1078	16	16	32	0					1		22e66cc36468572cbdcae127edc7fe7560a3f052fa05202b746f2491175a05cf	images\22e66cc36468572cbdcae127edc7fe7560a3f052fa05202b746f2491175a05cf.bmp
C:\Projects\M2022\MachineTypes.dfm	MachineTypes.pas	dfm	TfrmMachineTypes	dxBarManager1.dxBarDBNavPost1	dxBarDBNavPost1	TdxBarDBNavButton			Glyph.Data	single		bmp	1078	16	16	32	0					1		6212bc92930d93605cc9b6b3699601807dc1633fa573890fdac82faca790c47f	images\6212bc92930d93605cc9b6b3699601807dc1633fa573890fdac82faca790c47f.bmp
C:\Projects\M2022\MachineTypes.dfm	MachineTypes.pas	dfm	TfrmMachineTypes	dxBarManager1.dxBarDBNavCancel1	dxBarDBNavCancel1	TdxBarDBNavButton			Glyph.Data	single		bmp	1078	16	16	32	0					1		975795a643484a5073c6e0223bb36e40eaf96637165ace0ca753593af1dde849	images\975795a643484a5073c6e0223bb36e40eaf96637165ace0ca753593af1dde849.bmp
C:\Projects\M2022\MachineTypes.dfm	MachineTypes.pas	dfm	TfrmMachineTypes	dxBarManager1.dxBarDBNavRefresh1	dxBarDBNavRefresh1	TdxBarDBNavButton			Glyph.Data	single		bmp	1078	16	16	32	0					1		5d9485a834adeff5da0f68c84a8055425e3e8e58c4f93d181d2aa5086a8e39be	images\5d9485a834adeff5da0f68c84a8055425e3e8e58c4f93d181d2aa5086a8e39be.bmp
C:\Projects\M2022\MachineTypes.dfm	MachineTypes.pas	dfm	TfrmMachineTypes	dxBarManager1.dxBarDBNavAppend1	dxBarDBNavAppend1	TdxBarDBNavButton			Glyph.Data	single		bmp	1078	16	16	32	0					1		d163fcae110e5795d26704ba244b2eb5db70a3fd10dfb16bd87aebf0b5a48a36	images\d163fcae110e5795d26704ba244b2eb5db70a3fd10dfb16bd87aebf0b5a48a36.bmp
C:\Projects\M2022\MAIN.dfm	MAIN.pas	dfm	TMainFrm		MainFrm	TMainFrm			Icon.Data	single		ico	1150	0	0	0	0							a738c9d62b9d77ee7c16e4b83c490ad8aa37072147418c79ea79c041bb30378c	images\a738c9d62b9d77ee7c16e4b83c490ad8aa37072147418c79ea79c041bb30378c.ico
C:\Projects\M2022\MAIN.dfm	MAIN.pas	dfm	TMainFrm	dxRibbon1	dxRibbon1	TdxRibbon			ApplicationButton.Glyph.Data	single		png	597	0	0	0	0							13f3f5342efd05205d641fc00f95a7b3604bed90fda57818441b5db90f069406	images\13f3f5342efd05205d641fc00f95a7b3604bed90fda57818441b5db90f069406.png
C:\Projects\M2022\MAIN.dfm	MAIN.pas	dfm	TMainFrm	dxPanel1.tabInfoSearch.cxTabSheet4.cxGroupBox38.cxGroupBox40.cxButton8	cxButton8	TcxButton			OptionsImage.Glyph.Data	single		svg	748	0	0	0	0							1cdcba5a37da8d23509212ca8ddebf23053a0df7b7e22c621298673467e96489	images\1cdcba5a37da8d23509212ca8ddebf23053a0df7b7e22c621298673467e96489.svg
C:\Projects\M2022\MAIN.dfm	MAIN.pas	dfm	TMainFrm	dxPanel1.tabInfoSearch.cxTabSheet4.cxGroupBox38.cxGroupBox40.cxButton9	cxButton9	TcxButton			OptionsImage.Glyph.Data	single		svg	1203	0	0	0	0							15b34efab3905452b3bb172a3bcf8fee2617bb3ab44b19992aaa5b3a4f7e0129	images\15b34efab3905452b3bb172a3bcf8fee2617bb3ab44b19992aaa5b3a4f7e0129.svg
C:\Projects\M2022\MAIN.dfm	MAIN.pas	dfm	TMainFrm	dxPanel1.tabInfoSearch.cxTabSheet4.cxGroupBox52.btnWSCopyBlueprintAndRouter	btnWSCopyBlueprintAndRouter	TcxButton			OptionsImage.Glyph.Data	single		svg	564	0	0	0	0							7c52d3951f7787cc8f132129a71c5d7b7df21118d99f18c24d458f5e5737d514	images\7c52d3951f7787cc8f132129a71c5d7b7df21118d99f18c24d458f5e5737d514.svg
C:\Projects\M2022\MAIN.dfm	MAIN.pas	dfm	TMainFrm	dxPanel1.tabInfoSearch.cxTabSheet4.cxGroupBox52.btnTakeEndJob	btnTakeEndJob	TcxButton			OptionsImage.Glyph.Data	single		svg	838	0	0	0	0							02319cae61fcc17237264081530ebc9496185e81d68b8d92c1488a43705e7754	images\02319cae61fcc17237264081530ebc9496185e81d68b8d92c1488a43705e7754.svg
C:\Projects\M2022\MAIN.dfm	MAIN.pas	dfm	TMainFrm	dxPanel1.tabInfoSearch.cxTabSheet5.cxGroupBox44.cxGroupBox47.cxButton15	cxButton15	TcxButton			OptionsImage.Glyph.Data	single		svg	748	0	0	0	0							1cdcba5a37da8d23509212ca8ddebf23053a0df7b7e22c621298673467e96489	images\1cdcba5a37da8d23509212ca8ddebf23053a0df7b7e22c621298673467e96489.svg
C:\Projects\M2022\MAIN.dfm	MAIN.pas	dfm	TMainFrm	dxPanel1.tabInfoSearch.cxTabSheet5.cxGroupBox44.cxGroupBox47.cxButton16	cxButton16	TcxButton			OptionsImage.Glyph.Data	single		svg	1203	0	0	0	0							15b34efab3905452b3bb172a3bcf8fee2617bb3ab44b19992aaa5b3a4f7e0129	images\15b34efab3905452b3bb172a3bcf8fee2617bb3ab44b19992aaa5b3a4f7e0129.svg
C:\Projects\M2022\MAIN.dfm	MAIN.pas	dfm	TMainFrm	dxBarManager1.SetupDataChannels1	SetupDataChannels1	TdxBarButton			Glyph.Data	single		svg	3108	0	0	0	0							86b548fe6d0ac687e8fad0291d131dd20efc53b4c453b6bcb3ff20cf2234a27f	images\86b548fe6d0ac687e8fad0291d131dd20efc53b4c453b6bcb3ff20cf2234a27f.svg
C:\Projects\M2022\MAIN.dfm	MAIN.pas	dfm	TMainFrm	dxBarManager1.ReportCover1	ReportCover1	TdxBarButton			Glyph.Data	single		svg	1101	0	0	0	0							d278fd9c9c1f22a2c256a6e1088b2f102ce74ada19028d5495b1ab8950df62a8	images\d278fd9c9c1f22a2c256a6e1088b2f102ce74ada19028d5495b1ab8950df62a8.svg
C:\Projects\M2022\MAIN.dfm	MAIN.pas	dfm	TMainFrm	dxBarManager1.ReportCover1	ReportCover1	TdxBarButton			LargeGlyph.Data	single		svg	700	0	0	0	0							d5413805f085549aafa229a4ad4b4c0e1d5c7ef4f616337bb24e452e883fe894	images\d5413805f085549aafa229a4ad4b4c0e1d5c7ef4f616337bb24e452e883fe894.svg
C:\Projects\M2022\MAIN.dfm	MAIN.pas	dfm	TMainFrm	dxBarManager1.CoverLetter1	CoverLetter1	TdxBarButton			Glyph.Data	single		bmp	1078	16	16	32	0					1		793518bc731aca7aacc94e8d359e598b17e0eeea2f384566e5a9f26ae01e8283	images\793518bc731aca7aacc94e8d359e598b17e0eeea2f384566e5a9f26ae01e8283.bmp
C:\Projects\M2022\MAIN.dfm	MAIN.pas	dfm	TMainFrm	dxBarManager1.DefaultSettings1	DefaultSettings1	TdxBarButton			Glyph.Data	single		svg	1080	0	0	0	0							0f15ac9bee1876b0ae0ce54602e2173d812f0b1f33612d9a74228a39601c893e	images\0f15ac9bee1876b0ae0ce54602e2173d812f0b1f33612d9a74228a39601c893e.svg
C:\Projects\M2022\MAIN.dfm	MAIN.pas	dfm	TMainFrm	dxBarManager1.DefaultSettings1	DefaultSettings1	TdxBarButton			LargeGlyph.Data	single		svg	1080	0	0	0	0							0f15ac9bee1876b0ae0ce54602e2173d812f0b1f33612d9a74228a39601c893e	images\0f15ac9bee1876b0ae0ce54602e2173d812f0b1f33612d9a74228a39601c893e.svg
C:\Projects\M2022\MAIN.dfm	MAIN.pas	dfm	TMainFrm	dxBarManager1.Station1	Station1	TdxBarButton			Glyph.Data	single		svg	920	0	0	0	0							33ee90db0ea1a8cb1959a52392e6cfd6f1ed5fa809bacfe3a5bcce4328ac916b	images\33ee90db0ea1a8cb1959a52392e6cfd6f1ed5fa809bacfe3a5bcce4328ac916b.svg
C:\Projects\M2022\MAIN.dfm	MAIN.pas	dfm	TMainFrm	dxBarManager1.Station1	Station1	TdxBarButton			LargeGlyph.Data	single		svg	920	0	0	0	0							33ee90db0ea1a8cb1959a52392e6cfd6f1ed5fa809bacfe3a5bcce4328ac916b	images\33ee90db0ea1a8cb1959a52392e6cfd6f1ed5fa809bacfe3a5bcce4328ac916b.svg
C:\Projects\M2022\MAIN.dfm	MAIN.pas	dfm	TMainFrm	dxBarManager1.Repairdataforselectedfolder1	Repairdataforselectedfolder1	TdxBarButton			Glyph.Data	single		svg	1637	0	0	0	0							32f49180e2cd76bcaef7a5502608c7ee27c436e8f088c2e580045f632ce4fbcd	images\32f49180e2cd76bcaef7a5502608c7ee27c436e8f088c2e580045f632ce4fbcd.svg
C:\Projects\M2022\MAIN.dfm	MAIN.pas	dfm	TMainFrm	dxBarManager1.Repaircommondata1	Repaircommondata1	TdxBarButton			Glyph.Data	single		svg	2482	0	0	0	0							4c0e0a88a9f5d354f8f4782ba86a4420803d611110855b006c9bd644361c2860	images\4c0e0a88a9f5d354f8f4782ba86a4420803d611110855b006c9bd644361c2860.svg
C:\Projects\M2022\MAIN.dfm	MAIN.pas	dfm	TMainFrm	dxBarManager1.Repaircommondata1	Repaircommondata1	TdxBarButton			LargeGlyph.Data	single		svg	2450	0	0	0	0							ad47322d2d05f7ff674b5884b6037c79c3b0e85e6daced5f78753419240eddaf	images\ad47322d2d05f7ff674b5884b6037c79c3b0e85e6daced5f78753419240eddaf.svg
C:\Projects\M2022\MAIN.dfm	MAIN.pas	dfm	TMainFrm	dxBarManager1.Deletefolderunconditionally1	Deletefolderunconditionally1	TdxBarButton			Glyph.Data	single		svg	1772	0	0	0	0							7326602df2185fcd3aaa93f1e4c3c7db9770c5368bcd20d4cc41ff329aa13c65	images\7326602df2185fcd3aaa93f1e4c3c7db9770c5368bcd20d4cc41ff329aa13c65.svg
C:\Projects\M2022\MAIN.dfm	MAIN.pas	dfm	TMainFrm	dxBarManager1.PrinterSetup1	PrinterSetup1	TdxBarButton			Glyph.Data	single		svg	819	0	0	0	0							4ba55ff88e8cf3f39a716d1dd6eb4e744836948baa8d84db637a15a904e50cdb	images\4ba55ff88e8cf3f39a716d1dd6eb4e744836948baa8d84db637a15a904e50cdb.svg
C:\Projects\M2022\MAIN.dfm	MAIN.pas	dfm	TMainFrm	dxBarManager1.PrinterSetup1	PrinterSetup1	TdxBarButton			LargeGlyph.Data	single		svg	819	0	0	0	0							4ba55ff88e8cf3f39a716d1dd6eb4e744836948baa8d84db637a15a904e50cdb	images\4ba55ff88e8cf3f39a716d1dd6eb4e744836948baa8d84db637a15a904e50cdb.svg
C:\Projects\M2022\MAIN.dfm	MAIN.pas	dfm	TMainFrm	dxBarManager1.Exit1	Exit1	TdxBarButton			Glyph.Data	single		svg	625	0	0	0	0							53c9f23f60ba66078f10fe9b7ead1c775480c0d61a588268d4c1905355598524	images\53c9f23f60ba66078f10fe9b7ead1c775480c0d61a588268d4c1905355598524.svg
C:\Projects\M2022\MAIN.dfm	MAIN.pas	dfm	TMainFrm	dxBarManager1.PageSetup	PageSetup	TdxBarButton			Glyph.Data	single		svg	840	0	0	0	0							c3262b88c2e90cd31e13932c266ce9bf09a087c3b68b66f81277f43d925eb27e	images\c3262b88c2e90cd31e13932c266ce9bf09a087c3b68b66f81277f43d925eb27e.svg
C:\Projects\M2022\MAIN.dfm	MAIN.pas	dfm	TMainFrm	dxBarManager1.PageSetup	PageSetup	TdxBarButton			LargeGlyph.Data	single		svg	840	0	0	0	0							c3262b88c2e90cd31e13932c266ce9bf09a087c3b68b66f81277f43d925eb27e	images\c3262b88c2e90cd31e13932c266ce9bf09a087c3b68b66f81277f43d925eb27e.svg
C:\Projects\M2022\MAIN.dfm	MAIN.pas	dfm	TMainFrm	dxBarManager1.Stylesetup	Stylesetup	TdxBarButton			Glyph.Data	single		svg	566	0	0	0	0							620e27d11096d9596165cc53ca5de099d5c2704df6701226279625126a6b2190	images\620e27d11096d9596165cc53ca5de099d5c2704df6701226279625126a6b2190.svg
C:\Projects\M2022\MAIN.dfm	MAIN.pas	dfm	TMainFrm	dxBarManager1.Stylesetup	Stylesetup	TdxBarButton			LargeGlyph.Data	single		svg	566	0	0	0	0							620e27d11096d9596165cc53ca5de099d5c2704df6701226279625126a6b2190	images\620e27d11096d9596165cc53ca5de099d5c2704df6701226279625126a6b2190.svg
C:\Projects\M2022\MAIN.dfm	MAIN.pas	dfm	TMainFrm	dxBarManager1.dxBarInPlaceSubItem1	dxBarInPlaceSubItem1	TdxBarInPlaceSubItem			Glyph.Data	single		svg	819	0	0	0	0							4ba55ff88e8cf3f39a716d1dd6eb4e744836948baa8d84db637a15a904e50cdb	images\4ba55ff88e8cf3f39a716d1dd6eb4e744836948baa8d84db637a15a904e50cdb.svg
C:\Projects\M2022\MAIN.dfm	MAIN.pas	dfm	TMainFrm	dxBarManager1.dxBarInPlaceSubItem1	dxBarInPlaceSubItem1	TdxBarInPlaceSubItem			LargeGlyph.Data	single		svg	819	0	0	0	0							4ba55ff88e8cf3f39a716d1dd6eb4e744836948baa8d84db637a15a904e50cdb	images\4ba55ff88e8cf3f39a716d1dd6eb4e744836948baa8d84db637a15a904e50cdb.svg
C:\Projects\M2022\MAIN.dfm	MAIN.pas	dfm	TMainFrm	dxBarManager1.btnRemoveJobFromStation	btnRemoveJobFromStation	TdxBarButton			Glyph.Data	single		svg	1960	0	0	0	0							36b8247dd68d6e2c35f764cc4e0452351612ba72abe708dd97a0f82b88f10ada	images\36b8247dd68d6e2c35f764cc4e0452351612ba72abe708dd97a0f82b88f10ada.svg
C:\Projects\M2022\MAIN.dfm	MAIN.pas	dfm	TMainFrm	dxBarManager1.btnRemoveJobFromStation	btnRemoveJobFromStation	TdxBarButton			LargeGlyph.Data	single		svg	1960	0	0	0	0							36b8247dd68d6e2c35f764cc4e0452351612ba72abe708dd97a0f82b88f10ada	images\36b8247dd68d6e2c35f764cc4e0452351612ba72abe708dd97a0f82b88f10ada.svg
C:\Projects\M2022\MAIN.dfm	MAIN.pas	dfm	TMainFrm	dxBarManager1.btnPurgeToFix	btnPurgeToFix	TdxBarButton			Glyph.Data	single		svg	2047	0	0	0	0							91d452257f5274fb7567399c5cd94ab977e21059670c08c37077119809b74637	images\91d452257f5274fb7567399c5cd94ab977e21059670c08c37077119809b74637.svg
C:\Projects\M2022\MAIN.dfm	MAIN.pas	dfm	TMainFrm	dxBarManager1.btnPurgeToFix	btnPurgeToFix	TdxBarButton			LargeGlyph.Data	single		svg	2047	0	0	0	0							91d452257f5274fb7567399c5cd94ab977e21059670c08c37077119809b74637	images\91d452257f5274fb7567399c5cd94ab977e21059670c08c37077119809b74637.svg
C:\Projects\M2022\MAIN.dfm	MAIN.pas	dfm	TMainFrm	dxBarManager1.btnJobVerifierRemover	btnJobVerifierRemover	TdxBarButton			Glyph.Data	single		svg	1482	0	0	0	0							f67e2f1dd0cbfaf09e1a3f6034b4b3f6caaa0175f290d79c3d16b80bf7cc31ec	images\f67e2f1dd0cbfaf09e1a3f6034b4b3f6caaa0175f290d79c3d16b80bf7cc31ec.svg
C:\Projects\M2022\MAIN.dfm	MAIN.pas	dfm	TMainFrm	dxBarManager1.btnJobVerifierRemover	btnJobVerifierRemover	TdxBarButton			LargeGlyph.Data	single		svg	1482	0	0	0	0							f67e2f1dd0cbfaf09e1a3f6034b4b3f6caaa0175f290d79c3d16b80bf7cc31ec	images\f67e2f1dd0cbfaf09e1a3f6034b4b3f6caaa0175f290d79c3d16b80bf7cc31ec.svg
C:\Projects\M2022\MAIN.dfm	MAIN.pas	dfm	TMainFrm	dxBarManager1.btnPurgeStaleRecords	btnPurgeStaleRecords	TdxBarButton			Glyph.Data	single		svg	1879	0	0	0	0							3052814df0e7ca23e521e215b8275e7527d2bb7a8d43e9dcd41da5683889a87c	images\3052814df0e7ca23e521e215b8275e7527d2bb7a8d43e9dcd41da5683889a87c.svg
C:\Projects\M2022\MAIN.dfm	MAIN.pas	dfm	TMainFrm	dxBarManager1.btnPurgeStaleRecords	btnPurgeStaleRecords	TdxBarButton			LargeGlyph.Data	single		svg	1879	0	0	0	0							3052814df0e7ca23e521e215b8275e7527d2bb7a8d43e9dcd41da5683889a87c	images\3052814df0e7ca23e521e215b8275e7527d2bb7a8d43e9dcd41da5683889a87c.svg
C:\Projects\M2022\MAIN.dfm	MAIN.pas	dfm	TMainFrm	dxBarManager1.ListofVariableNames1	ListofVariableNames1	TdxBarButton			Glyph.Data	single		svg	4036	0	0	0	0							137d4e5ce8287471908e3096e4eebc6da8b15a3e05704cce86b1da60003643d8	images\137d4e5ce8287471908e3096e4eebc6da8b15a3e05704cce86b1da60003643d8.svg
C:\Projects\M2022\MAIN.dfm	MAIN.pas	dfm	TMainFrm	dxBarManager1.ListofVariableNames1	ListofVariableNames1	TdxBarButton			LargeGlyph.Data	single		svg	4036	0	0	0	0							137d4e5ce8287471908e3096e4eebc6da8b15a3e05704cce86b1da60003643d8	images\137d4e5ce8287471908e3096e4eebc6da8b15a3e05704cce86b1da60003643d8.svg
C:\Projects\M2022\MAIN.dfm	MAIN.pas	dfm	TMainFrm	dxBarManager1.DefectList1	DefectList1	TdxBarButton			Glyph.Data	single		svg	2215	0	0	0	0							098c311d285e9409d52e0d3357b41b5fea609fbddd47d828f8f4573f05106cd6	images\098c311d285e9409d52e0d3357b41b5fea609fbddd47d828f8f4573f05106cd6.svg
C:\Projects\M2022\MAIN.dfm	MAIN.pas	dfm	TMainFrm	dxBarManager1.DefectList1	DefectList1	TdxBarButton			LargeGlyph.Data	single		svg	2215	0	0	0	0							098c311d285e9409d52e0d3357b41b5fea609fbddd47d828f8f4573f05106cd6	images\098c311d285e9409d52e0d3357b41b5fea609fbddd47d828f8f4573f05106cd6.svg
C:\Projects\M2022\MAIN.dfm	MAIN.pas	dfm	TMainFrm	dxBarManager1.PersonellList1	PersonellList1	TdxBarButton			Glyph.Data	single		svg	1424	0	0	0	0							981983aad8913ca5cc098a2aec3b71e8c3a15f71d0aadfa82070a06b59e1e87e	images\981983aad8913ca5cc098a2aec3b71e8c3a15f71d0aadfa82070a06b59e1e87e.svg
C:\Projects\M2022\MAIN.dfm	MAIN.pas	dfm	TMainFrm	dxBarManager1.PersonellList1	PersonellList1	TdxBarButton			LargeGlyph.Data	single		svg	1424	0	0	0	0							981983aad8913ca5cc098a2aec3b71e8c3a15f71d0aadfa82070a06b59e1e87e	images\981983aad8913ca5cc098a2aec3b71e8c3a15f71d0aadfa82070a06b59e1e87e.svg
C:\Projects\M2022\MAIN.dfm	MAIN.pas	dfm	TMainFrm	dxBarManager1.MachineList1	MachineList1	TdxBarButton			Glyph.Data	single		svg	6010	0	0	0	0							345268146b80a391cfe09ff7fea65c5a0905caacc101109f4e6dbfa08cb76fed	images\345268146b80a391cfe09ff7fea65c5a0905caacc101109f4e6dbfa08cb76fed.svg
C:\Projects\M2022\MAIN.dfm	MAIN.pas	dfm	TMainFrm	dxBarManager1.MachineList1	MachineList1	TdxBarButton			LargeGlyph.Data	single		svg	6010	0	0	0	0							345268146b80a391cfe09ff7fea65c5a0905caacc101109f4e6dbfa08cb76fed	images\345268146b80a391cfe09ff7fea65c5a0905caacc101109f4e6dbfa08cb76fed.svg
C:\Projects\M2022\MAIN.dfm	MAIN.pas	dfm	TMainFrm	dxBarManager1.CustomerList1	CustomerList1	TdxBarButton			Glyph.Data	single		svg	1354	0	0	0	0							6707bb90b47f39ba7a6e58cf61cf9afd2c44fccc7bae3d791b7d1da7c3f0e059	images\6707bb90b47f39ba7a6e58cf61cf9afd2c44fccc7bae3d791b7d1da7c3f0e059.svg
C:\Projects\M2022\MAIN.dfm	MAIN.pas	dfm	TMainFrm	dxBarManager1.CustomerList1	CustomerList1	TdxBarButton			LargeGlyph.Data	single		svg	1354	0	0	0	0							6707bb90b47f39ba7a6e58cf61cf9afd2c44fccc7bae3d791b7d1da7c3f0e059	images\6707bb90b47f39ba7a6e58cf61cf9afd2c44fccc7bae3d791b7d1da7c3f0e059.svg
C:\Projects\M2022\MAIN.dfm	MAIN.pas	dfm	TMainFrm	dxBarManager1.ToolList1	ToolList1	TdxBarButton			Glyph.Data	single		svg	2694	0	0	0	0							2f3727d16ae94c4953b6418d3a16cc8830ddb644a337cbd6345be01147b7d7bc	images\2f3727d16ae94c4953b6418d3a16cc8830ddb644a337cbd6345be01147b7d7bc.svg
C:\Projects\M2022\MAIN.dfm	MAIN.pas	dfm	TMainFrm	dxBarManager1.ToolList1	ToolList1	TdxBarButton			LargeGlyph.Data	single		svg	2694	0	0	0	0							2f3727d16ae94c4953b6418d3a16cc8830ddb644a337cbd6345be01147b7d7bc	images\2f3727d16ae94c4953b6418d3a16cc8830ddb644a337cbd6345be01147b7d7bc.svg
C:\Projects\M2022\MAIN.dfm	MAIN.pas	dfm	TMainFrm	dxBarManager1.ReasonforProcessstop1	ReasonforProcessstop1	TdxBarButton			Glyph.Data	single		svg	3293	0	0	0	0							8613214a22caf0d370503bb22e97d2648393a91fc29c857425149e983e105182	images\8613214a22caf0d370503bb22e97d2648393a91fc29c857425149e983e105182.svg
C:\Projects\M2022\MAIN.dfm	MAIN.pas	dfm	TMainFrm	dxBarManager1.ReasonforProcessstop1	ReasonforProcessstop1	TdxBarButton			LargeGlyph.Data	single		svg	3293	0	0	0	0							8613214a22caf0d370503bb22e97d2648393a91fc29c857425149e983e105182	images\8613214a22caf0d370503bb22e97d2648393a91fc29c857425149e983e105182.svg
C:\Projects\M2022\MAIN.dfm	MAIN.pas	dfm	TMainFrm	dxBarManager1.Toolwearandfailuremode1	Toolwearandfailuremode1	TdxBarButton			Glyph.Data	single		svg	6200	0	0	0	0							dd584c650cce9b7fbe4b22523776bf8d6640d9122ea6d8de32f70da1bbd6e730	images\dd584c650cce9b7fbe4b22523776bf8d6640d9122ea6d8de32f70da1bbd6e730.svg
C:\Projects\M2022\MAIN.dfm	MAIN.pas	dfm	TMainFrm	dxBarManager1.Toolwearandfailuremode1	Toolwearandfailuremode1	TdxBarButton			LargeGlyph.Data	single		svg	6200	0	0	0	0							dd584c650cce9b7fbe4b22523776bf8d6640d9122ea6d8de32f70da1bbd6e730	images\dd584c650cce9b7fbe4b22523776bf8d6640d9122ea6d8de32f70da1bbd6e730.svg
C:\Projects\M2022\MAIN.dfm	MAIN.pas	dfm	TMainFrm	dxBarManager1.Surfacefinish1	Surfacefinish1	TdxBarButton			Glyph.Data	single		svg	876	0	0	0	0							49c8bcdc89897a857f52ec3bb51b50d778df0a87ef11af4fea0a479d28fe922b	images\49c8bcdc89897a857f52ec3bb51b50d778df0a87ef11af4fea0a479d28fe922b.svg
C:\Projects\M2022\MAIN.dfm	MAIN.pas	dfm	TMainFrm	dxBarManager1.Surfacefinish1	Surfacefinish1	TdxBarButton			LargeGlyph.Data	single		svg	876	0	0	0	0							49c8bcdc89897a857f52ec3bb51b50d778df0a87ef11af4fea0a479d28fe922b	images\49c8bcdc89897a857f52ec3bb51b50d778df0a87ef11af4fea0a479d28fe922b.svg
C:\Projects\M2022\MAIN.dfm	MAIN.pas	dfm	TMainFrm	dxBarManager1.ChipFormation1	ChipFormation1	TdxBarButton			Glyph.Data	single		svg	898	0	0	0	0							b1106189a64dbc14489be011e638e0d22f30cf7178938f3616d804bf1e1baf01	images\b1106189a64dbc14489be011e638e0d22f30cf7178938f3616d804bf1e1baf01.svg
C:\Projects\M2022\MAIN.dfm	MAIN.pas	dfm	TMainFrm	dxBarManager1.ChipFormation1	ChipFormation1	TdxBarButton			LargeGlyph.Data	single		svg	898	0	0	0	0							b1106189a64dbc14489be011e638e0d22f30cf7178938f3616d804bf1e1baf01	images\b1106189a64dbc14489be011e638e0d22f30cf7178938f3616d804bf1e1baf01.svg
C:\Projects\M2022\MAIN.dfm	MAIN.pas	dfm	TMainFrm	dxBarManager1.CauseofFailure1	CauseofFailure1	TdxBarButton			Glyph.Data	single		svg	874	0	0	0	0							74d72105fe5f4eaffacc15ec032bf5d3cc7dddd4292ffc0d20a70089ea257fce	images\74d72105fe5f4eaffacc15ec032bf5d3cc7dddd4292ffc0d20a70089ea257fce.svg
C:\Projects\M2022\MAIN.dfm	MAIN.pas	dfm	TMainFrm	dxBarManager1.CauseofFailure1	CauseofFailure1	TdxBarButton			LargeGlyph.Data	single		svg	874	0	0	0	0							74d72105fe5f4eaffacc15ec032bf5d3cc7dddd4292ffc0d20a70089ea257fce	images\74d72105fe5f4eaffacc15ec032bf5d3cc7dddd4292ffc0d20a70089ea257fce.svg
C:\Projects\M2022\MAIN.dfm	MAIN.pas	dfm	TMainFrm	dxBarManager1.CorrectiveActions1	CorrectiveActions1	TdxBarButton			Glyph.Data	single		svg	900	0	0	0	0							e03a54e2c27376545bf92648f3267eff4932d8348242035bd8f245f08a2dd1ae	images\e03a54e2c27376545bf92648f3267eff4932d8348242035bd8f245f08a2dd1ae.svg
C:\Projects\M2022\MAIN.dfm	MAIN.pas	dfm	TMainFrm	dxBarManager1.CorrectiveActions1	CorrectiveActions1	TdxBarButton			LargeGlyph.Data	single		svg	900	0	0	0	0							e03a54e2c27376545bf92648f3267eff4932d8348242035bd8f245f08a2dd1ae	images\e03a54e2c27376545bf92648f3267eff4932d8348242035bd8f245f08a2dd1ae.svg
C:\Projects\M2022\MAIN.dfm	MAIN.pas	dfm	TMainFrm	dxBarManager1.btnOperationNames	btnOperationNames	TdxBarButton			Glyph.Data	single		svg	1791	0	0	0	0							e50c369e9177ce44314e414d78e78da6d95f56ac9433ce22d69807598b78c11f	images\e50c369e9177ce44314e414d78e78da6d95f56ac9433ce22d69807598b78c11f.svg
C:\Projects\M2022\MAIN.dfm	MAIN.pas	dfm	TMainFrm	dxBarManager1.btnOperationNames	btnOperationNames	TdxBarButton			LargeGlyph.Data	single		svg	1791	0	0	0	0							e50c369e9177ce44314e414d78e78da6d95f56ac9433ce22d69807598b78c11f	images\e50c369e9177ce44314e414d78e78da6d95f56ac9433ce22d69807598b78c11f.svg
C:\Projects\M2022\MAIN.dfm	MAIN.pas	dfm	TMainFrm	dxBarManager1.btnGagingNotes	btnGagingNotes	TdxBarButton			Glyph.Data	single		svg	2822	0	0	0	0							04f4e5c2486b6fa973bf0767abd266e0d0245d3c8840abb1d0b00d850bbea65a	images\04f4e5c2486b6fa973bf0767abd266e0d0245d3c8840abb1d0b00d850bbea65a.svg
C:\Projects\M2022\MAIN.dfm	MAIN.pas	dfm	TMainFrm	dxBarManager1.btnGagingNotes	btnGagingNotes	TdxBarButton			LargeGlyph.Data	single		svg	2822	0	0	0	0							04f4e5c2486b6fa973bf0767abd266e0d0245d3c8840abb1d0b00d850bbea65a	images\04f4e5c2486b6fa973bf0767abd266e0d0245d3c8840abb1d0b00d850bbea65a.svg
C:\Projects\M2022\MAIN.dfm	MAIN.pas	dfm	TMainFrm	dxBarManager1.btnPDOESampling	btnPDOESampling	TdxBarButton			Glyph.Data	single		svg	1871	0	0	0	0							10747d2646821fd5e1e85cc648f41fbf858301ca85f81e553b604c284361476b	images\10747d2646821fd5e1e85cc648f41fbf858301ca85f81e553b604c284361476b.svg
C:\Projects\M2022\MAIN.dfm	MAIN.pas	dfm	TMainFrm	dxBarManager1.btnPDOESampling	btnPDOESampling	TdxBarButton			LargeGlyph.Data	single		svg	1871	0	0	0	0							10747d2646821fd5e1e85cc648f41fbf858301ca85f81e553b604c284361476b	images\10747d2646821fd5e1e85cc648f41fbf858301ca85f81e553b604c284361476b.svg
C:\Projects\M2022\MAIN.dfm	MAIN.pas	dfm	TMainFrm	dxBarManager1.btnSPCSamplingDesigns	btnSPCSamplingDesigns	TdxBarButton			Glyph.Data	single		svg	2225	0	0	0	0							19e95b8d7d7373a7104ae44c2450bb333ac18e60286d3a1c4f8c63015f7de268	images\19e95b8d7d7373a7104ae44c2450bb333ac18e60286d3a1c4f8c63015f7de268.svg
C:\Projects\M2022\MAIN.dfm	MAIN.pas	dfm	TMainFrm	dxBarManager1.btnSPCSamplingDesigns	btnSPCSamplingDesigns	TdxBarButton			LargeGlyph.Data	single		svg	2225	0	0	0	0							19e95b8d7d7373a7104ae44c2450bb333ac18e60286d3a1c4f8c63015f7de268	images\19e95b8d7d7373a7104ae44c2450bb333ac18e60286d3a1c4f8c63015f7de268.svg
C:\Projects\M2022\MAIN.dfm	MAIN.pas	dfm	TMainFrm	dxBarManager1.btnWhatAction	btnWhatAction	TdxBarButton			Glyph.Data	single		svg	3546	0	0	0	0							38b6eaf6a28224bef4c50359cd7b36f5ede084369187c4a407979f9b12b0ed5d	images\38b6eaf6a28224bef4c50359cd7b36f5ede084369187c4a407979f9b12b0ed5d.svg
C:\Projects\M2022\MAIN.dfm	MAIN.pas	dfm	TMainFrm	dxBarManager1.btnWhatAction	btnWhatAction	TdxBarButton			LargeGlyph.Data	single		svg	3546	0	0	0	0							38b6eaf6a28224bef4c50359cd7b36f5ede084369187c4a407979f9b12b0ed5d	images\38b6eaf6a28224bef4c50359cd7b36f5ede084369187c4a407979f9b12b0ed5d.svg
C:\Projects\M2022\MAIN.dfm	MAIN.pas	dfm	TMainFrm	dxBarManager1.btnDowntime	btnDowntime	TdxBarButton			Glyph.Data	single		svg	2012	0	0	0	0							724a6a37d72e6fb92d2b639f7e0e76fa0d9e1587f7addc31149680a86dd1d8c6	images\724a6a37d72e6fb92d2b639f7e0e76fa0d9e1587f7addc31149680a86dd1d8c6.svg
C:\Projects\M2022\MAIN.dfm	MAIN.pas	dfm	TMainFrm	dxBarManager1.btnDowntime	btnDowntime	TdxBarButton			LargeGlyph.Data	single		svg	2012	0	0	0	0							724a6a37d72e6fb92d2b639f7e0e76fa0d9e1587f7addc31149680a86dd1d8c6	images\724a6a37d72e6fb92d2b639f7e0e76fa0d9e1587f7addc31149680a86dd1d8c6.svg
C:\Projects\M2022\MAIN.dfm	MAIN.pas	dfm	TMainFrm	dxBarManager1.btnFullStopReasonsList	btnFullStopReasonsList	TdxBarButton			Glyph.Data	single		svg	4070	0	0	0	0							0ceb89ed694a951a743d20c8e42723bec9240ba318f0eeb263a396140fb6684b	images\0ceb89ed694a951a743d20c8e42723bec9240ba318f0eeb263a396140fb6684b.svg
C:\Projects\M2022\MAIN.dfm	MAIN.pas	dfm	TMainFrm	dxBarManager1.btnFullStopReasonsList	btnFullStopReasonsList	TdxBarButton			LargeGlyph.Data	single		svg	4070	0	0	0	0							0ceb89ed694a951a743d20c8e42723bec9240ba318f0eeb263a396140fb6684b	images\0ceb89ed694a951a743d20c8e42723bec9240ba318f0eeb263a396140fb6684b.svg
C:\Projects\M2022\MAIN.dfm	MAIN.pas	dfm	TMainFrm	dxBarManager1.RawData1	RawData1	TdxBarButton			Glyph.Data	single		svg	5971	0	0	0	0							f0e3d1f3bfa72118b9f561e5bb2351a66f42d18f0d701db1dc067316ff80d975	images\f0e3d1f3bfa72118b9f561e5bb2351a66f42d18f0d701db1dc067316ff80d975.svg
C:\Projects\M2022\MAIN.dfm	MAIN.pas	dfm	TMainFrm	dxBarManager1.RawData1	RawData1	TdxBarButton			LargeGlyph.Data	single		svg	5971	0	0	0	0							f0e3d1f3bfa72118b9f561e5bb2351a66f42d18f0d701db1dc067316ff80d975	images\f0e3d1f3bfa72118b9f561e5bb2351a66f42d18f0d701db1dc067316ff80d975.svg
C:\Projects\M2022\MAIN.dfm	MAIN.pas	dfm	TMainFrm	dxBarManager1.ToolStatistics1	ToolStatistics1	TdxBarButton			Glyph.Data	single		svg	3161	0	0	0	0							2aeca25470713beb825078786d26e79a92f6985e826a0b3220c373ea59e31b73	images\2aeca25470713beb825078786d26e79a92f6985e826a0b3220c373ea59e31b73.svg
C:\Projects\M2022\MAIN.dfm	MAIN.pas	dfm	TMainFrm	dxBarManager1.ToolStatistics1	ToolStatistics1	TdxBarButton			LargeGlyph.Data	single		svg	3161	0	0	0	0							2aeca25470713beb825078786d26e79a92f6985e826a0b3220c373ea59e31b73	images\2aeca25470713beb825078786d26e79a92f6985e826a0b3220c373ea59e31b73.svg
C:\Projects\M2022\MAIN.dfm	MAIN.pas	dfm	TMainFrm	dxBarManager1.JobToolRawData1	JobToolRawData1	TdxBarButton			Glyph.Data	single		svg	5971	0	0	0	0							f0e3d1f3bfa72118b9f561e5bb2351a66f42d18f0d701db1dc067316ff80d975	images\f0e3d1f3bfa72118b9f561e5bb2351a66f42d18f0d701db1dc067316ff80d975.svg
C:\Projects\M2022\MAIN.dfm	MAIN.pas	dfm	TMainFrm	dxBarManager1.JobToolRawData1	JobToolRawData1	TdxBarButton			LargeGlyph.Data	single		svg	5971	0	0	0	0							f0e3d1f3bfa72118b9f561e5bb2351a66f42d18f0d701db1dc067316ff80d975	images\f0e3d1f3bfa72118b9f561e5bb2351a66f42d18f0d701db1dc067316ff80d975.svg
C:\Projects\M2022\MAIN.dfm	MAIN.pas	dfm	TMainFrm	dxBarManager1.JobToolStatistics1	JobToolStatistics1	TdxBarButton			Glyph.Data	single		svg	3161	0	0	0	0							2aeca25470713beb825078786d26e79a92f6985e826a0b3220c373ea59e31b73	images\2aeca25470713beb825078786d26e79a92f6985e826a0b3220c373ea59e31b73.svg
C:\Projects\M2022\MAIN.dfm	MAIN.pas	dfm	TMainFrm	dxBarManager1.JobToolStatistics1	JobToolStatistics1	TdxBarButton			LargeGlyph.Data	single		svg	3161	0	0	0	0							2aeca25470713beb825078786d26e79a92f6985e826a0b3220c373ea59e31b73	images\2aeca25470713beb825078786d26e79a92f6985e826a0b3220c373ea59e31b73.svg
C:\Projects\M2022\MAIN.dfm	MAIN.pas	dfm	TMainFrm	dxBarManager1.Dataanalysis1	Dataanalysis1	TdxBarButton			Glyph.Data	single		svg	2829	0	0	0	0							1a4e0e8079f3ad880918e0a3782cc36a0a365df169d9e799d703ba9eed7d40f2	images\1a4e0e8079f3ad880918e0a3782cc36a0a365df169d9e799d703ba9eed7d40f2.svg
C:\Projects\M2022\MAIN.dfm	MAIN.pas	dfm	TMainFrm	dxBarManager1.Dataanalysis1	Dataanalysis1	TdxBarButton			LargeGlyph.Data	single		svg	2829	0	0	0	0							1a4e0e8079f3ad880918e0a3782cc36a0a365df169d9e799d703ba9eed7d40f2	images\1a4e0e8079f3ad880918e0a3782cc36a0a365df169d9e799d703ba9eed7d40f2.svg
C:\Projects\M2022\MAIN.dfm	MAIN.pas	dfm	TMainFrm	dxBarManager1.EditAddTools1	EditAddTools1	TdxBarButton			Glyph.Data	single		svg	2022	0	0	0	0							b0421585984f5f8404c0fc353f9f1a653642790ab01c5cdd00a88c6c08fea5b0	images\b0421585984f5f8404c0fc353f9f1a653642790ab01c5cdd00a88c6c08fea5b0.svg
C:\Projects\M2022\MAIN.dfm	MAIN.pas	dfm	TMainFrm	dxBarManager1.EditAddTools1	EditAddTools1	TdxBarButton			LargeGlyph.Data	single		svg	2022	0	0	0	0							b0421585984f5f8404c0fc353f9f1a653642790ab01c5cdd00a88c6c08fea5b0	images\b0421585984f5f8404c0fc353f9f1a653642790ab01c5cdd00a88c6c08fea5b0.svg
C:\Projects\M2022\MAIN.dfm	MAIN.pas	dfm	TMainFrm	dxBarManager1.btnToolLifeReport	btnToolLifeReport	TdxBarButton			Glyph.Data	single		svg	3606	0	0	0	0							57c0d879e92a0963fa95d2b27f3bcd5f6c76c595cbe36d238e3c175ea2fa52cb	images\57c0d879e92a0963fa95d2b27f3bcd5f6c76c595cbe36d238e3c175ea2fa52cb.svg
C:\Projects\M2022\MAIN.dfm	MAIN.pas	dfm	TMainFrm	dxBarManager1.btnToolLifeReport	btnToolLifeReport	TdxBarButton			LargeGlyph.Data	single		svg	3606	0	0	0	0							57c0d879e92a0963fa95d2b27f3bcd5f6c76c595cbe36d238e3c175ea2fa52cb	images\57c0d879e92a0963fa95d2b27f3bcd5f6c76c595cbe36d238e3c175ea2fa52cb.svg
C:\Projects\M2022\MAIN.dfm	MAIN.pas	dfm	TMainFrm	dxBarManager1.btnWhatIsThis	btnWhatIsThis	TdxBarButton			Glyph.Data	single		svg	2733	0	0	0	0							7df4435f27fbd907d2c025be2a94375a35f4b16292259be05f3469fbfc4fc9ec	images\7df4435f27fbd907d2c025be2a94375a35f4b16292259be05f3469fbfc4fc9ec.svg
C:\Projects\M2022\MAIN.dfm	MAIN.pas	dfm	TMainFrm	dxBarManager1.HelpOnMicronite	HelpOnMicronite	TdxBarButton			Glyph.Data	single		svg	1406	0	0	0	0							747861ad93884b07216e73263ea05b37ce0c32a515d7b6ff8d18c8d04a26b064	images\747861ad93884b07216e73263ea05b37ce0c32a515d7b6ff8d18c8d04a26b064.svg
C:\Projects\M2022\MAIN.dfm	MAIN.pas	dfm	TMainFrm	dxBarManager1.QuickLog1	QuickLog1	TdxBarButton			Glyph.Data	single		svg	2835	0	0	0	0							7244b284c522dbae3b8bd002c5d2908d77370c892daa7070a62ddd16644aa9eb	images\7244b284c522dbae3b8bd002c5d2908d77370c892daa7070a62ddd16644aa9eb.svg
C:\Projects\M2022\MAIN.dfm	MAIN.pas	dfm	TMainFrm	dxBarManager1.QuickLog1	QuickLog1	TdxBarButton			LargeGlyph.Data	single		svg	2835	0	0	0	0							7244b284c522dbae3b8bd002c5d2908d77370c892daa7070a62ddd16644aa9eb	images\7244b284c522dbae3b8bd002c5d2908d77370c892daa7070a62ddd16644aa9eb.svg
C:\Projects\M2022\MAIN.dfm	MAIN.pas	dfm	TMainFrm	dxBarManager1.Heats1	Heats1	TdxBarButton			Glyph.Data	single		svg	3229	0	0	0	0							0dbecfeb40810413c17e772838dc8d0c638bda08dcb4c899e2ba71caffbae0b3	images\0dbecfeb40810413c17e772838dc8d0c638bda08dcb4c899e2ba71caffbae0b3.svg
C:\Projects\M2022\MAIN.dfm	MAIN.pas	dfm	TMainFrm	dxBarManager1.Heats1	Heats1	TdxBarButton			LargeGlyph.Data	single		svg	3229	0	0	0	0							0dbecfeb40810413c17e772838dc8d0c638bda08dcb4c899e2ba71caffbae0b3	images\0dbecfeb40810413c17e772838dc8d0c638bda08dcb4c899e2ba71caffbae0b3.svg
C:\Projects\M2022\MAIN.dfm	MAIN.pas	dfm	TMainFrm	dxBarManager1.dxPrintJobs	dxPrintJobs	TdxBarButton			Glyph.Data	single		svg	819	0	0	0	0							4ba55ff88e8cf3f39a716d1dd6eb4e744836948baa8d84db637a15a904e50cdb	images\4ba55ff88e8cf3f39a716d1dd6eb4e744836948baa8d84db637a15a904e50cdb.svg
C:\Projects\M2022\MAIN.dfm	MAIN.pas	dfm	TMainFrm	dxBarManager1.dxPrintJobs	dxPrintJobs	TdxBarButton			LargeGlyph.Data	single		svg	819	0	0	0	0							4ba55ff88e8cf3f39a716d1dd6eb4e744836948baa8d84db637a15a904e50cdb	images\4ba55ff88e8cf3f39a716d1dd6eb4e744836948baa8d84db637a15a904e50cdb.svg
C:\Projects\M2022\MAIN.dfm	MAIN.pas	dfm	TMainFrm	dxBarManager1.Who1	Who1	TdxBarButton			Glyph.Data	single		svg	2167	0	0	0	0							8b98e88878fad9728a88c8fd1e10488e53f99d4836a4ba87494717d38f04128b	images\8b98e88878fad9728a88c8fd1e10488e53f99d4836a4ba87494717d38f04128b.svg
C:\Projects\M2022\MAIN.dfm	MAIN.pas	dfm	TMainFrm	dxBarManager1.Who1	Who1	TdxBarButton			LargeGlyph.Data	single		svg	2167	0	0	0	0							8b98e88878fad9728a88c8fd1e10488e53f99d4836a4ba87494717d38f04128b	images\8b98e88878fad9728a88c8fd1e10488e53f99d4836a4ba87494717d38f04128b.svg
C:\Projects\M2022\MAIN.dfm	MAIN.pas	dfm	TMainFrm	dxBarManager1.Help1	Help1	TdxBarSubItem			Glyph.Data	single		svg	1406	0	0	0	0							747861ad93884b07216e73263ea05b37ce0c32a515d7b6ff8d18c8d04a26b064	images\747861ad93884b07216e73263ea05b37ce0c32a515d7b6ff8d18c8d04a26b064.svg
C:\Projects\M2022\MAIN.dfm	MAIN.pas	dfm	TMainFrm	dxBarManager1.Exit2	Exit2	TdxBarButton			Glyph.Data	single		svg	625	0	0	0	0							53c9f23f60ba66078f10fe9b7ead1c775480c0d61a588268d4c1905355598524	images\53c9f23f60ba66078f10fe9b7ead1c775480c0d61a588268d4c1905355598524.svg
C:\Projects\M2022\MAIN.dfm	MAIN.pas	dfm	TMainFrm	dxBarManager1.Exit2	Exit2	TdxBarButton			LargeGlyph.Data	single		svg	625	0	0	0	0							53c9f23f60ba66078f10fe9b7ead1c775480c0d61a588268d4c1905355598524	images\53c9f23f60ba66078f10fe9b7ead1c775480c0d61a588268d4c1905355598524.svg
C:\Projects\M2022\MAIN.dfm	MAIN.pas	dfm	TMainFrm	dxBarManager1.dxBarButton1	dxBarButton1	TdxBarButton			Glyph.Data	single		svg	1589	0	0	0	0							0240cf35c755e4171af1e4e6e1fbe4a4b1d2682605f168c036c873054eca0ba9	images\0240cf35c755e4171af1e4e6e1fbe4a4b1d2682605f168c036c873054eca0ba9.svg
C:\Projects\M2022\MAIN.dfm	MAIN.pas	dfm	TMainFrm	dxBarManager1.dxBarButton1	dxBarButton1	TdxBarButton			LargeGlyph.Data	single		svg	1589	0	0	0	0							0240cf35c755e4171af1e4e6e1fbe4a4b1d2682605f168c036c873054eca0ba9	images\0240cf35c755e4171af1e4e6e1fbe4a4b1d2682605f168c036c873054eca0ba9.svg
C:\Projects\M2022\MAIN.dfm	MAIN.pas	dfm	TMainFrm	dxBarManager1.dxBarButton2	dxBarButton2	TdxBarButton			Glyph.Data	single		svg	1560	0	0	0	0							747d408a03f958d29b6d4317c5a605e7ecd7e39a0c4a61f73c454a4ef553f03d	images\747d408a03f958d29b6d4317c5a605e7ecd7e39a0c4a61f73c454a4ef553f03d.svg
C:\Projects\M2022\MAIN.dfm	MAIN.pas	dfm	TMainFrm	dxBarManager1.dxBarButton2	dxBarButton2	TdxBarButton			LargeGlyph.Data	single		svg	1560	0	0	0	0							747d408a03f958d29b6d4317c5a605e7ecd7e39a0c4a61f73c454a4ef553f03d	images\747d408a03f958d29b6d4317c5a605e7ecd7e39a0c4a61f73c454a4ef553f03d.svg
C:\Projects\M2022\MAIN.dfm	MAIN.pas	dfm	TMainFrm	dxBarManager1.dxBarButton3	dxBarButton3	TdxBarButton			Glyph.Data	single		svg	1035	0	0	0	0							cac89c56384fed1553b8b438edcddbf55488adae2da20736651bfdbaea18f826	images\cac89c56384fed1553b8b438edcddbf55488adae2da20736651bfdbaea18f826.svg
C:\Projects\M2022\MAIN.dfm	MAIN.pas	dfm	TMainFrm	dxBarManager1.dxBarButton3	dxBarButton3	TdxBarButton			LargeGlyph.Data	single		svg	1035	0	0	0	0							cac89c56384fed1553b8b438edcddbf55488adae2da20736651bfdbaea18f826	images\cac89c56384fed1553b8b438edcddbf55488adae2da20736651bfdbaea18f826.svg
C:\Projects\M2022\MAIN.dfm	MAIN.pas	dfm	TMainFrm	dxBarManager1.dxBarButton4	dxBarButton4	TdxBarButton			Glyph.Data	single		svg	3876	0	0	0	0							0e574f43eb94b8fd5234e3795a8436baddf84dccec8cd99c8158e15cbccb05ae	images\0e574f43eb94b8fd5234e3795a8436baddf84dccec8cd99c8158e15cbccb05ae.svg
C:\Projects\M2022\MAIN.dfm	MAIN.pas	dfm	TMainFrm	dxBarManager1.dxBarButton4	dxBarButton4	TdxBarButton			LargeGlyph.Data	single		svg	3876	0	0	0	0							0e574f43eb94b8fd5234e3795a8436baddf84dccec8cd99c8158e15cbccb05ae	images\0e574f43eb94b8fd5234e3795a8436baddf84dccec8cd99c8158e15cbccb05ae.svg
C:\Projects\M2022\MAIN.dfm	MAIN.pas	dfm	TMainFrm	dxBarManager1.dxBarButton5	dxBarButton5	TdxBarButton			Glyph.Data	single		svg	1822	0	0	0	0							b9ad037b95e6d5599e8c62c27dddc9dece4bac6ba56ca05b6c663ade8a5aab89	images\b9ad037b95e6d5599e8c62c27dddc9dece4bac6ba56ca05b6c663ade8a5aab89.svg
C:\Projects\M2022\MAIN.dfm	MAIN.pas	dfm	TMainFrm	dxBarManager1.btniTrack	btniTrack	TdxBarButton			Glyph.Data	single		svg	1864	0	0	0	0							bbe628e7c5c924bfcc0560e9f678cdc5374b326eed2b1bb31b0d97725554be0a	images\bbe628e7c5c924bfcc0560e9f678cdc5374b326eed2b1bb31b0d97725554be0a.svg
C:\Projects\M2022\MAIN.dfm	MAIN.pas	dfm	TMainFrm	dxBarManager1.btniTrack	btniTrack	TdxBarButton			LargeGlyph.Data	single		svg	1864	0	0	0	0							bbe628e7c5c924bfcc0560e9f678cdc5374b326eed2b1bb31b0d97725554be0a	images\bbe628e7c5c924bfcc0560e9f678cdc5374b326eed2b1bb31b0d97725554be0a.svg
C:\Projects\M2022\MAIN.dfm	MAIN.pas	dfm	TMainFrm	dxBarManager1.btnpTrack	btnpTrack	TdxBarButton			Glyph.Data	single		svg	2123	0	0	0	0							e7055aa1a911489fbdb8683cba59424886704020673291961e9caea075161f93	images\e7055aa1a911489fbdb8683cba59424886704020673291961e9caea075161f93.svg
C:\Projects\M2022\MAIN.dfm	MAIN.pas	dfm	TMainFrm	dxBarManager1.btnToolTrack	btnToolTrack	TdxBarButton			Glyph.Data	single		svg	1844	0	0	0	0							103b070677ac02d9f8e7c00659e55bb99bcc85e6c7cce2c83bcf38158e69c5e0	images\103b070677ac02d9f8e7c00659e55bb99bcc85e6c7cce2c83bcf38158e69c5e0.svg
C:\Projects\M2022\MAIN.dfm	MAIN.pas	dfm	TMainFrm	dxBarManager1.btnTPCReport	btnTPCReport	TdxBarButton			Glyph.Data	single		svg	4032	0	0	0	0							27b85355de3a220048b19fe36feb36069d4060db36ffe3dc651fd7d382a906ad	images\27b85355de3a220048b19fe36feb36069d4060db36ffe3dc651fd7d382a906ad.svg
C:\Projects\M2022\MAIN.dfm	MAIN.pas	dfm	TMainFrm	dxBarManager1.btnDrawing	btnDrawing	TdxBarButton			Glyph.Data	single		svg	2828	0	0	0	0							5df06dcfae7a125ebc6f527e8156bc8da61f3f764109dc3143635875fb2e3ee1	images\5df06dcfae7a125ebc6f527e8156bc8da61f3f764109dc3143635875fb2e3ee1.svg
C:\Projects\M2022\MAIN.dfm	MAIN.pas	dfm	TMainFrm	dxBarManager1.btnJobControl	btnJobControl	TdxBarButton			Glyph.Data	single		svg	4158	0	0	0	0							8246e49fec36c8fb469a7df5ba75ee9a33983771a6aba3d01540046cb536308c	images\8246e49fec36c8fb469a7df5ba75ee9a33983771a6aba3d01540046cb536308c.svg
C:\Projects\M2022\MAIN.dfm	MAIN.pas	dfm	TMainFrm	dxBarManager1.btnJobControl	btnJobControl	TdxBarButton			LargeGlyph.Data	single		svg	4158	0	0	0	0							8246e49fec36c8fb469a7df5ba75ee9a33983771a6aba3d01540046cb536308c	images\8246e49fec36c8fb469a7df5ba75ee9a33983771a6aba3d01540046cb536308c.svg
C:\Projects\M2022\MAIN.dfm	MAIN.pas	dfm	TMainFrm	dxBarManager1.btnipTrack	btnipTrack	TdxBarButton			Glyph.Data	single		svg	3347	0	0	0	0							d03cf4d8a9011652685866b7f3579424c392f26c215e7229700bdf777fe6d69f	images\d03cf4d8a9011652685866b7f3579424c392f26c215e7229700bdf777fe6d69f.svg
C:\Projects\M2022\MAIN.dfm	MAIN.pas	dfm	TMainFrm	dxBarManager1.btnArchiveClosedFolders	btnArchiveClosedFolders	TdxBarButton			Glyph.Data	single		svg	4536	0	0	0	0							60af9757b7ca71ed85fa3eb225e93950f0368877e583a58f17cc3140563564f9	images\60af9757b7ca71ed85fa3eb225e93950f0368877e583a58f17cc3140563564f9.svg
C:\Projects\M2022\MAIN.dfm	MAIN.pas	dfm	TMainFrm	dxBarManager1.btnArchiveClosedFolders	btnArchiveClosedFolders	TdxBarButton			LargeGlyph.Data	single		svg	4536	0	0	0	0							60af9757b7ca71ed85fa3eb225e93950f0368877e583a58f17cc3140563564f9	images\60af9757b7ca71ed85fa3eb225e93950f0368877e583a58f17cc3140563564f9.svg
C:\Projects\M2022\MAIN.dfm	MAIN.pas	dfm	TMainFrm	dxBarManager1.btnMaximize	btnMaximize	TdxBarButton			Glyph.Data	single		svg	798	0	0	0	0							500bee4cbcb316acb5b17ebfa2bdfeefeb481bae5b44dc58a0473f8b82244f09	images\500bee4cbcb316acb5b17ebfa2bdfeefeb481bae5b44dc58a0473f8b82244f09.svg
C:\Projects\M2022\MAIN.dfm	MAIN.pas	dfm	TMainFrm	dxBarManager1.btnMaximize	btnMaximize	TdxBarButton			LargeGlyph.Data	single		svg	798	0	0	0	0							500bee4cbcb316acb5b17ebfa2bdfeefeb481bae5b44dc58a0473f8b82244f09	images\500bee4cbcb316acb5b17ebfa2bdfeefeb481bae5b44dc58a0473f8b82244f09.svg
C:\Projects\M2022\MAIN.dfm	MAIN.pas	dfm	TMainFrm	dxBarManager1.btnWMaximize	btnWMaximize	TdxBarButton			Glyph.Data	single		svg	798	0	0	0	0							500bee4cbcb316acb5b17ebfa2bdfeefeb481bae5b44dc58a0473f8b82244f09	images\500bee4cbcb316acb5b17ebfa2bdfeefeb481bae5b44dc58a0473f8b82244f09.svg
C:\Projects\M2022\MAIN.dfm	MAIN.pas	dfm	TMainFrm	dxBarManager1.btnWMaximize	btnWMaximize	TdxBarButton			LargeGlyph.Data	single		svg	798	0	0	0	0							500bee4cbcb316acb5b17ebfa2bdfeefeb481bae5b44dc58a0473f8b82244f09	images\500bee4cbcb316acb5b17ebfa2bdfeefeb481bae5b44dc58a0473f8b82244f09.svg
C:\Projects\M2022\MAIN.dfm	MAIN.pas	dfm	TMainFrm	dxBarManager1.btnWMinimize	btnWMinimize	TdxBarButton			Glyph.Data	single		bmp	1078	16	16	32	0					1		af76295104362ffb5ebee713e66fd2401596b8487729aefd8c9cdc75cc7b22fa	images\af76295104362ffb5ebee713e66fd2401596b8487729aefd8c9cdc75cc7b22fa.bmp
C:\Projects\M2022\MAIN.dfm	MAIN.pas	dfm	TMainFrm	dxBarManager1.btnWRestore	btnWRestore	TdxBarButton			Glyph.Data	single		bmp	1078	16	16	32	0					1		26be8b3852a24731443645ef1d981adf4ef634e73d26634da3bb7d0f6352ae2d	images\26be8b3852a24731443645ef1d981adf4ef634e73d26634da3bb7d0f6352ae2d.bmp
C:\Projects\M2022\MAIN.dfm	MAIN.pas	dfm	TMainFrm	dxBarManager1.btnRefreshGrid	btnRefreshGrid	TdxBarButton			Glyph.Data	single		svg	922	0	0	0	0							29f216145f246d336e7c94ed043c580f2879856c9729f1ea29ce1e5271c20d99	images\29f216145f246d336e7c94ed043c580f2879856c9729f1ea29ce1e5271c20d99.svg
C:\Projects\M2022\MAIN.dfm	MAIN.pas	dfm	TMainFrm	dxBarManager1.btnRefreshGrid	btnRefreshGrid	TdxBarButton			LargeGlyph.Data	single		svg	922	0	0	0	0							29f216145f246d336e7c94ed043c580f2879856c9729f1ea29ce1e5271c20d99	images\29f216145f246d336e7c94ed043c580f2879856c9729f1ea29ce1e5271c20d99.svg
C:\Projects\M2022\MAIN.dfm	MAIN.pas	dfm	TMainFrm	dxBarManager1.dxBarDBNavFirst1	dxBarDBNavFirst1	TdxBarDBNavButton			Glyph.Data	single		svg	473	0	0	0	0							4f6b5e7feb872030cf8c07f4b0a9154dba561d068f0bbe851f401038888deb73	images\4f6b5e7feb872030cf8c07f4b0a9154dba561d068f0bbe851f401038888deb73.svg
C:\Projects\M2022\MAIN.dfm	MAIN.pas	dfm	TMainFrm	dxBarManager1.dxBarDBNavPrev1	dxBarDBNavPrev1	TdxBarDBNavButton			Glyph.Data	single		svg	326	0	0	0	0							9affc86233a3c5214b39371064995d1a618b6351e5fc4ea3fcc737d5adee7301	images\9affc86233a3c5214b39371064995d1a618b6351e5fc4ea3fcc737d5adee7301.svg
C:\Projects\M2022\MAIN.dfm	MAIN.pas	dfm	TMainFrm	dxBarManager1.dxBarDBNavNext1	dxBarDBNavNext1	TdxBarDBNavButton			Glyph.Data	single		svg	326	0	0	0	0							31c86d717e300180306624b9f136bc00ee9996221aef9eb76e66c80b91008bf7	images\31c86d717e300180306624b9f136bc00ee9996221aef9eb76e66c80b91008bf7.svg
C:\Projects\M2022\MAIN.dfm	MAIN.pas	dfm	TMainFrm	dxBarManager1.dxBarDBNavLast1	dxBarDBNavLast1	TdxBarDBNavButton			Glyph.Data	single		svg	433	0	0	0	0							44036aa63309d06887b4983c8a4fc4e7f96de9af23f3593af004275785272ced	images\44036aa63309d06887b4983c8a4fc4e7f96de9af23f3593af004275785272ced.svg
C:\Projects\M2022\MAIN.dfm	MAIN.pas	dfm	TMainFrm	qryFldrDueIn	qryFldrDueIn	TQuery			Data	single			1073	0	0	0	0							0304fbfaf2deb131239b5b4ebf336f82b96dce91fc6097e8dcd0a26d4d89b25d	images\0304fbfaf2deb131239b5b4ebf336f82b96dce91fc6097e8dcd0a26d4d89b25d.bin
C:\Projects\M2022\MAIN.dfm	MAIN.pas	dfm	TMainFrm	qryHeats	qryHeats	TQuery			Data	single			767	0	0	0	0							a9d6e0b538399d13a989d36c1e38f27d1f19ba807d4c42c416727d549fc09549	images\a9d6e0b538399d13a989d36c1e38f27d1f19ba807d4c42c416727d549fc09549.bin
C:\Projects\M2022\MAIN.dfm	MAIN.pas	dfm	TMainFrm	ImageList1	ImageList1	TImageList			Bitmap	container			33958	0	0	0	0							8196628aa921c4ae48d591b4131ff4cbf9b09d4349ff5885f74ed34d3b42c778	images\8196628aa921c4ae48d591b4131ff4cbf9b09d4349ff5885f74ed34d3b42c778.bin
C:\Projects\M2022\MAIN.dfm	MAIN.pas	dfm	TMainFrm	imlProblems	imlProblems	TImageList			Bitmap	container			8614	0	0	0	0							6a0537d6de49e3f3d1ce45bcdf232ae4ed5f98397ea3d85237f4aefeaeaab116	images\6a0537d6de49e3f3d1ce45bcdf232ae4ed5f98397ea3d85237f4aefeaeaab116.bin
C:\Projects\M2022\MAIN.dfm	MAIN.pas	dfm	TMainFrm	imgLotStatus	imgLotStatus	TImageList			Bitmap	container			12838	0	0	0	0							4cc0a1f62587897d37754c0174e3d2ba97706308d955db52113c078e1287d36e	images\4cc0a1f62587897d37754c0174e3d2ba97706308d955db52113c078e1287d36e.bin
C:\Projects\M2022\MAIN.dfm	MAIN.pas	dfm	TMainFrm	imgTFlags	imgTFlags	TImageList			Bitmap	container			12838	0	0	0	0							6cc15d65dad5052781a8cc7850b989f08c60f5bc1e96fb2228da66354401579d	images\6cc15d65dad5052781a8cc7850b989f08c60f5bc1e96fb2228da66354401579d.bin
C:\Projects\M2022\MAIN.dfm	MAIN.pas	dfm	TMainFrm	dxComponentPrinter1	dxComponentPrinter1	TdxComponentPrinter			PreviewOptions.PreviewBoundsRect	single			16	0	0	0	0							658104d37dc30ac2ae09c7ab210f21787a076927ad43faae9e2cceb297cea1c8	images\658104d37dc30ac2ae09c7ab210f21787a076927ad43faae9e2cceb297cea1c8.bin
C:\Projects\M2022\MAIN.dfm	MAIN.pas	dfm	TMainFrm	cxImageList1	cxImageList1	TcxImageList			Bitmap	container			38182	0	0	0	0							181886c5061aaf065abbca7779fb5f2318009f85288a152aff669d8e77d575b2	images\181886c5061aaf065abbca7779fb5f2318009f85288a152aff669d8e77d575b2.bin
C:\Projects\M2022\MAIN.dfm	MAIN.pas	dfm	TMainFrm	cxImageList1	cxImageList1	TcxImageList			ImageInfo[0].Image.Data	container		bmp	1082	16	16	32	0					1		ac1c3887e6a212d6d094b0f898cee770b3a810368dea8a1019eb6481ae6f594c	images\ac1c3887e6a212d6d094b0f898cee770b3a810368dea8a1019eb6481ae6f594c.bmp
C:\Projects\M2022\MAIN.dfm	MAIN.pas	dfm	TMainFrm	cxImageList1	cxImageList1	TcxImageList			ImageInfo[1].Image.Data	container		svg	498	0	0	0	0							ed2337a155b94dd080337d1288716fd88d87eadb8843f5d7ed8e90c14df39291	images\ed2337a155b94dd080337d1288716fd88d87eadb8843f5d7ed8e90c14df39291.svg
C:\Projects\M2022\MAIN.dfm	MAIN.pas	dfm	TMainFrm	cxImageList1	cxImageList1	TcxImageList			ImageInfo[2].Image.Data	container		bmp	1082	16	16	32	0					1		7ff5c8f01570f7fb7ea8de16ef2f4de7db814a34778ed9d7f3608a8ea4bc2dce	images\7ff5c8f01570f7fb7ea8de16ef2f4de7db814a34778ed9d7f3608a8ea4bc2dce.bmp
C:\Projects\M2022\MAIN.dfm	MAIN.pas	dfm	TMainFrm	cxImageList1	cxImageList1	TcxImageList			ImageInfo[2].Mask.Data	container		bmp	130	16	16	1	2					1		0130dacb2f4b5f164353a5a6e7d431f3bbb6df116d6efee000c8eeaebccdd75e	images\0130dacb2f4b5f164353a5a6e7d431f3bbb6df116d6efee000c8eeaebccdd75e.bmp
C:\Projects\M2022\MAIN.dfm	MAIN.pas	dfm	TMainFrm	cxImageList1	cxImageList1	TcxImageList			ImageInfo[3].Image.Data	container		svg	612	0	0	0	0							f1a42d0121ea7a04e9a41e2f38a07f49c736356f1cd1d77a239d7e6a05985479	images\f1a42d0121ea7a04e9a41e2f38a07f49c736356f1cd1d77a239d7e6a05985479.svg
C:\Projects\M2022\MAIN.dfm	MAIN.pas	dfm	TMainFrm	cxImageList1	cxImageList1	TcxImageList			ImageInfo[4].Image.Data	container		bmp	1082	16	16	32	0					1		a8fb5f3d700bc1d80bd3c075ed0718bc3417f126403c77e73b883656503c5d18	images\a8fb5f3d700bc1d80bd3c075ed0718bc3417f126403c77e73b883656503c5d18.bmp
C:\Projects\M2022\MAIN.dfm	MAIN.pas	dfm	TMainFrm	cxImageList1	cxImageList1	TcxImageList			ImageInfo[4].Mask.Data	container		bmp	130	16	16	1	2					1		a8f4765b2e0384343fe2d97f1990a3085acf0e3518748c2b7f71c3ad5f8b6231	images\a8f4765b2e0384343fe2d97f1990a3085acf0e3518748c2b7f71c3ad5f8b6231.bmp
C:\Projects\M2022\MAIN.dfm	MAIN.pas	dfm	TMainFrm	cxImageList1	cxImageList1	TcxImageList			ImageInfo[5].Image.Data	container		svg	311	0	0	0	0							ab2833c13bab5dcf5c52f24bf054fc6b3ced8666064942a91cc8b758a6e53202	images\ab2833c13bab5dcf5c52f24bf054fc6b3ced8666064942a91cc8b758a6e53202.svg
C:\Projects\M2022\MAIN.dfm	MAIN.pas	dfm	TMainFrm	cxImageList1	cxImageList1	TcxImageList			ImageInfo[6].Image.Data	container		bmp	1082	16	16	32	0					1		4591d07065e79d99f15928ba2fbfd4e86f71b108fafea883343571cabeaa4efd	images\4591d07065e79d99f15928ba2fbfd4e86f71b108fafea883343571cabeaa4efd.bmp
C:\Projects\M2022\MAIN.dfm	MAIN.pas	dfm	TMainFrm	cxImageList1	cxImageList1	TcxImageList			ImageInfo[6].Mask.Data	container		bmp	130	16	16	1	2					1		ae24303d22823593bbe28a6e3737c24c71e34e02434a11e6794bc1698c4a9ae4	images\ae24303d22823593bbe28a6e3737c24c71e34e02434a11e6794bc1698c4a9ae4.bmp
C:\Projects\M2022\MAIN.dfm	MAIN.pas	dfm	TMainFrm	cxImageList1	cxImageList1	TcxImageList			ImageInfo[7].Image.Data	container		svg	1070	0	0	0	0							4d4e501f848cb3832349ffb40dfd5baa95f6915cd07843f3cba4684f02fd8225	images\4d4e501f848cb3832349ffb40dfd5baa95f6915cd07843f3cba4684f02fd8225.svg
C:\Projects\M2022\MAIN.dfm	MAIN.pas	dfm	TMainFrm	cxImageList1	cxImageList1	TcxImageList			ImageInfo[8].Image.Data	container		bmp	1082	16	16	32	0					1		a4b1155d9454967cf5c5c4b6d08e7fa9077df7d79650c945b8c6b077b73409bb	images\a4b1155d9454967cf5c5c4b6d08e7fa9077df7d79650c945b8c6b077b73409bb.bmp
C:\Projects\M2022\MAIN.dfm	MAIN.pas	dfm	TMainFrm	cxImageList1	cxImageList1	TcxImageList			ImageInfo[8].Mask.Data	container		bmp	130	16	16	1	2					1		33e1c9797a77c6b06b403054ad92a60bc6389c184ef0940e81cf1d7f95638edd	images\33e1c9797a77c6b06b403054ad92a60bc6389c184ef0940e81cf1d7f95638edd.bmp
C:\Projects\M2022\MAIN.dfm	MAIN.pas	dfm	TMainFrm	cxImageList1	cxImageList1	TcxImageList			ImageInfo[9].Image.Data	container		svg	808	0	0	0	0							06dc6d741d62f6c24187f1404b2290b845284d6f9a6cb639350c7513ef46fb0f	images\06dc6d741d62f6c24187f1404b2290b845284d6f9a6cb639350c7513ef46fb0f.svg
C:\Projects\M2022\MAIN.dfm	MAIN.pas	dfm	TMainFrm	cxImageList1	cxImageList1	TcxImageList			ImageInfo[10].Image.Data	container		bmp	1082	16	16	32	0					1		14fa578f1a32cf5f0827ada8db17b9c2319c5420cd9ce67647030b7e4f8dac37	images\14fa578f1a32cf5f0827ada8db17b9c2319c5420cd9ce67647030b7e4f8dac37.bmp
C:\Projects\M2022\MAIN.dfm	MAIN.pas	dfm	TMainFrm	cxImageList1	cxImageList1	TcxImageList			ImageInfo[10].Mask.Data	container		bmp	130	16	16	1	2					1		986b7e7e36aaa5cd969ed84458f8250b0ec3138a4fc75c153ab73f165b4a4065	images\986b7e7e36aaa5cd969ed84458f8250b0ec3138a4fc75c153ab73f165b4a4065.bmp
C:\Projects\M2022\MAIN.dfm	MAIN.pas	dfm	TMainFrm	cxImageList1	cxImageList1	TcxImageList			ImageInfo[11].Image.Data	container		svg	811	0	0	0	0							526ea06daa0bf0aba5fa1bc1f629537d448bf6c91f43c038c80add4c9d4577aa	images\526ea06daa0bf0aba5fa1bc1f629537d448bf6c91f43c038c80add4c9d4577aa.svg
C:\Projects\M2022\MAIN.dfm	MAIN.pas	dfm	TMainFrm	cxImageList1	cxImageList1	TcxImageList			ImageInfo[12].Image.Data	container		bmp	1082	16	16	32	0					1		8309247613c5c08076189a0c1feb80f204213f13180aab59a19bcd9cbf0b1a48	images\8309247613c5c08076189a0c1feb80f204213f13180aab59a19bcd9cbf0b1a48.bmp
C:\Projects\M2022\MAIN.dfm	MAIN.pas	dfm	TMainFrm	cxImageList1	cxImageList1	TcxImageList			ImageInfo[12].Mask.Data	container		bmp	130	16	16	1	2					1		1701e0aa2a41a563348f5518a9513e5553f875cbe75e99145dea175df5f13a98	images\1701e0aa2a41a563348f5518a9513e5553f875cbe75e99145dea175df5f13a98.bmp
C:\Projects\M2022\MAIN.dfm	MAIN.pas	dfm	TMainFrm	cxImageList1	cxImageList1	TcxImageList			ImageInfo[13].Image.Data	container		svg	1748	0	0	0	0							a71a42c42987e645b3ae359c32b23112c4dd8d0908e6703c8be7b31b437d4d91	images\a71a42c42987e645b3ae359c32b23112c4dd8d0908e6703c8be7b31b437d4d91.svg
C:\Projects\M2022\MAIN.dfm	MAIN.pas	dfm	TMainFrm	cxImageList1	cxImageList1	TcxImageList			ImageInfo[14].Image.Data	container		bmp	1082	16	16	32	0					1		d832f6034b95fb2586fc18f8dce3ee6c161b309d6397f15a8969a38981e741b2	images\d832f6034b95fb2586fc18f8dce3ee6c161b309d6397f15a8969a38981e741b2.bmp
C:\Projects\M2022\MAIN.dfm	MAIN.pas	dfm	TMainFrm	cxImageList1	cxImageList1	TcxImageList			ImageInfo[14].Mask.Data	container		bmp	130	16	16	1	2					1		6fd1b0fecc0f360c7f3e46d1961a6f22bf473651b0c4405ab1e474e82150b945	images\6fd1b0fecc0f360c7f3e46d1961a6f22bf473651b0c4405ab1e474e82150b945.bmp
C:\Projects\M2022\MAIN.dfm	MAIN.pas	dfm	TMainFrm	cxImageList1	cxImageList1	TcxImageList			ImageInfo[15].Image.Data	container		svg	429	0	0	0	0							c22bc616199e260d5191c37f13b35fe0231edcb968dbe9c864d127bd73423c88	images\c22bc616199e260d5191c37f13b35fe0231edcb968dbe9c864d127bd73423c88.svg
C:\Projects\M2022\MAIN.dfm	MAIN.pas	dfm	TMainFrm	cxImageList1	cxImageList1	TcxImageList			ImageInfo[16].Image.Data	container		bmp	1082	16	16	32	0					1		85ffb0cf12478cc7ab6dd5caf4cdc528a7fc2241ad9df422a4bdd141cbd918be	images\85ffb0cf12478cc7ab6dd5caf4cdc528a7fc2241ad9df422a4bdd141cbd918be.bmp
C:\Projects\M2022\MAIN.dfm	MAIN.pas	dfm	TMainFrm	cxImageList1	cxImageList1	TcxImageList			ImageInfo[16].Mask.Data	container		bmp	130	16	16	1	2					1		aac2b4815d7a84572d7a4b1f0bf943c689de09935279ee85ccc45aaeeed3dc04	images\aac2b4815d7a84572d7a4b1f0bf943c689de09935279ee85ccc45aaeeed3dc04.bmp
C:\Projects\M2022\MAIN.dfm	MAIN.pas	dfm	TMainFrm	cxImageList1	cxImageList1	TcxImageList			ImageInfo[17].Image.Data	container		bmp	1082	16	16	32	0					1		42a1f7ec06ea58dd29930bab466e844b800b6ccd5105231e736739dd344f1967	images\42a1f7ec06ea58dd29930bab466e844b800b6ccd5105231e736739dd344f1967.bmp
C:\Projects\M2022\MAIN.dfm	MAIN.pas	dfm	TMainFrm	cxImageList1	cxImageList1	TcxImageList			ImageInfo[17].Mask.Data	container		bmp	130	16	16	1	2					1		78f5784a5580a313aafab1fa74b3eeae32004e736bb0eb7296cda7fa353dab41	images\78f5784a5580a313aafab1fa74b3eeae32004e736bb0eb7296cda7fa353dab41.bmp
C:\Projects\M2022\MAIN.dfm	MAIN.pas	dfm	TMainFrm	cxImageList1	cxImageList1	TcxImageList			ImageInfo[18].Image.Data	container		bmp	1082	16	16	32	0					1		fb0d3c18350858024f2988345d39eb2379d65dbb9abc300f06a5110701ca3df5	images\fb0d3c18350858024f2988345d39eb2379d65dbb9abc300f06a5110701ca3df5.bmp
C:\Projects\M2022\MAIN.dfm	MAIN.pas	dfm	TMainFrm	cxImageList1	cxImageList1	TcxImageList			ImageInfo[18].Mask.Data	container		bmp	130	16	16	1	2					1		7219d96f1a9c567c60f25509bb51846db6f93b56d898dedd62d33ad28ce461ed	images\7219d96f1a9c567c60f25509bb51846db6f93b56d898dedd62d33ad28ce461ed.bmp
C:\Projects\M2022\MAIN.dfm	MAIN.pas	dfm	TMainFrm	cxImageList1	cxImageList1	TcxImageList			ImageInfo[19].Image.Data	container		svg	748	0	0	0	0							1cdcba5a37da8d23509212ca8ddebf23053a0df7b7e22c621298673467e96489	images\1cdcba5a37da8d23509212ca8ddebf23053a0df7b7e22c621298673467e96489.svg
C:\Projects\M2022\MAIN.dfm	MAIN.pas	dfm	TMainFrm	cxImageList1	cxImageList1	TcxImageList			ImageInfo[20].Image.Data	container		bmp	1082	16	16	32	0					1		87b14bc8bc4ebb96f7fdf478f5b353b4af19ae19a1a426b2508620a2eb5a92a6	images\87b14bc8bc4ebb96f7fdf478f5b353b4af19ae19a1a426b2508620a2eb5a92a6.bmp
C:\Projects\M2022\MAIN.dfm	MAIN.pas	dfm	TMainFrm	cxImageList1	cxImageList1	TcxImageList			ImageInfo[20].Mask.Data	container		bmp	130	16	16	1	2					1		105e20244daee794deed4b64f0efb773b461a80822df373785cf5d3ea9041161	images\105e20244daee794deed4b64f0efb773b461a80822df373785cf5d3ea9041161.bmp
C:\Projects\M2022\MAIN.dfm	MAIN.pas	dfm	TMainFrm	cxImageList1	cxImageList1	TcxImageList			ImageInfo[21].Image.Data	container		bmp	1082	16	16	32	0					1		38553ee03a3a1ba27f2b8af91ebb5f2292919b8df15e3f5cd17e99dcc97cd38d	images\38553ee03a3a1ba27f2b8af91ebb5f2292919b8df15e3f5cd17e99dcc97cd38d.bmp
C:\Projects\M2022\MAIN.dfm	MAIN.pas	dfm	TMainFrm	cxImageList1	cxImageList1	TcxImageList			ImageInfo[21].Mask.Data	container		bmp	130	16	16	1	2					1		5503142909460411094b33385e0db43fe387d832e2aa2327ef7fcd0876f7afdb	images\5503142909460411094b33385e0db43fe387d832e2aa2327ef7fcd0876f7afdb.bmp
C:\Projects\M2022\MAIN.dfm	MAIN.pas	dfm	TMainFrm	cxImageList1	cxImageList1	TcxImageList			ImageInfo[22].Image.Data	container		svg	625	0	0	0	0							53c9f23f60ba66078f10fe9b7ead1c775480c0d61a588268d4c1905355598524	images\53c9f23f60ba66078f10fe9b7ead1c775480c0d61a588268d4c1905355598524.svg
C:\Projects\M2022\MAIN.dfm	MAIN.pas	dfm	TMainFrm	cxImageList1	cxImageList1	TcxImageList			ImageInfo[23].Image.Data	container		svg	428	0	0	0	0							5a2ebb7b90bef4e450d00feb3b62f13ddf5d560db3864560a449c0453385e79e	images\5a2ebb7b90bef4e450d00feb3b62f13ddf5d560db3864560a449c0453385e79e.svg
C:\Projects\M2022\MAIN.dfm	MAIN.pas	dfm	TMainFrm	cxImageList1	cxImageList1	TcxImageList			ImageInfo[24].Image.Data	container		bmp	1082	16	16	32	0					1		3272dd7f071b894e93f09822f67d95ba1ed5ca4aaa39165dc5beb81c4c0f8987	images\3272dd7f071b894e93f09822f67d95ba1ed5ca4aaa39165dc5beb81c4c0f8987.bmp
C:\Projects\M2022\MAIN.dfm	MAIN.pas	dfm	TMainFrm	cxImageList1	cxImageList1	TcxImageList			ImageInfo[24].Mask.Data	container		bmp	130	16	16	1	2					1		808556526840cd8023a90d5d8882266b0d7b74605b238cd0eeeaaf29a71519f1	images\808556526840cd8023a90d5d8882266b0d7b74605b238cd0eeeaaf29a71519f1.bmp
C:\Projects\M2022\MAIN.dfm	MAIN.pas	dfm	TMainFrm	cxImageList1	cxImageList1	TcxImageList			ImageInfo[25].Image.Data	container		bmp	1082	16	16	32	0					1		fe7504379bb301894adbe5d0eab60e6499a67442f3a2fc918d67d3328b614efd	images\fe7504379bb301894adbe5d0eab60e6499a67442f3a2fc918d67d3328b614efd.bmp
C:\Projects\M2022\MAIN.dfm	MAIN.pas	dfm	TMainFrm	cxImageList1	cxImageList1	TcxImageList			ImageInfo[25].Mask.Data	container		bmp	130	16	16	1	2					1		82dc31f2efcc80d86d7ca11a1fe4f58c419de354487e89f95e08840d09f25ce2	images\82dc31f2efcc80d86d7ca11a1fe4f58c419de354487e89f95e08840d09f25ce2.bmp
C:\Projects\M2022\MAIN.dfm	MAIN.pas	dfm	TMainFrm	cxImageList1	cxImageList1	TcxImageList			ImageInfo[26].Image.Data	container		bmp	1082	16	16	32	0					1		e54dcdf5e076b82403d5b79f269a7e5d896363bc00232acb8804dbd312f7e1f3	images\e54dcdf5e076b82403d5b79f269a7e5d896363bc00232acb8804dbd312f7e1f3.bmp
C:\Projects\M2022\MAIN.dfm	MAIN.pas	dfm	TMainFrm	cxImageList1	cxImageList1	TcxImageList			ImageInfo[26].Mask.Data	container		bmp	130	16	16	1	2					1		79e840a6fc17e6620540ee3425bbddbb04777e6f44acb297115fb806e1f40641	images\79e840a6fc17e6620540ee3425bbddbb04777e6f44acb297115fb806e1f40641.bmp
C:\Projects\M2022\MAIN.dfm	MAIN.pas	dfm	TMainFrm	cxImageList1	cxImageList1	TcxImageList			ImageInfo[27].Image.Data	container		bmp	1082	16	16	32	0					1		2cf7a3fa692bfadfb97684a963daf2b54f6d7ac9b16e2dde1d6b87e1e43679f1	images\2cf7a3fa692bfadfb97684a963daf2b54f6d7ac9b16e2dde1d6b87e1e43679f1.bmp
C:\Projects\M2022\MAIN.dfm	MAIN.pas	dfm	TMainFrm	cxImageList1	cxImageList1	TcxImageList			ImageInfo[27].Mask.Data	container		bmp	130	16	16	1	2					1		59d336466cc650c7d6fb4000f691839a19ba1ab503d5ddc2a42ac3143cba730a	images\59d336466cc650c7d6fb4000f691839a19ba1ab503d5ddc2a42ac3143cba730a.bmp
C:\Projects\M2022\MAIN.dfm	MAIN.pas	dfm	TMainFrm	cxImageList1	cxImageList1	TcxImageList			ImageInfo[28].Image.Data	container		bmp	1082	16	16	32	0					1		c305e261b255568dd2d4d5e25a4a3c01881a266611c6d7aa34bb52f4d949950a	images\c305e261b255568dd2d4d5e25a4a3c01881a266611c6d7aa34bb52f4d949950a.bmp
C:\Projects\M2022\MAIN.dfm	MAIN.pas	dfm	TMainFrm	cxImageList1	cxImageList1	TcxImageList			ImageInfo[28].Mask.Data	container		bmp	130	16	16	1	2					1		ed1350b5e36e7c57acec6ca01eb99ffcae86421acd2199ff73a6744cc4b72aa7	images\ed1350b5e36e7c57acec6ca01eb99ffcae86421acd2199ff73a6744cc4b72aa7.bmp
C:\Projects\M2022\MAIN.dfm	MAIN.pas	dfm	TMainFrm	cxImageList1	cxImageList1	TcxImageList			ImageInfo[29].Image.Data	container		svg	553	0	0	0	0							36905856ca47ebad5ec662f1dfd3152118d4ee0bf6249125ff56758b5309b8e1	images\36905856ca47ebad5ec662f1dfd3152118d4ee0bf6249125ff56758b5309b8e1.svg
C:\Projects\M2022\MAIN.dfm	MAIN.pas	dfm	TMainFrm	cxImageList1	cxImageList1	TcxImageList			ImageInfo[30].Image.Data	container		bmp	1082	16	16	32	0					1		63b51d0f19684ab80f6ce6a5d10d9ccf43c4159e7636b162bc0cd2afdf41a8ca	images\63b51d0f19684ab80f6ce6a5d10d9ccf43c4159e7636b162bc0cd2afdf41a8ca.bmp
C:\Projects\M2022\MAIN.dfm	MAIN.pas	dfm	TMainFrm	cxImageList1	cxImageList1	TcxImageList			ImageInfo[30].Mask.Data	container		bmp	130	16	16	1	2					1		4186623f910874aa190c441129953c76273d5fceced3a25ebe04144c23a1fecc	images\4186623f910874aa190c441129953c76273d5fceced3a25ebe04144c23a1fecc.bmp
C:\Projects\M2022\MAIN.dfm	MAIN.pas	dfm	TMainFrm	cxImageList1	cxImageList1	TcxImageList			ImageInfo[31].Image.Data	container		svg	565	0	0	0	0							a421db785c1ffc99036158e16cd77195b7c28fd9b2254c925ecd319ebe9c3b41	images\a421db785c1ffc99036158e16cd77195b7c28fd9b2254c925ecd319ebe9c3b41.svg
C:\Projects\M2022\MAIN.dfm	MAIN.pas	dfm	TMainFrm	imgProblems2	imgProblems2	TcxImageList			Bitmap	container			8614	0	0	0	0							1dffba72b3898cb56869aa2e9289595e67513f69bc583f1634a9eb81f51783ab	images\1dffba72b3898cb56869aa2e9289595e67513f69bc583f1634a9eb81f51783ab.bin
C:\Projects\M2022\MAIN.dfm	MAIN.pas	dfm	TMainFrm	imgProblems2	imgProblems2	TcxImageList			ImageInfo[0].Image.Data	container		svg	436	0	0	0	0							4c78776eb22bc4b81a62bbd0c347043998601e58acce4987d593d6fb5b6f5bb1	images\4c78776eb22bc4b81a62bbd0c347043998601e58acce4987d593d6fb5b6f5bb1.svg
C:\Projects\M2022\MAIN.dfm	MAIN.pas	dfm	TMainFrm	imgProblems2	imgProblems2	TcxImageList			ImageInfo[1].Image.Data	container		svg	177	0	0	0	0							92a888a817479b0fd2b833cedbe97cf4c8502a7ecd494bd807d066c4e3dacccc	images\92a888a817479b0fd2b833cedbe97cf4c8502a7ecd494bd807d066c4e3dacccc.svg
C:\Projects\M2022\MAIN.dfm	MAIN.pas	dfm	TMainFrm	imgProblems2	imgProblems2	TcxImageList			ImageInfo[2].Image.Data	container		svg	179	0	0	0	0							b1f02af243f436e2714f7be385556f80b9b4ef5996ba7b76c9a92ffaf8d03d98	images\b1f02af243f436e2714f7be385556f80b9b4ef5996ba7b76c9a92ffaf8d03d98.svg
C:\Projects\M2022\MAIN.dfm	MAIN.pas	dfm	TMainFrm	imgProblems2	imgProblems2	TcxImageList			ImageInfo[3].Image.Data	container		svg	177	0	0	0	0							d15bb2e15f21a73da148e0f9d5c79ea855e81c62cdd9a5c60d0a5cf3340e9908	images\d15bb2e15f21a73da148e0f9d5c79ea855e81c62cdd9a5c60d0a5cf3340e9908.svg
C:\Projects\M2022\MAIN.dfm	MAIN.pas	dfm	TMainFrm	imgProblems2	imgProblems2	TcxImageList			ImageInfo[4].Image.Data	container		svg	1428	0	0	0	0							5d8b356c5c605811d311d27b2cbc17141ede76e29837fa7e117ccb7e9e41befe	images\5d8b356c5c605811d311d27b2cbc17141ede76e29837fa7e117ccb7e9e41befe.svg
C:\Projects\M2022\MAIN.dfm	MAIN.pas	dfm	TMainFrm	imgLotSTatus2	imgLotSTatus2	TcxImageList			Bitmap	container			12838	0	0	0	0							f17eff7fb00ea16bb065dcb69c3f63f0778b0067626836c169dbfc90c7422a7b	images\f17eff7fb00ea16bb065dcb69c3f63f0778b0067626836c169dbfc90c7422a7b.bin
C:\Projects\M2022\MAIN.dfm	MAIN.pas	dfm	TMainFrm	imgLotSTatus2	imgLotSTatus2	TcxImageList			ImageInfo[0].Image.Data	container		svg	436	0	0	0	0							4c78776eb22bc4b81a62bbd0c347043998601e58acce4987d593d6fb5b6f5bb1	images\4c78776eb22bc4b81a62bbd0c347043998601e58acce4987d593d6fb5b6f5bb1.svg
C:\Projects\M2022\MAIN.dfm	MAIN.pas	dfm	TMainFrm	imgLotSTatus2	imgLotSTatus2	TcxImageList			ImageInfo[1].Image.Data	container		svg	304	0	0	0	0							99308782a9412d092b7d2e73d3cbe69a03609b2b877554d55cbd47e89aba95e7	images\99308782a9412d092b7d2e73d3cbe69a03609b2b877554d55cbd47e89aba95e7.svg
C:\Projects\M2022\MAIN.dfm	MAIN.pas	dfm	TMainFrm	imgLotSTatus2	imgLotSTatus2	TcxImageList			ImageInfo[2].Image.Data	container		svg	306	0	0	0	0							03b90e4b323f1ffd362d98cb26d1913ec5fac3a86ec28b42622d034a66552fbf	images\03b90e4b323f1ffd362d98cb26d1913ec5fac3a86ec28b42622d034a66552fbf.svg
C:\Projects\M2022\MAIN.dfm	MAIN.pas	dfm	TMainFrm	imgLotSTatus2	imgLotSTatus2	TcxImageList			ImageInfo[3].Image.Data	container		svg	177	0	0	0	0							92a888a817479b0fd2b833cedbe97cf4c8502a7ecd494bd807d066c4e3dacccc	images\92a888a817479b0fd2b833cedbe97cf4c8502a7ecd494bd807d066c4e3dacccc.svg
C:\Projects\M2022\MAIN.dfm	MAIN.pas	dfm	TMainFrm	imgLotSTatus2	imgLotSTatus2	TcxImageList			ImageInfo[4].Image.Data	container		svg	177	0	0	0	0							d15bb2e15f21a73da148e0f9d5c79ea855e81c62cdd9a5c60d0a5cf3340e9908	images\d15bb2e15f21a73da148e0f9d5c79ea855e81c62cdd9a5c60d0a5cf3340e9908.svg
C:\Projects\M2022\MAIN.dfm	MAIN.pas	dfm	TMainFrm	imgLotSTatus2	imgLotSTatus2	TcxImageList			ImageInfo[5].Image.Data	container		svg	177	0	0	0	0							92a888a817479b0fd2b833cedbe97cf4c8502a7ecd494bd807d066c4e3dacccc	images\92a888a817479b0fd2b833cedbe97cf4c8502a7ecd494bd807d066c4e3dacccc.svg
C:\Projects\M2022\MAIN.dfm	MAIN.pas	dfm	TMainFrm	imgLotSTatus2	imgLotSTatus2	TcxImageList			ImageInfo[6].Image.Data	container		svg	3639	0	0	0	0							7cea8eac4263511624de2aecc3af01b732bc431a6c360a4f514e218fc49a1fd5	images\7cea8eac4263511624de2aecc3af01b732bc431a6c360a4f514e218fc49a1fd5.svg
C:\Projects\M2022\MAIN.dfm	MAIN.pas	dfm	TMainFrm	imgLotSTatus2	imgLotSTatus2	TcxImageList			ImageInfo[7].Image.Data	container		svg	177	0	0	0	0							d15bb2e15f21a73da148e0f9d5c79ea855e81c62cdd9a5c60d0a5cf3340e9908	images\d15bb2e15f21a73da148e0f9d5c79ea855e81c62cdd9a5c60d0a5cf3340e9908.svg
C:\Projects\M2022\MAIN.dfm	MAIN.pas	dfm	TMainFrm	imgLotSTatus2	imgLotSTatus2	TcxImageList			ImageInfo[8].Image.Data	container		svg	3029	0	0	0	0							e1a998ad1f857a8bac929a71252d431e936f8ea8a017a1968895d845a494708d	images\e1a998ad1f857a8bac929a71252d431e936f8ea8a017a1968895d845a494708d.svg
C:\Projects\M2022\MAIN.dfm	MAIN.pas	dfm	TMainFrm	imgLotSTatus2	imgLotSTatus2	TcxImageList			ImageInfo[9].Image.Data	container		svg	3031	0	0	0	0							3ccede7b07272b8eb825edec3dda5d0f3477680784af245435569c4e9527e715	images\3ccede7b07272b8eb825edec3dda5d0f3477680784af245435569c4e9527e715.svg
C:\Projects\M2022\MAIN.dfm	MAIN.pas	dfm	TMainFrm	imgLotSTatus2	imgLotSTatus2	TcxImageList			ImageInfo[10].Image.Data	container		svg	2836	0	0	0	0							a6606e1c10f08e98533374c85b7ff5f268e906e27f5fecea094a46743633e5dd	images\a6606e1c10f08e98533374c85b7ff5f268e906e27f5fecea094a46743633e5dd.svg
C:\Projects\M2022\MAIN.dfm	MAIN.pas	dfm	TMainFrm	imgTFlags2	imgTFlags2	TcxImageList			Bitmap	container			12838	0	0	0	0							cbd144520215dcaa4869374270f7d2789a0ea38419d732f69c2ac70022abb7e1	images\cbd144520215dcaa4869374270f7d2789a0ea38419d732f69c2ac70022abb7e1.bin
C:\Projects\M2022\MAIN.dfm	MAIN.pas	dfm	TMainFrm	imgTFlags2	imgTFlags2	TcxImageList			ImageInfo[0].Image.Data	container		svg	436	0	0	0	0							4c78776eb22bc4b81a62bbd0c347043998601e58acce4987d593d6fb5b6f5bb1	images\4c78776eb22bc4b81a62bbd0c347043998601e58acce4987d593d6fb5b6f5bb1.svg
C:\Projects\M2022\MAIN.dfm	MAIN.pas	dfm	TMainFrm	imgTFlags2	imgTFlags2	TcxImageList			ImageInfo[1].Image.Data	container		svg	177	0	0	0	0							92a888a817479b0fd2b833cedbe97cf4c8502a7ecd494bd807d066c4e3dacccc	images\92a888a817479b0fd2b833cedbe97cf4c8502a7ecd494bd807d066c4e3dacccc.svg
C:\Projects\M2022\MAIN.dfm	MAIN.pas	dfm	TMainFrm	imgTFlags2	imgTFlags2	TcxImageList			ImageInfo[2].Image.Data	container		svg	177	0	0	0	0							92a888a817479b0fd2b833cedbe97cf4c8502a7ecd494bd807d066c4e3dacccc	images\92a888a817479b0fd2b833cedbe97cf4c8502a7ecd494bd807d066c4e3dacccc.svg
C:\Projects\M2022\MAIN.dfm	MAIN.pas	dfm	TMainFrm	imgTFlags2	imgTFlags2	TcxImageList			ImageInfo[3].Image.Data	container		svg	177	0	0	0	0							92a888a817479b0fd2b833cedbe97cf4c8502a7ecd494bd807d066c4e3dacccc	images\92a888a817479b0fd2b833cedbe97cf4c8502a7ecd494bd807d066c4e3dacccc.svg
C:\Projects\M2022\MAIN.dfm	MAIN.pas	dfm	TMainFrm	imgTFlags2	imgTFlags2	TcxImageList			ImageInfo[4].Image.Data	container		svg	179	0	0	0	0							b1f02af243f436e2714f7be385556f80b9b4ef5996ba7b76c9a92ffaf8d03d98	images\b1f02af243f436e2714f7be385556f80b9b4ef5996ba7b76c9a92ffaf8d03d98.svg
C:\Projects\M2022\MAIN.dfm	MAIN.pas	dfm	TMainFrm	imgTFlags2	imgTFlags2	TcxImageList			ImageInfo[5].Image.Data	container		svg	179	0	0	0	0							b1f02af243f436e2714f7be385556f80b9b4ef5996ba7b76c9a92ffaf8d03d98	images\b1f02af243f436e2714f7be385556f80b9b4ef5996ba7b76c9a92ffaf8d03d98.svg
C:\Projects\M2022\MAIN.dfm	MAIN.pas	dfm	TMainFrm	imgTFlags2	imgTFlags2	TcxImageList			ImageInfo[6].Image.Data	container		svg	179	0	0	0	0							b1f02af243f436e2714f7be385556f80b9b4ef5996ba7b76c9a92ffaf8d03d98	images\b1f02af243f436e2714f7be385556f80b9b4ef5996ba7b76c9a92ffaf8d03d98.svg
C:\Projects\M2022\MAIN.dfm	MAIN.pas	dfm	TMainFrm	imgTFlags2	imgTFlags2	TcxImageList			ImageInfo[7].Image.Data	container		svg	179	0	0	0	0							b1f02af243f436e2714f7be385556f80b9b4ef5996ba7b76c9a92ffaf8d03d98	images\b1f02af243f436e2714f7be385556f80b9b4ef5996ba7b76c9a92ffaf8d03d98.svg
C:\Projects\M2022\MAIN.dfm	MAIN.pas	dfm	TMainFrm	imgTFlags2	imgTFlags2	TcxImageList			ImageInfo[8].Image.Data	container		svg	177	0	0	0	0							d15bb2e15f21a73da148e0f9d5c79ea855e81c62cdd9a5c60d0a5cf3340e9908	images\d15bb2e15f21a73da148e0f9d5c79ea855e81c62cdd9a5c60d0a5cf3340e9908.svg
C:\Projects\M2022\MAIN.dfm	MAIN.pas	dfm	TMainFrm	imgTFlags2	imgTFlags2	TcxImageList			ImageInfo[9].Image.Data	container		svg	177	0	0	0	0							d15bb2e15f21a73da148e0f9d5c79ea855e81c62cdd9a5c60d0a5cf3340e9908	images\d15bb2e15f21a73da148e0f9d5c79ea855e81c62cdd9a5c60d0a5cf3340e9908.svg
C:\Projects\M2022\MAIN.dfm	MAIN.pas	dfm	TMainFrm	imgTFlags2	imgTFlags2	TcxImageList			ImageInfo[10].Image.Data	container		svg	177	0	0	0	0							d15bb2e15f21a73da148e0f9d5c79ea855e81c62cdd9a5c60d0a5cf3340e9908	images\d15bb2e15f21a73da148e0f9d5c79ea855e81c62cdd9a5c60d0a5cf3340e9908.svg
C:\Projects\M2022\MAIN.dfm	MAIN.pas	dfm	TMainFrm	dxScreenTipRepository1.tipSetupDataChannel	tipSetupDataChannel	TdxScreenTip			Description.Glyph.Data	single		svg	3108	0	0	0	0							86b548fe6d0ac687e8fad0291d131dd20efc53b4c453b6bcb3ff20cf2234a27f	images\86b548fe6d0ac687e8fad0291d131dd20efc53b4c453b6bcb3ff20cf2234a27f.svg
C:\Projects\M2022\MAIN.dfm	MAIN.pas	dfm	TMainFrm	dxScreenTipRepository1.tipActiveUsers	tipActiveUsers	TdxScreenTip			Description.Glyph.Data	single		svg	2733	0	0	0	0							7df4435f27fbd907d2c025be2a94375a35f4b16292259be05f3469fbfc4fc9ec	images\7df4435f27fbd907d2c025be2a94375a35f4b16292259be05f3469fbfc4fc9ec.svg
C:\Projects\M2022\MAIN.dfm	MAIN.pas	dfm	TMainFrm	imgLotSTatus2A	imgLotSTatus2A	TcxImageList			Bitmap	container			12838	0	0	0	0							f17eff7fb00ea16bb065dcb69c3f63f0778b0067626836c169dbfc90c7422a7b	images\f17eff7fb00ea16bb065dcb69c3f63f0778b0067626836c169dbfc90c7422a7b.bin
C:\Projects\M2022\MAIN.dfm	MAIN.pas	dfm	TMainFrm	imgLotSTatus2A	imgLotSTatus2A	TcxImageList			ImageInfo[0].Image.Data	container		svg	436	0	0	0	0							4c78776eb22bc4b81a62bbd0c347043998601e58acce4987d593d6fb5b6f5bb1	images\4c78776eb22bc4b81a62bbd0c347043998601e58acce4987d593d6fb5b6f5bb1.svg
C:\Projects\M2022\MAIN.dfm	MAIN.pas	dfm	TMainFrm	imgLotSTatus2A	imgLotSTatus2A	TcxImageList			ImageInfo[1].Image.Data	container		svg	304	0	0	0	0							99308782a9412d092b7d2e73d3cbe69a03609b2b877554d55cbd47e89aba95e7	images\99308782a9412d092b7d2e73d3cbe69a03609b2b877554d55cbd47e89aba95e7.svg
C:\Projects\M2022\MAIN.dfm	MAIN.pas	dfm	TMainFrm	imgLotSTatus2A	imgLotSTatus2A	TcxImageList			ImageInfo[2].Image.Data	container		svg	306	0	0	0	0							03b90e4b323f1ffd362d98cb26d1913ec5fac3a86ec28b42622d034a66552fbf	images\03b90e4b323f1ffd362d98cb26d1913ec5fac3a86ec28b42622d034a66552fbf.svg
C:\Projects\M2022\MAIN.dfm	MAIN.pas	dfm	TMainFrm	imgLotSTatus2A	imgLotSTatus2A	TcxImageList			ImageInfo[3].Image.Data	container		svg	177	0	0	0	0							92a888a817479b0fd2b833cedbe97cf4c8502a7ecd494bd807d066c4e3dacccc	images\92a888a817479b0fd2b833cedbe97cf4c8502a7ecd494bd807d066c4e3dacccc.svg
C:\Projects\M2022\MAIN.dfm	MAIN.pas	dfm	TMainFrm	imgLotSTatus2A	imgLotSTatus2A	TcxImageList			ImageInfo[4].Image.Data	container		svg	177	0	0	0	0							d15bb2e15f21a73da148e0f9d5c79ea855e81c62cdd9a5c60d0a5cf3340e9908	images\d15bb2e15f21a73da148e0f9d5c79ea855e81c62cdd9a5c60d0a5cf3340e9908.svg
C:\Projects\M2022\MAIN.dfm	MAIN.pas	dfm	TMainFrm	imgLotSTatus2A	imgLotSTatus2A	TcxImageList			ImageInfo[5].Image.Data	container		svg	177	0	0	0	0							92a888a817479b0fd2b833cedbe97cf4c8502a7ecd494bd807d066c4e3dacccc	images\92a888a817479b0fd2b833cedbe97cf4c8502a7ecd494bd807d066c4e3dacccc.svg
C:\Projects\M2022\MAIN.dfm	MAIN.pas	dfm	TMainFrm	imgLotSTatus2A	imgLotSTatus2A	TcxImageList			ImageInfo[6].Image.Data	container		svg	3639	0	0	0	0							7cea8eac4263511624de2aecc3af01b732bc431a6c360a4f514e218fc49a1fd5	images\7cea8eac4263511624de2aecc3af01b732bc431a6c360a4f514e218fc49a1fd5.svg
C:\Projects\M2022\MAIN.dfm	MAIN.pas	dfm	TMainFrm	imgLotSTatus2A	imgLotSTatus2A	TcxImageList			ImageInfo[7].Image.Data	container		svg	177	0	0	0	0							d15bb2e15f21a73da148e0f9d5c79ea855e81c62cdd9a5c60d0a5cf3340e9908	images\d15bb2e15f21a73da148e0f9d5c79ea855e81c62cdd9a5c60d0a5cf3340e9908.svg
C:\Projects\M2022\MAIN.dfm	MAIN.pas	dfm	TMainFrm	imgLotSTatus2A	imgLotSTatus2A	TcxImageList			ImageInfo[8].Image.Data	container		svg	3029	0	0	0	0							e1a998ad1f857a8bac929a71252d431e936f8ea8a017a1968895d845a494708d	images\e1a998ad1f857a8bac929a71252d431e936f8ea8a017a1968895d845a494708d.svg
C:\Projects\M2022\MAIN.dfm	MAIN.pas	dfm	TMainFrm	imgLotSTatus2A	imgLotSTatus2A	TcxImageList			ImageInfo[9].Image.Data	container		svg	3031	0	0	0	0							3ccede7b07272b8eb825edec3dda5d0f3477680784af245435569c4e9527e715	images\3ccede7b07272b8eb825edec3dda5d0f3477680784af245435569c4e9527e715.svg
C:\Projects\M2022\MAIN.dfm	MAIN.pas	dfm	TMainFrm	imgLotSTatus2A	imgLotSTatus2A	TcxImageList			ImageInfo[10].Image.Data	container		svg	2836	0	0	0	0							a6606e1c10f08e98533374c85b7ff5f268e906e27f5fecea094a46743633e5dd	images\a6606e1c10f08e98533374c85b7ff5f268e906e27f5fecea094a46743633e5dd.svg
C:\Projects\M2022\MAIN.dfm	MAIN.pas	dfm	TMainFrm	imgProgress	imgProgress	TcxImageList			Bitmap	container			23974	0	0	0	0							c308c3b506c9068d9b932fb845d2529282121ba9017f496c99569fdab3ee2418	images\c308c3b506c9068d9b932fb845d2529282121ba9017f496c99569fdab3ee2418.bin
C:\Projects\M2022\MAIN.dfm	MAIN.pas	dfm	TMainFrm	imgProgress	imgProgress	TcxImageList			ImageInfo[0].Image.Data	container		svg	590	0	0	0	0							9aec8e257ded51fb54ce56eb8c4e6ed4d4a926bf69f1bf8b9378efcd35f986dd	images\9aec8e257ded51fb54ce56eb8c4e6ed4d4a926bf69f1bf8b9378efcd35f986dd.svg
C:\Projects\M2022\MAIN.dfm	MAIN.pas	dfm	TMainFrm	imgProgress	imgProgress	TcxImageList			ImageInfo[1].Image.Data	container		svg	588	0	0	0	0							7f0cde54af29c194ed3139020775fe9f43322d72ab2b5b9eaf4ada56b64959dd	images\7f0cde54af29c194ed3139020775fe9f43322d72ab2b5b9eaf4ada56b64959dd.svg
C:\Projects\M2022\MAIN.dfm	MAIN.pas	dfm	TMainFrm	imgProgress	imgProgress	TcxImageList			ImageInfo[2].Image.Data	container		svg	590	0	0	0	0							74e5b8fe6a6ed86b0635b20cd7162488492c4df0923bc20c2eabd0ebc8fdeea0	images\74e5b8fe6a6ed86b0635b20cd7162488492c4df0923bc20c2eabd0ebc8fdeea0.svg
C:\Projects\M2022\MathLineCompute.dfm	MathLineCompute.pas	dfm	TfrmMathLineCompute		frmMathLineCompute	TfrmMathLineCompute			Icon.Data	single		ico	1150	0	0	0	0							87829c566615525191dec99da56caf00d42442aaa72a701af21d38cb4d4598be	images\87829c566615525191dec99da56caf00d42442aaa72a701af21d38cb4d4598be.ico
C:\Projects\M2022\MathLineCompute.dfm	MathLineCompute.pas	dfm	TfrmMathLineCompute	dxBarManager1.btnExit	btnExit	TdxBarButton			Glyph.Data	single		bmp	1078	16	16	32	0					1		d1f5d5f839df61eb3317ff82c09de63b57e908669df38bd26a96a6dd5b8d7ad7	images\d1f5d5f839df61eb3317ff82c09de63b57e908669df38bd26a96a6dd5b8d7ad7.bmp
C:\Projects\M2022\MathLineCompute.dfm	MathLineCompute.pas	dfm	TfrmMathLineCompute	dxBarManager1.btnMaximize	btnMaximize	TdxBarButton			Glyph.Data	single		bmp	1078	16	16	32	0					1		d979d0b7b77a3576b3ea07e84c5ebda63b9ff26d22cf4e477f50474bd456c113	images\d979d0b7b77a3576b3ea07e84c5ebda63b9ff26d22cf4e477f50474bd456c113.bmp
C:\Projects\M2022\MathLineCompute.dfm	MathLineCompute.pas	dfm	TfrmMathLineCompute	dxBarManager1.btnCancel	btnCancel	TdxBarButton			Glyph.Data	single		bmp	1078	16	16	32	0					1		d8be263f447bb2946a9ecf5e82e5052aebdb1fe0336a015e65e001415629d619	images\d8be263f447bb2946a9ecf5e82e5052aebdb1fe0336a015e65e001415629d619.bmp
C:\Projects\M2022\MENotes.dfm	MENotes.pas	dfm	TfrmMENotes		frmMENotes	TfrmMENotes			Icon.Data	single		ico	1150	0	0	0	0							87829c566615525191dec99da56caf00d42442aaa72a701af21d38cb4d4598be	images\87829c566615525191dec99da56caf00d42442aaa72a701af21d38cb4d4598be.ico
C:\Projects\M2022\MEPDOESampling.dfm	MEPDOESampling.pas	dfm	TfrmMEPDOESampling		frmMEPDOESampling	TfrmMEPDOESampling			Icon.Data	single		ico	1150	0	0	0	0							87829c566615525191dec99da56caf00d42442aaa72a701af21d38cb4d4598be	images\87829c566615525191dec99da56caf00d42442aaa72a701af21d38cb4d4598be.ico
C:\Projects\M2022\MEPDOESampling.dfm	MEPDOESampling.pas	dfm	TfrmMEPDOESampling	RzSplitter1.grdNotes	grdNotes	TcxTreeList			Data	single			485	0	0	0	0							c4ceeb4aad2073613ca9d551d55b33dcfc95f2d1d47706611b43b8c0a9513f78	images\c4ceeb4aad2073613ca9d551d55b33dcfc95f2d1d47706611b43b8c0a9513f78.bin
C:\Projects\M2022\MEPDOESampling.dfm	MEPDOESampling.pas	dfm	TfrmMEPDOESampling	dxBarManager1.btnExit	btnExit	TdxBarButton			Glyph.Data	single		bmp	1078	16	16	32	0					1		d1f5d5f839df61eb3317ff82c09de63b57e908669df38bd26a96a6dd5b8d7ad7	images\d1f5d5f839df61eb3317ff82c09de63b57e908669df38bd26a96a6dd5b8d7ad7.bmp
C:\Projects\M2022\MEPDOESampling.dfm	MEPDOESampling.pas	dfm	TfrmMEPDOESampling	dxBarManager1.btnNewCategory	btnNewCategory	TdxBarButton			Glyph.Data	single		bmp	1078	16	16	32	0					1		7d61a2c7c65a4a661da8515a19fef8e273f2ffe5688ce9f2cd1b74b443dd9173	images\7d61a2c7c65a4a661da8515a19fef8e273f2ffe5688ce9f2cd1b74b443dd9173.bmp
C:\Projects\M2022\MEPDOESampling.dfm	MEPDOESampling.pas	dfm	TfrmMEPDOESampling	dxBarManager1.btnPrint	btnPrint	TdxBarButton			Glyph.Data	single		bmp	1078	16	16	32	0					1		946d8ef4176300b7514b0712f480d3449521bbc5f097c0f596a6516e63518d3c	images\946d8ef4176300b7514b0712f480d3449521bbc5f097c0f596a6516e63518d3c.bmp
C:\Projects\M2022\MEPDOESampling.dfm	MEPDOESampling.pas	dfm	TfrmMEPDOESampling	dxBarManager1.dxBarDBNavFirst1	dxBarDBNavFirst1	TdxBarDBNavButton			Glyph.Data	single		bmp	1078	16	16	32	0					1		6607ef3da8822b74fe4b0acb662061780182bbfdc0c2cd0056156349e880dd94	images\6607ef3da8822b74fe4b0acb662061780182bbfdc0c2cd0056156349e880dd94.bmp
C:\Projects\M2022\MEPDOESampling.dfm	MEPDOESampling.pas	dfm	TfrmMEPDOESampling	dxBarManager1.dxBarDBNavPrev1	dxBarDBNavPrev1	TdxBarDBNavButton			Glyph.Data	single		bmp	1078	16	16	32	0					1		4506a08e333bf65e1241dc1d265c0ec790826f394a1e425324e80125ac979066	images\4506a08e333bf65e1241dc1d265c0ec790826f394a1e425324e80125ac979066.bmp
C:\Projects\M2022\MEPDOESampling.dfm	MEPDOESampling.pas	dfm	TfrmMEPDOESampling	dxBarManager1.dxBarDBNavNext1	dxBarDBNavNext1	TdxBarDBNavButton			Glyph.Data	single		bmp	1078	16	16	32	0					1		f1e077905d1aeb2d609668d4ed60b14af4e2852c7b1589986eed9a6c045d1e58	images\f1e077905d1aeb2d609668d4ed60b14af4e2852c7b1589986eed9a6c045d1e58.bmp
C:\Projects\M2022\MEPDOESampling.dfm	MEPDOESampling.pas	dfm	TfrmMEPDOESampling	dxBarManager1.dxBarDBNavLast1	dxBarDBNavLast1	TdxBarDBNavButton			Glyph.Data	single		bmp	1078	16	16	32	0					1		fce3745ba5ba9d6f747c39ade70e5bb3a43705557a11a01b17788a0cfe930304	images\fce3745ba5ba9d6f747c39ade70e5bb3a43705557a11a01b17788a0cfe930304.bmp
C:\Projects\M2022\MEPDOESampling.dfm	MEPDOESampling.pas	dfm	TfrmMEPDOESampling	dxBarManager1.dxBarDBNavInsert1	dxBarDBNavInsert1	TdxBarDBNavButton			Glyph.Data	single		bmp	1078	16	16	32	0					1		85c3d26e8518011389ca86bb003d4f646fde018f5b8ea6bb5f236fa6b26ed9cb	images\85c3d26e8518011389ca86bb003d4f646fde018f5b8ea6bb5f236fa6b26ed9cb.bmp
C:\Projects\M2022\MEPDOESampling.dfm	MEPDOESampling.pas	dfm	TfrmMEPDOESampling	dxBarManager1.dxBarDBNavDelete1	dxBarDBNavDelete1	TdxBarDBNavButton			Glyph.Data	single		bmp	1078	16	16	32	0					1		cb064bbb443aecb6b9c0d982ca7ef5e728083d86e4bf49b09e7330eed54dea24	images\cb064bbb443aecb6b9c0d982ca7ef5e728083d86e4bf49b09e7330eed54dea24.bmp
C:\Projects\M2022\MEPDOESampling.dfm	MEPDOESampling.pas	dfm	TfrmMEPDOESampling	dxBarManager1.dxBarDBNavEdit1	dxBarDBNavEdit1	TdxBarDBNavButton			Glyph.Data	single		bmp	1078	16	16	32	0					1		22e66cc36468572cbdcae127edc7fe7560a3f052fa05202b746f2491175a05cf	images\22e66cc36468572cbdcae127edc7fe7560a3f052fa05202b746f2491175a05cf.bmp
C:\Projects\M2022\MEPDOESampling.dfm	MEPDOESampling.pas	dfm	TfrmMEPDOESampling	dxBarManager1.dxBarDBNavPost1	dxBarDBNavPost1	TdxBarDBNavButton			Glyph.Data	single		bmp	1078	16	16	32	0					1		6212bc92930d93605cc9b6b3699601807dc1633fa573890fdac82faca790c47f	images\6212bc92930d93605cc9b6b3699601807dc1633fa573890fdac82faca790c47f.bmp
C:\Projects\M2022\MEPDOESampling.dfm	MEPDOESampling.pas	dfm	TfrmMEPDOESampling	dxBarManager1.dxBarDBNavCancel1	dxBarDBNavCancel1	TdxBarDBNavButton			Glyph.Data	single		bmp	1078	16	16	32	0					1		975795a643484a5073c6e0223bb36e40eaf96637165ace0ca753593af1dde849	images\975795a643484a5073c6e0223bb36e40eaf96637165ace0ca753593af1dde849.bmp
C:\Projects\M2022\MEPDOESampling.dfm	MEPDOESampling.pas	dfm	TfrmMEPDOESampling	dxBarManager1.dxBarDBNavRefresh1	dxBarDBNavRefresh1	TdxBarDBNavButton			Glyph.Data	single		bmp	1078	16	16	32	0					1		5d9485a834adeff5da0f68c84a8055425e3e8e58c4f93d181d2aa5086a8e39be	images\5d9485a834adeff5da0f68c84a8055425e3e8e58c4f93d181d2aa5086a8e39be.bmp
C:\Projects\M2022\MEStats.dfm	MEStats.pas	dfm	TfrmMEStats		frmMEStats	TfrmMEStats			Icon.Data	single		ico	1150	0	0	0	0							87829c566615525191dec99da56caf00d42442aaa72a701af21d38cb4d4598be	images\87829c566615525191dec99da56caf00d42442aaa72a701af21d38cb4d4598be.ico
C:\Projects\M2022\MEStats.dfm	MEStats.pas	dfm	TfrmMEStats	RzSplitter1.RzSplitter3.RzPanel1.RzPanel2.RzPanel3.btnCPR	btnCPR	TRzBitBtn			Glyph.Data	strip		bmp	2762	52	13	32	0	NumGlyphs	4		4	4	Y	af7a1626488ff0d33fc6a220c4c6bf485ed959d2dc444d27fb46f80fa41867a0	images\af7a1626488ff0d33fc6a220c4c6bf485ed959d2dc444d27fb46f80fa41867a0.bmp
C:\Projects\M2022\MEStats.dfm	MEStats.pas	dfm	TfrmMEStats	RzSplitter1.RzSplitter3.RzPanel1.RzPanel2.RzPanel3.btnMECpkr	btnMECpkr	TRzBitBtn			Glyph.Data	strip		bmp	2762	52	13	32	0	NumGlyphs	4		4	4	Y	af7a1626488ff0d33fc6a220c4c6bf485ed959d2dc444d27fb46f80fa41867a0	images\af7a1626488ff0d33fc6a220c4c6bf485ed959d2dc444d27fb46f80fa41867a0.bmp
C:\Projects\M2022\MEStats.dfm	MEStats.pas	dfm	TfrmMEStats	RzSplitter1.RzSplitter3.RzPanel1.RzPanel2.RzPanel3.btnCPS	btnCPS	TRzBitBtn			Glyph.Data	strip		bmp	2762	52	13	32	0	NumGlyphs	4		4	4	Y	af7a1626488ff0d33fc6a220c4c6bf485ed959d2dc444d27fb46f80fa41867a0	images\af7a1626488ff0d33fc6a220c4c6bf485ed959d2dc444d27fb46f80fa41867a0.bmp
C:\Projects\M2022\MEStats.dfm	MEStats.pas	dfm	TfrmMEStats	RzSplitter1.RzSplitter3.RzPanel1.RzPanel2.RzPanel3.btnMECpk	btnMECpk	TRzBitBtn			Glyph.Data	strip		bmp	2762	52	13	32	0	NumGlyphs	4		4	4	Y	af7a1626488ff0d33fc6a220c4c6bf485ed959d2dc444d27fb46f80fa41867a0	images\af7a1626488ff0d33fc6a220c4c6bf485ed959d2dc444d27fb46f80fa41867a0.bmp
C:\Projects\M2022\MEStats.dfm	MEStats.pas	dfm	TfrmMEStats	RzSplitter1.RzSplitter3.RzPanel1.RzPanel2.RzPanel3.btnCP90	btnCP90	TRzBitBtn			Glyph.Data	strip		bmp	2762	52	13	32	0	NumGlyphs	4		4	4	Y	af7a1626488ff0d33fc6a220c4c6bf485ed959d2dc444d27fb46f80fa41867a0	images\af7a1626488ff0d33fc6a220c4c6bf485ed959d2dc444d27fb46f80fa41867a0.bmp
C:\Projects\M2022\MEStats.dfm	MEStats.pas	dfm	TfrmMEStats	RzSplitter1.RzSplitter3.RzPanel1.RzPanel2.RzPanel3.btnMECpk90	btnMECpk90	TRzBitBtn			Glyph.Data	strip		bmp	2762	52	13	32	0	NumGlyphs	4		4	4	Y	af7a1626488ff0d33fc6a220c4c6bf485ed959d2dc444d27fb46f80fa41867a0	images\af7a1626488ff0d33fc6a220c4c6bf485ed959d2dc444d27fb46f80fa41867a0.bmp
C:\Projects\M2022\MEStats.dfm	MEStats.pas	dfm	TfrmMEStats	RzSplitter1.RzSplitter3.RzPanel1.RzPanel2.RzPanel3.btnMExpert	btnMExpert	TRzBitBtn			Glyph.Data	strip		bmp	2762	52	13	32	0	NumGlyphs	4		4	4	Y	af7a1626488ff0d33fc6a220c4c6bf485ed959d2dc444d27fb46f80fa41867a0	images\af7a1626488ff0d33fc6a220c4c6bf485ed959d2dc444d27fb46f80fa41867a0.bmp
C:\Projects\M2022\MEStats.dfm	MEStats.pas	dfm	TfrmMEStats	RzSplitter1.RzSplitter3.RzPanel1.RzPanel2.RzPanel3.btnMEMinTol	btnMEMinTol	TRzBitBtn			Glyph.Data	strip		bmp	2762	52	13	32	0	NumGlyphs	4		4	4	Y	af7a1626488ff0d33fc6a220c4c6bf485ed959d2dc444d27fb46f80fa41867a0	images\af7a1626488ff0d33fc6a220c4c6bf485ed959d2dc444d27fb46f80fa41867a0.bmp
C:\Projects\M2022\MEStats.dfm	MEStats.pas	dfm	TfrmMEStats	RzSplitter1.RzSplitter3.RzPanel1.RzPanel2.RzPanel3.btnBias	btnBias	TRzBitBtn			Glyph.Data	strip		bmp	2762	52	13	32	0	NumGlyphs	4		4	4	Y	af7a1626488ff0d33fc6a220c4c6bf485ed959d2dc444d27fb46f80fa41867a0	images\af7a1626488ff0d33fc6a220c4c6bf485ed959d2dc444d27fb46f80fa41867a0.bmp
C:\Projects\M2022\MEStats.dfm	MEStats.pas	dfm	TfrmMEStats	RzSplitter1.RzSplitter3.RzPanel1.RzPanel2.RzPanel3.btnShift	btnShift	TRzBitBtn			Glyph.Data	strip		bmp	2762	52	13	32	0	NumGlyphs	4		4	4	Y	af7a1626488ff0d33fc6a220c4c6bf485ed959d2dc444d27fb46f80fa41867a0	images\af7a1626488ff0d33fc6a220c4c6bf485ed959d2dc444d27fb46f80fa41867a0.bmp
C:\Projects\M2022\MEStats.dfm	MEStats.pas	dfm	TfrmMEStats	RzSplitter1.RzSplitter3.RzPanel1.RzPanel2.RzPanel3.btnDOVEAnalyst	btnDOVEAnalyst	TRzBitBtn			Glyph.Data	strip		bmp	2762	52	13	32	0	NumGlyphs	4		4	4	Y	af7a1626488ff0d33fc6a220c4c6bf485ed959d2dc444d27fb46f80fa41867a0	images\af7a1626488ff0d33fc6a220c4c6bf485ed959d2dc444d27fb46f80fa41867a0.bmp
C:\Projects\M2022\MEStats.dfm	MEStats.pas	dfm	TfrmMEStats	RzSplitter1.RzSplitter3.RzPanel1.RzPanel2.RzPanel3.btnControls	btnControls	TRzBitBtn			Glyph.Data	strip		bmp	2762	52	13	32	0	NumGlyphs	4		4	4	Y	af7a1626488ff0d33fc6a220c4c6bf485ed959d2dc444d27fb46f80fa41867a0	images\af7a1626488ff0d33fc6a220c4c6bf485ed959d2dc444d27fb46f80fa41867a0.bmp
C:\Projects\M2022\MEStats.dfm	MEStats.pas	dfm	TfrmMEStats	RzSplitter1.RzSplitter3.RzPanel1.RzPanel2.RzPanel3.btnRR	btnRR	TRzBitBtn			Glyph.Data	strip		bmp	2762	52	13	32	0	NumGlyphs	4		4	4	Y	af7a1626488ff0d33fc6a220c4c6bf485ed959d2dc444d27fb46f80fa41867a0	images\af7a1626488ff0d33fc6a220c4c6bf485ed959d2dc444d27fb46f80fa41867a0.bmp
C:\Projects\M2022\MEStats.dfm	MEStats.pas	dfm	TfrmMEStats	RzSplitter1.RzSplitter3.RzPanel1.RzPanel2.RzPanel3.btnStdv	btnStdv	TRzBitBtn			Glyph.Data	strip		bmp	2762	52	13	32	0	NumGlyphs	4		4	4	Y	af7a1626488ff0d33fc6a220c4c6bf485ed959d2dc444d27fb46f80fa41867a0	images\af7a1626488ff0d33fc6a220c4c6bf485ed959d2dc444d27fb46f80fa41867a0.bmp
C:\Projects\M2022\MEStats.dfm	MEStats.pas	dfm	TfrmMEStats	RzSplitter1.RzSplitter3.RzPanel1.RzPanel2.RzPanel3.btnStdvMV	btnStdvMV	TRzBitBtn			Glyph.Data	strip		bmp	2762	52	13	32	0	NumGlyphs	4		4	4	Y	af7a1626488ff0d33fc6a220c4c6bf485ed959d2dc444d27fb46f80fa41867a0	images\af7a1626488ff0d33fc6a220c4c6bf485ed959d2dc444d27fb46f80fa41867a0.bmp
C:\Projects\M2022\MEStats.dfm	MEStats.pas	dfm	TfrmMEStats	RzSplitter1.RzSplitter3.RzPanel1.RzPanel2.RzPanel3.btnProcessRank	btnProcessRank	TRzBitBtn			Glyph.Data	strip		bmp	2762	52	13	32	0	NumGlyphs	4		4	4	Y	af7a1626488ff0d33fc6a220c4c6bf485ed959d2dc444d27fb46f80fa41867a0	images\af7a1626488ff0d33fc6a220c4c6bf485ed959d2dc444d27fb46f80fa41867a0.bmp
C:\Projects\M2022\MEStats.dfm	MEStats.pas	dfm	TfrmMEStats	RzSplitter1.RzSplitter3.RzPanel1.RzPanel2.RzPanel3.btnDevUSL	btnDevUSL	TRzBitBtn			Glyph.Data	strip		bmp	2762	52	13	32	0	NumGlyphs	4		4	4	Y	af7a1626488ff0d33fc6a220c4c6bf485ed959d2dc444d27fb46f80fa41867a0	images\af7a1626488ff0d33fc6a220c4c6bf485ed959d2dc444d27fb46f80fa41867a0.bmp
C:\Projects\M2022\MEStats.dfm	MEStats.pas	dfm	TfrmMEStats	RzSplitter1.RzSplitter3.RzPanel1.RzPanel2.RzPanel3.btnDevLSL	btnDevLSL	TRzBitBtn			Glyph.Data	strip		bmp	2762	52	13	32	0	NumGlyphs	4		4	4	Y	af7a1626488ff0d33fc6a220c4c6bf485ed959d2dc444d27fb46f80fa41867a0	images\af7a1626488ff0d33fc6a220c4c6bf485ed959d2dc444d27fb46f80fa41867a0.bmp
C:\Projects\M2022\MEStats.dfm	MEStats.pas	dfm	TfrmMEStats	RzSplitter1.RzSplitter3.RzPanel1.RzPanel2.RzPanel3.btnMEActual	btnMEActual	TRzBitBtn			Glyph.Data	strip		bmp	2762	52	13	32	0	NumGlyphs	4		4	4	Y	af7a1626488ff0d33fc6a220c4c6bf485ed959d2dc444d27fb46f80fa41867a0	images\af7a1626488ff0d33fc6a220c4c6bf485ed959d2dc444d27fb46f80fa41867a0.bmp
C:\Projects\M2022\MEStats.dfm	MEStats.pas	dfm	TfrmMEStats	RzSplitter1.RzSplitter3.RzPanel1.RzPanel2.RzPanel3.btnUncertainty	btnUncertainty	TRzBitBtn			Glyph.Data	strip		bmp	2762	52	13	32	0	NumGlyphs	4		4	4	Y	af7a1626488ff0d33fc6a220c4c6bf485ed959d2dc444d27fb46f80fa41867a0	images\af7a1626488ff0d33fc6a220c4c6bf485ed959d2dc444d27fb46f80fa41867a0.bmp
C:\Projects\M2022\MEStats.dfm	MEStats.pas	dfm	TfrmMEStats	RzSplitter1.RzSplitter3.RzPanel1.RzPanel5.cxGrid1.cxGrid1DBTableView1.cxGrid1DBTableView1DBColumn1	cxGrid1DBTableView1DBColumn1	TcxGridDBColumn			Properties.Buttons[0].Glyph.Data	container		bmp	2102	32	16	32	0					2		1fbea5c216f0a6b51aa3f6f572085682814e806ca22215364a01c4fab19a2192	images\1fbea5c216f0a6b51aa3f6f572085682814e806ca22215364a01c4fab19a2192.bmp
C:\Projects\M2022\MEStats.dfm	MEStats.pas	dfm	TfrmMEStats	RzSplitter1.RzSplitter3.RzPanel1.RzPanel5.cxGrid1.cxGrid1DBTableView1.cxGrid1DBTableView1DBColumn1	cxGrid1DBTableView1DBColumn1	TcxGridDBColumn			Properties.Buttons[1].Glyph.Data	container		bmp	1078	16	16	32	0					1		517b1c889b818c2943da5b26ea304beb8ab906729d1138345396687b549c10f5	images\517b1c889b818c2943da5b26ea304beb8ab906729d1138345396687b549c10f5.bmp
C:\Projects\M2022\MEStats.dfm	MEStats.pas	dfm	TfrmMEStats	RzSplitter1.RzSplitter2.Chart1.Series1	Series1	TBarSeries			BarBrush.Image.Data	single	TBitmap	bmp	32706	128	85	24	0							32342548237a072651c9aa3ecbba7179297275177948b862fe0768f20a572ccd	images\32342548237a072651c9aa3ecbba7179297275177948b862fe0768f20a572ccd.bmp
C:\Projects\M2022\MEStats.dfm	MEStats.pas	dfm	TfrmMEStats	dxBarManager1.btnExit	btnExit	TdxBarButton			Glyph.Data	single		svg	3033	0	0	0	0							39e5933d6f88188b2c66d8c653d769e7684d9a23c349e93e39b61c6384fc2a9e	images\39e5933d6f88188b2c66d8c653d769e7684d9a23c349e93e39b61c6384fc2a9e.svg
C:\Projects\M2022\MEStats.dfm	MEStats.pas	dfm	TfrmMEStats	dxBarManager1.btnExit	btnExit	TdxBarButton			LargeGlyph.Data	single		svg	582	0	0	0	0							0f81df5c433377e3b5fc44dff9f57aa3aefe45a5c31105e2016acd7c53ce3379	images\0f81df5c433377e3b5fc44dff9f57aa3aefe45a5c31105e2016acd7c53ce3379.svg
C:\Projects\M2022\MEStats.dfm	MEStats.pas	dfm	TfrmMEStats	dxBarManager1.btnMaximize	btnMaximize	TdxBarButton			Glyph.Data	single		bmp	1078	16	16	32	0					1		d979d0b7b77a3576b3ea07e84c5ebda63b9ff26d22cf4e477f50474bd456c113	images\d979d0b7b77a3576b3ea07e84c5ebda63b9ff26d22cf4e477f50474bd456c113.bmp
C:\Projects\M2022\MEStats.dfm	MEStats.pas	dfm	TfrmMEStats	dxBarManager1.btnPrint	btnPrint	TdxBarButton			Glyph.Data	single		svg	819	0	0	0	0							4ba55ff88e8cf3f39a716d1dd6eb4e744836948baa8d84db637a15a904e50cdb	images\4ba55ff88e8cf3f39a716d1dd6eb4e744836948baa8d84db637a15a904e50cdb.svg
C:\Projects\M2022\MEStats.dfm	MEStats.pas	dfm	TfrmMEStats	dxBarManager1.btnPrint	btnPrint	TdxBarButton			LargeGlyph.Data	single		svg	819	0	0	0	0							4ba55ff88e8cf3f39a716d1dd6eb4e744836948baa8d84db637a15a904e50cdb	images\4ba55ff88e8cf3f39a716d1dd6eb4e744836948baa8d84db637a15a904e50cdb.svg
C:\Projects\M2022\MEStats.dfm	MEStats.pas	dfm	TfrmMEStats	cllMENum	cllMENum	TOvcTCSimpleField			RangeHigh	single			10	0	0	0	0							7aef47f1de3be50d508efbbfb6db945c4a0ad740a15a3542bea0ceaeb3fa915f	images\7aef47f1de3be50d508efbbfb6db945c4a0ad740a15a3542bea0ceaeb3fa915f.bin
C:\Projects\M2022\MEStats.dfm	MEStats.pas	dfm	TfrmMEStats	cllMENum	cllMENum	TOvcTCSimpleField			RangeLow	single			10	0	0	0	0							cc489d905e397e27ccb4c8ef1a673e227438a9ad4d95eb521b8266cdbc814141	images\cc489d905e397e27ccb4c8ef1a673e227438a9ad4d95eb521b8266cdbc814141.bin
C:\Projects\M2022\MEStats.dfm	MEStats.pas	dfm	TfrmMEStats	ImageList1	ImageList1	TImageList			Bitmap	container			17062	0	0	0	0							70c6e8deb65f556505fdc2c6de3b163a029ef0b42b72e29a7e56e8210648710c	images\70c6e8deb65f556505fdc2c6de3b163a029ef0b42b72e29a7e56e8210648710c.bin
C:\Projects\M2022\METemplateSetup.dfm	METemplateSetup.pas	dfm	TfrmMETemplateSetup	RzSplitter1.grdNotes	grdNotes	TcxTreeList			Data	single			587	0	0	0	0							94e105db9b18d40d28c5dad9a5582e234a1f599936e5e804ad1772e8a420dff7	images\94e105db9b18d40d28c5dad9a5582e234a1f599936e5e804ad1772e8a420dff7.bin
C:\Projects\M2022\METemplateSetup.dfm	METemplateSetup.pas	dfm	TfrmMETemplateSetup	dxBarManager1.btnExit	btnExit	TdxBarButton			Glyph.Data	single		svg	582	0	0	0	0							0f81df5c433377e3b5fc44dff9f57aa3aefe45a5c31105e2016acd7c53ce3379	images\0f81df5c433377e3b5fc44dff9f57aa3aefe45a5c31105e2016acd7c53ce3379.svg
C:\Projects\M2022\METemplateSetup.dfm	METemplateSetup.pas	dfm	TfrmMETemplateSetup	dxBarManager1.btnExit	btnExit	TdxBarButton			LargeGlyph.Data	single		svg	637	0	0	0	0							5005d5039ad9d5b569434b898177775d6afb5b1937b4f34b381add8db59b0bbf	images\5005d5039ad9d5b569434b898177775d6afb5b1937b4f34b381add8db59b0bbf.svg
C:\Projects\M2022\METemplateSetup.dfm	METemplateSetup.pas	dfm	TfrmMETemplateSetup	dxBarManager1.btnNewCategory	btnNewCategory	TdxBarButton			Glyph.Data	single		bmp	1078	16	16	32	0					1		7d61a2c7c65a4a661da8515a19fef8e273f2ffe5688ce9f2cd1b74b443dd9173	images\7d61a2c7c65a4a661da8515a19fef8e273f2ffe5688ce9f2cd1b74b443dd9173.bmp
C:\Projects\M2022\METemplateSetup.dfm	METemplateSetup.pas	dfm	TfrmMETemplateSetup	dxBarManager1.btnPrint	btnPrint	TdxBarButton			Glyph.Data	single		svg	819	0	0	0	0							4ba55ff88e8cf3f39a716d1dd6eb4e744836948baa8d84db637a15a904e50cdb	images\4ba55ff88e8cf3f39a716d1dd6eb4e744836948baa8d84db637a15a904e50cdb.svg
C:\Projects\M2022\METemplateSetup.dfm	METemplateSetup.pas	dfm	TfrmMETemplateSetup	dxBarManager1.btnPrint	btnPrint	TdxBarButton			LargeGlyph.Data	single		svg	726	0	0	0	0							d4e1d6194de19fa2d2a84aded474174a8d5a835f4f2c9d44af21e6a74017b1eb	images\d4e1d6194de19fa2d2a84aded474174a8d5a835f4f2c9d44af21e6a74017b1eb.svg
C:\Projects\M2022\METemplateSetup.dfm	METemplateSetup.pas	dfm	TfrmMETemplateSetup	dxBarManager1.dxBarDBNavFirst1	dxBarDBNavFirst1	TdxBarDBNavButton			Glyph.Data	single		bmp	1078	16	16	32	0					1		6607ef3da8822b74fe4b0acb662061780182bbfdc0c2cd0056156349e880dd94	images\6607ef3da8822b74fe4b0acb662061780182bbfdc0c2cd0056156349e880dd94.bmp
C:\Projects\M2022\METemplateSetup.dfm	METemplateSetup.pas	dfm	TfrmMETemplateSetup	dxBarManager1.dxBarDBNavPrev1	dxBarDBNavPrev1	TdxBarDBNavButton			Glyph.Data	single		bmp	1078	16	16	32	0					1		4506a08e333bf65e1241dc1d265c0ec790826f394a1e425324e80125ac979066	images\4506a08e333bf65e1241dc1d265c0ec790826f394a1e425324e80125ac979066.bmp
C:\Projects\M2022\METemplateSetup.dfm	METemplateSetup.pas	dfm	TfrmMETemplateSetup	dxBarManager1.dxBarDBNavNext1	dxBarDBNavNext1	TdxBarDBNavButton			Glyph.Data	single		bmp	1078	16	16	32	0					1		f1e077905d1aeb2d609668d4ed60b14af4e2852c7b1589986eed9a6c045d1e58	images\f1e077905d1aeb2d609668d4ed60b14af4e2852c7b1589986eed9a6c045d1e58.bmp
C:\Projects\M2022\METemplateSetup.dfm	METemplateSetup.pas	dfm	TfrmMETemplateSetup	dxBarManager1.dxBarDBNavLast1	dxBarDBNavLast1	TdxBarDBNavButton			Glyph.Data	single		bmp	1078	16	16	32	0					1		fce3745ba5ba9d6f747c39ade70e5bb3a43705557a11a01b17788a0cfe930304	images\fce3745ba5ba9d6f747c39ade70e5bb3a43705557a11a01b17788a0cfe930304.bmp
C:\Projects\M2022\METemplateSetup.dfm	METemplateSetup.pas	dfm	TfrmMETemplateSetup	dxBarManager1.dxBarDBNavInsert1	dxBarDBNavInsert1	TdxBarDBNavButton			Glyph.Data	single		bmp	1078	16	16	32	0					1		85c3d26e8518011389ca86bb003d4f646fde018f5b8ea6bb5f236fa6b26ed9cb	images\85c3d26e8518011389ca86bb003d4f646fde018f5b8ea6bb5f236fa6b26ed9cb.bmp
C:\Projects\M2022\METemplateSetup.dfm	METemplateSetup.pas	dfm	TfrmMETemplateSetup	dxBarManager1.dxBarDBNavDelete1	dxBarDBNavDelete1	TdxBarDBNavButton			Glyph.Data	single		bmp	1078	16	16	32	0					1		cb064bbb443aecb6b9c0d982ca7ef5e728083d86e4bf49b09e7330eed54dea24	images\cb064bbb443aecb6b9c0d982ca7ef5e728083d86e4bf49b09e7330eed54dea24.bmp
C:\Projects\M2022\METemplateSetup.dfm	METemplateSetup.pas	dfm	TfrmMETemplateSetup	dxBarManager1.dxBarDBNavEdit1	dxBarDBNavEdit1	TdxBarDBNavButton			Glyph.Data	single		bmp	1078	16	16	32	0					1		22e66cc36468572cbdcae127edc7fe7560a3f052fa05202b746f2491175a05cf	images\22e66cc36468572cbdcae127edc7fe7560a3f052fa05202b746f2491175a05cf.bmp
C:\Projects\M2022\METemplateSetup.dfm	METemplateSetup.pas	dfm	TfrmMETemplateSetup	dxBarManager1.dxBarDBNavPost1	dxBarDBNavPost1	TdxBarDBNavButton			Glyph.Data	single		bmp	1078	16	16	32	0					1		6212bc92930d93605cc9b6b3699601807dc1633fa573890fdac82faca790c47f	images\6212bc92930d93605cc9b6b3699601807dc1633fa573890fdac82faca790c47f.bmp
C:\Projects\M2022\METemplateSetup.dfm	METemplateSetup.pas	dfm	TfrmMETemplateSetup	dxBarManager1.dxBarDBNavCancel1	dxBarDBNavCancel1	TdxBarDBNavButton			Glyph.Data	single		bmp	1078	16	16	32	0					1		975795a643484a5073c6e0223bb36e40eaf96637165ace0ca753593af1dde849	images\975795a643484a5073c6e0223bb36e40eaf96637165ace0ca753593af1dde849.bmp
C:\Projects\M2022\METemplateSetup.dfm	METemplateSetup.pas	dfm	TfrmMETemplateSetup	dxBarManager1.dxBarDBNavRefresh1	dxBarDBNavRefresh1	TdxBarDBNavButton			Glyph.Data	single		bmp	1078	16	16	32	0					1		5d9485a834adeff5da0f68c84a8055425e3e8e58c4f93d181d2aa5086a8e39be	images\5d9485a834adeff5da0f68c84a8055425e3e8e58c4f93d181d2aa5086a8e39be.bmp
C:\Projects\M2022\MetrologyCategories.dfm	MetrologyCategories.pas	dfm	TfrmMetrologyCategories		frmMetrologyCategories	TfrmMetrologyCategories			Icon.Data	single		ico	1150	0	0	0	0							87829c566615525191dec99da56caf00d42442aaa72a701af21d38cb4d4598be	images\87829c566615525191dec99da56caf00d42442aaa72a701af21d38cb4d4598be.ico
C:\Projects\M2022\MetrologyCategories.dfm	MetrologyCategories.pas	dfm	TfrmMetrologyCategories	dxBarManager1.btnExit	btnExit	TdxBarButton			Glyph.Data	single		bmp	1078	16	16	32	0					1		d1f5d5f839df61eb3317ff82c09de63b57e908669df38bd26a96a6dd5b8d7ad7	images\d1f5d5f839df61eb3317ff82c09de63b57e908669df38bd26a96a6dd5b8d7ad7.bmp
C:\Projects\M2022\MetrologyCategories.dfm	MetrologyCategories.pas	dfm	TfrmMetrologyCategories	dxBarManager1.btnMaximize	btnMaximize	TdxBarButton			Glyph.Data	single		bmp	1078	16	16	32	0					1		d979d0b7b77a3576b3ea07e84c5ebda63b9ff26d22cf4e477f50474bd456c113	images\d979d0b7b77a3576b3ea07e84c5ebda63b9ff26d22cf4e477f50474bd456c113.bmp
C:\Projects\M2022\MetrologyCategories.dfm	MetrologyCategories.pas	dfm	TfrmMetrologyCategories	dxBarManager1.btnCancel	btnCancel	TdxBarButton			Glyph.Data	single		bmp	1078	16	16	32	0					1		d8be263f447bb2946a9ecf5e82e5052aebdb1fe0336a015e65e001415629d619	images\d8be263f447bb2946a9ecf5e82e5052aebdb1fe0336a015e65e001415629d619.bmp
C:\Projects\M2022\MetrologyCategories.dfm	MetrologyCategories.pas	dfm	TfrmMetrologyCategories	dxBarManager1.btnSaveButton	btnSaveButton	TdxBarButton			Glyph.Data	single		bmp	1078	16	16	32	0					1		73f8d7829293829e26b41246906634217fcb2356acd4ccab9ad84b52474c46ec	images\73f8d7829293829e26b41246906634217fcb2356acd4ccab9ad84b52474c46ec.bmp
C:\Projects\M2022\MetrologyCategories.dfm	MetrologyCategories.pas	dfm	TfrmMetrologyCategories	dxBarManager1.btnNewSubCategory	btnNewSubCategory	TdxBarButton			Glyph.Data	single		bmp	1078	16	16	32	0					1		61d5f4ab29f0580e68da70744e22213ce5098f2667b915fe37a3962782143738	images\61d5f4ab29f0580e68da70744e22213ce5098f2667b915fe37a3962782143738.bmp
C:\Projects\M2022\MetrologyCategories.dfm	MetrologyCategories.pas	dfm	TfrmMetrologyCategories	dxBarManager1.btnAdd1	btnAdd1	TdxBarButton			Glyph.Data	single		bmp	1078	16	16	32	0					1		e9e060b7d7f05c2d2bfc9982aa23be2d98161181afb547572114a758a32dd203	images\e9e060b7d7f05c2d2bfc9982aa23be2d98161181afb547572114a758a32dd203.bmp
C:\Projects\M2022\MetrologyCategories.dfm	MetrologyCategories.pas	dfm	TfrmMetrologyCategories	dxBarManager1.btnAdd2	btnAdd2	TdxBarButton			Glyph.Data	single		bmp	1078	16	16	32	0					1		fc3322b98624c0334340e19c665795d435b08d1c63bf3df170c6a2130cc1d74a	images\fc3322b98624c0334340e19c665795d435b08d1c63bf3df170c6a2130cc1d74a.bmp
C:\Projects\M2022\MetrologyCategories.dfm	MetrologyCategories.pas	dfm	TfrmMetrologyCategories	dxBarManager1.btnAdd3	btnAdd3	TdxBarButton			Glyph.Data	single		bmp	1078	16	16	32	0					1		61d5405c0ffa2f5215b89de25d4f9e47caf21c0953d2709bbcbfbeaa8996fcf4	images\61d5405c0ffa2f5215b89de25d4f9e47caf21c0953d2709bbcbfbeaa8996fcf4.bmp
C:\Projects\M2022\MetrologyCategories.dfm	MetrologyCategories.pas	dfm	TfrmMetrologyCategories	dxBarManager1.btnPrint	btnPrint	TdxBarButton			Glyph.Data	single		bmp	1078	16	16	32	0					1		946d8ef4176300b7514b0712f480d3449521bbc5f097c0f596a6516e63518d3c	images\946d8ef4176300b7514b0712f480d3449521bbc5f097c0f596a6516e63518d3c.bmp
C:\Projects\M2022\MetrologyCategories.dfm	MetrologyCategories.pas	dfm	TfrmMetrologyCategories	dxBarManager1.btnReport	btnReport	TdxBarButton			Glyph.Data	single		bmp	1078	16	16	32	0					1		fb2533cf1fc249e88ccf988b1f07d83347792981db2e261631029275a1ac9e2e	images\fb2533cf1fc249e88ccf988b1f07d83347792981db2e261631029275a1ac9e2e.bmp
C:\Projects\M2022\MetrologyCategories.dfm	MetrologyCategories.pas	dfm	TfrmMetrologyCategories	dxBarManager1.btnDelete	btnDelete	TdxBarButton			Glyph.Data	single		bmp	1078	16	16	32	0					1		508dae2faeb4201ba6728e5371f26993705605524a0d523afad8641cb8210d34	images\508dae2faeb4201ba6728e5371f26993705605524a0d523afad8641cb8210d34.bmp
C:\Projects\M2022\MetrologyCategories.dfm	MetrologyCategories.pas	dfm	TfrmMetrologyCategories	ImageList1	ImageList1	TImageList			Bitmap	container			8614	0	0	0	0							08ff946d2d40a7ce36478e5e249e49569c745db981797c01803094a87586eb95	images\08ff946d2d40a7ce36478e5e249e49569c745db981797c01803094a87586eb95.bin
C:\Projects\M2022\MultiVarEntry.dfm	MultiVarEntry.pas	dfm	TfrmMultiVarEntry		frmMultiVarEntry	TfrmMultiVarEntry			Icon.Data	single		ico	1150	0	0	0	0							87829c566615525191dec99da56caf00d42442aaa72a701af21d38cb4d4598be	images\87829c566615525191dec99da56caf00d42442aaa72a701af21d38cb4d4598be.ico
C:\Projects\M2022\MultiVarEntry.dfm	MultiVarEntry.pas	dfm	TfrmMultiVarEntry	dxBarManager1.btnExit	btnExit	TdxBarButton			Glyph.Data	single		svg	3033	0	0	0	0							39e5933d6f88188b2c66d8c653d769e7684d9a23c349e93e39b61c6384fc2a9e	images\39e5933d6f88188b2c66d8c653d769e7684d9a23c349e93e39b61c6384fc2a9e.svg
C:\Projects\M2022\MultiVarEntry.dfm	MultiVarEntry.pas	dfm	TfrmMultiVarEntry	dxBarManager1.btnMaximize	btnMaximize	TdxBarButton			Glyph.Data	single		bmp	1078	16	16	32	0					1		d979d0b7b77a3576b3ea07e84c5ebda63b9ff26d22cf4e477f50474bd456c113	images\d979d0b7b77a3576b3ea07e84c5ebda63b9ff26d22cf4e477f50474bd456c113.bmp
C:\Projects\M2022\MultiVarEntry.dfm	MultiVarEntry.pas	dfm	TfrmMultiVarEntry	dxBarManager1.btnReadData	btnReadData	TdxBarButton			Glyph.Data	single		bmp	1078	16	16	32	0					1		0b187c1c90be4d2add7ffc4400958a59d24069f04506f7833f54cc41f437fc9d	images\0b187c1c90be4d2add7ffc4400958a59d24069f04506f7833f54cc41f437fc9d.bmp
C:\Projects\M2022\MultiVarEntry.dfm	MultiVarEntry.pas	dfm	TfrmMultiVarEntry	cllCell	cllCell	TOvcTCSimpleField			RangeHigh	single			10	0	0	0	0							9483f9056815883183295e72b5a9f35cfabf0051984545ac79b422c8069049f5	images\9483f9056815883183295e72b5a9f35cfabf0051984545ac79b422c8069049f5.bin
C:\Projects\M2022\MultiVarEntry.dfm	MultiVarEntry.pas	dfm	TfrmMultiVarEntry	cllCell	cllCell	TOvcTCSimpleField			RangeLow	single			10	0	0	0	0							7fc2e2ece3a1418ce6dcff0d3f525ea5ff0e03026275c036e5b2a67f63cb2d7b	images\7fc2e2ece3a1418ce6dcff0d3f525ea5ff0e03026275c036e5b2a67f63cb2d7b.bin
C:\Projects\M2022\MultiVarEntry.dfm	MultiVarEntry.pas	dfm	TfrmMultiVarEntry	cllMVDEHead2	cllMVDEHead2	TOvcTCSimpleField			RangeHigh	single			10	0	0	0	0							01d448afd928065458cf670b60f5a594d735af0172c8d67f22a81680132681ca	images\01d448afd928065458cf670b60f5a594d735af0172c8d67f22a81680132681ca.bin
C:\Projects\M2022\MultiVarEntry.dfm	MultiVarEntry.pas	dfm	TfrmMultiVarEntry	cllMVDEHead2	cllMVDEHead2	TOvcTCSimpleField			RangeLow	single			10	0	0	0	0							01d448afd928065458cf670b60f5a594d735af0172c8d67f22a81680132681ca	images\01d448afd928065458cf670b60f5a594d735af0172c8d67f22a81680132681ca.bin
C:\Projects\M2022\MultiVarEntry.dfm	MultiVarEntry.pas	dfm	TfrmMultiVarEntry	ImageList1	ImageList1	TImageList			Bitmap	container			4390	0	0	0	0							dd7089919f485cbc1dccb2aeb5948e0e09b4783d2baae55dfab9ae835db231db	images\dd7089919f485cbc1dccb2aeb5948e0e09b4783d2baae55dfab9ae835db231db.bin
C:\Projects\M2022\NewJobIds.dfm	NewJobIds.pas	dfm	TdlgNewJobIds		dlgNewJobIds	TdlgNewJobIds			Icon.Data	single		ico	1150	0	0	0	0							87829c566615525191dec99da56caf00d42442aaa72a701af21d38cb4d4598be	images\87829c566615525191dec99da56caf00d42442aaa72a701af21d38cb4d4598be.ico
C:\Projects\M2022\NewJobIds.dfm	NewJobIds.pas	dfm	TdlgNewJobIds	BitBtn1	BitBtn1	TBitBtn			Glyph.Data	strip		bmp	2002	36	18	24	0	NumGlyphs	2		2	2	Y	e0eb440933305d2932dcd2291622c4b925879d4f8d95ac5fd930d81a4c5ed4bf	images\e0eb440933305d2932dcd2291622c4b925879d4f8d95ac5fd930d81a4c5ed4bf.bmp
C:\Projects\M2022\Notes.dfm	Notes.pas	dfm	TfrmNotes		frmNotes	TfrmNotes			Icon.Data	single		ico	1150	0	0	0	0							87829c566615525191dec99da56caf00d42442aaa72a701af21d38cb4d4598be	images\87829c566615525191dec99da56caf00d42442aaa72a701af21d38cb4d4598be.ico
C:\Projects\M2022\OperationAnalysis.dfm	OperationAnalysis.pas	dfm	TfrmOperationAnalysis		frmOperationAnalysis	TfrmOperationAnalysis			Icon.Data	single		ico	1150	0	0	0	0							87829c566615525191dec99da56caf00d42442aaa72a701af21d38cb4d4598be	images\87829c566615525191dec99da56caf00d42442aaa72a701af21d38cb4d4598be.ico
C:\Projects\M2022\OperationAnalysis.dfm	OperationAnalysis.pas	dfm	TfrmOperationAnalysis	dxBarManager1.btnExit	btnExit	TdxBarButton			Glyph.Data	single		bmp	1078	16	16	32	0					1		d1f5d5f839df61eb3317ff82c09de63b57e908669df38bd26a96a6dd5b8d7ad7	images\d1f5d5f839df61eb3317ff82c09de63b57e908669df38bd26a96a6dd5b8d7ad7.bmp
C:\Projects\M2022\OperationAnalysis.dfm	OperationAnalysis.pas	dfm	TfrmOperationAnalysis	dxBarManager1.btnMaximize	btnMaximize	TdxBarButton			Glyph.Data	single		bmp	1078	16	16	32	0					1		d979d0b7b77a3576b3ea07e84c5ebda63b9ff26d22cf4e477f50474bd456c113	images\d979d0b7b77a3576b3ea07e84c5ebda63b9ff26d22cf4e477f50474bd456c113.bmp
C:\Projects\M2022\OperationAnalysis.dfm	OperationAnalysis.pas	dfm	TfrmOperationAnalysis	dxBarManager1.ddlOperation	ddlOperation	TdxBarLookupCombo			Glyph.Data	single		bmp	1078	16	16	32	0					1		bbc4108921a351ec72897a48f2154efc1912a9110484d6471ef4ae5072a64f09	images\bbc4108921a351ec72897a48f2154efc1912a9110484d6471ef4ae5072a64f09.bmp
C:\Projects\M2022\OperationAnalysis.dfm	OperationAnalysis.pas	dfm	TfrmOperationAnalysis	dxBarManager1.ddlTool	ddlTool	TdxBarImageCombo			Glyph.Data	single		bmp	1078	16	16	32	0					1		9c41a85fa5ce6f5ec03987b719f3b171c7de40ed8bd799565cd38495132bf080	images\9c41a85fa5ce6f5ec03987b719f3b171c7de40ed8bd799565cd38495132bf080.bmp
C:\Projects\M2022\OperationAnalysis.dfm	OperationAnalysis.pas	dfm	TfrmOperationAnalysis	dxBarManager1.btnDirection	btnDirection	TdxBarImageCombo			Glyph.Data	single		bmp	1078	16	16	32	0					1		9c41a85fa5ce6f5ec03987b719f3b171c7de40ed8bd799565cd38495132bf080	images\9c41a85fa5ce6f5ec03987b719f3b171c7de40ed8bd799565cd38495132bf080.bmp
C:\Projects\M2022\OperationAnalysis.dfm	OperationAnalysis.pas	dfm	TfrmOperationAnalysis	dxBarManager1.ddlX	ddlX	TdxBarImageCombo			Glyph.Data	single		bmp	1078	16	16	32	0					1		9c41a85fa5ce6f5ec03987b719f3b171c7de40ed8bd799565cd38495132bf080	images\9c41a85fa5ce6f5ec03987b719f3b171c7de40ed8bd799565cd38495132bf080.bmp
C:\Projects\M2022\OperationAnalysis.dfm	OperationAnalysis.pas	dfm	TfrmOperationAnalysis	dxBarManager1.ddlY	ddlY	TdxBarImageCombo			Glyph.Data	single		bmp	1078	16	16	32	0					1		9c41a85fa5ce6f5ec03987b719f3b171c7de40ed8bd799565cd38495132bf080	images\9c41a85fa5ce6f5ec03987b719f3b171c7de40ed8bd799565cd38495132bf080.bmp
C:\Projects\M2022\OperationAnalysis.dfm	OperationAnalysis.pas	dfm	TfrmOperationAnalysis	dxBarManager1.ddlViewAllKCC	ddlViewAllKCC	TdxBarImageCombo			Glyph.Data	single		bmp	1078	16	16	32	0					1		9c41a85fa5ce6f5ec03987b719f3b171c7de40ed8bd799565cd38495132bf080	images\9c41a85fa5ce6f5ec03987b719f3b171c7de40ed8bd799565cd38495132bf080.bmp
C:\Projects\M2022\OperationAnalysis.dfm	OperationAnalysis.pas	dfm	TfrmOperationAnalysis	dxBarManager1.btnWithSamples	btnWithSamples	TdxBarImageCombo			Glyph.Data	single		bmp	1078	16	16	32	0					1		9c41a85fa5ce6f5ec03987b719f3b171c7de40ed8bd799565cd38495132bf080	images\9c41a85fa5ce6f5ec03987b719f3b171c7de40ed8bd799565cd38495132bf080.bmp
C:\Projects\M2022\OperationAnalysis.dfm	OperationAnalysis.pas	dfm	TfrmOperationAnalysis	dxBarManager1.btnView	btnView	TdxBarButton			Glyph.Data	single		bmp	1078	16	16	32	0					1		0b187c1c90be4d2add7ffc4400958a59d24069f04506f7833f54cc41f437fc9d	images\0b187c1c90be4d2add7ffc4400958a59d24069f04506f7833f54cc41f437fc9d.bmp
C:\Projects\M2022\OperatorList.dfm	OperatorList.pas	dfm	TdlgOperatorList		dlgOperatorList	TdlgOperatorList			Icon.Data	single		ico	1150	0	0	0	0							87829c566615525191dec99da56caf00d42442aaa72a701af21d38cb4d4598be	images\87829c566615525191dec99da56caf00d42442aaa72a701af21d38cb4d4598be.ico
C:\Projects\M2022\OperatorList.dfm	OperatorList.pas	dfm	TdlgOperatorList	Panel2.BitBtn1	BitBtn1	TBitBtn			Glyph.Data	strip		bmp	482	36	18	4	16	NumGlyphs	2		2	2	Y	92351d14818d8bf1aa6505ce9a9947ecf6c3401ef9c1726368754ade500e0146	images\92351d14818d8bf1aa6505ce9a9947ecf6c3401ef9c1726368754ade500e0146.bmp
C:\Projects\M2022\OperatorList.dfm	OperatorList.pas	dfm	TdlgOperatorList	dxBarManager1.dxBarDBNavFirst1	dxBarDBNavFirst1	TdxBarDBNavButton			Glyph.Data	single		bmp	1078	16	16	32	0					1		6607ef3da8822b74fe4b0acb662061780182bbfdc0c2cd0056156349e880dd94	images\6607ef3da8822b74fe4b0acb662061780182bbfdc0c2cd0056156349e880dd94.bmp
C:\Projects\M2022\OperatorList.dfm	OperatorList.pas	dfm	TdlgOperatorList	dxBarManager1.dxBarDBNavPrev1	dxBarDBNavPrev1	TdxBarDBNavButton			Glyph.Data	single		bmp	1078	16	16	32	0					1		4506a08e333bf65e1241dc1d265c0ec790826f394a1e425324e80125ac979066	images\4506a08e333bf65e1241dc1d265c0ec790826f394a1e425324e80125ac979066.bmp
C:\Projects\M2022\OperatorList.dfm	OperatorList.pas	dfm	TdlgOperatorList	dxBarManager1.dxBarDBNavNext1	dxBarDBNavNext1	TdxBarDBNavButton			Glyph.Data	single		bmp	1078	16	16	32	0					1		f1e077905d1aeb2d609668d4ed60b14af4e2852c7b1589986eed9a6c045d1e58	images\f1e077905d1aeb2d609668d4ed60b14af4e2852c7b1589986eed9a6c045d1e58.bmp
C:\Projects\M2022\OperatorList.dfm	OperatorList.pas	dfm	TdlgOperatorList	dxBarManager1.dxBarDBNavLast1	dxBarDBNavLast1	TdxBarDBNavButton			Glyph.Data	single		bmp	1078	16	16	32	0					1		fce3745ba5ba9d6f747c39ade70e5bb3a43705557a11a01b17788a0cfe930304	images\fce3745ba5ba9d6f747c39ade70e5bb3a43705557a11a01b17788a0cfe930304.bmp
C:\Projects\M2022\OperatorList.dfm	OperatorList.pas	dfm	TdlgOperatorList	dxBarManager1.dxBarDBNavInsert1	dxBarDBNavInsert1	TdxBarDBNavButton			Glyph.Data	single		bmp	1078	16	16	32	0					1		85c3d26e8518011389ca86bb003d4f646fde018f5b8ea6bb5f236fa6b26ed9cb	images\85c3d26e8518011389ca86bb003d4f646fde018f5b8ea6bb5f236fa6b26ed9cb.bmp
C:\Projects\M2022\OperatorList.dfm	OperatorList.pas	dfm	TdlgOperatorList	dxBarManager1.dxBarDBNavDelete1	dxBarDBNavDelete1	TdxBarDBNavButton			Glyph.Data	single		bmp	1078	16	16	32	0					1		cb064bbb443aecb6b9c0d982ca7ef5e728083d86e4bf49b09e7330eed54dea24	images\cb064bbb443aecb6b9c0d982ca7ef5e728083d86e4bf49b09e7330eed54dea24.bmp
C:\Projects\M2022\OperatorList.dfm	OperatorList.pas	dfm	TdlgOperatorList	dxBarManager1.dxBarDBNavEdit1	dxBarDBNavEdit1	TdxBarDBNavButton			Glyph.Data	single		bmp	1078	16	16	32	0					1		22e66cc36468572cbdcae127edc7fe7560a3f052fa05202b746f2491175a05cf	images\22e66cc36468572cbdcae127edc7fe7560a3f052fa05202b746f2491175a05cf.bmp
C:\Projects\M2022\OperatorList.dfm	OperatorList.pas	dfm	TdlgOperatorList	dxBarManager1.dxBarDBNavPost1	dxBarDBNavPost1	TdxBarDBNavButton			Glyph.Data	single		bmp	1078	16	16	32	0					1		6212bc92930d93605cc9b6b3699601807dc1633fa573890fdac82faca790c47f	images\6212bc92930d93605cc9b6b3699601807dc1633fa573890fdac82faca790c47f.bmp
C:\Projects\M2022\OperatorList.dfm	OperatorList.pas	dfm	TdlgOperatorList	dxBarManager1.dxBarDBNavCancel1	dxBarDBNavCancel1	TdxBarDBNavButton			Glyph.Data	single		bmp	1078	16	16	32	0					1		975795a643484a5073c6e0223bb36e40eaf96637165ace0ca753593af1dde849	images\975795a643484a5073c6e0223bb36e40eaf96637165ace0ca753593af1dde849.bmp
C:\Projects\M2022\OperatorList.dfm	OperatorList.pas	dfm	TdlgOperatorList	dxBarManager1.dxBarDBNavRefresh1	dxBarDBNavRefresh1	TdxBarDBNavButton			Glyph.Data	single		bmp	1078	16	16	32	0					1		5d9485a834adeff5da0f68c84a8055425e3e8e58c4f93d181d2aa5086a8e39be	images\5d9485a834adeff5da0f68c84a8055425e3e8e58c4f93d181d2aa5086a8e39be.bmp
C:\Projects\M2022\OperatorList.dfm	OperatorList.pas	dfm	TdlgOperatorList	dxBarManager1.btnPrint	btnPrint	TdxBarButton			Glyph.Data	single		svg	819	0	0	0	0							4ba55ff88e8cf3f39a716d1dd6eb4e744836948baa8d84db637a15a904e50cdb	images\4ba55ff88e8cf3f39a716d1dd6eb4e744836948baa8d84db637a15a904e50cdb.svg
C:\Projects\M2022\OperatorList.dfm	OperatorList.pas	dfm	TdlgOperatorList	dxBarManager1.btnPrint	btnPrint	TdxBarButton			LargeGlyph.Data	single		svg	819	0	0	0	0							4ba55ff88e8cf3f39a716d1dd6eb4e744836948baa8d84db637a15a904e50cdb	images\4ba55ff88e8cf3f39a716d1dd6eb4e744836948baa8d84db637a15a904e50cdb.svg
C:\Projects\M2022\OperatorList.dfm	OperatorList.pas	dfm	TdlgOperatorList	dxBarManager1.btnExit	btnExit	TdxBarButton			Glyph.Data	single		svg	3033	0	0	0	0							39e5933d6f88188b2c66d8c653d769e7684d9a23c349e93e39b61c6384fc2a9e	images\39e5933d6f88188b2c66d8c653d769e7684d9a23c349e93e39b61c6384fc2a9e.svg
C:\Projects\M2022\OperatorList.dfm	OperatorList.pas	dfm	TdlgOperatorList	dxBarManager1.btnExit	btnExit	TdxBarButton			LargeGlyph.Data	single		svg	582	0	0	0	0							0f81df5c433377e3b5fc44dff9f57aa3aefe45a5c31105e2016acd7c53ce3379	images\0f81df5c433377e3b5fc44dff9f57aa3aefe45a5c31105e2016acd7c53ce3379.svg
C:\Projects\M2022\OperatorView.dfm	OperatorView.pas	dfm	TfrmOperatorView		frmOperatorView	TfrmOperatorView			Icon.Data	single		ico	1150	0	0	0	0							87829c566615525191dec99da56caf00d42442aaa72a701af21d38cb4d4598be	images\87829c566615525191dec99da56caf00d42442aaa72a701af21d38cb4d4598be.ico
C:\Projects\M2022\OperatorView.dfm	OperatorView.pas	dfm	TfrmOperatorView	dxBarManager1.btnExit	btnExit	TdxBarButton			Glyph.Data	single		bmp	1078	16	16	32	0					1		d1f5d5f839df61eb3317ff82c09de63b57e908669df38bd26a96a6dd5b8d7ad7	images\d1f5d5f839df61eb3317ff82c09de63b57e908669df38bd26a96a6dd5b8d7ad7.bmp
C:\Projects\M2022\OperatorView.dfm	OperatorView.pas	dfm	TfrmOperatorView	dxBarManager1.btnMaximize	btnMaximize	TdxBarButton			Glyph.Data	single		bmp	1078	16	16	32	0					1		d979d0b7b77a3576b3ea07e84c5ebda63b9ff26d22cf4e477f50474bd456c113	images\d979d0b7b77a3576b3ea07e84c5ebda63b9ff26d22cf4e477f50474bd456c113.bmp
C:\Projects\M2022\OperatorView.dfm	OperatorView.pas	dfm	TfrmOperatorView	dxBarManager1.btnPrint	btnPrint	TdxBarButton			Glyph.Data	single		bmp	1078	16	16	32	0					1		946d8ef4176300b7514b0712f480d3449521bbc5f097c0f596a6516e63518d3c	images\946d8ef4176300b7514b0712f480d3449521bbc5f097c0f596a6516e63518d3c.bmp
C:\Projects\M2022\OperatorView.dfm	OperatorView.pas	dfm	TfrmOperatorView	dxBarManager1.btnLargerCharacters	btnLargerCharacters	TdxBarLargeButton			Glyph.Data	single		svg	793	0	0	0	0							42953640f53a7fa2a8175d6e0d1f1c465f70bb88b2ba6571b054148eb463fb8f	images\42953640f53a7fa2a8175d6e0d1f1c465f70bb88b2ba6571b054148eb463fb8f.svg
C:\Projects\M2022\OperatorView.dfm	OperatorView.pas	dfm	TfrmOperatorView	dxBarManager1.btnLargerCharacters	btnLargerCharacters	TdxBarLargeButton			LargeGlyph.Data	single		svg	793	0	0	0	0							42953640f53a7fa2a8175d6e0d1f1c465f70bb88b2ba6571b054148eb463fb8f	images\42953640f53a7fa2a8175d6e0d1f1c465f70bb88b2ba6571b054148eb463fb8f.svg
C:\Projects\M2022\OperatorView.dfm	OperatorView.pas	dfm	TfrmOperatorView	dxBarManager1.btnLargerCharacters	btnLargerCharacters	TdxBarLargeButton			HotGlyph.Data	single		svg	793	0	0	0	0							42953640f53a7fa2a8175d6e0d1f1c465f70bb88b2ba6571b054148eb463fb8f	images\42953640f53a7fa2a8175d6e0d1f1c465f70bb88b2ba6571b054148eb463fb8f.svg
C:\Projects\M2022\OperatorView.dfm	OperatorView.pas	dfm	TfrmOperatorView	dxBarManager1.btnSmallerCharacters	btnSmallerCharacters	TdxBarLargeButton			Glyph.Data	single		svg	746	0	0	0	0							b09e0bb1bb0e928f7278c915ebf4e086d87bdb3bc8be72b857dba6393749d56b	images\b09e0bb1bb0e928f7278c915ebf4e086d87bdb3bc8be72b857dba6393749d56b.svg
C:\Projects\M2022\OperatorView.dfm	OperatorView.pas	dfm	TfrmOperatorView	dxBarManager1.btnSmallerCharacters	btnSmallerCharacters	TdxBarLargeButton			LargeGlyph.Data	single		svg	746	0	0	0	0							b09e0bb1bb0e928f7278c915ebf4e086d87bdb3bc8be72b857dba6393749d56b	images\b09e0bb1bb0e928f7278c915ebf4e086d87bdb3bc8be72b857dba6393749d56b.svg
C:\Projects\M2022\OperatorView.dfm	OperatorView.pas	dfm	TfrmOperatorView	dxBarManager1.btnSmallerCharacters	btnSmallerCharacters	TdxBarLargeButton			HotGlyph.Data	single		svg	746	0	0	0	0							b09e0bb1bb0e928f7278c915ebf4e086d87bdb3bc8be72b857dba6393749d56b	images\b09e0bb1bb0e928f7278c915ebf4e086d87bdb3bc8be72b857dba6393749d56b.svg
C:\Projects\M2022\OperatorView.dfm	OperatorView.pas	dfm	TfrmOperatorView	ImageList1	ImageList1	TImageList			Bitmap	container			16466	0	0	0	0							e0a06f14c4466148bd79d3403dea1590251a693ab9c13c4862aec8975f2f422d	images\e0a06f14c4466148bd79d3403dea1590251a693ab9c13c4862aec8975f2f422d.bin
C:\Projects\M2022\OperName.dfm	OperName.pas	dfm	TfrmOperName		frmOperName	TfrmOperName			Icon.Data	single		ico	1150	0	0	0	0							87829c566615525191dec99da56caf00d42442aaa72a701af21d38cb4d4598be	images\87829c566615525191dec99da56caf00d42442aaa72a701af21d38cb4d4598be.ico
C:\Projects\M2022\OperName.dfm	OperName.pas	dfm	TfrmOperName	Panel2.BitBtn1	BitBtn1	TcxButton			OptionsImage.Glyph.Data	single		svg	827	0	0	0	0							c91b2bc5334c44747492dec4a6be22f53d4937a2002c7f7f736fafbc1767e9d7	images\c91b2bc5334c44747492dec4a6be22f53d4937a2002c7f7f736fafbc1767e9d7.svg
C:\Projects\M2022\OperName.dfm	OperName.pas	dfm	TfrmOperName	dxBarManager1.btnPrint	btnPrint	TdxBarButton			Glyph.Data	single		svg	819	0	0	0	0							4ba55ff88e8cf3f39a716d1dd6eb4e744836948baa8d84db637a15a904e50cdb	images\4ba55ff88e8cf3f39a716d1dd6eb4e744836948baa8d84db637a15a904e50cdb.svg
C:\Projects\M2022\OperName.dfm	OperName.pas	dfm	TfrmOperName	dxBarManager1.btnPrint	btnPrint	TdxBarButton			LargeGlyph.Data	single		svg	819	0	0	0	0							4ba55ff88e8cf3f39a716d1dd6eb4e744836948baa8d84db637a15a904e50cdb	images\4ba55ff88e8cf3f39a716d1dd6eb4e744836948baa8d84db637a15a904e50cdb.svg
C:\Projects\M2022\OperName.dfm	OperName.pas	dfm	TfrmOperName	dxBarManager1.btnExit	btnExit	TdxBarButton			Glyph.Data	single		svg	3033	0	0	0	0							39e5933d6f88188b2c66d8c653d769e7684d9a23c349e93e39b61c6384fc2a9e	images\39e5933d6f88188b2c66d8c653d769e7684d9a23c349e93e39b61c6384fc2a9e.svg
C:\Projects\M2022\OperName.dfm	OperName.pas	dfm	TfrmOperName	dxBarManager1.btnExit	btnExit	TdxBarButton			LargeGlyph.Data	single		svg	582	0	0	0	0							0f81df5c433377e3b5fc44dff9f57aa3aefe45a5c31105e2016acd7c53ce3379	images\0f81df5c433377e3b5fc44dff9f57aa3aefe45a5c31105e2016acd7c53ce3379.svg
C:\Projects\M2022\OperName.dfm	OperName.pas	dfm	TfrmOperName	dxBarManager1.dxBarDBNavFirst1	dxBarDBNavFirst1	TdxBarDBNavButton			Glyph.Data	single		svg	473	0	0	0	0							4f6b5e7feb872030cf8c07f4b0a9154dba561d068f0bbe851f401038888deb73	images\4f6b5e7feb872030cf8c07f4b0a9154dba561d068f0bbe851f401038888deb73.svg
C:\Projects\M2022\OperName.dfm	OperName.pas	dfm	TfrmOperName	dxBarManager1.dxBarDBNavPrev1	dxBarDBNavPrev1	TdxBarDBNavButton			Glyph.Data	single		svg	326	0	0	0	0							9affc86233a3c5214b39371064995d1a618b6351e5fc4ea3fcc737d5adee7301	images\9affc86233a3c5214b39371064995d1a618b6351e5fc4ea3fcc737d5adee7301.svg
C:\Projects\M2022\OperName.dfm	OperName.pas	dfm	TfrmOperName	dxBarManager1.dxBarDBNavLast1	dxBarDBNavLast1	TdxBarDBNavButton			Glyph.Data	single		svg	433	0	0	0	0							44036aa63309d06887b4983c8a4fc4e7f96de9af23f3593af004275785272ced	images\44036aa63309d06887b4983c8a4fc4e7f96de9af23f3593af004275785272ced.svg
C:\Projects\M2022\OperName.dfm	OperName.pas	dfm	TfrmOperName	dxBarManager1.dxBarDBNavNext1	dxBarDBNavNext1	TdxBarDBNavButton			Glyph.Data	single		svg	326	0	0	0	0							31c86d717e300180306624b9f136bc00ee9996221aef9eb76e66c80b91008bf7	images\31c86d717e300180306624b9f136bc00ee9996221aef9eb76e66c80b91008bf7.svg
C:\Projects\M2022\OperName.dfm	OperName.pas	dfm	TfrmOperName	dxBarManager1.dxBarDBNavInsert1	dxBarDBNavInsert1	TdxBarDBNavButton			Glyph.Data	single		svg	421	0	0	0	0							213250362e820808f9afeae33d37fe36d29446da8156945b7c706b08cd1f8ef6	images\213250362e820808f9afeae33d37fe36d29446da8156945b7c706b08cd1f8ef6.svg
C:\Projects\M2022\OperName.dfm	OperName.pas	dfm	TfrmOperName	dxBarManager1.dxBarDBNavDelete1	dxBarDBNavDelete1	TdxBarDBNavButton			Glyph.Data	single		svg	331	0	0	0	0							3426812018064253d38559294ae768a24bc1f0e2b55e1155b259650d305523b2	images\3426812018064253d38559294ae768a24bc1f0e2b55e1155b259650d305523b2.svg
C:\Projects\M2022\OperName.dfm	OperName.pas	dfm	TfrmOperName	dxBarManager1.dxBarDBNavEdit1	dxBarDBNavEdit1	TdxBarDBNavButton			Glyph.Data	single		svg	299	0	0	0	0							d7cef1afe0805720b049c349aa2273488c1eee83041ed56aa0d6d8502f8f2708	images\d7cef1afe0805720b049c349aa2273488c1eee83041ed56aa0d6d8502f8f2708.svg
C:\Projects\M2022\OperName.dfm	OperName.pas	dfm	TfrmOperName	dxBarManager1.dxBarDBNavPost1	dxBarDBNavPost1	TdxBarDBNavButton			Glyph.Data	single		svg	337	0	0	0	0							8f9b13bab01903aac5c507b4e8cabbe899263cd4f3aa5b9a02b0cf8d69d57e03	images\8f9b13bab01903aac5c507b4e8cabbe899263cd4f3aa5b9a02b0cf8d69d57e03.svg
C:\Projects\M2022\OperName.dfm	OperName.pas	dfm	TfrmOperName	dxBarManager1.dxBarDBNavCancel1	dxBarDBNavCancel1	TdxBarDBNavButton			Glyph.Data	single		svg	581	0	0	0	0							0bf670167728fb629118e442f19cb6d896033afa8289ac7bed141f4aa7ee9093	images\0bf670167728fb629118e442f19cb6d896033afa8289ac7bed141f4aa7ee9093.svg
C:\Projects\M2022\OperName.dfm	OperName.pas	dfm	TfrmOperName	dxBarManager1.dxBarDBNavRefresh1	dxBarDBNavRefresh1	TdxBarDBNavButton			Glyph.Data	single		svg	426	0	0	0	0							fe976aa73cfd0d6bdb8e57cba9f19670367d0f5a0ad38d7ed106e3af5b2d2eae	images\fe976aa73cfd0d6bdb8e57cba9f19670367d0f5a0ad38d7ed106e3af5b2d2eae.svg
C:\Projects\M2022\OperName.dfm	OperName.pas	dfm	TfrmOperName	dxBarManager1.dxBarDBNavAppend1	dxBarDBNavAppend1	TdxBarDBNavButton			Glyph.Data	single		svg	370	0	0	0	0							1cc652cdffa3e7adfface918a6fcea8f0c700fc11ba39682e14b71de2890a6ba	images\1cc652cdffa3e7adfface918a6fcea8f0c700fc11ba39682e14b71de2890a6ba.svg
C:\Projects\M2022\OperPrefOrder.dfm	OperPrefOrder.pas	dfm	TfrmOperPrefOrder		frmOperPrefOrder	TfrmOperPrefOrder			Icon.Data	single		ico	766	0	0	0	0							ff66307bd79fe7ed8b4531ae81ef3204cb3be14d8de48ef8f75f7f95693b8981	images\ff66307bd79fe7ed8b4531ae81ef3204cb3be14d8de48ef8f75f7f95693b8981.ico
C:\Projects\M2022\OperPrefOrder.dfm	OperPrefOrder.pas	dfm	TfrmOperPrefOrder	RzSplitter1.RzPanel1.RzMenuButton1	RzMenuButton1	TcxButton			OptionsImage.Glyph.Data	strip		bmp	2102	32	16	32	0	OptionsImage.NumGlyphs	2		2	2	Y	2dc4c5beca0f127406f0c42ed3fad7e305e3dd5f03846f911946aadb49962e11	images\2dc4c5beca0f127406f0c42ed3fad7e305e3dd5f03846f911946aadb49962e11.bmp
C:\Projects\M2022\OverDueInspectionReport.dfm	OverDueInspectionReport.pas	dfm	TfrmOverDueInspectionReport		frmOverDueInspectionReport	TfrmOverDueInspectionReport			Icon.Data	single		ico	1150	0	0	0	0							87829c566615525191dec99da56caf00d42442aaa72a701af21d38cb4d4598be	images\87829c566615525191dec99da56caf00d42442aaa72a701af21d38cb4d4598be.ico
C:\Projects\M2022\OverDueInspectionReport.dfm	OverDueInspectionReport.pas	dfm	TfrmOverDueInspectionReport	RzSplitter1.btnPrintReport	btnPrintReport	TcxButton			OptionsImage.Glyph.Data	single		svg	819	0	0	0	0							4ba55ff88e8cf3f39a716d1dd6eb4e744836948baa8d84db637a15a904e50cdb	images\4ba55ff88e8cf3f39a716d1dd6eb4e744836948baa8d84db637a15a904e50cdb.svg
C:\Projects\M2022\OverDueInspectionReport.dfm	OverDueInspectionReport.pas	dfm	TfrmOverDueInspectionReport	dxBarManager1.btnExit	btnExit	TdxBarButton			Glyph.Data	single		svg	3033	0	0	0	0							39e5933d6f88188b2c66d8c653d769e7684d9a23c349e93e39b61c6384fc2a9e	images\39e5933d6f88188b2c66d8c653d769e7684d9a23c349e93e39b61c6384fc2a9e.svg
C:\Projects\M2022\OverDueInspectionReport.dfm	OverDueInspectionReport.pas	dfm	TfrmOverDueInspectionReport	dxBarManager1.btnMaximize	btnMaximize	TdxBarButton			Glyph.Data	single		bmp	1078	16	16	32	0					1		d979d0b7b77a3576b3ea07e84c5ebda63b9ff26d22cf4e477f50474bd456c113	images\d979d0b7b77a3576b3ea07e84c5ebda63b9ff26d22cf4e477f50474bd456c113.bmp
C:\Projects\M2022\OverDueInspectionReport.dfm	OverDueInspectionReport.pas	dfm	TfrmOverDueInspectionReport	dxBarManager1.btnCancel	btnCancel	TdxBarButton			Glyph.Data	single		bmp	1078	16	16	32	0					1		d8be263f447bb2946a9ecf5e82e5052aebdb1fe0336a015e65e001415629d619	images\d8be263f447bb2946a9ecf5e82e5052aebdb1fe0336a015e65e001415629d619.bmp
C:\Projects\M2022\OverDueInspectionReport.dfm	OverDueInspectionReport.pas	dfm	TfrmOverDueInspectionReport	dxBarManager1.btnPrint	btnPrint	TdxBarButton			Glyph.Data	single		bmp	1078	16	16	32	0					1		946d8ef4176300b7514b0712f480d3449521bbc5f097c0f596a6516e63518d3c	images\946d8ef4176300b7514b0712f480d3449521bbc5f097c0f596a6516e63518d3c.bmp
C:\Projects\M2022\ProblemList.dfm	ProblemList.pas	dfm	TfrmProblemList		frmProblemList	TfrmProblemList			Icon.Data	single		ico	1150	0	0	0	0							87829c566615525191dec99da56caf00d42442aaa72a701af21d38cb4d4598be	images\87829c566615525191dec99da56caf00d42442aaa72a701af21d38cb4d4598be.ico
C:\Projects\M2022\ProblemList.dfm	ProblemList.pas	dfm	TfrmProblemList	dxBarManager1.dxBarBDBNavFirst	dxBarBDBNavFirst	TdxBarDBNavButton			Glyph.Data	single		bmp	1078	16	16	32	0					1		91e66c4becce2873764f52b8129bdbee411faf2f88ac7cc8e2bc8f76ab0d8840	images\91e66c4becce2873764f52b8129bdbee411faf2f88ac7cc8e2bc8f76ab0d8840.bmp
C:\Projects\M2022\ProblemList.dfm	ProblemList.pas	dfm	TfrmProblemList	dxBarManager1.dxBarBDBNavPrev	dxBarBDBNavPrev	TdxBarDBNavButton			Glyph.Data	single		bmp	1078	16	16	32	0					1		6c3f3e1fc39d7449b4bebdcb78e29068ca54a647e24b8c75e9f119b1bf5aefb4	images\6c3f3e1fc39d7449b4bebdcb78e29068ca54a647e24b8c75e9f119b1bf5aefb4.bmp
C:\Projects\M2022\ProblemList.dfm	ProblemList.pas	dfm	TfrmProblemList	dxBarManager1.dxBarBDBNavNext	dxBarBDBNavNext	TdxBarDBNavButton			Glyph.Data	single		bmp	1078	16	16	32	0					1		bbe04dd52315b277e54110d5b441d7e88e180d567b4cafd264d99a8ff6f29f3a	images\bbe04dd52315b277e54110d5b441d7e88e180d567b4cafd264d99a8ff6f29f3a.bmp
C:\Projects\M2022\ProblemList.dfm	ProblemList.pas	dfm	TfrmProblemList	dxBarManager1.dxBarBDBNavLast	dxBarBDBNavLast	TdxBarDBNavButton			Glyph.Data	single		bmp	1078	16	16	32	0					1		8030d5ca1cdf0bae70e06c870584ade65b75c86d21a969a52ef37ef289730a66	images\8030d5ca1cdf0bae70e06c870584ade65b75c86d21a969a52ef37ef289730a66.bmp
C:\Projects\M2022\ProblemList.dfm	ProblemList.pas	dfm	TfrmProblemList	dxBarManager1.dxBarBDBNavInsert	dxBarBDBNavInsert	TdxBarDBNavButton			Glyph.Data	single		bmp	1078	16	16	32	0					1		ddffc72f1bde98c4219b882820fa18656cdf63bdcc6972e6639fd4f3b1bc2930	images\ddffc72f1bde98c4219b882820fa18656cdf63bdcc6972e6639fd4f3b1bc2930.bmp
C:\Projects\M2022\ProblemList.dfm	ProblemList.pas	dfm	TfrmProblemList	dxBarManager1.dxBarBDBNavDelete	dxBarBDBNavDelete	TdxBarDBNavButton			Glyph.Data	single		bmp	1078	16	16	32	0					1		28ae121c08363221383798e395da25d7e010ef6b1cf8b8e1d379ab8ec1fd617c	images\28ae121c08363221383798e395da25d7e010ef6b1cf8b8e1d379ab8ec1fd617c.bmp
C:\Projects\M2022\ProblemList.dfm	ProblemList.pas	dfm	TfrmProblemList	dxBarManager1.dxBarBDBNavEdit	dxBarBDBNavEdit	TdxBarDBNavButton			Glyph.Data	single		bmp	1078	16	16	32	0					1		5a98498cbf94eb6609a1e56bc207169a42c05e5001b8722bb0a998b380591b82	images\5a98498cbf94eb6609a1e56bc207169a42c05e5001b8722bb0a998b380591b82.bmp
C:\Projects\M2022\ProblemList.dfm	ProblemList.pas	dfm	TfrmProblemList	dxBarManager1.dxBarBDBNavPost	dxBarBDBNavPost	TdxBarDBNavButton			Glyph.Data	single		bmp	1078	16	16	32	0					1		9cd539b5390e595c0b9305ea613b074958754f7b18e075fb36bb3859c3992e7c	images\9cd539b5390e595c0b9305ea613b074958754f7b18e075fb36bb3859c3992e7c.bmp
C:\Projects\M2022\ProblemList.dfm	ProblemList.pas	dfm	TfrmProblemList	dxBarManager1.dxBarBDBNavCancel	dxBarBDBNavCancel	TdxBarDBNavButton			Glyph.Data	single		bmp	1078	16	16	32	0					1		4d7e43bb92fb2425b1b7aa540a0cdfbb9905b8fe569e49fafff5c7e3024f20ee	images\4d7e43bb92fb2425b1b7aa540a0cdfbb9905b8fe569e49fafff5c7e3024f20ee.bmp
C:\Projects\M2022\ProblemList.dfm	ProblemList.pas	dfm	TfrmProblemList	dxBarManager1.dxBarBDBNavRefresh	dxBarBDBNavRefresh	TdxBarDBNavButton			Glyph.Data	single		bmp	1078	16	16	32	0					1		5d9485a834adeff5da0f68c84a8055425e3e8e58c4f93d181d2aa5086a8e39be	images\5d9485a834adeff5da0f68c84a8055425e3e8e58c4f93d181d2aa5086a8e39be.bmp
C:\Projects\M2022\ProblemTrack.dfm	ProblemTrack.pas	dfm	TfrmProblemTrack		frmProblemTrack	TfrmProblemTrack			Icon.Data	single		ico	51262	0	0	0	0							adad2bc51732dcd9f6ba266123714c98295a19dc1825ce265486b70b67ab3b62	images\adad2bc51732dcd9f6ba266123714c98295a19dc1825ce265486b70b67ab3b62.ico
C:\Projects\M2022\ProblemTrack.dfm	ProblemTrack.pas	dfm	TfrmProblemTrack	dxBarManager1.dxBarBDBNavFirst	dxBarBDBNavFirst	TdxBarDBNavButton			Glyph.Data	single		bmp	1078	16	16	32	0					1		91e66c4becce2873764f52b8129bdbee411faf2f88ac7cc8e2bc8f76ab0d8840	images\91e66c4becce2873764f52b8129bdbee411faf2f88ac7cc8e2bc8f76ab0d8840.bmp
C:\Projects\M2022\ProblemTrack.dfm	ProblemTrack.pas	dfm	TfrmProblemTrack	dxBarManager1.dxBarBDBNavPrev	dxBarBDBNavPrev	TdxBarDBNavButton			Glyph.Data	single		bmp	1078	16	16	32	0					1		6c3f3e1fc39d7449b4bebdcb78e29068ca54a647e24b8c75e9f119b1bf5aefb4	images\6c3f3e1fc39d7449b4bebdcb78e29068ca54a647e24b8c75e9f119b1bf5aefb4.bmp
C:\Projects\M2022\ProblemTrack.dfm	ProblemTrack.pas	dfm	TfrmProblemTrack	dxBarManager1.dxBarBDBNavNext	dxBarBDBNavNext	TdxBarDBNavButton			Glyph.Data	single		bmp	1078	16	16	32	0					1		bbe04dd52315b277e54110d5b441d7e88e180d567b4cafd264d99a8ff6f29f3a	images\bbe04dd52315b277e54110d5b441d7e88e180d567b4cafd264d99a8ff6f29f3a.bmp
C:\Projects\M2022\ProblemTrack.dfm	ProblemTrack.pas	dfm	TfrmProblemTrack	dxBarManager1.dxBarBDBNavLast	dxBarBDBNavLast	TdxBarDBNavButton			Glyph.Data	single		bmp	1078	16	16	32	0					1		8030d5ca1cdf0bae70e06c870584ade65b75c86d21a969a52ef37ef289730a66	images\8030d5ca1cdf0bae70e06c870584ade65b75c86d21a969a52ef37ef289730a66.bmp
C:\Projects\M2022\ProblemTrack.dfm	ProblemTrack.pas	dfm	TfrmProblemTrack	dxBarManager1.dxBarBDBNavInsert	dxBarBDBNavInsert	TdxBarDBNavButton			Glyph.Data	single		bmp	1078	16	16	32	0					1		ddffc72f1bde98c4219b882820fa18656cdf63bdcc6972e6639fd4f3b1bc2930	images\ddffc72f1bde98c4219b882820fa18656cdf63bdcc6972e6639fd4f3b1bc2930.bmp
C:\Projects\M2022\ProblemTrack.dfm	ProblemTrack.pas	dfm	TfrmProblemTrack	dxBarManager1.dxBarBDBNavDelete	dxBarBDBNavDelete	TdxBarDBNavButton			Glyph.Data	single		bmp	1078	16	16	32	0					1		28ae121c08363221383798e395da25d7e010ef6b1cf8b8e1d379ab8ec1fd617c	images\28ae121c08363221383798e395da25d7e010ef6b1cf8b8e1d379ab8ec1fd617c.bmp
C:\Projects\M2022\ProblemTrack.dfm	ProblemTrack.pas	dfm	TfrmProblemTrack	dxBarManager1.dxBarBDBNavEdit	dxBarBDBNavEdit	TdxBarDBNavButton			Glyph.Data	single		bmp	1078	16	16	32	0					1		5a98498cbf94eb6609a1e56bc207169a42c05e5001b8722bb0a998b380591b82	images\5a98498cbf94eb6609a1e56bc207169a42c05e5001b8722bb0a998b380591b82.bmp
C:\Projects\M2022\ProblemTrack.dfm	ProblemTrack.pas	dfm	TfrmProblemTrack	dxBarManager1.dxBarBDBNavPost	dxBarBDBNavPost	TdxBarDBNavButton			Glyph.Data	single		bmp	1078	16	16	32	0					1		9cd539b5390e595c0b9305ea613b074958754f7b18e075fb36bb3859c3992e7c	images\9cd539b5390e595c0b9305ea613b074958754f7b18e075fb36bb3859c3992e7c.bmp
C:\Projects\M2022\ProblemTrack.dfm	ProblemTrack.pas	dfm	TfrmProblemTrack	dxBarManager1.dxBarBDBNavCancel	dxBarBDBNavCancel	TdxBarDBNavButton			Glyph.Data	single		bmp	1078	16	16	32	0					1		4d7e43bb92fb2425b1b7aa540a0cdfbb9905b8fe569e49fafff5c7e3024f20ee	images\4d7e43bb92fb2425b1b7aa540a0cdfbb9905b8fe569e49fafff5c7e3024f20ee.bmp
C:\Projects\M2022\ProblemTrack.dfm	ProblemTrack.pas	dfm	TfrmProblemTrack	dxBarManager1.dxBarBDBNavRefresh	dxBarBDBNavRefresh	TdxBarDBNavButton			Glyph.Data	single		bmp	1078	16	16	32	0					1		5d9485a834adeff5da0f68c84a8055425e3e8e58c4f93d181d2aa5086a8e39be	images\5d9485a834adeff5da0f68c84a8055425e3e8e58c4f93d181d2aa5086a8e39be.bmp
C:\Projects\M2022\ProcChartHoriz.dfm	ProcChartHoriz.pas	dfm	TfrmProcChartHoriz		frmProcChartHoriz	TfrmProcChartHoriz			Icon.Data	single		ico	1150	0	0	0	0							87829c566615525191dec99da56caf00d42442aaa72a701af21d38cb4d4598be	images\87829c566615525191dec99da56caf00d42442aaa72a701af21d38cb4d4598be.ico
C:\Projects\M2022\ProcChartHoriz.dfm	ProcChartHoriz.pas	dfm	TfrmProcChartHoriz	dxBarManager1.btnExit	btnExit	TdxBarButton			Glyph.Data	single		bmp	1078	16	16	32	0					1		d1f5d5f839df61eb3317ff82c09de63b57e908669df38bd26a96a6dd5b8d7ad7	images\d1f5d5f839df61eb3317ff82c09de63b57e908669df38bd26a96a6dd5b8d7ad7.bmp
C:\Projects\M2022\ProcChartHoriz.dfm	ProcChartHoriz.pas	dfm	TfrmProcChartHoriz	dxBarManager1.btnMaximize	btnMaximize	TdxBarButton			Glyph.Data	single		bmp	1078	16	16	32	0					1		d979d0b7b77a3576b3ea07e84c5ebda63b9ff26d22cf4e477f50474bd456c113	images\d979d0b7b77a3576b3ea07e84c5ebda63b9ff26d22cf4e477f50474bd456c113.bmp
C:\Projects\M2022\ProcChartHoriz.dfm	ProcChartHoriz.pas	dfm	TfrmProcChartHoriz	imlEOProcess	imlEOProcess	TImageList			Bitmap	container			40082	0	0	0	0							a25bced70dc82cf9922f288f5852503b0cc0f2210a041bf05c98a771d389e1f3	images\a25bced70dc82cf9922f288f5852503b0cc0f2210a041bf05c98a771d389e1f3.bin
C:\Projects\M2022\ProcChartHoriz.dfm	ProcChartHoriz.pas	dfm	TfrmProcChartHoriz	imlEOProcess2	imlEOProcess2	TImageList			Bitmap	container			30082	0	0	0	0							faacf710ca8106922fc7e7a8a0fd1e9104f01e16aafecb4e69391b5b2dfd46b2	images\faacf710ca8106922fc7e7a8a0fd1e9104f01e16aafecb4e69391b5b2dfd46b2.bin
C:\Projects\M2022\ProcChartWide.dfm	ProcChartWide.pas	dfm	TfrmProcChartWide		frmProcChartWide	TfrmProcChartWide			Icon.Data	single		ico	1150	0	0	0	0							87829c566615525191dec99da56caf00d42442aaa72a701af21d38cb4d4598be	images\87829c566615525191dec99da56caf00d42442aaa72a701af21d38cb4d4598be.ico
C:\Projects\M2022\ProcChartWide.dfm	ProcChartWide.pas	dfm	TfrmProcChartWide	dxBarManager1.btnExit	btnExit	TdxBarButton			Glyph.Data	single		bmp	1078	16	16	32	0					1		d1f5d5f839df61eb3317ff82c09de63b57e908669df38bd26a96a6dd5b8d7ad7	images\d1f5d5f839df61eb3317ff82c09de63b57e908669df38bd26a96a6dd5b8d7ad7.bmp
C:\Projects\M2022\ProcChartWide.dfm	ProcChartWide.pas	dfm	TfrmProcChartWide	dxBarManager1.btnMaximize	btnMaximize	TdxBarButton			Glyph.Data	single		bmp	1078	16	16	32	0					1		d979d0b7b77a3576b3ea07e84c5ebda63b9ff26d22cf4e477f50474bd456c113	images\d979d0b7b77a3576b3ea07e84c5ebda63b9ff26d22cf4e477f50474bd456c113.bmp
C:\Projects\M2022\ProcChartWide.dfm	ProcChartWide.pas	dfm	TfrmProcChartWide	dxBarManager1.ddlShowMode	ddlShowMode	TdxBarImageCombo			Glyph.Data	single		bmp	1078	16	16	32	0					1		9c41a85fa5ce6f5ec03987b719f3b171c7de40ed8bd799565cd38495132bf080	images\9c41a85fa5ce6f5ec03987b719f3b171c7de40ed8bd799565cd38495132bf080.bmp
C:\Projects\M2022\ProcChartWide.dfm	ProcChartWide.pas	dfm	TfrmProcChartWide	dxBarManager1.btnWhatIsThis	btnWhatIsThis	TdxBarButton			Glyph.Data	single		bmp	1078	16	16	32	0					1		330fb5acb41990676be05ac3c299f56b7fb873a29dea2d08ab12269cafdebc09	images\330fb5acb41990676be05ac3c299f56b7fb873a29dea2d08ab12269cafdebc09.bmp
C:\Projects\M2022\ProcessChangeEvents.dfm	ProcessChangeEvents.pas	dfm	TfrmProcessChangeEvents		frmProcessChangeEvents	TfrmProcessChangeEvents			Icon.Data	single		ico	1150	0	0	0	0							87829c566615525191dec99da56caf00d42442aaa72a701af21d38cb4d4598be	images\87829c566615525191dec99da56caf00d42442aaa72a701af21d38cb4d4598be.ico
C:\Projects\M2022\ProcessChangeEvents.dfm	ProcessChangeEvents.pas	dfm	TfrmProcessChangeEvents	qrySurfFin	qrySurfFin	TQuery			Data	single			719	0	0	0	0							fd2d848543956490ad80d2ee0c3d38e7e1b9868be76d863bf762fcca259d10f1	images\fd2d848543956490ad80d2ee0c3d38e7e1b9868be76d863bf762fcca259d10f1.bin
C:\Projects\M2022\ProcessChangeEvents.dfm	ProcessChangeEvents.pas	dfm	TfrmProcessChangeEvents	qryTllWear	qryTllWear	TQuery			Data	single			719	0	0	0	0							25a5865765e2d831ffbcdf1674709211ca8d83865b4e05773b58362177521315	images\25a5865765e2d831ffbcdf1674709211ca8d83865b4e05773b58362177521315.bin
C:\Projects\M2022\ProcessChangeEvents.dfm	ProcessChangeEvents.pas	dfm	TfrmProcessChangeEvents	qryStopReas	qryStopReas	TQuery			Data	single			721	0	0	0	0							4575c6c5944eba103792c034f534dc0182e97be9e213da253716ddd090922345	images\4575c6c5944eba103792c034f534dc0182e97be9e213da253716ddd090922345.bin
C:\Projects\M2022\ProcessChangeEvents.dfm	ProcessChangeEvents.pas	dfm	TfrmProcessChangeEvents	dxBarManager1.btnPrintSmall	btnPrintSmall	TdxBarButton			Glyph.Data	single		bmp	1078	16	16	32	0					1		946d8ef4176300b7514b0712f480d3449521bbc5f097c0f596a6516e63518d3c	images\946d8ef4176300b7514b0712f480d3449521bbc5f097c0f596a6516e63518d3c.bmp
C:\Projects\M2022\ProcessChangeEvents.dfm	ProcessChangeEvents.pas	dfm	TfrmProcessChangeEvents	dxBarManager1.ddlOperation	ddlOperation	TdxBarLookupCombo			Glyph.Data	single		bmp	1078	16	16	32	0					1		bbc4108921a351ec72897a48f2154efc1912a9110484d6471ef4ae5072a64f09	images\bbc4108921a351ec72897a48f2154efc1912a9110484d6471ef4ae5072a64f09.bmp
C:\Projects\M2022\ProcessChangeEvents.dfm	ProcessChangeEvents.pas	dfm	TfrmProcessChangeEvents	dxBarManager1.btnMinSeverity	btnMinSeverity	TdxBarImageCombo			Glyph.Data	single		bmp	1078	16	16	32	0					1		9c41a85fa5ce6f5ec03987b719f3b171c7de40ed8bd799565cd38495132bf080	images\9c41a85fa5ce6f5ec03987b719f3b171c7de40ed8bd799565cd38495132bf080.bmp
C:\Projects\M2022\ProcessChangeEvents.dfm	ProcessChangeEvents.pas	dfm	TfrmProcessChangeEvents	dxBarManager1.btnFilter	btnFilter	TdxBarButton			Glyph.Data	single		bmp	1078	16	16	32	0					1		3281ee3e4ff25faa6924960f1dfefa8fae8170c7eaf15b28f76d4c389c5d8c17	images\3281ee3e4ff25faa6924960f1dfefa8fae8170c7eaf15b28f76d4c389c5d8c17.bmp
C:\Projects\M2022\ProcessChangeEvents.dfm	ProcessChangeEvents.pas	dfm	TfrmProcessChangeEvents	dxBarManager1.btnExit	btnExit	TdxBarButton			Glyph.Data	single		bmp	1078	16	16	32	0					1		d1f5d5f839df61eb3317ff82c09de63b57e908669df38bd26a96a6dd5b8d7ad7	images\d1f5d5f839df61eb3317ff82c09de63b57e908669df38bd26a96a6dd5b8d7ad7.bmp
C:\Projects\M2022\ProcessChangeEvents.dfm	ProcessChangeEvents.pas	dfm	TfrmProcessChangeEvents	dxBarManager1.dxBarDBNavFirst1	dxBarDBNavFirst1	TdxBarDBNavButton			Glyph.Data	single		svg	473	0	0	0	0							4f6b5e7feb872030cf8c07f4b0a9154dba561d068f0bbe851f401038888deb73	images\4f6b5e7feb872030cf8c07f4b0a9154dba561d068f0bbe851f401038888deb73.svg
C:\Projects\M2022\ProcessChangeEvents.dfm	ProcessChangeEvents.pas	dfm	TfrmProcessChangeEvents	dxBarManager1.dxBarDBNavPrev1	dxBarDBNavPrev1	TdxBarDBNavButton			Glyph.Data	single		svg	326	0	0	0	0							9affc86233a3c5214b39371064995d1a618b6351e5fc4ea3fcc737d5adee7301	images\9affc86233a3c5214b39371064995d1a618b6351e5fc4ea3fcc737d5adee7301.svg
C:\Projects\M2022\ProcessChangeEvents.dfm	ProcessChangeEvents.pas	dfm	TfrmProcessChangeEvents	dxBarManager1.dxBarDBNavNext1	dxBarDBNavNext1	TdxBarDBNavButton			Glyph.Data	single		svg	326	0	0	0	0							31c86d717e300180306624b9f136bc00ee9996221aef9eb76e66c80b91008bf7	images\31c86d717e300180306624b9f136bc00ee9996221aef9eb76e66c80b91008bf7.svg
C:\Projects\M2022\ProcessChangeEvents.dfm	ProcessChangeEvents.pas	dfm	TfrmProcessChangeEvents	dxBarManager1.dxBarDBNavLast1	dxBarDBNavLast1	TdxBarDBNavButton			Glyph.Data	single		svg	433	0	0	0	0							44036aa63309d06887b4983c8a4fc4e7f96de9af23f3593af004275785272ced	images\44036aa63309d06887b4983c8a4fc4e7f96de9af23f3593af004275785272ced.svg
C:\Projects\M2022\ProcessChangeEvents.dfm	ProcessChangeEvents.pas	dfm	TfrmProcessChangeEvents	dxBarManager1.dxBarDBNavInsert1	dxBarDBNavInsert1	TdxBarDBNavButton			Glyph.Data	single		svg	421	0	0	0	0							213250362e820808f9afeae33d37fe36d29446da8156945b7c706b08cd1f8ef6	images\213250362e820808f9afeae33d37fe36d29446da8156945b7c706b08cd1f8ef6.svg
C:\Projects\M2022\ProcessChangeEvents.dfm	ProcessChangeEvents.pas	dfm	TfrmProcessChangeEvents	dxBarManager1.dxBarDBNavDelete1	dxBarDBNavDelete1	TdxBarDBNavButton			Glyph.Data	single		svg	331	0	0	0	0							3426812018064253d38559294ae768a24bc1f0e2b55e1155b259650d305523b2	images\3426812018064253d38559294ae768a24bc1f0e2b55e1155b259650d305523b2.svg
C:\Projects\M2022\ProcessChangeEvents.dfm	ProcessChangeEvents.pas	dfm	TfrmProcessChangeEvents	dxBarManager1.dxBarDBNavEdit1	dxBarDBNavEdit1	TdxBarDBNavButton			Glyph.Data	single		svg	299	0	0	0	0							d7cef1afe0805720b049c349aa2273488c1eee83041ed56aa0d6d8502f8f2708	images\d7cef1afe0805720b049c349aa2273488c1eee83041ed56aa0d6d8502f8f2708.svg
C:\Projects\M2022\ProcessChangeEvents.dfm	ProcessChangeEvents.pas	dfm	TfrmProcessChangeEvents	dxBarManager1.dxBarDBNavPost1	dxBarDBNavPost1	TdxBarDBNavButton			Glyph.Data	single		svg	337	0	0	0	0							8f9b13bab01903aac5c507b4e8cabbe899263cd4f3aa5b9a02b0cf8d69d57e03	images\8f9b13bab01903aac5c507b4e8cabbe899263cd4f3aa5b9a02b0cf8d69d57e03.svg
C:\Projects\M2022\ProcessChangeEvents.dfm	ProcessChangeEvents.pas	dfm	TfrmProcessChangeEvents	dxBarManager1.dxBarDBNavCancel1	dxBarDBNavCancel1	TdxBarDBNavButton			Glyph.Data	single		svg	581	0	0	0	0							0bf670167728fb629118e442f19cb6d896033afa8289ac7bed141f4aa7ee9093	images\0bf670167728fb629118e442f19cb6d896033afa8289ac7bed141f4aa7ee9093.svg
C:\Projects\M2022\ProcessChangeEvents.dfm	ProcessChangeEvents.pas	dfm	TfrmProcessChangeEvents	dxBarManager1.dxBarDBNavRefresh1	dxBarDBNavRefresh1	TdxBarDBNavButton			Glyph.Data	single		svg	426	0	0	0	0							fe976aa73cfd0d6bdb8e57cba9f19670367d0f5a0ad38d7ed106e3af5b2d2eae	images\fe976aa73cfd0d6bdb8e57cba9f19670367d0f5a0ad38d7ed106e3af5b2d2eae.svg
C:\Projects\M2022\ProcessChangeEvents.dfm	ProcessChangeEvents.pas	dfm	TfrmProcessChangeEvents	dxBarManager1.dxBarDBNavAppend1	dxBarDBNavAppend1	TdxBarDBNavButton			Glyph.Data	single		svg	370	0	0	0	0							1cc652cdffa3e7adfface918a6fcea8f0c700fc11ba39682e14b71de2890a6ba	images\1cc652cdffa3e7adfface918a6fcea8f0c700fc11ba39682e14b71de2890a6ba.svg
C:\Projects\M2022\ProcessChangeEvents.dfm	ProcessChangeEvents.pas	dfm	TfrmProcessChangeEvents	ImageList1	ImageList1	TImageList			Bitmap	container			4390	0	0	0	0							a6cda1f9061c6dd934c8cfb3786191b1575dfd49e678dbfaadbb9a7aa19907d7	images\a6cda1f9061c6dd934c8cfb3786191b1575dfd49e678dbfaadbb9a7aa19907d7.bin
C:\Projects\M2022\ProcessCOntrolModelPopup.dfm	ProcessCOntrolModelPopup.pas	dfm	TfrmProcessControlModelPopup		frmProcessControlModelPopup	TfrmProcessControlModelPopup			Icon.Data	single		ico	1150	0	0	0	0							87829c566615525191dec99da56caf00d42442aaa72a701af21d38cb4d4598be	images\87829c566615525191dec99da56caf00d42442aaa72a701af21d38cb4d4598be.ico
C:\Projects\M2022\ProcessCOntrolModelPopup.dfm	ProcessCOntrolModelPopup.pas	dfm	TfrmProcessControlModelPopup	dxBarManager1.btnExit	btnExit	TdxBarButton			Glyph.Data	single		bmp	1078	16	16	32	0					1		d1f5d5f839df61eb3317ff82c09de63b57e908669df38bd26a96a6dd5b8d7ad7	images\d1f5d5f839df61eb3317ff82c09de63b57e908669df38bd26a96a6dd5b8d7ad7.bmp
C:\Projects\M2022\ProcessCOntrolModelPopup.dfm	ProcessCOntrolModelPopup.pas	dfm	TfrmProcessControlModelPopup	dxBarManager1.btnMaximize	btnMaximize	TdxBarButton			Glyph.Data	single		bmp	1078	16	16	32	0					1		d979d0b7b77a3576b3ea07e84c5ebda63b9ff26d22cf4e477f50474bd456c113	images\d979d0b7b77a3576b3ea07e84c5ebda63b9ff26d22cf4e477f50474bd456c113.bmp
C:\Projects\M2022\ProcParameters4.dfm	ProcParameters4.pas	dfm	TfrmProcParameters4	RzSplitter1.pnlOperationButtons.btnSaveOperationSets	btnSaveOperationSets	TRzBitBtn			Glyph.Data	single		bmp	1082	16	16	32	0					1		4d0b3090a805b6ca2e8df3a25d0f7500ec09a85b51cd6ec4111fe924bad52479	images\4d0b3090a805b6ca2e8df3a25d0f7500ec09a85b51cd6ec4111fe924bad52479.bmp
C:\Projects\M2022\ProcParameters4.dfm	ProcParameters4.pas	dfm	TfrmProcParameters4	cellParamOValue	cellParamOValue	TOvcTCSimpleField			RangeHigh	single			10	0	0	0	0							01d448afd928065458cf670b60f5a594d735af0172c8d67f22a81680132681ca	images\01d448afd928065458cf670b60f5a594d735af0172c8d67f22a81680132681ca.bin
C:\Projects\M2022\ProcParameters4.dfm	ProcParameters4.pas	dfm	TfrmProcParameters4	cellParamOValue	cellParamOValue	TOvcTCSimpleField			RangeLow	single			10	0	0	0	0							01d448afd928065458cf670b60f5a594d735af0172c8d67f22a81680132681ca	images\01d448afd928065458cf670b60f5a594d735af0172c8d67f22a81680132681ca.bin
C:\Projects\M2022\ProcParameters4.dfm	ProcParameters4.pas	dfm	TfrmProcParameters4	ImageList1	ImageList1	TImageList			Bitmap	container			4390	0	0	0	0							c8aab7b2a1624f68f458f6de51c5fb5380467eac67b0aaa3064454c2f7c5a7fd	images\c8aab7b2a1624f68f458f6de51c5fb5380467eac67b0aaa3064454c2f7c5a7fd.bin
C:\Projects\M2022\ProcParameters4.dfm	ProcParameters4.pas	dfm	TfrmProcParameters4	cellParamTValue	cellParamTValue	TOvcTCSimpleField			RangeHigh	single			10	0	0	0	0							01d448afd928065458cf670b60f5a594d735af0172c8d67f22a81680132681ca	images\01d448afd928065458cf670b60f5a594d735af0172c8d67f22a81680132681ca.bin
C:\Projects\M2022\ProcParameters4.dfm	ProcParameters4.pas	dfm	TfrmProcParameters4	cellParamTValue	cellParamTValue	TOvcTCSimpleField			RangeLow	single			10	0	0	0	0							01d448afd928065458cf670b60f5a594d735af0172c8d67f22a81680132681ca	images\01d448afd928065458cf670b60f5a594d735af0172c8d67f22a81680132681ca.bin
C:\Projects\M2022\ProductionEfficiency.dfm	ProductionEfficiency.pas	dfm	TfrmTimeBrkReport2		frmTimeBrkReport2	TfrmTimeBrkReport2			Icon.Data	single		ico	1150	0	0	0	0							87829c566615525191dec99da56caf00d42442aaa72a701af21d38cb4d4598be	images\87829c566615525191dec99da56caf00d42442aaa72a701af21d38cb4d4598be.ico
C:\Projects\M2022\ProductionEfficiency.dfm	ProductionEfficiency.pas	dfm	TfrmTimeBrkReport2	dxBarManager1.btnExit	btnExit	TdxBarButton			Glyph.Data	single		svg	3033	0	0	0	0							39e5933d6f88188b2c66d8c653d769e7684d9a23c349e93e39b61c6384fc2a9e	images\39e5933d6f88188b2c66d8c653d769e7684d9a23c349e93e39b61c6384fc2a9e.svg
C:\Projects\M2022\ProductionEfficiency.dfm	ProductionEfficiency.pas	dfm	TfrmTimeBrkReport2	dxBarManager1.btnMaximize	btnMaximize	TdxBarButton			Glyph.Data	single		bmp	1078	16	16	32	0					1		d979d0b7b77a3576b3ea07e84c5ebda63b9ff26d22cf4e477f50474bd456c113	images\d979d0b7b77a3576b3ea07e84c5ebda63b9ff26d22cf4e477f50474bd456c113.bmp
C:\Projects\M2022\ProductionEfficiency.dfm	ProductionEfficiency.pas	dfm	TfrmTimeBrkReport2	dxBarManager1.dllOperation	dllOperation	TdxBarLookupCombo			Glyph.Data	single		bmp	1078	16	16	32	0					1		bbc4108921a351ec72897a48f2154efc1912a9110484d6471ef4ae5072a64f09	images\bbc4108921a351ec72897a48f2154efc1912a9110484d6471ef4ae5072a64f09.bmp
C:\Projects\M2022\ProductionEfficiency.dfm	ProductionEfficiency.pas	dfm	TfrmTimeBrkReport2	dxBarManager1.ddlSublot	ddlSublot	TdxBarLookupCombo			Glyph.Data	single		bmp	1078	16	16	32	0					1		bbc4108921a351ec72897a48f2154efc1912a9110484d6471ef4ae5072a64f09	images\bbc4108921a351ec72897a48f2154efc1912a9110484d6471ef4ae5072a64f09.bmp
C:\Projects\M2022\ProductionPage.dfm	ProductionPage.pas	dfm	TfrmProductionPage		frmProductionPage	TfrmProductionPage			Icon.Data	single		ico	1150	0	0	0	0							87829c566615525191dec99da56caf00d42442aaa72a701af21d38cb4d4598be	images\87829c566615525191dec99da56caf00d42442aaa72a701af21d38cb4d4598be.ico
C:\Projects\M2022\ProductionPage.dfm	ProductionPage.pas	dfm	TfrmProductionPage	RzSplitter1.cxGrid1.cxGrid1DBTableView1.cxGrid1DBTableView1ProdAlert1	cxGrid1DBTableView1ProdAlert1	TcxGridDBColumn			Properties.Glyph.Data	strip		bmp	6198	96	16	32	0					6		617cadb05a07b992a6f1733ebead0bb5eb78d6575fe39752963edbe7267b1e6c	images\617cadb05a07b992a6f1733ebead0bb5eb78d6575fe39752963edbe7267b1e6c.bmp
C:\Projects\M2022\ProductionPage.dfm	ProductionPage.pas	dfm	TfrmProductionPage	RzSplitter1.cxGrid1.cxGrid1DBTableView1.cxGrid1DBTableView1QualAlert1	cxGrid1DBTableView1QualAlert1	TcxGridDBColumn			Properties.Glyph.Data	strip		bmp	6198	96	16	32	0					6		617cadb05a07b992a6f1733ebead0bb5eb78d6575fe39752963edbe7267b1e6c	images\617cadb05a07b992a6f1733ebead0bb5eb78d6575fe39752963edbe7267b1e6c.bmp
C:\Projects\M2022\ProductionPage.dfm	ProductionPage.pas	dfm	TfrmProductionPage	RzSplitter1.cxGrid2.cxGrid2DBTableView1.cxGrid2DBTableView1ProdAlert1	cxGrid2DBTableView1ProdAlert1	TcxGridDBColumn			Properties.Glyph.Data	strip		bmp	6198	96	16	32	0					6		617cadb05a07b992a6f1733ebead0bb5eb78d6575fe39752963edbe7267b1e6c	images\617cadb05a07b992a6f1733ebead0bb5eb78d6575fe39752963edbe7267b1e6c.bmp
C:\Projects\M2022\ProductionPage.dfm	ProductionPage.pas	dfm	TfrmProductionPage	RzSplitter1.cxGrid2.cxGrid2DBTableView1.cxGrid2DBTableView1ProdAlertClear1	cxGrid2DBTableView1ProdAlertClear1	TcxGridDBColumn			Properties.Glyph.Data	strip		bmp	6198	96	16	32	0					6		617cadb05a07b992a6f1733ebead0bb5eb78d6575fe39752963edbe7267b1e6c	images\617cadb05a07b992a6f1733ebead0bb5eb78d6575fe39752963edbe7267b1e6c.bmp
C:\Projects\M2022\ProductionPage.dfm	ProductionPage.pas	dfm	TfrmProductionPage	RzSplitter1.cxGrid2.cxGrid2DBTableView1.cxGrid2DBTableView1RunAc1	cxGrid2DBTableView1RunAc1	TcxGridDBColumn			Properties.Glyph.Data	strip		bmp	6198	96	16	32	0					6		617cadb05a07b992a6f1733ebead0bb5eb78d6575fe39752963edbe7267b1e6c	images\617cadb05a07b992a6f1733ebead0bb5eb78d6575fe39752963edbe7267b1e6c.bmp
C:\Projects\M2022\ProductionPage.dfm	ProductionPage.pas	dfm	TfrmProductionPage	RzSplitter1.cxGrid2.cxGrid2DBTableView1.cxGrid2DBTableView1IncToLot1	cxGrid2DBTableView1IncToLot1	TcxGridDBColumn			Properties.Glyph.Data	strip		bmp	6198	96	16	32	0					6		617cadb05a07b992a6f1733ebead0bb5eb78d6575fe39752963edbe7267b1e6c	images\617cadb05a07b992a6f1733ebead0bb5eb78d6575fe39752963edbe7267b1e6c.bmp
C:\Projects\M2022\ProductionPage.dfm	ProductionPage.pas	dfm	TfrmProductionPage	RzSplitter1.cxGrid2.cxGrid2DBTableView1.cxGrid2DBTableView1RedFlag1	cxGrid2DBTableView1RedFlag1	TcxGridDBColumn			Properties.Glyph.Data	strip		bmp	6198	96	16	32	0					6		617cadb05a07b992a6f1733ebead0bb5eb78d6575fe39752963edbe7267b1e6c	images\617cadb05a07b992a6f1733ebead0bb5eb78d6575fe39752963edbe7267b1e6c.bmp
C:\Projects\M2022\ProductionPage.dfm	ProductionPage.pas	dfm	TfrmProductionPage	RzSplitter1.cxGrid2.cxGrid2DBTableView1.cxGrid2DBTableView1QualAlert1	cxGrid2DBTableView1QualAlert1	TcxGridDBColumn			Properties.Glyph.Data	strip		bmp	6198	96	16	32	0					6		617cadb05a07b992a6f1733ebead0bb5eb78d6575fe39752963edbe7267b1e6c	images\617cadb05a07b992a6f1733ebead0bb5eb78d6575fe39752963edbe7267b1e6c.bmp
C:\Projects\M2022\ProductionPage.dfm	ProductionPage.pas	dfm	TfrmProductionPage	RzSplitter1.cxGrid2.cxGrid2DBTableView1.cxGrid2DBTableView1QualAlertClear1	cxGrid2DBTableView1QualAlertClear1	TcxGridDBColumn			Properties.Glyph.Data	strip		bmp	6198	96	16	32	0					6		617cadb05a07b992a6f1733ebead0bb5eb78d6575fe39752963edbe7267b1e6c	images\617cadb05a07b992a6f1733ebead0bb5eb78d6575fe39752963edbe7267b1e6c.bmp
C:\Projects\M2022\ProductionPage.dfm	ProductionPage.pas	dfm	TfrmProductionPage	RzSplitter1.cxGrid2.cxGrid2DBTableView1.cxGrid2DBTableView1QuickLoged1	cxGrid2DBTableView1QuickLoged1	TcxGridDBColumn			Properties.Glyph.Data	strip		bmp	6198	96	16	32	0					6		617cadb05a07b992a6f1733ebead0bb5eb78d6575fe39752963edbe7267b1e6c	images\617cadb05a07b992a6f1733ebead0bb5eb78d6575fe39752963edbe7267b1e6c.bmp
C:\Projects\M2022\ProductionPage.dfm	ProductionPage.pas	dfm	TfrmProductionPage	RzSplitter1.cxGrid2.cxGrid2DBTableView1.cxGrid2DBTableView1CFlagOff1	cxGrid2DBTableView1CFlagOff1	TcxGridDBColumn			Properties.Glyph.Data	strip		bmp	6198	96	16	32	0					6		617cadb05a07b992a6f1733ebead0bb5eb78d6575fe39752963edbe7267b1e6c	images\617cadb05a07b992a6f1733ebead0bb5eb78d6575fe39752963edbe7267b1e6c.bmp
C:\Projects\M2022\ProductionPage.dfm	ProductionPage.pas	dfm	TfrmProductionPage	RzSplitter1.cxGrid2.cxGrid2DBTableView1.cxGrid2DBTableView1TFlagoff1	cxGrid2DBTableView1TFlagoff1	TcxGridDBColumn			Properties.Glyph.Data	strip		bmp	6198	96	16	32	0					6		617cadb05a07b992a6f1733ebead0bb5eb78d6575fe39752963edbe7267b1e6c	images\617cadb05a07b992a6f1733ebead0bb5eb78d6575fe39752963edbe7267b1e6c.bmp
C:\Projects\M2022\ProductionPage.dfm	ProductionPage.pas	dfm	TfrmProductionPage	dxBarManager1.btnDeleteSublot	btnDeleteSublot	TdxBarButton			Glyph.Data	single		bmp	1078	16	16	32	0					1		0eb430c3bf766d2880fb74dcbba407cf82fd63719978d05d02e3bd7f7a2a0a3c	images\0eb430c3bf766d2880fb74dcbba407cf82fd63719978d05d02e3bd7f7a2a0a3c.bmp
C:\Projects\M2022\ProductionPage.dfm	ProductionPage.pas	dfm	TfrmProductionPage	dxBarManager1.btnViewSublot	btnViewSublot	TdxBarButton			Glyph.Data	single		bmp	1078	16	16	32	0					1		01bc2296ee2e2edc1cb59c40894c5d30a9587b387a75908399066833ca20b6c1	images\01bc2296ee2e2edc1cb59c40894c5d30a9587b387a75908399066833ca20b6c1.bmp
C:\Projects\M2022\ProductionPage.dfm	ProductionPage.pas	dfm	TfrmProductionPage	dxBarManager1.btnFilterSublots	btnFilterSublots	TdxBarButton			Glyph.Data	single		bmp	1078	16	16	32	0					1		3fba5a2f642b1d55d1df246640c7c563a35fc862ad1bdde5c6c3b04cd43b11f4	images\3fba5a2f642b1d55d1df246640c7c563a35fc862ad1bdde5c6c3b04cd43b11f4.bmp
C:\Projects\M2022\ProductionPage.dfm	ProductionPage.pas	dfm	TfrmProductionPage	dxBarManager1.btnExit	btnExit	TdxBarButton			Glyph.Data	single		svg	3033	0	0	0	0							39e5933d6f88188b2c66d8c653d769e7684d9a23c349e93e39b61c6384fc2a9e	images\39e5933d6f88188b2c66d8c653d769e7684d9a23c349e93e39b61c6384fc2a9e.svg
C:\Projects\M2022\ProductionPage.dfm	ProductionPage.pas	dfm	TfrmProductionPage	dxBarManager1.btnExit	btnExit	TdxBarButton			LargeGlyph.Data	single		svg	3033	0	0	0	0							39e5933d6f88188b2c66d8c653d769e7684d9a23c349e93e39b61c6384fc2a9e	images\39e5933d6f88188b2c66d8c653d769e7684d9a23c349e93e39b61c6384fc2a9e.svg
C:\Projects\M2022\ProductionPage.dfm	ProductionPage.pas	dfm	TfrmProductionPage	dxBarManager1.btnJobList	btnJobList	TdxBarButton			Glyph.Data	single		bmp	1078	16	16	32	0					1		d1f5d5f839df61eb3317ff82c09de63b57e908669df38bd26a96a6dd5b8d7ad7	images\d1f5d5f839df61eb3317ff82c09de63b57e908669df38bd26a96a6dd5b8d7ad7.bmp
C:\Projects\M2022\ProductionPage.dfm	ProductionPage.pas	dfm	TfrmProductionPage	dxBarManager1.dxBarDBNavFirst1	dxBarDBNavFirst1	TdxBarDBNavButton			Glyph.Data	single		svg	473	0	0	0	0							4f6b5e7feb872030cf8c07f4b0a9154dba561d068f0bbe851f401038888deb73	images\4f6b5e7feb872030cf8c07f4b0a9154dba561d068f0bbe851f401038888deb73.svg
C:\Projects\M2022\ProductionPage.dfm	ProductionPage.pas	dfm	TfrmProductionPage	dxBarManager1.dxBarDBNavPrev1	dxBarDBNavPrev1	TdxBarDBNavButton			Glyph.Data	single		svg	326	0	0	0	0							9affc86233a3c5214b39371064995d1a618b6351e5fc4ea3fcc737d5adee7301	images\9affc86233a3c5214b39371064995d1a618b6351e5fc4ea3fcc737d5adee7301.svg
C:\Projects\M2022\ProductionPage.dfm	ProductionPage.pas	dfm	TfrmProductionPage	dxBarManager1.dxBarDBNavNext1	dxBarDBNavNext1	TdxBarDBNavButton			Glyph.Data	single		svg	326	0	0	0	0							31c86d717e300180306624b9f136bc00ee9996221aef9eb76e66c80b91008bf7	images\31c86d717e300180306624b9f136bc00ee9996221aef9eb76e66c80b91008bf7.svg
C:\Projects\M2022\ProductionPage.dfm	ProductionPage.pas	dfm	TfrmProductionPage	dxBarManager1.dxBarDBNavLast1	dxBarDBNavLast1	TdxBarDBNavButton			Glyph.Data	single		svg	433	0	0	0	0							44036aa63309d06887b4983c8a4fc4e7f96de9af23f3593af004275785272ced	images\44036aa63309d06887b4983c8a4fc4e7f96de9af23f3593af004275785272ced.svg
C:\Projects\M2022\ProductionPage.dfm	ProductionPage.pas	dfm	TfrmProductionPage	dxBarManager1.dxBarDBNavEdit1	dxBarDBNavEdit1	TdxBarDBNavButton			Glyph.Data	single		svg	299	0	0	0	0							d7cef1afe0805720b049c349aa2273488c1eee83041ed56aa0d6d8502f8f2708	images\d7cef1afe0805720b049c349aa2273488c1eee83041ed56aa0d6d8502f8f2708.svg
C:\Projects\M2022\ProductionPage.dfm	ProductionPage.pas	dfm	TfrmProductionPage	dxBarManager1.dxBarDBNavPost1	dxBarDBNavPost1	TdxBarDBNavButton			Glyph.Data	single		svg	337	0	0	0	0							8f9b13bab01903aac5c507b4e8cabbe899263cd4f3aa5b9a02b0cf8d69d57e03	images\8f9b13bab01903aac5c507b4e8cabbe899263cd4f3aa5b9a02b0cf8d69d57e03.svg
C:\Projects\M2022\ProductionPage.dfm	ProductionPage.pas	dfm	TfrmProductionPage	dxBarManager1.dxBarDBNavCancel1	dxBarDBNavCancel1	TdxBarDBNavButton			Glyph.Data	single		svg	581	0	0	0	0							0bf670167728fb629118e442f19cb6d896033afa8289ac7bed141f4aa7ee9093	images\0bf670167728fb629118e442f19cb6d896033afa8289ac7bed141f4aa7ee9093.svg
C:\Projects\M2022\ProductionPage.dfm	ProductionPage.pas	dfm	TfrmProductionPage	dxBarManager1.dxBarDBNavRefresh1	dxBarDBNavRefresh1	TdxBarDBNavButton			Glyph.Data	single		svg	426	0	0	0	0							fe976aa73cfd0d6bdb8e57cba9f19670367d0f5a0ad38d7ed106e3af5b2d2eae	images\fe976aa73cfd0d6bdb8e57cba9f19670367d0f5a0ad38d7ed106e3af5b2d2eae.svg
C:\Projects\M2022\ProductionPage.dfm	ProductionPage.pas	dfm	TfrmProductionPage	qryOSCount	qryOSCount	TQuery			Data	single			725	0	0	0	0							c915e96a30d99bed3ce0072bd3fcd2b7525222925dda60585d3ed12a5b1b63dd	images\c915e96a30d99bed3ce0072bd3fcd2b7525222925dda60585d3ed12a5b1b63dd.bin
C:\Projects\M2022\PTrack.dfm	PTrack.pas	dfm	TfrmpTrack		frmpTrack	TfrmpTrack			Icon.Data	single		ico	1150	0	0	0	0							87829c566615525191dec99da56caf00d42442aaa72a701af21d38cb4d4598be	images\87829c566615525191dec99da56caf00d42442aaa72a701af21d38cb4d4598be.ico
C:\Projects\M2022\PTrack.dfm	PTrack.pas	dfm	TfrmpTrack	dxBarManager1.btnExit	btnExit	TdxBarButton			Glyph.Data	single		svg	3033	0	0	0	0							39e5933d6f88188b2c66d8c653d769e7684d9a23c349e93e39b61c6384fc2a9e	images\39e5933d6f88188b2c66d8c653d769e7684d9a23c349e93e39b61c6384fc2a9e.svg
C:\Projects\M2022\PTrack.dfm	PTrack.pas	dfm	TfrmpTrack	dxBarManager1.btnExit	btnExit	TdxBarButton			LargeGlyph.Data	single		svg	3033	0	0	0	0							39e5933d6f88188b2c66d8c653d769e7684d9a23c349e93e39b61c6384fc2a9e	images\39e5933d6f88188b2c66d8c653d769e7684d9a23c349e93e39b61c6384fc2a9e.svg
C:\Projects\M2022\PTrack.dfm	PTrack.pas	dfm	TfrmpTrack	dxBarManager1.btnVewClass	btnVewClass	TdxBarImageCombo			Glyph.Data	single		bmp	1078	16	16	32	0					1		9c41a85fa5ce6f5ec03987b719f3b171c7de40ed8bd799565cd38495132bf080	images\9c41a85fa5ce6f5ec03987b719f3b171c7de40ed8bd799565cd38495132bf080.bmp
C:\Projects\M2022\PTrack.dfm	PTrack.pas	dfm	TfrmpTrack	dxBarManager1.btnJobList	btnJobList	TdxBarButton			Glyph.Data	single		bmp	1078	16	16	32	0					1		d1f5d5f839df61eb3317ff82c09de63b57e908669df38bd26a96a6dd5b8d7ad7	images\d1f5d5f839df61eb3317ff82c09de63b57e908669df38bd26a96a6dd5b8d7ad7.bmp
C:\Projects\M2022\QuickLog.dfm	QuickLog.pas	dfm	TfrmQuickLog		frmQuickLog	TfrmQuickLog			Icon.Data	single		ico	1150	0	0	0	0							87829c566615525191dec99da56caf00d42442aaa72a701af21d38cb4d4598be	images\87829c566615525191dec99da56caf00d42442aaa72a701af21d38cb4d4598be.ico
C:\Projects\M2022\QuickLog.dfm	QuickLog.pas	dfm	TfrmQuickLog	BitBtn1	BitBtn1	TcxButton			OptionsImage.Glyph.Data	single		svg	726	0	0	0	0							ceb7a6d212dffeb757e838332b3a43ae6900e507960c2c3828525513fbd3e409	images\ceb7a6d212dffeb757e838332b3a43ae6900e507960c2c3828525513fbd3e409.svg
C:\Projects\M2022\QuickLog.dfm	QuickLog.pas	dfm	TfrmQuickLog	BitBtn2	BitBtn2	TcxButton			OptionsImage.Glyph.Data	single		svg	475	0	0	0	0							182dc8b95b3aacd3fb2a562fef0f9af9d1bcead5a2f8e9477f6910dfd29af2d0	images\182dc8b95b3aacd3fb2a562fef0f9af9d1bcead5a2f8e9477f6910dfd29af2d0.svg
C:\Projects\M2022\ReasonProcStop.dfm	ReasonProcStop.pas	dfm	TfrmReasonForProcessStop		frmReasonForProcessStop	TfrmReasonForProcessStop			Icon.Data	single		ico	1150	0	0	0	0							87829c566615525191dec99da56caf00d42442aaa72a701af21d38cb4d4598be	images\87829c566615525191dec99da56caf00d42442aaa72a701af21d38cb4d4598be.ico
C:\Projects\M2022\ReasonProcStop.dfm	ReasonProcStop.pas	dfm	TfrmReasonForProcessStop	Panel1.BitBtn1	BitBtn1	TBitBtn			Glyph.Data	strip		bmp	482	36	18	4	16	NumGlyphs	2		2	2	Y	92351d14818d8bf1aa6505ce9a9947ecf6c3401ef9c1726368754ade500e0146	images\92351d14818d8bf1aa6505ce9a9947ecf6c3401ef9c1726368754ade500e0146.bmp
C:\Projects\M2022\ReasonProcStop.dfm	ReasonProcStop.pas	dfm	TfrmReasonForProcessStop	qryStopReas	qryStopReas	TQuery			Data	single			721	0	0	0	0							3df80038f80102a5a5271a3be8a260d088320ec8aa78bdda60a297ec84e3d251	images\3df80038f80102a5a5271a3be8a260d088320ec8aa78bdda60a297ec84e3d251.bin
C:\Projects\M2022\ReasonProcStop.dfm	ReasonProcStop.pas	dfm	TfrmReasonForProcessStop	dxBarManager1.dxBarDBNavFirst1	dxBarDBNavFirst1	TdxBarDBNavButton			Glyph.Data	single		bmp	1078	16	16	32	0					1		6607ef3da8822b74fe4b0acb662061780182bbfdc0c2cd0056156349e880dd94	images\6607ef3da8822b74fe4b0acb662061780182bbfdc0c2cd0056156349e880dd94.bmp
C:\Projects\M2022\ReasonProcStop.dfm	ReasonProcStop.pas	dfm	TfrmReasonForProcessStop	dxBarManager1.dxBarDBNavNext1	dxBarDBNavNext1	TdxBarDBNavButton			Glyph.Data	single		bmp	1078	16	16	32	0					1		f1e077905d1aeb2d609668d4ed60b14af4e2852c7b1589986eed9a6c045d1e58	images\f1e077905d1aeb2d609668d4ed60b14af4e2852c7b1589986eed9a6c045d1e58.bmp
C:\Projects\M2022\ReasonProcStop.dfm	ReasonProcStop.pas	dfm	TfrmReasonForProcessStop	dxBarManager1.dxBarDBNavPrev1	dxBarDBNavPrev1	TdxBarDBNavButton			Glyph.Data	single		bmp	1078	16	16	32	0					1		4506a08e333bf65e1241dc1d265c0ec790826f394a1e425324e80125ac979066	images\4506a08e333bf65e1241dc1d265c0ec790826f394a1e425324e80125ac979066.bmp
C:\Projects\M2022\ReasonProcStop.dfm	ReasonProcStop.pas	dfm	TfrmReasonForProcessStop	dxBarManager1.dxBarDBNavLast1	dxBarDBNavLast1	TdxBarDBNavButton			Glyph.Data	single		bmp	1078	16	16	32	0					1		fce3745ba5ba9d6f747c39ade70e5bb3a43705557a11a01b17788a0cfe930304	images\fce3745ba5ba9d6f747c39ade70e5bb3a43705557a11a01b17788a0cfe930304.bmp
C:\Projects\M2022\ReasonProcStop.dfm	ReasonProcStop.pas	dfm	TfrmReasonForProcessStop	dxBarManager1.dxBarDBNavInsert1	dxBarDBNavInsert1	TdxBarDBNavButton			Glyph.Data	single		bmp	1078	16	16	32	0					1		85c3d26e8518011389ca86bb003d4f646fde018f5b8ea6bb5f236fa6b26ed9cb	images\85c3d26e8518011389ca86bb003d4f646fde018f5b8ea6bb5f236fa6b26ed9cb.bmp
C:\Projects\M2022\ReasonProcStop.dfm	ReasonProcStop.pas	dfm	TfrmReasonForProcessStop	dxBarManager1.dxBarDBNavDelete1	dxBarDBNavDelete1	TdxBarDBNavButton			Glyph.Data	single		bmp	1078	16	16	32	0					1		cb064bbb443aecb6b9c0d982ca7ef5e728083d86e4bf49b09e7330eed54dea24	images\cb064bbb443aecb6b9c0d982ca7ef5e728083d86e4bf49b09e7330eed54dea24.bmp
C:\Projects\M2022\ReasonProcStop.dfm	ReasonProcStop.pas	dfm	TfrmReasonForProcessStop	dxBarManager1.dxBarDBNavEdit1	dxBarDBNavEdit1	TdxBarDBNavButton			Glyph.Data	single		bmp	1078	16	16	32	0					1		22e66cc36468572cbdcae127edc7fe7560a3f052fa05202b746f2491175a05cf	images\22e66cc36468572cbdcae127edc7fe7560a3f052fa05202b746f2491175a05cf.bmp
C:\Projects\M2022\ReasonProcStop.dfm	ReasonProcStop.pas	dfm	TfrmReasonForProcessStop	dxBarManager1.dxBarDBNavPost1	dxBarDBNavPost1	TdxBarDBNavButton			Glyph.Data	single		bmp	1078	16	16	32	0					1		6212bc92930d93605cc9b6b3699601807dc1633fa573890fdac82faca790c47f	images\6212bc92930d93605cc9b6b3699601807dc1633fa573890fdac82faca790c47f.bmp
C:\Projects\M2022\ReasonProcStop.dfm	ReasonProcStop.pas	dfm	TfrmReasonForProcessStop	dxBarManager1.dxBarDBNavCancel1	dxBarDBNavCancel1	TdxBarDBNavButton			Glyph.Data	single		bmp	1078	16	16	32	0					1		975795a643484a5073c6e0223bb36e40eaf96637165ace0ca753593af1dde849	images\975795a643484a5073c6e0223bb36e40eaf96637165ace0ca753593af1dde849.bmp
C:\Projects\M2022\ReasonProcStop.dfm	ReasonProcStop.pas	dfm	TfrmReasonForProcessStop	dxBarManager1.dxBarDBNavRefresh1	dxBarDBNavRefresh1	TdxBarDBNavButton			Glyph.Data	single		bmp	1078	16	16	32	0					1		5d9485a834adeff5da0f68c84a8055425e3e8e58c4f93d181d2aa5086a8e39be	images\5d9485a834adeff5da0f68c84a8055425e3e8e58c4f93d181d2aa5086a8e39be.bmp
C:\Projects\M2022\ReasonProcStop.dfm	ReasonProcStop.pas	dfm	TfrmReasonForProcessStop	dxBarManager1.btnExit	btnExit	TdxBarButton			Glyph.Data	single		bmp	1078	16	16	32	0					1		d1f5d5f839df61eb3317ff82c09de63b57e908669df38bd26a96a6dd5b8d7ad7	images\d1f5d5f839df61eb3317ff82c09de63b57e908669df38bd26a96a6dd5b8d7ad7.bmp
C:\Projects\M2022\ReasonProcStop.dfm	ReasonProcStop.pas	dfm	TfrmReasonForProcessStop	dxBarManager1.btnPrint	btnPrint	TdxBarButton			Glyph.Data	single		bmp	1078	16	16	32	0					1		946d8ef4176300b7514b0712f480d3449521bbc5f097c0f596a6516e63518d3c	images\946d8ef4176300b7514b0712f480d3449521bbc5f097c0f596a6516e63518d3c.bmp
C:\Projects\M2022\ReceivingMat.dfm	ReceivingMat.pas	dfm	TfrmReceivingMat		frmReceivingMat	TfrmReceivingMat			Icon.Data	single		ico	766	0	0	0	0							ff66307bd79fe7ed8b4531ae81ef3204cb3be14d8de48ef8f75f7f95693b8981	images\ff66307bd79fe7ed8b4531ae81ef3204cb3be14d8de48ef8f75f7f95693b8981.ico
C:\Projects\M2022\RepfrontMulti.dfm	RepfrontMulti.pas	dfm	TfrmRepFrontMulti		frmRepFrontMulti	TfrmRepFrontMulti			Icon.Data	single		ico	1150	0	0	0	0							87829c566615525191dec99da56caf00d42442aaa72a701af21d38cb4d4598be	images\87829c566615525191dec99da56caf00d42442aaa72a701af21d38cb4d4598be.ico
C:\Projects\M2022\RepfrontMulti.dfm	RepfrontMulti.pas	dfm	TfrmRepFrontMulti	imlInspState	imlInspState	TImageList			Bitmap	container			4390	0	0	0	0							6abfaeefef182301219655a8830c4e864ce4d5ed326ad2396169ba4bb08f09a8	images\6abfaeefef182301219655a8830c4e864ce4d5ed326ad2396169ba4bb08f09a8.bin
C:\Projects\M2022\RepfrontMulti.dfm	RepfrontMulti.pas	dfm	TfrmRepFrontMulti	dxBarManager1.btnReportB	btnReportB	TdxBarLargeButton			Glyph.Data	single		bmp	4150	32	32	32	0					1		998f83344afbcef7e5f6e056d77601a66c70cca413e6efe72ee3342cf75f8e47	images\998f83344afbcef7e5f6e056d77601a66c70cca413e6efe72ee3342cf75f8e47.bmp
C:\Projects\M2022\RepfrontMulti.dfm	RepfrontMulti.pas	dfm	TfrmRepFrontMulti	dxBarManager1.btnReportB	btnReportB	TdxBarLargeButton			LargeGlyph.Data	single		bmp	4150	32	32	32	0					1		998f83344afbcef7e5f6e056d77601a66c70cca413e6efe72ee3342cf75f8e47	images\998f83344afbcef7e5f6e056d77601a66c70cca413e6efe72ee3342cf75f8e47.bmp
C:\Projects\M2022\RepfrontMulti.dfm	RepfrontMulti.pas	dfm	TfrmRepFrontMulti	dxBarManager1.btnExitB	btnExitB	TdxBarLargeButton			Glyph.Data	single		bmp	4150	32	32	32	0					1		360c9c0647c09d8441f902ea87440b4e262ef05b2fa0ef5bc34f085f7fc824e8	images\360c9c0647c09d8441f902ea87440b4e262ef05b2fa0ef5bc34f085f7fc824e8.bmp
C:\Projects\M2022\RepfrontMulti.dfm	RepfrontMulti.pas	dfm	TfrmRepFrontMulti	dxBarManager1.btnExitB	btnExitB	TdxBarLargeButton			LargeGlyph.Data	single		bmp	4150	32	32	32	0					1		360c9c0647c09d8441f902ea87440b4e262ef05b2fa0ef5bc34f085f7fc824e8	images\360c9c0647c09d8441f902ea87440b4e262ef05b2fa0ef5bc34f085f7fc824e8.bmp
C:\Projects\M2022\RepfrontMulti.dfm	RepfrontMulti.pas	dfm	TfrmRepFrontMulti	dxBarManager1.btnReportSmall	btnReportSmall	TdxBarButton			Glyph.Data	single		bmp	1078	16	16	32	0					1		946d8ef4176300b7514b0712f480d3449521bbc5f097c0f596a6516e63518d3c	images\946d8ef4176300b7514b0712f480d3449521bbc5f097c0f596a6516e63518d3c.bmp
C:\Projects\M2022\RepfrontMulti.dfm	RepfrontMulti.pas	dfm	TfrmRepFrontMulti	dxBarManager1.btnExitSmall	btnExitSmall	TdxBarButton			Glyph.Data	single		bmp	1078	16	16	32	0					1		d1f5d5f839df61eb3317ff82c09de63b57e908669df38bd26a96a6dd5b8d7ad7	images\d1f5d5f839df61eb3317ff82c09de63b57e908669df38bd26a96a6dd5b8d7ad7.bmp
C:\Projects\M2022\RepfrontMulti.dfm	RepfrontMulti.pas	dfm	TfrmRepFrontMulti	dxBarManager1.btnMultiSublot	btnMultiSublot	TdxBarButton			Glyph.Data	single		bmp	4150	32	32	32	0					1		998f83344afbcef7e5f6e056d77601a66c70cca413e6efe72ee3342cf75f8e47	images\998f83344afbcef7e5f6e056d77601a66c70cca413e6efe72ee3342cf75f8e47.bmp
C:\Projects\M2022\SaveDrawingQuestion.dfm	SaveDrawingQuestion.pas	dfm	TfrmSaveDrawingQuestion		frmSaveDrawingQuestion	TfrmSaveDrawingQuestion			Icon.Data	single		ico	1150	0	0	0	0							87829c566615525191dec99da56caf00d42442aaa72a701af21d38cb4d4598be	images\87829c566615525191dec99da56caf00d42442aaa72a701af21d38cb4d4598be.ico
C:\Projects\M2022\ScrapReworkSortout.dfm	ScrapReworkSortout.pas	dfm	TfrmScrapReworkSourtout		frmScrapReworkSourtout	TfrmScrapReworkSourtout			Icon.Data	single		ico	1150	0	0	0	0							87829c566615525191dec99da56caf00d42442aaa72a701af21d38cb4d4598be	images\87829c566615525191dec99da56caf00d42442aaa72a701af21d38cb4d4598be.ico
C:\Projects\M2022\ScrapReworkSortout.dfm	ScrapReworkSortout.pas	dfm	TfrmScrapReworkSourtout	dxBarManager1.btnExit	btnExit	TdxBarButton			Glyph.Data	single		svg	3033	0	0	0	0							39e5933d6f88188b2c66d8c653d769e7684d9a23c349e93e39b61c6384fc2a9e	images\39e5933d6f88188b2c66d8c653d769e7684d9a23c349e93e39b61c6384fc2a9e.svg
C:\Projects\M2022\ScrapReworkSortout.dfm	ScrapReworkSortout.pas	dfm	TfrmScrapReworkSourtout	dxBarManager1.btnExit	btnExit	TdxBarButton			LargeGlyph.Data	single		svg	3033	0	0	0	0							39e5933d6f88188b2c66d8c653d769e7684d9a23c349e93e39b61c6384fc2a9e	images\39e5933d6f88188b2c66d8c653d769e7684d9a23c349e93e39b61c6384fc2a9e.svg
C:\Projects\M2022\ScrapReworkSortout.dfm	ScrapReworkSortout.pas	dfm	TfrmScrapReworkSourtout	dxBarManager1.btnMaximize	btnMaximize	TdxBarButton			Glyph.Data	single		bmp	1078	16	16	32	0					1		d979d0b7b77a3576b3ea07e84c5ebda63b9ff26d22cf4e477f50474bd456c113	images\d979d0b7b77a3576b3ea07e84c5ebda63b9ff26d22cf4e477f50474bd456c113.bmp
C:\Projects\M2022\SearchIPSerialNumbers.dfm	SearchIPSerialNumbers.pas	dfm	TfrmSearchIPSerialNumbers	RzPanel1.RzBitBtn1	RzBitBtn1	TcxButton			OptionsImage.Glyph.Data	single		svg	819	0	0	0	0							4ba55ff88e8cf3f39a716d1dd6eb4e744836948baa8d84db637a15a904e50cdb	images\4ba55ff88e8cf3f39a716d1dd6eb4e744836948baa8d84db637a15a904e50cdb.svg
C:\Projects\M2022\SelectData.dfm	SelectData.pas	dfm	TfrmSelectData		frmSelectData	TfrmSelectData			Icon.Data	single		ico	1150	0	0	0	0							87829c566615525191dec99da56caf00d42442aaa72a701af21d38cb4d4598be	images\87829c566615525191dec99da56caf00d42442aaa72a701af21d38cb4d4598be.ico
C:\Projects\M2022\SelectData.dfm	SelectData.pas	dfm	TfrmSelectData	tabData.pagSelectFolder.RzSplitter1.Panel3.cxGrid1.cxGrid1DBTableView1.cxGrid1DBTableView1QFlagOFF1	cxGrid1DBTableView1QFlagOFF1	TcxGridDBColumn			Properties.Glyph.Data	strip		bmp	6198	96	16	32	0					6		617cadb05a07b992a6f1733ebead0bb5eb78d6575fe39752963edbe7267b1e6c	images\617cadb05a07b992a6f1733ebead0bb5eb78d6575fe39752963edbe7267b1e6c.bmp
C:\Projects\M2022\SelectData.dfm	SelectData.pas	dfm	TfrmSelectData	tabData.pagSelectFolder.RzSplitter1.Panel3.cxGrid1.cxGrid1DBTableView1.cxGrid1DBTableView1TFlagOff1	cxGrid1DBTableView1TFlagOff1	TcxGridDBColumn			Properties.Glyph.Data	strip		bmp	6198	96	16	32	0					6		617cadb05a07b992a6f1733ebead0bb5eb78d6575fe39752963edbe7267b1e6c	images\617cadb05a07b992a6f1733ebead0bb5eb78d6575fe39752963edbe7267b1e6c.bmp
C:\Projects\M2022\SelectData.dfm	SelectData.pas	dfm	TfrmSelectData	tabData.pagSelectFolder.RzSplitter1.tabInfoSearch.TOvcTabPage.Panel4.RzMenuButton3	RzMenuButton3	TRzMenuButton			Glyph.Data	single		bmp	250	16	16	4	16					1		54eb147199964a21839e931938ee67730620d1a628ba9a8657d75e07efc26fc9	images\54eb147199964a21839e931938ee67730620d1a628ba9a8657d75e07efc26fc9.bmp
C:\Projects\M2022\SelectData.dfm	SelectData.pas	dfm	TfrmSelectData	tabData.pagSelectFolder.RzSplitter1.tabInfoSearch.TOvcTabPage.RzMenuButton4	RzMenuButton4	TRzMenuButton			Glyph.Data	single		bmp	1338	16	16	8	256					1		da052995531f425578675ab77a202baf5cfe1faa5799837a95df9aedecb687eb	images\da052995531f425578675ab77a202baf5cfe1faa5799837a95df9aedecb687eb.bmp
C:\Projects\M2022\SelectData.dfm	SelectData.pas	dfm	TfrmSelectData	dxBarManager1.btnAddData	btnAddData	TdxBarButton			Glyph.Data	single		bmp	1078	16	16	32	0					1		61d5f4ab29f0580e68da70744e22213ce5098f2667b915fe37a3962782143738	images\61d5f4ab29f0580e68da70744e22213ce5098f2667b915fe37a3962782143738.bmp
C:\Projects\M2022\SelectData.dfm	SelectData.pas	dfm	TfrmSelectData	dxBarManager1.btnMaximize	btnMaximize	TdxBarButton			Glyph.Data	single		bmp	1078	16	16	32	0					1		d979d0b7b77a3576b3ea07e84c5ebda63b9ff26d22cf4e477f50474bd456c113	images\d979d0b7b77a3576b3ea07e84c5ebda63b9ff26d22cf4e477f50474bd456c113.bmp
C:\Projects\M2022\SelectData.dfm	SelectData.pas	dfm	TfrmSelectData	dxBarManager1.btnExit	btnExit	TdxBarButton			Glyph.Data	single		bmp	1078	16	16	32	0					1		d1f5d5f839df61eb3317ff82c09de63b57e908669df38bd26a96a6dd5b8d7ad7	images\d1f5d5f839df61eb3317ff82c09de63b57e908669df38bd26a96a6dd5b8d7ad7.bmp
C:\Projects\M2022\SelectedCharts.dfm	SelectedCharts.pas	dfm	TfrmSelectedCharts		frmSelectedCharts	TfrmSelectedCharts			Icon.Data	single		ico	1150	0	0	0	0							87829c566615525191dec99da56caf00d42442aaa72a701af21d38cb4d4598be	images\87829c566615525191dec99da56caf00d42442aaa72a701af21d38cb4d4598be.ico
C:\Projects\M2022\SelectStation.dfm	SelectStation.pas	dfm	TfrmSelectStation		frmSelectStation	TfrmSelectStation		Y	Icon.Data	single		ico	1150	0	0	0	0							87829c566615525191dec99da56caf00d42442aaa72a701af21d38cb4d4598be	images\87829c566615525191dec99da56caf00d42442aaa72a701af21d38cb4d4598be.ico
C:\Projects\M2022\SerialPartReport.dfm	SerialPartReport.pas	dfm	TfrmSerialPartReport		frmSerialPartReport	TfrmSerialPartReport			Icon.Data	single		ico	1150	0	0	0	0							87829c566615525191dec99da56caf00d42442aaa72a701af21d38cb4d4598be	images\87829c566615525191dec99da56caf00d42442aaa72a701af21d38cb4d4598be.ico
C:\Projects\M2022\SerialPartReport.dfm	SerialPartReport.pas	dfm	TfrmSerialPartReport	dxBarManager1.btnExit	btnExit	TdxBarButton			Glyph.Data	single		bmp	1078	16	16	32	0					1		d1f5d5f839df61eb3317ff82c09de63b57e908669df38bd26a96a6dd5b8d7ad7	images\d1f5d5f839df61eb3317ff82c09de63b57e908669df38bd26a96a6dd5b8d7ad7.bmp
C:\Projects\M2022\SerialPartReport.dfm	SerialPartReport.pas	dfm	TfrmSerialPartReport	dxBarManager1.btnMaximize	btnMaximize	TdxBarButton			Glyph.Data	single		bmp	1078	16	16	32	0					1		d979d0b7b77a3576b3ea07e84c5ebda63b9ff26d22cf4e477f50474bd456c113	images\d979d0b7b77a3576b3ea07e84c5ebda63b9ff26d22cf4e477f50474bd456c113.bmp
C:\Projects\M2022\SerialPartReport.dfm	SerialPartReport.pas	dfm	TfrmSerialPartReport	dxBarManager1.btnCancel	btnCancel	TdxBarButton			Glyph.Data	single		bmp	1078	16	16	32	0					1		d8be263f447bb2946a9ecf5e82e5052aebdb1fe0336a015e65e001415629d619	images\d8be263f447bb2946a9ecf5e82e5052aebdb1fe0336a015e65e001415629d619.bmp
C:\Projects\M2022\SerPartChart.dfm	SerPartChart.pas	dfm	TfrmSerPartChart		frmSerPartChart	TfrmSerPartChart			Icon.Data	single		ico	1150	0	0	0	0							87829c566615525191dec99da56caf00d42442aaa72a701af21d38cb4d4598be	images\87829c566615525191dec99da56caf00d42442aaa72a701af21d38cb4d4598be.ico
C:\Projects\M2022\SerPartChart.dfm	SerPartChart.pas	dfm	TfrmSerPartChart	dxBarManager1.btnExit	btnExit	TdxBarButton			Glyph.Data	single		bmp	1078	16	16	32	0					1		d1f5d5f839df61eb3317ff82c09de63b57e908669df38bd26a96a6dd5b8d7ad7	images\d1f5d5f839df61eb3317ff82c09de63b57e908669df38bd26a96a6dd5b8d7ad7.bmp
C:\Projects\M2022\SerPartChart.dfm	SerPartChart.pas	dfm	TfrmSerPartChart	dxBarManager1.btnMaximize	btnMaximize	TdxBarButton			Glyph.Data	single		bmp	1078	16	16	32	0					1		d979d0b7b77a3576b3ea07e84c5ebda63b9ff26d22cf4e477f50474bd456c113	images\d979d0b7b77a3576b3ea07e84c5ebda63b9ff26d22cf4e477f50474bd456c113.bmp
C:\Projects\M2022\SerPartChart.dfm	SerPartChart.pas	dfm	TfrmSerPartChart	dxBarManager1.btnCancel	btnCancel	TdxBarButton			Glyph.Data	single		bmp	1078	16	16	32	0					1		d8be263f447bb2946a9ecf5e82e5052aebdb1fe0336a015e65e001415629d619	images\d8be263f447bb2946a9ecf5e82e5052aebdb1fe0336a015e65e001415629d619.bmp
C:\Projects\M2022\SetPreditype2.dfm	SetPreditype2.pas	dfm	TfrmSetPrediType2		frmSetPrediType2	TfrmSetPrediType2			Icon.Data	single		ico	1150	0	0	0	0							87829c566615525191dec99da56caf00d42442aaa72a701af21d38cb4d4598be	images\87829c566615525191dec99da56caf00d42442aaa72a701af21d38cb4d4598be.ico
C:\Projects\M2022\SetPreditype2.dfm	SetPreditype2.pas	dfm	TfrmSetPrediType2	dxBarManager1.btnExit	btnExit	TdxBarButton			Glyph.Data	single		svg	3033	0	0	0	0							39e5933d6f88188b2c66d8c653d769e7684d9a23c349e93e39b61c6384fc2a9e	images\39e5933d6f88188b2c66d8c653d769e7684d9a23c349e93e39b61c6384fc2a9e.svg
C:\Projects\M2022\SetPreditype2.dfm	SetPreditype2.pas	dfm	TfrmSetPrediType2	dxBarManager1.btnMaximize	btnMaximize	TdxBarButton			Glyph.Data	single		bmp	1078	16	16	32	0					1		d979d0b7b77a3576b3ea07e84c5ebda63b9ff26d22cf4e477f50474bd456c113	images\d979d0b7b77a3576b3ea07e84c5ebda63b9ff26d22cf4e477f50474bd456c113.bmp
C:\Projects\M2022\SetPreditype2.dfm	SetPreditype2.pas	dfm	TfrmSetPrediType2	dxBarManager1.dxBarDBNavFirst1	dxBarDBNavFirst1	TdxBarDBNavButton			Glyph.Data	single		svg	473	0	0	0	0							4f6b5e7feb872030cf8c07f4b0a9154dba561d068f0bbe851f401038888deb73	images\4f6b5e7feb872030cf8c07f4b0a9154dba561d068f0bbe851f401038888deb73.svg
C:\Projects\M2022\SetPreditype2.dfm	SetPreditype2.pas	dfm	TfrmSetPrediType2	dxBarManager1.dxBarDBNavPrev1	dxBarDBNavPrev1	TdxBarDBNavButton			Glyph.Data	single		svg	326	0	0	0	0							9affc86233a3c5214b39371064995d1a618b6351e5fc4ea3fcc737d5adee7301	images\9affc86233a3c5214b39371064995d1a618b6351e5fc4ea3fcc737d5adee7301.svg
C:\Projects\M2022\SetPreditype2.dfm	SetPreditype2.pas	dfm	TfrmSetPrediType2	dxBarManager1.dxBarDBNavNext1	dxBarDBNavNext1	TdxBarDBNavButton			Glyph.Data	single		svg	326	0	0	0	0							31c86d717e300180306624b9f136bc00ee9996221aef9eb76e66c80b91008bf7	images\31c86d717e300180306624b9f136bc00ee9996221aef9eb76e66c80b91008bf7.svg
C:\Projects\M2022\SetPreditype2.dfm	SetPreditype2.pas	dfm	TfrmSetPrediType2	dxBarManager1.dxBarDBNavLast1	dxBarDBNavLast1	TdxBarDBNavButton			Glyph.Data	single		svg	433	0	0	0	0							44036aa63309d06887b4983c8a4fc4e7f96de9af23f3593af004275785272ced	images\44036aa63309d06887b4983c8a4fc4e7f96de9af23f3593af004275785272ced.svg
C:\Projects\M2022\SetPreditype2.dfm	SetPreditype2.pas	dfm	TfrmSetPrediType2	dxBarManager1.dxBarDBNavEdit1	dxBarDBNavEdit1	TdxBarDBNavButton			Glyph.Data	single		svg	299	0	0	0	0							d7cef1afe0805720b049c349aa2273488c1eee83041ed56aa0d6d8502f8f2708	images\d7cef1afe0805720b049c349aa2273488c1eee83041ed56aa0d6d8502f8f2708.svg
C:\Projects\M2022\SetPreditype2.dfm	SetPreditype2.pas	dfm	TfrmSetPrediType2	dxBarManager1.dxBarDBNavPost1	dxBarDBNavPost1	TdxBarDBNavButton			Glyph.Data	single		svg	337	0	0	0	0							8f9b13bab01903aac5c507b4e8cabbe899263cd4f3aa5b9a02b0cf8d69d57e03	images\8f9b13bab01903aac5c507b4e8cabbe899263cd4f3aa5b9a02b0cf8d69d57e03.svg
C:\Projects\M2022\SetPreditype2.dfm	SetPreditype2.pas	dfm	TfrmSetPrediType2	dxBarManager1.dxBarDBNavCancel1	dxBarDBNavCancel1	TdxBarDBNavButton			Glyph.Data	single		svg	581	0	0	0	0							0bf670167728fb629118e442f19cb6d896033afa8289ac7bed141f4aa7ee9093	images\0bf670167728fb629118e442f19cb6d896033afa8289ac7bed141f4aa7ee9093.svg
C:\Projects\M2022\SetPreditype2.dfm	SetPreditype2.pas	dfm	TfrmSetPrediType2	dxBarManager1.dxBarDBNavRefresh1	dxBarDBNavRefresh1	TdxBarDBNavButton			Glyph.Data	single		svg	426	0	0	0	0							fe976aa73cfd0d6bdb8e57cba9f19670367d0f5a0ad38d7ed106e3af5b2d2eae	images\fe976aa73cfd0d6bdb8e57cba9f19670367d0f5a0ad38d7ed106e3af5b2d2eae.svg
C:\Projects\M2022\SetupDefaults.dfm	SetupDefaults.pas	dfm	TdlgSetupDefaults		dlgSetupDefaults	TdlgSetupDefaults			Icon.Data	single		ico	1150	0	0	0	0							87829c566615525191dec99da56caf00d42442aaa72a701af21d38cb4d4598be	images\87829c566615525191dec99da56caf00d42442aaa72a701af21d38cb4d4598be.ico
C:\Projects\M2022\SetupDefaults.dfm	SetupDefaults.pas	dfm	TdlgSetupDefaults	dxRibbon1	dxRibbon1	TdxRibbon			ApplicationButton.Glyph.Data	single		svg	6695	0	0	0	0							2ef16cbae2e702e3cf172d62899bb51ec4f9892d4331aa3c11102588eed9dfd6	images\2ef16cbae2e702e3cf172d62899bb51ec4f9892d4331aa3c11102588eed9dfd6.svg
C:\Projects\M2022\SetupDefaults.dfm	SetupDefaults.pas	dfm	TdlgSetupDefaults	dxRibbon1	dxRibbon1	TdxRibbon			BackgroundImage.Data	single		svg	6695	0	0	0	0							2ef16cbae2e702e3cf172d62899bb51ec4f9892d4331aa3c11102588eed9dfd6	images\2ef16cbae2e702e3cf172d62899bb51ec4f9892d4331aa3c11102588eed9dfd6.svg
C:\Projects\M2022\SetupDefaults.dfm	SetupDefaults.pas	dfm	TdlgSetupDefaults	Panel1.cxImage1	cxImage1	TcxImage			Picture.Data	single	TdxSmartImage		6709	0	0	0	0							322222c79f9dffa7339c7209ff1871c6e9446c4d93317cc49750f7a08e23ff38	images\322222c79f9dffa7339c7209ff1871c6e9446c4d93317cc49750f7a08e23ff38.bin
C:\Projects\M2022\SetupDefaults.dfm	SetupDefaults.pas	dfm	TdlgSetupDefaults	OvcNotebook1.cxTabSheet1.edtFPDefaultLimits	edtFPDefaultLimits	TOvcNumberEdit			ButtonGlyph.Data	single		bmp	334	11	11	16	0					1		ce63b9d610d13e2c79f4f55cfa8d9ba43ba1a397fed73be375873f63f88bc27e	images\ce63b9d610d13e2c79f4f55cfa8d9ba43ba1a397fed73be375873f63f88bc27e.bmp
C:\Projects\M2022\SetupDefaults.dfm	SetupDefaults.pas	dfm	TdlgSetupDefaults	dxBarManager1.btnExit	btnExit	TdxBarLargeButton			Glyph.Data	single		svg	3033	0	0	0	0							39e5933d6f88188b2c66d8c653d769e7684d9a23c349e93e39b61c6384fc2a9e	images\39e5933d6f88188b2c66d8c653d769e7684d9a23c349e93e39b61c6384fc2a9e.svg
C:\Projects\M2022\SetupDefaults.dfm	SetupDefaults.pas	dfm	TdlgSetupDefaults	dxBarManager1.btnExit	btnExit	TdxBarLargeButton			LargeGlyph.Data	single		svg	3033	0	0	0	0							39e5933d6f88188b2c66d8c653d769e7684d9a23c349e93e39b61c6384fc2a9e	images\39e5933d6f88188b2c66d8c653d769e7684d9a23c349e93e39b61c6384fc2a9e.svg
C:\Projects\M2022\SetupDefaults.dfm	SetupDefaults.pas	dfm	TdlgSetupDefaults	dxBarManager1.btnExit	btnExit	TdxBarLargeButton			HotGlyph.Data	single		svg	3033	0	0	0	0							39e5933d6f88188b2c66d8c653d769e7684d9a23c349e93e39b61c6384fc2a9e	images\39e5933d6f88188b2c66d8c653d769e7684d9a23c349e93e39b61c6384fc2a9e.svg
C:\Projects\M2022\SetupDefaults.dfm	SetupDefaults.pas	dfm	TdlgSetupDefaults	dxBarManager1.btnCancel	btnCancel	TdxBarLargeButton			Glyph.Data	single		svg	1125	0	0	0	0							4780018cc1b819c19827d7e966443a762408f21b94521faebebd19b89c6a084f	images\4780018cc1b819c19827d7e966443a762408f21b94521faebebd19b89c6a084f.svg
C:\Projects\M2022\SetupDefaults.dfm	SetupDefaults.pas	dfm	TdlgSetupDefaults	dxBarManager1.btnCancel	btnCancel	TdxBarLargeButton			LargeGlyph.Data	single		svg	1125	0	0	0	0							4780018cc1b819c19827d7e966443a762408f21b94521faebebd19b89c6a084f	images\4780018cc1b819c19827d7e966443a762408f21b94521faebebd19b89c6a084f.svg
C:\Projects\M2022\SetupDefaults.dfm	SetupDefaults.pas	dfm	TdlgSetupDefaults	dxBarManager1.btnCancel	btnCancel	TdxBarLargeButton			HotGlyph.Data	single		svg	1125	0	0	0	0							4780018cc1b819c19827d7e966443a762408f21b94521faebebd19b89c6a084f	images\4780018cc1b819c19827d7e966443a762408f21b94521faebebd19b89c6a084f.svg
C:\Projects\M2022\SetupFirstSampleChecks.dfm	SetupFirstSampleChecks.pas	dfm	TfrmSetupFirstSampleChecks	dxBarManager1.dxBarDBNavFirst1	dxBarDBNavFirst1	TdxBarDBNavButton			Glyph.Data	single		svg	473	0	0	0	0							4f6b5e7feb872030cf8c07f4b0a9154dba561d068f0bbe851f401038888deb73	images\4f6b5e7feb872030cf8c07f4b0a9154dba561d068f0bbe851f401038888deb73.svg
C:\Projects\M2022\SetupFirstSampleChecks.dfm	SetupFirstSampleChecks.pas	dfm	TfrmSetupFirstSampleChecks	dxBarManager1.dxBarDBNavPrev1	dxBarDBNavPrev1	TdxBarDBNavButton			Glyph.Data	single		svg	326	0	0	0	0							9affc86233a3c5214b39371064995d1a618b6351e5fc4ea3fcc737d5adee7301	images\9affc86233a3c5214b39371064995d1a618b6351e5fc4ea3fcc737d5adee7301.svg
C:\Projects\M2022\SetupFirstSampleChecks.dfm	SetupFirstSampleChecks.pas	dfm	TfrmSetupFirstSampleChecks	dxBarManager1.dxBarDBNavNext1	dxBarDBNavNext1	TdxBarDBNavButton			Glyph.Data	single		svg	326	0	0	0	0							31c86d717e300180306624b9f136bc00ee9996221aef9eb76e66c80b91008bf7	images\31c86d717e300180306624b9f136bc00ee9996221aef9eb76e66c80b91008bf7.svg
C:\Projects\M2022\SetupFirstSampleChecks.dfm	SetupFirstSampleChecks.pas	dfm	TfrmSetupFirstSampleChecks	dxBarManager1.dxBarDBNavLast1	dxBarDBNavLast1	TdxBarDBNavButton			Glyph.Data	single		svg	433	0	0	0	0							44036aa63309d06887b4983c8a4fc4e7f96de9af23f3593af004275785272ced	images\44036aa63309d06887b4983c8a4fc4e7f96de9af23f3593af004275785272ced.svg
C:\Projects\M2022\SetupFirstSampleChecks.dfm	SetupFirstSampleChecks.pas	dfm	TfrmSetupFirstSampleChecks	dxBarManager1.dxBarDBNavInsert1	dxBarDBNavInsert1	TdxBarDBNavButton			Glyph.Data	single		svg	421	0	0	0	0							213250362e820808f9afeae33d37fe36d29446da8156945b7c706b08cd1f8ef6	images\213250362e820808f9afeae33d37fe36d29446da8156945b7c706b08cd1f8ef6.svg
C:\Projects\M2022\SetupFirstSampleChecks.dfm	SetupFirstSampleChecks.pas	dfm	TfrmSetupFirstSampleChecks	dxBarManager1.dxBarDBNavDelete1	dxBarDBNavDelete1	TdxBarDBNavButton			Glyph.Data	single		svg	331	0	0	0	0							3426812018064253d38559294ae768a24bc1f0e2b55e1155b259650d305523b2	images\3426812018064253d38559294ae768a24bc1f0e2b55e1155b259650d305523b2.svg
C:\Projects\M2022\SetupFirstSampleChecks.dfm	SetupFirstSampleChecks.pas	dfm	TfrmSetupFirstSampleChecks	dxBarManager1.dxBarDBNavEdit1	dxBarDBNavEdit1	TdxBarDBNavButton			Glyph.Data	single		svg	299	0	0	0	0							d7cef1afe0805720b049c349aa2273488c1eee83041ed56aa0d6d8502f8f2708	images\d7cef1afe0805720b049c349aa2273488c1eee83041ed56aa0d6d8502f8f2708.svg
C:\Projects\M2022\SetupFirstSampleChecks.dfm	SetupFirstSampleChecks.pas	dfm	TfrmSetupFirstSampleChecks	dxBarManager1.dxBarDBNavPost1	dxBarDBNavPost1	TdxBarDBNavButton			Glyph.Data	single		svg	337	0	0	0	0							8f9b13bab01903aac5c507b4e8cabbe899263cd4f3aa5b9a02b0cf8d69d57e03	images\8f9b13bab01903aac5c507b4e8cabbe899263cd4f3aa5b9a02b0cf8d69d57e03.svg
C:\Projects\M2022\SetupFirstSampleChecks.dfm	SetupFirstSampleChecks.pas	dfm	TfrmSetupFirstSampleChecks	dxBarManager1.dxBarDBNavCancel1	dxBarDBNavCancel1	TdxBarDBNavButton			Glyph.Data	single		svg	581	0	0	0	0							0bf670167728fb629118e442f19cb6d896033afa8289ac7bed141f4aa7ee9093	images\0bf670167728fb629118e442f19cb6d896033afa8289ac7bed141f4aa7ee9093.svg
C:\Projects\M2022\SetupFirstSampleChecks.dfm	SetupFirstSampleChecks.pas	dfm	TfrmSetupFirstSampleChecks	dxBarManager1.dxBarDBNavRefresh1	dxBarDBNavRefresh1	TdxBarDBNavButton			Glyph.Data	single		svg	426	0	0	0	0							fe976aa73cfd0d6bdb8e57cba9f19670367d0f5a0ad38d7ed106e3af5b2d2eae	images\fe976aa73cfd0d6bdb8e57cba9f19670367d0f5a0ad38d7ed106e3af5b2d2eae.svg
C:\Projects\M2022\SetupFirstSampleChecks.dfm	SetupFirstSampleChecks.pas	dfm	TfrmSetupFirstSampleChecks	dxBarManager1.dxBarDBNavAppend1	dxBarDBNavAppend1	TdxBarDBNavButton			Glyph.Data	single		svg	370	0	0	0	0							1cc652cdffa3e7adfface918a6fcea8f0c700fc11ba39682e14b71de2890a6ba	images\1cc652cdffa3e7adfface918a6fcea8f0c700fc11ba39682e14b71de2890a6ba.svg
C:\Projects\M2022\SetupMultEntry.dfm	SetupMultEntry.pas	dfm	TfrmSetupMultiEntryGroup		frmSetupMultiEntryGroup	TfrmSetupMultiEntryGroup			Icon.Data	single		ico	1150	0	0	0	0							87829c566615525191dec99da56caf00d42442aaa72a701af21d38cb4d4598be	images\87829c566615525191dec99da56caf00d42442aaa72a701af21d38cb4d4598be.ico
C:\Projects\M2022\SetupMultEntry.dfm	SetupMultEntry.pas	dfm	TfrmSetupMultiEntryGroup	dxBarManager1.btnExit	btnExit	TdxBarButton			Glyph.Data	single		svg	3033	0	0	0	0							39e5933d6f88188b2c66d8c653d769e7684d9a23c349e93e39b61c6384fc2a9e	images\39e5933d6f88188b2c66d8c653d769e7684d9a23c349e93e39b61c6384fc2a9e.svg
C:\Projects\M2022\SetupMultEntry.dfm	SetupMultEntry.pas	dfm	TfrmSetupMultiEntryGroup	dxBarManager1.btnMaximize	btnMaximize	TdxBarButton			Glyph.Data	single		bmp	1078	16	16	32	0					1		d979d0b7b77a3576b3ea07e84c5ebda63b9ff26d22cf4e477f50474bd456c113	images\d979d0b7b77a3576b3ea07e84c5ebda63b9ff26d22cf4e477f50474bd456c113.bmp
C:\Projects\M2022\SetupPositions.dfm	SetupPositions.pas	dfm	TfrmSetupPositions		frmSetupPositions	TfrmSetupPositions			Icon.Data	single		ico	51262	0	0	0	0							adad2bc51732dcd9f6ba266123714c98295a19dc1825ce265486b70b67ab3b62	images\adad2bc51732dcd9f6ba266123714c98295a19dc1825ce265486b70b67ab3b62.ico
C:\Projects\M2022\SetupPositions.dfm	SetupPositions.pas	dfm	TfrmSetupPositions	RzPanel1.RzPanel3.GroupBox1.btnCopyPos	btnCopyPos	TcxButton			OptionsImage.Glyph.Data	single		svg	828	0	0	0	0							e9aea0e6fb09ca11e02078b049c4b103810e5cc76807f259e8405f951f035400	images\e9aea0e6fb09ca11e02078b049c4b103810e5cc76807f259e8405f951f035400.svg
C:\Projects\M2022\SetupPositions.dfm	SetupPositions.pas	dfm	TfrmSetupPositions	RzPanel1.RzPanel3.cxGroupBox1.btnDeleteType	btnDeleteType	TcxButton			OptionsImage.Glyph.Data	single		svg	1254	0	0	0	0							77bfd08cce184ef9e56021d2f37f1a2d3db7fcd4404bbaa07958e3849625d897	images\77bfd08cce184ef9e56021d2f37f1a2d3db7fcd4404bbaa07958e3849625d897.svg
C:\Projects\M2022\SetupPositions.dfm	SetupPositions.pas	dfm	TfrmSetupPositions	dxBarManager1.dxBarDBNavFirst1	dxBarDBNavFirst1	TdxBarDBNavButton			Glyph.Data	single		bmp	1078	16	16	32	0					1		6607ef3da8822b74fe4b0acb662061780182bbfdc0c2cd0056156349e880dd94	images\6607ef3da8822b74fe4b0acb662061780182bbfdc0c2cd0056156349e880dd94.bmp
C:\Projects\M2022\SetupPositions.dfm	SetupPositions.pas	dfm	TfrmSetupPositions	dxBarManager1.dxBarDBNavPrev1	dxBarDBNavPrev1	TdxBarDBNavButton			Glyph.Data	single		bmp	1078	16	16	32	0					1		4506a08e333bf65e1241dc1d265c0ec790826f394a1e425324e80125ac979066	images\4506a08e333bf65e1241dc1d265c0ec790826f394a1e425324e80125ac979066.bmp
C:\Projects\M2022\SetupPositions.dfm	SetupPositions.pas	dfm	TfrmSetupPositions	dxBarManager1.dxBarDBNavNext1	dxBarDBNavNext1	TdxBarDBNavButton			Glyph.Data	single		bmp	1078	16	16	32	0					1		f1e077905d1aeb2d609668d4ed60b14af4e2852c7b1589986eed9a6c045d1e58	images\f1e077905d1aeb2d609668d4ed60b14af4e2852c7b1589986eed9a6c045d1e58.bmp
C:\Projects\M2022\SetupPositions.dfm	SetupPositions.pas	dfm	TfrmSetupPositions	dxBarManager1.dxBarDBNavLast1	dxBarDBNavLast1	TdxBarDBNavButton			Glyph.Data	single		bmp	1078	16	16	32	0					1		fce3745ba5ba9d6f747c39ade70e5bb3a43705557a11a01b17788a0cfe930304	images\fce3745ba5ba9d6f747c39ade70e5bb3a43705557a11a01b17788a0cfe930304.bmp
C:\Projects\M2022\SetupPositions.dfm	SetupPositions.pas	dfm	TfrmSetupPositions	dxBarManager1.dxBarDBNavInsert1	dxBarDBNavInsert1	TdxBarDBNavButton			Glyph.Data	single		bmp	1078	16	16	32	0					1		85c3d26e8518011389ca86bb003d4f646fde018f5b8ea6bb5f236fa6b26ed9cb	images\85c3d26e8518011389ca86bb003d4f646fde018f5b8ea6bb5f236fa6b26ed9cb.bmp
C:\Projects\M2022\SetupPositions.dfm	SetupPositions.pas	dfm	TfrmSetupPositions	dxBarManager1.dxBarDBNavDelete1	dxBarDBNavDelete1	TdxBarDBNavButton			Glyph.Data	single		bmp	1078	16	16	32	0					1		cb064bbb443aecb6b9c0d982ca7ef5e728083d86e4bf49b09e7330eed54dea24	images\cb064bbb443aecb6b9c0d982ca7ef5e728083d86e4bf49b09e7330eed54dea24.bmp
C:\Projects\M2022\SetupPositions.dfm	SetupPositions.pas	dfm	TfrmSetupPositions	dxBarManager1.dxBarDBNavEdit1	dxBarDBNavEdit1	TdxBarDBNavButton			Glyph.Data	single		bmp	1078	16	16	32	0					1		22e66cc36468572cbdcae127edc7fe7560a3f052fa05202b746f2491175a05cf	images\22e66cc36468572cbdcae127edc7fe7560a3f052fa05202b746f2491175a05cf.bmp
C:\Projects\M2022\SetupPositions.dfm	SetupPositions.pas	dfm	TfrmSetupPositions	dxBarManager1.dxBarDBNavPost1	dxBarDBNavPost1	TdxBarDBNavButton			Glyph.Data	single		bmp	1078	16	16	32	0					1		6212bc92930d93605cc9b6b3699601807dc1633fa573890fdac82faca790c47f	images\6212bc92930d93605cc9b6b3699601807dc1633fa573890fdac82faca790c47f.bmp
C:\Projects\M2022\SetupPositions.dfm	SetupPositions.pas	dfm	TfrmSetupPositions	dxBarManager1.dxBarDBNavCancel1	dxBarDBNavCancel1	TdxBarDBNavButton			Glyph.Data	single		bmp	1078	16	16	32	0					1		975795a643484a5073c6e0223bb36e40eaf96637165ace0ca753593af1dde849	images\975795a643484a5073c6e0223bb36e40eaf96637165ace0ca753593af1dde849.bmp
C:\Projects\M2022\SetupPositions.dfm	SetupPositions.pas	dfm	TfrmSetupPositions	dxBarManager1.dxBarDBNavRefresh1	dxBarDBNavRefresh1	TdxBarDBNavButton			Glyph.Data	single		bmp	1078	16	16	32	0					1		5d9485a834adeff5da0f68c84a8055425e3e8e58c4f93d181d2aa5086a8e39be	images\5d9485a834adeff5da0f68c84a8055425e3e8e58c4f93d181d2aa5086a8e39be.bmp
C:\Projects\M2022\SetupPositions.dfm	SetupPositions.pas	dfm	TfrmSetupPositions	dxBarManager1.btnExit	btnExit	TdxBarButton			Glyph.Data	single		svg	3033	0	0	0	0							39e5933d6f88188b2c66d8c653d769e7684d9a23c349e93e39b61c6384fc2a9e	images\39e5933d6f88188b2c66d8c653d769e7684d9a23c349e93e39b61c6384fc2a9e.svg
C:\Projects\M2022\SetupPositions.dfm	SetupPositions.pas	dfm	TfrmSetupPositions	dxBarManager1.btnExit	btnExit	TdxBarButton			LargeGlyph.Data	single		svg	582	0	0	0	0							0f81df5c433377e3b5fc44dff9f57aa3aefe45a5c31105e2016acd7c53ce3379	images\0f81df5c433377e3b5fc44dff9f57aa3aefe45a5c31105e2016acd7c53ce3379.svg
C:\Projects\M2022\SetupPositions.dfm	SetupPositions.pas	dfm	TfrmSetupPositions	qryCountToolAssg	qryCountToolAssg	TQuery			Data	single			630	0	0	0	0							bb89462f75652adc6aacd2e03dc26ce80ff3634fc1398e0ff0569f3538ecf598	images\bb89462f75652adc6aacd2e03dc26ce80ff3634fc1398e0ff0569f3538ecf598.bin
C:\Projects\M2022\SetupPositions.dfm	SetupPositions.pas	dfm	TfrmSetupPositions	qryCountToolAdj	qryCountToolAdj	TQuery			Data	single			640	0	0	0	0							4d9dc1cfdd9a596d7c9cd02170de6aeadfe7d2d97193ef3c7c3aebc679f1cc58	images\4d9dc1cfdd9a596d7c9cd02170de6aeadfe7d2d97193ef3c7c3aebc679f1cc58.bin
C:\Projects\M2022\ShiftStartEnd.dfm	ShiftStartEnd.pas	dfm	TfrmShiftStartEnd		frmShiftStartEnd	TfrmShiftStartEnd			Icon.Data	single		ico	1150	0	0	0	0							87829c566615525191dec99da56caf00d42442aaa72a701af21d38cb4d4598be	images\87829c566615525191dec99da56caf00d42442aaa72a701af21d38cb4d4598be.ico
C:\Projects\M2022\ShiftStartEnd.dfm	ShiftStartEnd.pas	dfm	TfrmShiftStartEnd	btnOK	btnOK	TcxButton			OptionsImage.Glyph.Data	strip		bmp	2646	36	18	32	0	OptionsImage.NumGlyphs	2		2	2	Y	cb0963b13f440ab0c3e40c1c2890dbd35a5489c1e92385f22fd2cafd5a266ac5	images\cb0963b13f440ab0c3e40c1c2890dbd35a5489c1e92385f22fd2cafd5a266ac5.bmp
C:\Projects\M2022\ShiftStartEnd.dfm	ShiftStartEnd.pas	dfm	TfrmShiftStartEnd	BitBtn1	BitBtn1	TcxButton			OptionsImage.Glyph.Data	strip		bmp	2646	36	18	32	0	OptionsImage.NumGlyphs	2		2	2	Y	16ea3348c947fd56f120f1ca56369f08676cc6cd818cbe606161e5c4e073bd52	images\16ea3348c947fd56f120f1ca56369f08676cc6cd818cbe606161e5c4e073bd52.bmp
C:\Projects\M2022\ShowFilteredToolEvents2.dfm	ShowFilteredToolEvents2.pas	dfm	TfrmShowFilteredToolEvents2		frmShowFilteredToolEvents2	TfrmShowFilteredToolEvents2			Icon.Data	single		ico	51262	0	0	0	0							adad2bc51732dcd9f6ba266123714c98295a19dc1825ce265486b70b67ab3b62	images\adad2bc51732dcd9f6ba266123714c98295a19dc1825ce265486b70b67ab3b62.ico
C:\Projects\M2022\ShowFilteredToolEvents2.dfm	ShowFilteredToolEvents2.pas	dfm	TfrmShowFilteredToolEvents2	dxBarManager1.btnExit	btnExit	TdxBarButton			Glyph.Data	single		svg	582	0	0	0	0							0f81df5c433377e3b5fc44dff9f57aa3aefe45a5c31105e2016acd7c53ce3379	images\0f81df5c433377e3b5fc44dff9f57aa3aefe45a5c31105e2016acd7c53ce3379.svg
C:\Projects\M2022\ShowFilteredToolEvents2.dfm	ShowFilteredToolEvents2.pas	dfm	TfrmShowFilteredToolEvents2	dxBarManager1.btnMaximize	btnMaximize	TdxBarButton			Glyph.Data	single		bmp	1078	16	16	32	0					1		d979d0b7b77a3576b3ea07e84c5ebda63b9ff26d22cf4e477f50474bd456c113	images\d979d0b7b77a3576b3ea07e84c5ebda63b9ff26d22cf4e477f50474bd456c113.bmp
C:\Projects\M2022\ShowProcessHoriz.dfm	ShowProcessHoriz.pas	dfm	TfrrShowProcessHoriz	Panel3.Panel4.Panel2.SpeedButton1	SpeedButton1	TSpeedButton			Glyph.Data	single		bmp	250	16	16	4	16					1		2f27168d2e27034d4c8f119ecbd638ec0b7e9e94d8cafa778d6cd5344b77ab9b	images\2f27168d2e27034d4c8f119ecbd638ec0b7e9e94d8cafa778d6cd5344b77ab9b.bmp
C:\Projects\M2022\ShowProcessHoriz.dfm	ShowProcessHoriz.pas	dfm	TfrrShowProcessHoriz	imlEOProcess	imlEOProcess	TImageList			Bitmap	container			40082	0	0	0	0							a25bced70dc82cf9922f288f5852503b0cc0f2210a041bf05c98a771d389e1f3	images\a25bced70dc82cf9922f288f5852503b0cc0f2210a041bf05c98a771d389e1f3.bin
C:\Projects\M2022\ShowProcessHoriz.dfm	ShowProcessHoriz.pas	dfm	TfrrShowProcessHoriz	imlEOProcess2	imlEOProcess2	TImageList			Bitmap	container			30082	0	0	0	0							faacf710ca8106922fc7e7a8a0fd1e9104f01e16aafecb4e69391b5b2dfd46b2	images\faacf710ca8106922fc7e7a8a0fd1e9104f01e16aafecb4e69391b5b2dfd46b2.bin
C:\Projects\M2022\SingleVar.dfm	SingleVar.pas	dfm	TfrmSingleVar		frmSingleVar	TfrmSingleVar			Icon.Data	single		ico	1150	0	0	0	0							87829c566615525191dec99da56caf00d42442aaa72a701af21d38cb4d4598be	images\87829c566615525191dec99da56caf00d42442aaa72a701af21d38cb4d4598be.ico
C:\Projects\M2022\SingleVar.dfm	SingleVar.pas	dfm	TfrmSingleVar	dxBarManager1.btnExit	btnExit	TdxBarButton			Glyph.Data	single		bmp	1078	16	16	32	0					1		d1f5d5f839df61eb3317ff82c09de63b57e908669df38bd26a96a6dd5b8d7ad7	images\d1f5d5f839df61eb3317ff82c09de63b57e908669df38bd26a96a6dd5b8d7ad7.bmp
C:\Projects\M2022\SingleVar.dfm	SingleVar.pas	dfm	TfrmSingleVar	dxBarManager1.btnMaximize	btnMaximize	TdxBarButton			Glyph.Data	single		bmp	1078	16	16	32	0					1		d979d0b7b77a3576b3ea07e84c5ebda63b9ff26d22cf4e477f50474bd456c113	images\d979d0b7b77a3576b3ea07e84c5ebda63b9ff26d22cf4e477f50474bd456c113.bmp
C:\Projects\M2022\SingleVarProcessHoriz.dfm	SingleVarProcessHoriz.pas	dfm	TfrrSingleVarProcessHoriz	imlEOProcess	imlEOProcess	TImageList			Bitmap	container			40082	0	0	0	0							a25bced70dc82cf9922f288f5852503b0cc0f2210a041bf05c98a771d389e1f3	images\a25bced70dc82cf9922f288f5852503b0cc0f2210a041bf05c98a771d389e1f3.bin
C:\Projects\M2022\SingleVarProcessHoriz.dfm	SingleVarProcessHoriz.pas	dfm	TfrrSingleVarProcessHoriz	imlEOProcess2	imlEOProcess2	TImageList			Bitmap	container			30082	0	0	0	0							faacf710ca8106922fc7e7a8a0fd1e9104f01e16aafecb4e69391b5b2dfd46b2	images\faacf710ca8106922fc7e7a8a0fd1e9104f01e16aafecb4e69391b5b2dfd46b2.bin
C:\Projects\M2022\SmallBatch100Final.dfm	SmallBatch100Final.pas	dfm	TfrmSmallBatch100FinalPlanSetup		frmSmallBatch100FinalPlanSetup	TfrmSmallBatch100FinalPlanSetup			Icon.Data	single		ico	51262	0	0	0	0							adad2bc51732dcd9f6ba266123714c98295a19dc1825ce265486b70b67ab3b62	images\adad2bc51732dcd9f6ba266123714c98295a19dc1825ce265486b70b67ab3b62.ico
C:\Projects\M2022\SmallBatch100Final.dfm	SmallBatch100Final.pas	dfm	TfrmSmallBatch100FinalPlanSetup	rbtControlMode	rbtControlMode	TRzRadioGroup			CustomGlyphs.Data	strip		bmp	4666	96	16	24	0					6		20de6362cd769f0d2bc7de0d3989e2f39f4f3bddfbbc543770b733d6d41704a9	images\20de6362cd769f0d2bc7de0d3989e2f39f4f3bddfbbc543770b733d6d41704a9.bmp
C:\Projects\M2022\SmallBatch100Final.dfm	SmallBatch100Final.pas	dfm	TfrmSmallBatch100FinalPlanSetup	Panel1.edtYL	edtYL	TOvcSimpleField			RangeHigh	single			10	0	0	0	0							fdab204ec3419aaec2a6e736abf29529dc098dbcec4b002a6c690e2f29b4fc81	images\fdab204ec3419aaec2a6e736abf29529dc098dbcec4b002a6c690e2f29b4fc81.bin
C:\Projects\M2022\SmallBatch100Final.dfm	SmallBatch100Final.pas	dfm	TfrmSmallBatch100FinalPlanSetup	Panel1.edtYL	edtYL	TOvcSimpleField			RangeLow	single			10	0	0	0	0							01d448afd928065458cf670b60f5a594d735af0172c8d67f22a81680132681ca	images\01d448afd928065458cf670b60f5a594d735af0172c8d67f22a81680132681ca.bin
C:\Projects\M2022\SmallBatch100Final.dfm	SmallBatch100Final.pas	dfm	TfrmSmallBatch100FinalPlanSetup	Panel1.edtRL	edtRL	TOvcSimpleField			RangeHigh	single			10	0	0	0	0							fdab204ec3419aaec2a6e736abf29529dc098dbcec4b002a6c690e2f29b4fc81	images\fdab204ec3419aaec2a6e736abf29529dc098dbcec4b002a6c690e2f29b4fc81.bin
C:\Projects\M2022\SmallBatch100Final.dfm	SmallBatch100Final.pas	dfm	TfrmSmallBatch100FinalPlanSetup	Panel1.edtRL	edtRL	TOvcSimpleField			RangeLow	single			10	0	0	0	0							01d448afd928065458cf670b60f5a594d735af0172c8d67f22a81680132681ca	images\01d448afd928065458cf670b60f5a594d735af0172c8d67f22a81680132681ca.bin
C:\Projects\M2022\SmallBatch100Final.dfm	SmallBatch100Final.pas	dfm	TfrmSmallBatch100FinalPlanSetup	Panel1.edtYU	edtYU	TOvcSimpleField			RangeHigh	single			10	0	0	0	0							fdab204ec3419aaec2a6e736abf29529dc098dbcec4b002a6c690e2f29b4fc81	images\fdab204ec3419aaec2a6e736abf29529dc098dbcec4b002a6c690e2f29b4fc81.bin
C:\Projects\M2022\SmallBatch100Final.dfm	SmallBatch100Final.pas	dfm	TfrmSmallBatch100FinalPlanSetup	Panel1.edtYU	edtYU	TOvcSimpleField			RangeLow	single			10	0	0	0	0							01d448afd928065458cf670b60f5a594d735af0172c8d67f22a81680132681ca	images\01d448afd928065458cf670b60f5a594d735af0172c8d67f22a81680132681ca.bin
C:\Projects\M2022\SmallBatch100Final.dfm	SmallBatch100Final.pas	dfm	TfrmSmallBatch100FinalPlanSetup	Panel1.edtRU	edtRU	TOvcSimpleField			RangeHigh	single			10	0	0	0	0							fdab204ec3419aaec2a6e736abf29529dc098dbcec4b002a6c690e2f29b4fc81	images\fdab204ec3419aaec2a6e736abf29529dc098dbcec4b002a6c690e2f29b4fc81.bin
C:\Projects\M2022\SmallBatch100Final.dfm	SmallBatch100Final.pas	dfm	TfrmSmallBatch100FinalPlanSetup	Panel1.edtRU	edtRU	TOvcSimpleField			RangeLow	single			10	0	0	0	0							01d448afd928065458cf670b60f5a594d735af0172c8d67f22a81680132681ca	images\01d448afd928065458cf670b60f5a594d735af0172c8d67f22a81680132681ca.bin
C:\Projects\M2022\SmallBatch100Final.dfm	SmallBatch100Final.pas	dfm	TfrmSmallBatch100FinalPlanSetup	dxBarManager1.btnExit	btnExit	TdxBarButton			Glyph.Data	single		bmp	1078	16	16	32	0					1		d1f5d5f839df61eb3317ff82c09de63b57e908669df38bd26a96a6dd5b8d7ad7	images\d1f5d5f839df61eb3317ff82c09de63b57e908669df38bd26a96a6dd5b8d7ad7.bmp
C:\Projects\M2022\SmallBatch100Final.dfm	SmallBatch100Final.pas	dfm	TfrmSmallBatch100FinalPlanSetup	dxBarManager1.btnMaximize	btnMaximize	TdxBarButton			Glyph.Data	single		bmp	1078	16	16	32	0					1		d979d0b7b77a3576b3ea07e84c5ebda63b9ff26d22cf4e477f50474bd456c113	images\d979d0b7b77a3576b3ea07e84c5ebda63b9ff26d22cf4e477f50474bd456c113.bmp
C:\Projects\M2022\SmallBatch100Final.dfm	SmallBatch100Final.pas	dfm	TfrmSmallBatch100FinalPlanSetup	dxBarManager1.btnCancel	btnCancel	TdxBarButton			Glyph.Data	single		bmp	1078	16	16	32	0					1		d8be263f447bb2946a9ecf5e82e5052aebdb1fe0336a015e65e001415629d619	images\d8be263f447bb2946a9ecf5e82e5052aebdb1fe0336a015e65e001415629d619.bmp
C:\Projects\M2022\SmallStatus.dfm	SmallStatus.pas	dfm	TfrmSmallStatus		frmSmallStatus	TfrmSmallStatus			Icon.Data	single		ico	1150	0	0	0	0							87829c566615525191dec99da56caf00d42442aaa72a701af21d38cb4d4598be	images\87829c566615525191dec99da56caf00d42442aaa72a701af21d38cb4d4598be.ico
C:\Projects\M2022\SPCTplEdit.dfm	SPCTplEdit.pas	dfm	TfrmSPCTplEdit		frmSPCTplEdit	TfrmSPCTplEdit			Icon.Data	single		ico	1150	0	0	0	0							87829c566615525191dec99da56caf00d42442aaa72a701af21d38cb4d4598be	images\87829c566615525191dec99da56caf00d42442aaa72a701af21d38cb4d4598be.ico
C:\Projects\M2022\SPCTplEdit.dfm	SPCTplEdit.pas	dfm	TfrmSPCTplEdit	dxBarManager1.btnExit	btnExit	TdxBarButton			Glyph.Data	single		svg	3033	0	0	0	0							39e5933d6f88188b2c66d8c653d769e7684d9a23c349e93e39b61c6384fc2a9e	images\39e5933d6f88188b2c66d8c653d769e7684d9a23c349e93e39b61c6384fc2a9e.svg
C:\Projects\M2022\SPCTplEdit.dfm	SPCTplEdit.pas	dfm	TfrmSPCTplEdit	dxBarManager1.btnMaximize	btnMaximize	TdxBarButton			Glyph.Data	single		bmp	1078	16	16	32	0					1		d979d0b7b77a3576b3ea07e84c5ebda63b9ff26d22cf4e477f50474bd456c113	images\d979d0b7b77a3576b3ea07e84c5ebda63b9ff26d22cf4e477f50474bd456c113.bmp
C:\Projects\M2022\SPCTplEdit.dfm	SPCTplEdit.pas	dfm	TfrmSPCTplEdit	dxBarManager1.btnPrint	btnPrint	TdxBarButton			Glyph.Data	single		svg	819	0	0	0	0							4ba55ff88e8cf3f39a716d1dd6eb4e744836948baa8d84db637a15a904e50cdb	images\4ba55ff88e8cf3f39a716d1dd6eb4e744836948baa8d84db637a15a904e50cdb.svg
C:\Projects\M2022\SPCTplEdit.dfm	SPCTplEdit.pas	dfm	TfrmSPCTplEdit	dxBarManager1.dxBarDBNavFirst1	dxBarDBNavFirst1	TdxBarDBNavButton			Glyph.Data	single		bmp	1078	16	16	32	0					1		6607ef3da8822b74fe4b0acb662061780182bbfdc0c2cd0056156349e880dd94	images\6607ef3da8822b74fe4b0acb662061780182bbfdc0c2cd0056156349e880dd94.bmp
C:\Projects\M2022\SPCTplEdit.dfm	SPCTplEdit.pas	dfm	TfrmSPCTplEdit	dxBarManager1.dxBarDBNavPrev1	dxBarDBNavPrev1	TdxBarDBNavButton			Glyph.Data	single		bmp	1078	16	16	32	0					1		4506a08e333bf65e1241dc1d265c0ec790826f394a1e425324e80125ac979066	images\4506a08e333bf65e1241dc1d265c0ec790826f394a1e425324e80125ac979066.bmp
C:\Projects\M2022\SPCTplEdit.dfm	SPCTplEdit.pas	dfm	TfrmSPCTplEdit	dxBarManager1.dxBarDBNavNext1	dxBarDBNavNext1	TdxBarDBNavButton			Glyph.Data	single		bmp	1078	16	16	32	0					1		f1e077905d1aeb2d609668d4ed60b14af4e2852c7b1589986eed9a6c045d1e58	images\f1e077905d1aeb2d609668d4ed60b14af4e2852c7b1589986eed9a6c045d1e58.bmp
C:\Projects\M2022\SPCTplEdit.dfm	SPCTplEdit.pas	dfm	TfrmSPCTplEdit	dxBarManager1.dxBarDBNavLast1	dxBarDBNavLast1	TdxBarDBNavButton			Glyph.Data	single		bmp	1078	16	16	32	0					1		fce3745ba5ba9d6f747c39ade70e5bb3a43705557a11a01b17788a0cfe930304	images\fce3745ba5ba9d6f747c39ade70e5bb3a43705557a11a01b17788a0cfe930304.bmp
C:\Projects\M2022\SPCTplEdit.dfm	SPCTplEdit.pas	dfm	TfrmSPCTplEdit	dxBarManager1.dxBarDBNavInsert1	dxBarDBNavInsert1	TdxBarDBNavButton			Glyph.Data	single		bmp	1078	16	16	32	0					1		85c3d26e8518011389ca86bb003d4f646fde018f5b8ea6bb5f236fa6b26ed9cb	images\85c3d26e8518011389ca86bb003d4f646fde018f5b8ea6bb5f236fa6b26ed9cb.bmp
C:\Projects\M2022\SPCTplEdit.dfm	SPCTplEdit.pas	dfm	TfrmSPCTplEdit	dxBarManager1.dxBarDBNavDelete1	dxBarDBNavDelete1	TdxBarDBNavButton			Glyph.Data	single		bmp	1078	16	16	32	0					1		cb064bbb443aecb6b9c0d982ca7ef5e728083d86e4bf49b09e7330eed54dea24	images\cb064bbb443aecb6b9c0d982ca7ef5e728083d86e4bf49b09e7330eed54dea24.bmp
C:\Projects\M2022\SPCTplEdit.dfm	SPCTplEdit.pas	dfm	TfrmSPCTplEdit	dxBarManager1.dxBarDBNavEdit1	dxBarDBNavEdit1	TdxBarDBNavButton			Glyph.Data	single		bmp	1078	16	16	32	0					1		22e66cc36468572cbdcae127edc7fe7560a3f052fa05202b746f2491175a05cf	images\22e66cc36468572cbdcae127edc7fe7560a3f052fa05202b746f2491175a05cf.bmp
C:\Projects\M2022\SPCTplEdit.dfm	SPCTplEdit.pas	dfm	TfrmSPCTplEdit	dxBarManager1.dxBarDBNavPost1	dxBarDBNavPost1	TdxBarDBNavButton			Glyph.Data	single		bmp	1078	16	16	32	0					1		6212bc92930d93605cc9b6b3699601807dc1633fa573890fdac82faca790c47f	images\6212bc92930d93605cc9b6b3699601807dc1633fa573890fdac82faca790c47f.bmp
C:\Projects\M2022\SPCTplEdit.dfm	SPCTplEdit.pas	dfm	TfrmSPCTplEdit	dxBarManager1.dxBarDBNavCancel1	dxBarDBNavCancel1	TdxBarDBNavButton			Glyph.Data	single		bmp	1078	16	16	32	0					1		975795a643484a5073c6e0223bb36e40eaf96637165ace0ca753593af1dde849	images\975795a643484a5073c6e0223bb36e40eaf96637165ace0ca753593af1dde849.bmp
C:\Projects\M2022\SPCTplEdit.dfm	SPCTplEdit.pas	dfm	TfrmSPCTplEdit	dxBarManager1.dxBarDBNavRefresh1	dxBarDBNavRefresh1	TdxBarDBNavButton			Glyph.Data	single		bmp	1078	16	16	32	0					1		5d9485a834adeff5da0f68c84a8055425e3e8e58c4f93d181d2aa5086a8e39be	images\5d9485a834adeff5da0f68c84a8055425e3e8e58c4f93d181d2aa5086a8e39be.bmp
C:\Projects\M2022\SpecifyLot.dfm	SpecifyLot.pas	dfm	TfrmSpecifyLot		frmSpecifyLot	TfrmSpecifyLot			Icon.Data	single		ico	51262	0	0	0	0							adad2bc51732dcd9f6ba266123714c98295a19dc1825ce265486b70b67ab3b62	images\adad2bc51732dcd9f6ba266123714c98295a19dc1825ce265486b70b67ab3b62.ico
C:\Projects\M2022\SpecifyLot.dfm	SpecifyLot.pas	dfm	TfrmSpecifyLot	dxBarManager1.btnExit	btnExit	TdxBarButton			Glyph.Data	single		svg	3033	0	0	0	0							39e5933d6f88188b2c66d8c653d769e7684d9a23c349e93e39b61c6384fc2a9e	images\39e5933d6f88188b2c66d8c653d769e7684d9a23c349e93e39b61c6384fc2a9e.svg
C:\Projects\M2022\Splash.dfm	Splash.pas	dfm	TSplashScreen		SplashScreen	TSplashScreen			Icon.Data	single		ico	766	0	0	0	0							ff66307bd79fe7ed8b4531ae81ef3204cb3be14d8de48ef8f75f7f95693b8981	images\ff66307bd79fe7ed8b4531ae81ef3204cb3be14d8de48ef8f75f7f95693b8981.ico
C:\Projects\M2022\Splash.dfm	Splash.pas	dfm	TSplashScreen	Image1	Image1	TImage			Picture.Data	single	TBitmap	bmp	221682	432	171	24	0							80a76218ff0a4263c11bfed319b7be4c0162ff78e97582faa5f6637c79a4d935	images\80a76218ff0a4263c11bfed319b7be4c0162ff78e97582faa5f6637c79a4d935.bmp
C:\Projects\M2022\StationIDU.dfm	StationIDU.pas	dfm	TdlgStationID		dlgStationID	TdlgStationID			Icon.Data	single		ico	1150	0	0	0	0							87829c566615525191dec99da56caf00d42442aaa72a701af21d38cb4d4598be	images\87829c566615525191dec99da56caf00d42442aaa72a701af21d38cb4d4598be.ico
C:\Projects\M2022\StationIDU.dfm	StationIDU.pas	dfm	TdlgStationID	cxButton1	cxButton1	TcxButton			OptionsImage.Glyph.Data	single		svg	1105	0	0	0	0							43bd116e668340f853145178f68e1c75464eaa19da991145078f92e2f7f67600	images\43bd116e668340f853145178f68e1c75464eaa19da991145078f92e2f7f67600.svg
C:\Projects\M2022\StationIDU.dfm	StationIDU.pas	dfm	TdlgStationID	cxButton2	cxButton2	TcxButton			OptionsImage.Glyph.Data	single		svg	475	0	0	0	0							182dc8b95b3aacd3fb2a562fef0f9af9d1bcead5a2f8e9477f6910dfd29af2d0	images\182dc8b95b3aacd3fb2a562fef0f9af9d1bcead5a2f8e9477f6910dfd29af2d0.svg
C:\Projects\M2022\SublotID.dfm	SublotID.pas	dfm	TfrmSublotID	cxButton1	cxButton1	TcxButton			OptionsImage.Glyph.Data	single		svg	723	0	0	0	0							6a8f4727701352bc345de58f70f7ec6f307ceda2562282a3de79a148dd4ea87a	images\6a8f4727701352bc345de58f70f7ec6f307ceda2562282a3de79a148dd4ea87a.svg
C:\Projects\M2022\SurfaceFinish.dfm	SurfaceFinish.pas	dfm	TfrmSurfaceFinish		frmSurfaceFinish	TfrmSurfaceFinish			Icon.Data	single		ico	1150	0	0	0	0							87829c566615525191dec99da56caf00d42442aaa72a701af21d38cb4d4598be	images\87829c566615525191dec99da56caf00d42442aaa72a701af21d38cb4d4598be.ico
C:\Projects\M2022\SurfaceFinish.dfm	SurfaceFinish.pas	dfm	TfrmSurfaceFinish	qryStopReas	qryStopReas	TQuery			Data	single			719	0	0	0	0							456079cb9248f91a84d7aadb51b9d33f1b6a0438c46f3072478b3ec895b889ff	images\456079cb9248f91a84d7aadb51b9d33f1b6a0438c46f3072478b3ec895b889ff.bin
C:\Projects\M2022\SurfaceFinish.dfm	SurfaceFinish.pas	dfm	TfrmSurfaceFinish	dxBarManager1.dxBarDBNavFirst1	dxBarDBNavFirst1	TdxBarDBNavButton			Glyph.Data	single		bmp	1078	16	16	32	0					1		6607ef3da8822b74fe4b0acb662061780182bbfdc0c2cd0056156349e880dd94	images\6607ef3da8822b74fe4b0acb662061780182bbfdc0c2cd0056156349e880dd94.bmp
C:\Projects\M2022\SurfaceFinish.dfm	SurfaceFinish.pas	dfm	TfrmSurfaceFinish	dxBarManager1.dxBarDBNavPrev1	dxBarDBNavPrev1	TdxBarDBNavButton			Glyph.Data	single		bmp	1078	16	16	32	0					1		4506a08e333bf65e1241dc1d265c0ec790826f394a1e425324e80125ac979066	images\4506a08e333bf65e1241dc1d265c0ec790826f394a1e425324e80125ac979066.bmp
C:\Projects\M2022\SurfaceFinish.dfm	SurfaceFinish.pas	dfm	TfrmSurfaceFinish	dxBarManager1.dxBarDBNavNext1	dxBarDBNavNext1	TdxBarDBNavButton			Glyph.Data	single		bmp	1078	16	16	32	0					1		f1e077905d1aeb2d609668d4ed60b14af4e2852c7b1589986eed9a6c045d1e58	images\f1e077905d1aeb2d609668d4ed60b14af4e2852c7b1589986eed9a6c045d1e58.bmp
C:\Projects\M2022\SurfaceFinish.dfm	SurfaceFinish.pas	dfm	TfrmSurfaceFinish	dxBarManager1.dxBarDBNavLast1	dxBarDBNavLast1	TdxBarDBNavButton			Glyph.Data	single		bmp	1078	16	16	32	0					1		fce3745ba5ba9d6f747c39ade70e5bb3a43705557a11a01b17788a0cfe930304	images\fce3745ba5ba9d6f747c39ade70e5bb3a43705557a11a01b17788a0cfe930304.bmp
C:\Projects\M2022\SurfaceFinish.dfm	SurfaceFinish.pas	dfm	TfrmSurfaceFinish	dxBarManager1.dxBarDBNavInsert1	dxBarDBNavInsert1	TdxBarDBNavButton			Glyph.Data	single		bmp	1078	16	16	32	0					1		85c3d26e8518011389ca86bb003d4f646fde018f5b8ea6bb5f236fa6b26ed9cb	images\85c3d26e8518011389ca86bb003d4f646fde018f5b8ea6bb5f236fa6b26ed9cb.bmp
C:\Projects\M2022\SurfaceFinish.dfm	SurfaceFinish.pas	dfm	TfrmSurfaceFinish	dxBarManager1.dxBarDBNavDelete1	dxBarDBNavDelete1	TdxBarDBNavButton			Glyph.Data	single		bmp	1078	16	16	32	0					1		cb064bbb443aecb6b9c0d982ca7ef5e728083d86e4bf49b09e7330eed54dea24	images\cb064bbb443aecb6b9c0d982ca7ef5e728083d86e4bf49b09e7330eed54dea24.bmp
C:\Projects\M2022\SurfaceFinish.dfm	SurfaceFinish.pas	dfm	TfrmSurfaceFinish	dxBarManager1.dxBarDBNavEdit1	dxBarDBNavEdit1	TdxBarDBNavButton			Glyph.Data	single		bmp	1078	16	16	32	0					1		22e66cc36468572cbdcae127edc7fe7560a3f052fa05202b746f2491175a05cf	images\22e66cc36468572cbdcae127edc7fe7560a3f052fa05202b746f2491175a05cf.bmp
C:\Projects\M2022\SurfaceFinish.dfm	SurfaceFinish.pas	dfm	TfrmSurfaceFinish	dxBarManager1.dxBarDBNavPost1	dxBarDBNavPost1	TdxBarDBNavButton			Glyph.Data	single		bmp	1078	16	16	32	0					1		6212bc92930d93605cc9b6b3699601807dc1633fa573890fdac82faca790c47f	images\6212bc92930d93605cc9b6b3699601807dc1633fa573890fdac82faca790c47f.bmp
C:\Projects\M2022\SurfaceFinish.dfm	SurfaceFinish.pas	dfm	TfrmSurfaceFinish	dxBarManager1.dxBarDBNavCancel1	dxBarDBNavCancel1	TdxBarDBNavButton			Glyph.Data	single		bmp	1078	16	16	32	0					1		975795a643484a5073c6e0223bb36e40eaf96637165ace0ca753593af1dde849	images\975795a643484a5073c6e0223bb36e40eaf96637165ace0ca753593af1dde849.bmp
C:\Projects\M2022\SurfaceFinish.dfm	SurfaceFinish.pas	dfm	TfrmSurfaceFinish	dxBarManager1.dxBarDBNavRefresh1	dxBarDBNavRefresh1	TdxBarDBNavButton			Glyph.Data	single		bmp	1078	16	16	32	0					1		5d9485a834adeff5da0f68c84a8055425e3e8e58c4f93d181d2aa5086a8e39be	images\5d9485a834adeff5da0f68c84a8055425e3e8e58c4f93d181d2aa5086a8e39be.bmp
C:\Projects\M2022\SurfaceFinish.dfm	SurfaceFinish.pas	dfm	TfrmSurfaceFinish	dxBarManager1.btnExit	btnExit	TdxBarButton			Glyph.Data	single		bmp	1078	16	16	32	0					1		d1f5d5f839df61eb3317ff82c09de63b57e908669df38bd26a96a6dd5b8d7ad7	images\d1f5d5f839df61eb3317ff82c09de63b57e908669df38bd26a96a6dd5b8d7ad7.bmp
C:\Projects\M2022\SurfaceFinish.dfm	SurfaceFinish.pas	dfm	TfrmSurfaceFinish	dxBarManager1.btnPrint	btnPrint	TdxBarButton			Glyph.Data	single		bmp	1078	16	16	32	0					1		946d8ef4176300b7514b0712f480d3449521bbc5f097c0f596a6516e63518d3c	images\946d8ef4176300b7514b0712f480d3449521bbc5f097c0f596a6516e63518d3c.bmp
C:\Projects\M2022\SystemData2.dfm	SystemData2.pas	dfm	TdmlSystem2	tblSubDIspo	tblSubDIspo	TdxMemData			Persistent.Data	single			15	0	0	0	0							b08cf1bdc7fc8a8c77c021d43f13832a4242d834ee616315a83052acab84cba0	images\b08cf1bdc7fc8a8c77c021d43f13832a4242d834ee616315a83052acab84cba0.bin
C:\Projects\M2022\TAHistogram.dfm	TAHistogram.pas	dfm	TfrmToolAnalHistogram		frmToolAnalHistogram	TfrmToolAnalHistogram			Icon.Data	single		ico	766	0	0	0	0							f97bf4dec162607c66fa8fef3ff7cc32ac8ca761a250890afc6434fabbd46443	images\f97bf4dec162607c66fa8fef3ff7cc32ac8ca761a250890afc6434fabbd46443.ico
C:\Projects\M2022\TAHistogram.dfm	TAHistogram.pas	dfm	TfrmToolAnalHistogram	dxBarManager1.btnExit	btnExit	TdxBarButton			Glyph.Data	single		bmp	1078	16	16	32	0					1		d1f5d5f839df61eb3317ff82c09de63b57e908669df38bd26a96a6dd5b8d7ad7	images\d1f5d5f839df61eb3317ff82c09de63b57e908669df38bd26a96a6dd5b8d7ad7.bmp
C:\Projects\M2022\TAHistogram.dfm	TAHistogram.pas	dfm	TfrmToolAnalHistogram	dxBarManager1.btnMaximize	btnMaximize	TdxBarButton			Glyph.Data	single		bmp	1078	16	16	32	0					1		d979d0b7b77a3576b3ea07e84c5ebda63b9ff26d22cf4e477f50474bd456c113	images\d979d0b7b77a3576b3ea07e84c5ebda63b9ff26d22cf4e477f50474bd456c113.bmp
C:\Projects\M2022\TakeJob.dfm	TakeJob.pas	dfm	TfrmTakeJob		frmTakeJob	TfrmTakeJob			Icon.Data	single		ico	766	0	0	0	0							ff66307bd79fe7ed8b4531ae81ef3204cb3be14d8de48ef8f75f7f95693b8981	images\ff66307bd79fe7ed8b4531ae81ef3204cb3be14d8de48ef8f75f7f95693b8981.ico
C:\Projects\M2022\TakeJob.dfm	TakeJob.pas	dfm	TfrmTakeJob	Panel3.BitBtn2	BitBtn2	TBitBtn			Glyph.Data	strip		bmp	502	36	19	4	16	NumGlyphs	2		2			ddc305f783395aefec062417f69b505ae5468cf386dc45b3bf6031b09bd82a8a	images\ddc305f783395aefec062417f69b505ae5468cf386dc45b3bf6031b09bd82a8a.bmp
C:\Projects\M2022\TakeJob.dfm	TakeJob.pas	dfm	TfrmTakeJob	dxBarManager1.btnCancel	btnCancel	TdxBarButton			Glyph.Data	single		bmp	1078	16	16	32	0					1		0eb430c3bf766d2880fb74dcbba407cf82fd63719978d05d02e3bd7f7a2a0a3c	images\0eb430c3bf766d2880fb74dcbba407cf82fd63719978d05d02e3bd7f7a2a0a3c.bmp
C:\Projects\M2022\TakeJob.dfm	TakeJob.pas	dfm	TfrmTakeJob	dxBarManager1.btnAll	btnAll	TdxBarButton			Glyph.Data	single		bmp	1078	16	16	32	0					1		84f4b7f0ccef4e8ce17e40bf4c02ad3971c0c018fa44b1b0ce43a46a54ac03bc	images\84f4b7f0ccef4e8ce17e40bf4c02ad3971c0c018fa44b1b0ce43a46a54ac03bc.bmp
C:\Projects\M2022\TakeJob.dfm	TakeJob.pas	dfm	TfrmTakeJob	dxBarManager1.btnOK	btnOK	TdxBarButton			Glyph.Data	single		bmp	1078	16	16	32	0					1		a71c4102c9b434e330a055dd9835c810a711f395893b3d5281ff957607476fd5	images\a71c4102c9b434e330a055dd9835c810a711f395893b3d5281ff957607476fd5.bmp
C:\Projects\M2022\TESTS\MetrologyCategories.dfm	MetrologyCategories.pas	dfm	TfrmMetrologyCategories		frmMetrologyCategories	TfrmMetrologyCategories			Icon.Data	single		ico	1150	0	0	0	0							87829c566615525191dec99da56caf00d42442aaa72a701af21d38cb4d4598be	images\87829c566615525191dec99da56caf00d42442aaa72a701af21d38cb4d4598be.ico
C:\Projects\M2022\TESTS\MetrologyCategories.dfm	MetrologyCategories.pas	dfm	TfrmMetrologyCategories	dxBarManager1.btnExit	btnExit	TdxBarButton			Glyph.Data	single		bmp	1078	16	16	32	0					1		d1f5d5f839df61eb3317ff82c09de63b57e908669df38bd26a96a6dd5b8d7ad7	images\d1f5d5f839df61eb3317ff82c09de63b57e908669df38bd26a96a6dd5b8d7ad7.bmp
C:\Projects\M2022\TESTS\MetrologyCategories.dfm	MetrologyCategories.pas	dfm	TfrmMetrologyCategories	dxBarManager1.btnMaximize	btnMaximize	TdxBarButton			Glyph.Data	single		bmp	1078	16	16	32	0					1		d979d0b7b77a3576b3ea07e84c5ebda63b9ff26d22cf4e477f50474bd456c113	images\d979d0b7b77a3576b3ea07e84c5ebda63b9ff26d22cf4e477f50474bd456c113.bmp
C:\Projects\M2022\TESTS\MetrologyCategories.dfm	MetrologyCategories.pas	dfm	TfrmMetrologyCategories	dxBarManager1.btnCancel	btnCancel	TdxBarButton			Glyph.Data	single		bmp	1078	16	16	32	0					1		d8be263f447bb2946a9ecf5e82e5052aebdb1fe0336a015e65e001415629d619	images\d8be263f447bb2946a9ecf5e82e5052aebdb1fe0336a015e65e001415629d619.bmp
C:\Projects\M2022\TESTS\MetrologyCategories.dfm	MetrologyCategories.pas	dfm	TfrmMetrologyCategories	dxBarManager1.btnSaveButton	btnSaveButton	TdxBarButton			Glyph.Data	single		bmp	1078	16	16	32	0					1		73f8d7829293829e26b41246906634217fcb2356acd4ccab9ad84b52474c46ec	images\73f8d7829293829e26b41246906634217fcb2356acd4ccab9ad84b52474c46ec.bmp
C:\Projects\M2022\TESTS\MetrologyCategories.dfm	MetrologyCategories.pas	dfm	TfrmMetrologyCategories	dxBarManager1.btnNewSubCategory	btnNewSubCategory	TdxBarButton			Glyph.Data	single		bmp	1078	16	16	32	0					1		61d5f4ab29f0580e68da70744e22213ce5098f2667b915fe37a3962782143738	images\61d5f4ab29f0580e68da70744e22213ce5098f2667b915fe37a3962782143738.bmp
C:\Projects\M2022\TESTS\MetrologyCategories.dfm	MetrologyCategories.pas	dfm	TfrmMetrologyCategories	dxBarManager1.btnAdd1	btnAdd1	TdxBarButton			Glyph.Data	single		bmp	1078	16	16	32	0					1		e9e060b7d7f05c2d2bfc9982aa23be2d98161181afb547572114a758a32dd203	images\e9e060b7d7f05c2d2bfc9982aa23be2d98161181afb547572114a758a32dd203.bmp
C:\Projects\M2022\TESTS\MetrologyCategories.dfm	MetrologyCategories.pas	dfm	TfrmMetrologyCategories	dxBarManager1.btnAdd2	btnAdd2	TdxBarButton			Glyph.Data	single		bmp	1078	16	16	32	0					1		fc3322b98624c0334340e19c665795d435b08d1c63bf3df170c6a2130cc1d74a	images\fc3322b98624c0334340e19c665795d435b08d1c63bf3df170c6a2130cc1d74a.bmp
C:\Projects\M2022\TESTS\MetrologyCategories.dfm	MetrologyCategories.pas	dfm	TfrmMetrologyCategories	dxBarManager1.btnAdd3	btnAdd3	TdxBarButton			Glyph.Data	single		bmp	1078	16	16	32	0					1		61d5405c0ffa2f5215b89de25d4f9e47caf21c0953d2709bbcbfbeaa8996fcf4	images\61d5405c0ffa2f5215b89de25d4f9e47caf21c0953d2709bbcbfbeaa8996fcf4.bmp
C:\Projects\M2022\TESTS\MetrologyCategories.dfm	MetrologyCategories.pas	dfm	TfrmMetrologyCategories	dxBarManager1.btnPrint	btnPrint	TdxBarButton			Glyph.Data	single		bmp	1078	16	16	32	0					1		946d8ef4176300b7514b0712f480d3449521bbc5f097c0f596a6516e63518d3c	images\946d8ef4176300b7514b0712f480d3449521bbc5f097c0f596a6516e63518d3c.bmp
C:\Projects\M2022\TESTS\MetrologyCategories.dfm	MetrologyCategories.pas	dfm	TfrmMetrologyCategories	dxBarManager1.btnReport	btnReport	TdxBarButton			Glyph.Data	single		bmp	1078	16	16	32	0					1		fb2533cf1fc249e88ccf988b1f07d83347792981db2e261631029275a1ac9e2e	images\fb2533cf1fc249e88ccf988b1f07d83347792981db2e261631029275a1ac9e2e.bmp
C:\Projects\M2022\TESTS\MetrologyCategories.dfm	MetrologyCategories.pas	dfm	TfrmMetrologyCategories	dxBarManager1.btnDelete	btnDelete	TdxBarButton			Glyph.Data	single		bmp	1078	16	16	32	0					1		508dae2faeb4201ba6728e5371f26993705605524a0d523afad8641cb8210d34	images\508dae2faeb4201ba6728e5371f26993705605524a0d523afad8641cb8210d34.bmp
C:\Projects\M2022\TESTS\MetrologyCategories.dfm	MetrologyCategories.pas	dfm	TfrmMetrologyCategories	ImageList1	ImageList1	TImageList			Bitmap	container			8614	0	0	0	0							08ff946d2d40a7ce36478e5e249e49569c745db981797c01803094a87586eb95	images\08ff946d2d40a7ce36478e5e249e49569c745db981797c01803094a87586eb95.bin
C:\Projects\M2022\timebreakdn.dfm	timebreakdn.pas	dfm	TfrmTimebreakdn		frmTimebreakdn	TfrmTimebreakdn			Icon.Data	single		ico	1150	0	0	0	0							87829c566615525191dec99da56caf00d42442aaa72a701af21d38cb4d4598be	images\87829c566615525191dec99da56caf00d42442aaa72a701af21d38cb4d4598be.ico
C:\Projects\M2022\timebreakdn.dfm	timebreakdn.pas	dfm	TfrmTimebreakdn	Panel2.BitBtn1	BitBtn1	TcxButton			OptionsImage.Glyph.Data	strip		bmp	2646	36	18	32	0	OptionsImage.NumGlyphs	2		2	2	Y	cb0963b13f440ab0c3e40c1c2890dbd35a5489c1e92385f22fd2cafd5a266ac5	images\cb0963b13f440ab0c3e40c1c2890dbd35a5489c1e92385f22fd2cafd5a266ac5.bmp
C:\Projects\M2022\timebreakdn.dfm	timebreakdn.pas	dfm	TfrmTimebreakdn	dxBarManager1.btnExit	btnExit	TdxBarLargeButton			Glyph.Data	single		svg	3033	0	0	0	0							39e5933d6f88188b2c66d8c653d769e7684d9a23c349e93e39b61c6384fc2a9e	images\39e5933d6f88188b2c66d8c653d769e7684d9a23c349e93e39b61c6384fc2a9e.svg
C:\Projects\M2022\timebreakdn.dfm	timebreakdn.pas	dfm	TfrmTimebreakdn	dxBarManager1.btnExit	btnExit	TdxBarLargeButton			LargeGlyph.Data	single		svg	3033	0	0	0	0							39e5933d6f88188b2c66d8c653d769e7684d9a23c349e93e39b61c6384fc2a9e	images\39e5933d6f88188b2c66d8c653d769e7684d9a23c349e93e39b61c6384fc2a9e.svg
C:\Projects\M2022\timebreakdn.dfm	timebreakdn.pas	dfm	TfrmTimebreakdn	dxBarManager1.btnExit	btnExit	TdxBarLargeButton			HotGlyph.Data	single		svg	3033	0	0	0	0							39e5933d6f88188b2c66d8c653d769e7684d9a23c349e93e39b61c6384fc2a9e	images\39e5933d6f88188b2c66d8c653d769e7684d9a23c349e93e39b61c6384fc2a9e.svg
C:\Projects\M2022\timebreakdn.dfm	timebreakdn.pas	dfm	TfrmTimebreakdn	dxBarManager1.btnCancel	btnCancel	TdxBarLargeButton			Glyph.Data	single		svg	475	0	0	0	0							182dc8b95b3aacd3fb2a562fef0f9af9d1bcead5a2f8e9477f6910dfd29af2d0	images\182dc8b95b3aacd3fb2a562fef0f9af9d1bcead5a2f8e9477f6910dfd29af2d0.svg
C:\Projects\M2022\timebreakdn.dfm	timebreakdn.pas	dfm	TfrmTimebreakdn	dxBarManager1.btnCancel	btnCancel	TdxBarLargeButton			LargeGlyph.Data	single		svg	475	0	0	0	0							182dc8b95b3aacd3fb2a562fef0f9af9d1bcead5a2f8e9477f6910dfd29af2d0	images\182dc8b95b3aacd3fb2a562fef0f9af9d1bcead5a2f8e9477f6910dfd29af2d0.svg
C:\Projects\M2022\timebreakdn.dfm	timebreakdn.pas	dfm	TfrmTimebreakdn	dxBarManager1.btnCancel	btnCancel	TdxBarLargeButton			HotGlyph.Data	single		svg	475	0	0	0	0							182dc8b95b3aacd3fb2a562fef0f9af9d1bcead5a2f8e9477f6910dfd29af2d0	images\182dc8b95b3aacd3fb2a562fef0f9af9d1bcead5a2f8e9477f6910dfd29af2d0.svg
C:\Projects\M2022\timebreakdn.dfm	timebreakdn.pas	dfm	TfrmTimebreakdn	dxBarManager1.dxBarDBNavFirst1	dxBarDBNavFirst1	TdxBarDBNavButton			Glyph.Data	single		svg	473	0	0	0	0							4f6b5e7feb872030cf8c07f4b0a9154dba561d068f0bbe851f401038888deb73	images\4f6b5e7feb872030cf8c07f4b0a9154dba561d068f0bbe851f401038888deb73.svg
C:\Projects\M2022\timebreakdn.dfm	timebreakdn.pas	dfm	TfrmTimebreakdn	dxBarManager1.dxBarDBNavPrev1	dxBarDBNavPrev1	TdxBarDBNavButton			Glyph.Data	single		svg	326	0	0	0	0							9affc86233a3c5214b39371064995d1a618b6351e5fc4ea3fcc737d5adee7301	images\9affc86233a3c5214b39371064995d1a618b6351e5fc4ea3fcc737d5adee7301.svg
C:\Projects\M2022\timebreakdn.dfm	timebreakdn.pas	dfm	TfrmTimebreakdn	dxBarManager1.dxBarDBNavNext1	dxBarDBNavNext1	TdxBarDBNavButton			Glyph.Data	single		svg	326	0	0	0	0							31c86d717e300180306624b9f136bc00ee9996221aef9eb76e66c80b91008bf7	images\31c86d717e300180306624b9f136bc00ee9996221aef9eb76e66c80b91008bf7.svg
C:\Projects\M2022\timebreakdn.dfm	timebreakdn.pas	dfm	TfrmTimebreakdn	dxBarManager1.dxBarDBNavLast1	dxBarDBNavLast1	TdxBarDBNavButton			Glyph.Data	single		svg	433	0	0	0	0							44036aa63309d06887b4983c8a4fc4e7f96de9af23f3593af004275785272ced	images\44036aa63309d06887b4983c8a4fc4e7f96de9af23f3593af004275785272ced.svg
C:\Projects\M2022\timebreakdn.dfm	timebreakdn.pas	dfm	TfrmTimebreakdn	dxBarManager1.dxBarDBNavInsert1	dxBarDBNavInsert1	TdxBarDBNavButton			Glyph.Data	single		svg	421	0	0	0	0							213250362e820808f9afeae33d37fe36d29446da8156945b7c706b08cd1f8ef6	images\213250362e820808f9afeae33d37fe36d29446da8156945b7c706b08cd1f8ef6.svg
C:\Projects\M2022\timebreakdn.dfm	timebreakdn.pas	dfm	TfrmTimebreakdn	dxBarManager1.dxBarDBNavDelete1	dxBarDBNavDelete1	TdxBarDBNavButton			Glyph.Data	single		svg	331	0	0	0	0							3426812018064253d38559294ae768a24bc1f0e2b55e1155b259650d305523b2	images\3426812018064253d38559294ae768a24bc1f0e2b55e1155b259650d305523b2.svg
C:\Projects\M2022\timebreakdn.dfm	timebreakdn.pas	dfm	TfrmTimebreakdn	dxBarManager1.dxBarDBNavEdit1	dxBarDBNavEdit1	TdxBarDBNavButton			Glyph.Data	single		svg	299	0	0	0	0							d7cef1afe0805720b049c349aa2273488c1eee83041ed56aa0d6d8502f8f2708	images\d7cef1afe0805720b049c349aa2273488c1eee83041ed56aa0d6d8502f8f2708.svg
C:\Projects\M2022\timebreakdn.dfm	timebreakdn.pas	dfm	TfrmTimebreakdn	dxBarManager1.dxBarDBNavPost1	dxBarDBNavPost1	TdxBarDBNavButton			Glyph.Data	single		svg	337	0	0	0	0							8f9b13bab01903aac5c507b4e8cabbe899263cd4f3aa5b9a02b0cf8d69d57e03	images\8f9b13bab01903aac5c507b4e8cabbe899263cd4f3aa5b9a02b0cf8d69d57e03.svg
C:\Projects\M2022\timebreakdn.dfm	timebreakdn.pas	dfm	TfrmTimebreakdn	dxBarManager1.dxBarDBNavCancel1	dxBarDBNavCancel1	TdxBarDBNavButton			Glyph.Data	single		svg	581	0	0	0	0							0bf670167728fb629118e442f19cb6d896033afa8289ac7bed141f4aa7ee9093	images\0bf670167728fb629118e442f19cb6d896033afa8289ac7bed141f4aa7ee9093.svg
C:\Projects\M2022\timebreakdn.dfm	timebreakdn.pas	dfm	TfrmTimebreakdn	dxBarManager1.dxBarDBNavRefresh1	dxBarDBNavRefresh1	TdxBarDBNavButton			Glyph.Data	single		svg	426	0	0	0	0							fe976aa73cfd0d6bdb8e57cba9f19670367d0f5a0ad38d7ed106e3af5b2d2eae	images\fe976aa73cfd0d6bdb8e57cba9f19670367d0f5a0ad38d7ed106e3af5b2d2eae.svg
C:\Projects\M2022\timebreakdn.dfm	timebreakdn.pas	dfm	TfrmTimebreakdn	dxBarManager1.dxBarDBNavAppend1	dxBarDBNavAppend1	TdxBarDBNavButton			Glyph.Data	single		svg	370	0	0	0	0							1cc652cdffa3e7adfface918a6fcea8f0c700fc11ba39682e14b71de2890a6ba	images\1cc652cdffa3e7adfface918a6fcea8f0c700fc11ba39682e14b71de2890a6ba.svg
C:\Projects\M2022\timebreakdnTH2.dfm	timebreakdnTH2.pas	dfm	TfrmTimebreakdnTH2		frmTimebreakdnTH2	TfrmTimebreakdnTH2			Icon.Data	single		ico	1150	0	0	0	0							87829c566615525191dec99da56caf00d42442aaa72a701af21d38cb4d4598be	images\87829c566615525191dec99da56caf00d42442aaa72a701af21d38cb4d4598be.ico
C:\Projects\M2022\timebreakdnTH2.dfm	timebreakdnTH2.pas	dfm	TfrmTimebreakdnTH2	Panel2.BitBtn1	BitBtn1	TcxButton			OptionsImage.Glyph.Data	strip		bmp	2646	36	18	32	0	OptionsImage.NumGlyphs	2		2	2	Y	cb0963b13f440ab0c3e40c1c2890dbd35a5489c1e92385f22fd2cafd5a266ac5	images\cb0963b13f440ab0c3e40c1c2890dbd35a5489c1e92385f22fd2cafd5a266ac5.bmp
C:\Projects\M2022\timebreakdnTH2.dfm	timebreakdnTH2.pas	dfm	TfrmTimebreakdnTH2	dxBarManager1.btnExit	btnExit	TdxBarButton			Glyph.Data	single		svg	3033	0	0	0	0							39e5933d6f88188b2c66d8c653d769e7684d9a23c349e93e39b61c6384fc2a9e	images\39e5933d6f88188b2c66d8c653d769e7684d9a23c349e93e39b61c6384fc2a9e.svg
C:\Projects\M2022\timebreakdnTH2.dfm	timebreakdnTH2.pas	dfm	TfrmTimebreakdnTH2	dxBarManager1.btnExit	btnExit	TdxBarButton			LargeGlyph.Data	single		svg	3033	0	0	0	0							39e5933d6f88188b2c66d8c653d769e7684d9a23c349e93e39b61c6384fc2a9e	images\39e5933d6f88188b2c66d8c653d769e7684d9a23c349e93e39b61c6384fc2a9e.svg
C:\Projects\M2022\timebreakdnTH2.dfm	timebreakdnTH2.pas	dfm	TfrmTimebreakdnTH2	dxBarManager1.btnCancel1	btnCancel1	TdxBarButton			Glyph.Data	single		svg	475	0	0	0	0							182dc8b95b3aacd3fb2a562fef0f9af9d1bcead5a2f8e9477f6910dfd29af2d0	images\182dc8b95b3aacd3fb2a562fef0f9af9d1bcead5a2f8e9477f6910dfd29af2d0.svg
C:\Projects\M2022\timebreakdnTH2.dfm	timebreakdnTH2.pas	dfm	TfrmTimebreakdnTH2	dxBarManager1.btnCancel1	btnCancel1	TdxBarButton			LargeGlyph.Data	single		svg	475	0	0	0	0							182dc8b95b3aacd3fb2a562fef0f9af9d1bcead5a2f8e9477f6910dfd29af2d0	images\182dc8b95b3aacd3fb2a562fef0f9af9d1bcead5a2f8e9477f6910dfd29af2d0.svg
C:\Projects\M2022\timebreakdnTH2.dfm	timebreakdnTH2.pas	dfm	TfrmTimebreakdnTH2	dxBarManager1.dxBarDBNavFirst1	dxBarDBNavFirst1	TdxBarDBNavButton			Glyph.Data	single		svg	473	0	0	0	0							4f6b5e7feb872030cf8c07f4b0a9154dba561d068f0bbe851f401038888deb73	images\4f6b5e7feb872030cf8c07f4b0a9154dba561d068f0bbe851f401038888deb73.svg
C:\Projects\M2022\timebreakdnTH2.dfm	timebreakdnTH2.pas	dfm	TfrmTimebreakdnTH2	dxBarManager1.dxBarDBNavPrev1	dxBarDBNavPrev1	TdxBarDBNavButton			Glyph.Data	single		svg	326	0	0	0	0							9affc86233a3c5214b39371064995d1a618b6351e5fc4ea3fcc737d5adee7301	images\9affc86233a3c5214b39371064995d1a618b6351e5fc4ea3fcc737d5adee7301.svg
C:\Projects\M2022\timebreakdnTH2.dfm	timebreakdnTH2.pas	dfm	TfrmTimebreakdnTH2	dxBarManager1.dxBarDBNavNext1	dxBarDBNavNext1	TdxBarDBNavButton			Glyph.Data	single		svg	326	0	0	0	0							31c86d717e300180306624b9f136bc00ee9996221aef9eb76e66c80b91008bf7	images\31c86d717e300180306624b9f136bc00ee9996221aef9eb76e66c80b91008bf7.svg
C:\Projects\M2022\timebreakdnTH2.dfm	timebreakdnTH2.pas	dfm	TfrmTimebreakdnTH2	dxBarManager1.dxBarDBNavLast1	dxBarDBNavLast1	TdxBarDBNavButton			Glyph.Data	single		svg	433	0	0	0	0							44036aa63309d06887b4983c8a4fc4e7f96de9af23f3593af004275785272ced	images\44036aa63309d06887b4983c8a4fc4e7f96de9af23f3593af004275785272ced.svg
C:\Projects\M2022\timebreakdnTH2.dfm	timebreakdnTH2.pas	dfm	TfrmTimebreakdnTH2	dxBarManager1.dxBarDBNavInsert1	dxBarDBNavInsert1	TdxBarDBNavButton			Glyph.Data	single		svg	421	0	0	0	0							213250362e820808f9afeae33d37fe36d29446da8156945b7c706b08cd1f8ef6	images\213250362e820808f9afeae33d37fe36d29446da8156945b7c706b08cd1f8ef6.svg
C:\Projects\M2022\timebreakdnTH2.dfm	timebreakdnTH2.pas	dfm	TfrmTimebreakdnTH2	dxBarManager1.dxBarDBNavDelete1	dxBarDBNavDelete1	TdxBarDBNavButton			Glyph.Data	single		svg	331	0	0	0	0							3426812018064253d38559294ae768a24bc1f0e2b55e1155b259650d305523b2	images\3426812018064253d38559294ae768a24bc1f0e2b55e1155b259650d305523b2.svg
C:\Projects\M2022\timebreakdnTH2.dfm	timebreakdnTH2.pas	dfm	TfrmTimebreakdnTH2	dxBarManager1.dxBarDBNavEdit1	dxBarDBNavEdit1	TdxBarDBNavButton			Glyph.Data	single		svg	299	0	0	0	0							d7cef1afe0805720b049c349aa2273488c1eee83041ed56aa0d6d8502f8f2708	images\d7cef1afe0805720b049c349aa2273488c1eee83041ed56aa0d6d8502f8f2708.svg
C:\Projects\M2022\timebreakdnTH2.dfm	timebreakdnTH2.pas	dfm	TfrmTimebreakdnTH2	dxBarManager1.dxBarDBNavPost1	dxBarDBNavPost1	TdxBarDBNavButton			Glyph.Data	single		svg	337	0	0	0	0							8f9b13bab01903aac5c507b4e8cabbe899263cd4f3aa5b9a02b0cf8d69d57e03	images\8f9b13bab01903aac5c507b4e8cabbe899263cd4f3aa5b9a02b0cf8d69d57e03.svg
C:\Projects\M2022\timebreakdnTH2.dfm	timebreakdnTH2.pas	dfm	TfrmTimebreakdnTH2	dxBarManager1.dxBarDBNavCancel1	dxBarDBNavCancel1	TdxBarDBNavButton			Glyph.Data	single		svg	581	0	0	0	0							0bf670167728fb629118e442f19cb6d896033afa8289ac7bed141f4aa7ee9093	images\0bf670167728fb629118e442f19cb6d896033afa8289ac7bed141f4aa7ee9093.svg
C:\Projects\M2022\timebreakdnTH2.dfm	timebreakdnTH2.pas	dfm	TfrmTimebreakdnTH2	dxBarManager1.dxBarDBNavRefresh1	dxBarDBNavRefresh1	TdxBarDBNavButton			Glyph.Data	single		svg	426	0	0	0	0							fe976aa73cfd0d6bdb8e57cba9f19670367d0f5a0ad38d7ed106e3af5b2d2eae	images\fe976aa73cfd0d6bdb8e57cba9f19670367d0f5a0ad38d7ed106e3af5b2d2eae.svg
C:\Projects\M2022\timebreakdnTH2.dfm	timebreakdnTH2.pas	dfm	TfrmTimebreakdnTH2	dxBarManager1.dxBarDBNavAppend1	dxBarDBNavAppend1	TdxBarDBNavButton			Glyph.Data	single		svg	370	0	0	0	0							1cc652cdffa3e7adfface918a6fcea8f0c700fc11ba39682e14b71de2890a6ba	images\1cc652cdffa3e7adfface918a6fcea8f0c700fc11ba39682e14b71de2890a6ba.svg
C:\Projects\M2022\TimeBrkReport.dfm	TimeBrkReport.pas	dfm	TfrmTimeBrkReport		frmTimeBrkReport	TfrmTimeBrkReport			Icon.Data	single		ico	1150	0	0	0	0							87829c566615525191dec99da56caf00d42442aaa72a701af21d38cb4d4598be	images\87829c566615525191dec99da56caf00d42442aaa72a701af21d38cb4d4598be.ico
C:\Projects\M2022\TimeBrkReport.dfm	TimeBrkReport.pas	dfm	TfrmTimeBrkReport	dxBarManager1.btnExit	btnExit	TdxBarButton			Glyph.Data	single		svg	3033	0	0	0	0							39e5933d6f88188b2c66d8c653d769e7684d9a23c349e93e39b61c6384fc2a9e	images\39e5933d6f88188b2c66d8c653d769e7684d9a23c349e93e39b61c6384fc2a9e.svg
C:\Projects\M2022\TimeBrkReport.dfm	TimeBrkReport.pas	dfm	TfrmTimeBrkReport	dxBarManager1.btnExit	btnExit	TdxBarButton			LargeGlyph.Data	single		svg	3033	0	0	0	0							39e5933d6f88188b2c66d8c653d769e7684d9a23c349e93e39b61c6384fc2a9e	images\39e5933d6f88188b2c66d8c653d769e7684d9a23c349e93e39b61c6384fc2a9e.svg
C:\Projects\M2022\TimeBrkReport.dfm	TimeBrkReport.pas	dfm	TfrmTimeBrkReport	dxBarManager1.btnMaximize	btnMaximize	TdxBarButton			Glyph.Data	single		svg	783	0	0	0	0							a04d5c7e545624b99c2776d2a695d8f00b718c15eb88bf461ead28bece4b6618	images\a04d5c7e545624b99c2776d2a695d8f00b718c15eb88bf461ead28bece4b6618.svg
C:\Projects\M2022\TimeBrkReport.dfm	TimeBrkReport.pas	dfm	TfrmTimeBrkReport	dxBarManager1.btnMaximize	btnMaximize	TdxBarButton			LargeGlyph.Data	single		svg	783	0	0	0	0							a04d5c7e545624b99c2776d2a695d8f00b718c15eb88bf461ead28bece4b6618	images\a04d5c7e545624b99c2776d2a695d8f00b718c15eb88bf461ead28bece4b6618.svg
C:\Projects\M2022\TimeBrkReport.dfm	TimeBrkReport.pas	dfm	TfrmTimeBrkReport	dxBarManager1.dllOperation	dllOperation	TdxBarLookupCombo			Glyph.Data	single		bmp	1078	16	16	32	0					1		bbc4108921a351ec72897a48f2154efc1912a9110484d6471ef4ae5072a64f09	images\bbc4108921a351ec72897a48f2154efc1912a9110484d6471ef4ae5072a64f09.bmp
C:\Projects\M2022\TimeBrkReport.dfm	TimeBrkReport.pas	dfm	TfrmTimeBrkReport	dxBarManager1.ddlSublot	ddlSublot	TdxBarLookupCombo			Glyph.Data	single		bmp	1078	16	16	32	0					1		bbc4108921a351ec72897a48f2154efc1912a9110484d6471ef4ae5072a64f09	images\bbc4108921a351ec72897a48f2154efc1912a9110484d6471ef4ae5072a64f09.bmp
C:\Projects\M2022\ToolAnal2.dfm	ToolAnal2.pas	dfm	TfrmToolAnal		frmToolAnal	TfrmToolAnal			Icon.Data	single		ico	51262	0	0	0	0							adad2bc51732dcd9f6ba266123714c98295a19dc1825ce265486b70b67ab3b62	images\adad2bc51732dcd9f6ba266123714c98295a19dc1825ce265486b70b67ab3b62.ico
C:\Projects\M2022\ToolAnal2.dfm	ToolAnal2.pas	dfm	TfrmToolAnal	qryChartZZZ	qryChartZZZ	TQuery			Data	single			15123	0	0	0	0							52fa0076a8ed17db408f789703af8ac14a6da7d5a5fc5eb8f05024577058b6f3	images\52fa0076a8ed17db408f789703af8ac14a6da7d5a5fc5eb8f05024577058b6f3.bin
C:\Projects\M2022\ToolAnal2.dfm	ToolAnal2.pas	dfm	TfrmToolAnal	dxBarManager1.btnHistogramColumns	btnHistogramColumns	TdxBarImageCombo			Glyph.Data	single		bmp	1078	16	16	32	0					1		9c41a85fa5ce6f5ec03987b719f3b171c7de40ed8bd799565cd38495132bf080	images\9c41a85fa5ce6f5ec03987b719f3b171c7de40ed8bd799565cd38495132bf080.bmp
C:\Projects\M2022\ToolAnal2.dfm	ToolAnal2.pas	dfm	TfrmToolAnal	dxBarManager1.btnReport	btnReport	TdxBarButton			Glyph.Data	single		bmp	1078	16	16	32	0					1		41a010007b753321fb08c4cecb4ebd72f01ba67bbcf191cb03abbba6225abe8c	images\41a010007b753321fb08c4cecb4ebd72f01ba67bbcf191cb03abbba6225abe8c.bmp
C:\Projects\M2022\ToolAnal2.dfm	ToolAnal2.pas	dfm	TfrmToolAnal	dxBarManager1.btnPrint1	btnPrint1	TdxBarButton			Glyph.Data	single		bmp	1078	16	16	32	0					1		946d8ef4176300b7514b0712f480d3449521bbc5f097c0f596a6516e63518d3c	images\946d8ef4176300b7514b0712f480d3449521bbc5f097c0f596a6516e63518d3c.bmp
C:\Projects\M2022\ToolAnal2.dfm	ToolAnal2.pas	dfm	TfrmToolAnal	dxBarManager1.btnExit1	btnExit1	TdxBarButton			Glyph.Data	single		bmp	1078	16	16	32	0					1		d1f5d5f839df61eb3317ff82c09de63b57e908669df38bd26a96a6dd5b8d7ad7	images\d1f5d5f839df61eb3317ff82c09de63b57e908669df38bd26a96a6dd5b8d7ad7.bmp
C:\Projects\M2022\ToolAnal2.dfm	ToolAnal2.pas	dfm	TfrmToolAnal	dxBarManager1.btnToolAction	btnToolAction	TdxBarImageCombo			Glyph.Data	single		bmp	1078	16	16	32	0					1		9c41a85fa5ce6f5ec03987b719f3b171c7de40ed8bd799565cd38495132bf080	images\9c41a85fa5ce6f5ec03987b719f3b171c7de40ed8bd799565cd38495132bf080.bmp
C:\Projects\M2022\ToolAnal2.dfm	ToolAnal2.pas	dfm	TfrmToolAnal	dxBarManager1.btnUnits	btnUnits	TdxBarImageCombo			Glyph.Data	single		bmp	1078	16	16	32	0					1		9c41a85fa5ce6f5ec03987b719f3b171c7de40ed8bd799565cd38495132bf080	images\9c41a85fa5ce6f5ec03987b719f3b171c7de40ed8bd799565cd38495132bf080.bmp
C:\Projects\M2022\ToolAnal2.dfm	ToolAnal2.pas	dfm	TfrmToolAnal	dxBarManager1.btnHistogram	btnHistogram	TdxBarButton			Glyph.Data	single		bmp	1078	16	16	32	0					1		4743ebce787275a2524aeca5e86a605997c345ea70be9e8480d91d5840a81969	images\4743ebce787275a2524aeca5e86a605997c345ea70be9e8480d91d5840a81969.bmp
C:\Projects\M2022\ToolAnal2.dfm	ToolAnal2.pas	dfm	TfrmToolAnal	dxBarManager1.btnFrom1	btnFrom1	TdxBarDateCombo			Glyph.Data	single		bmp	1078	16	16	32	0					1		d7c5f29e403dc9d3abee8a8e3700225930f6cb0cc83531b70e880ca955f2d984	images\d7c5f29e403dc9d3abee8a8e3700225930f6cb0cc83531b70e880ca955f2d984.bmp
C:\Projects\M2022\ToolAnal2.dfm	ToolAnal2.pas	dfm	TfrmToolAnal	dxBarManager1.btnTo1	btnTo1	TdxBarDateCombo			Glyph.Data	single		bmp	1078	16	16	32	0					1		d7c5f29e403dc9d3abee8a8e3700225930f6cb0cc83531b70e880ca955f2d984	images\d7c5f29e403dc9d3abee8a8e3700225930f6cb0cc83531b70e880ca955f2d984.bmp
C:\Projects\M2022\ToolAnal2.dfm	ToolAnal2.pas	dfm	TfrmToolAnal	dxBarManager1.btnHistogramSelected	btnHistogramSelected	TdxBarButton			Glyph.Data	single		bmp	1078	16	16	32	0					1		4743ebce787275a2524aeca5e86a605997c345ea70be9e8480d91d5840a81969	images\4743ebce787275a2524aeca5e86a605997c345ea70be9e8480d91d5840a81969.bmp
C:\Projects\M2022\ToolAnal2.dfm	ToolAnal2.pas	dfm	TfrmToolAnal	dxBarManager1.btnMaximize	btnMaximize	TdxBarButton			Glyph.Data	single		bmp	1078	16	16	32	0					1		d979d0b7b77a3576b3ea07e84c5ebda63b9ff26d22cf4e477f50474bd456c113	images\d979d0b7b77a3576b3ea07e84c5ebda63b9ff26d22cf4e477f50474bd456c113.bmp
C:\Projects\M2022\ToolAnal2.dfm	ToolAnal2.pas	dfm	TfrmToolAnal	dxBarManager1.btnNextTab	btnNextTab	TdxBarButton			Glyph.Data	single		bmp	1078	16	16	32	0					1		5da6eebbad0994ba4cde53f8b358cd0ba7ba54168d1b929deafe6d4cb71ef370	images\5da6eebbad0994ba4cde53f8b358cd0ba7ba54168d1b929deafe6d4cb71ef370.bmp
C:\Projects\M2022\ToolAnal2.dfm	ToolAnal2.pas	dfm	TfrmToolAnal	dxBarManager1.btnPriorTab	btnPriorTab	TdxBarButton			Glyph.Data	single		bmp	1078	16	16	32	0					1		ae812c0b905b061af16a56121d642e10d91b287b47f5503f2152a967b4be0e70	images\ae812c0b905b061af16a56121d642e10d91b287b47f5503f2152a967b4be0e70.bmp
C:\Projects\M2022\ToolChartView.dfm	ToolChartView.pas	dfm	TfrmToolChartView		frmToolChartView	TfrmToolChartView			Icon.Data	single		ico	1150	0	0	0	0							87829c566615525191dec99da56caf00d42442aaa72a701af21d38cb4d4598be	images\87829c566615525191dec99da56caf00d42442aaa72a701af21d38cb4d4598be.ico
C:\Projects\M2022\ToolChartView.dfm	ToolChartView.pas	dfm	TfrmToolChartView	dxBarManager1.btnExit	btnExit	TdxBarButton			Glyph.Data	single		bmp	1078	16	16	32	0					1		d1f5d5f839df61eb3317ff82c09de63b57e908669df38bd26a96a6dd5b8d7ad7	images\d1f5d5f839df61eb3317ff82c09de63b57e908669df38bd26a96a6dd5b8d7ad7.bmp
C:\Projects\M2022\ToolChartView.dfm	ToolChartView.pas	dfm	TfrmToolChartView	dxBarManager1.btnMaximize	btnMaximize	TdxBarButton			Glyph.Data	single		bmp	1078	16	16	32	0					1		d979d0b7b77a3576b3ea07e84c5ebda63b9ff26d22cf4e477f50474bd456c113	images\d979d0b7b77a3576b3ea07e84c5ebda63b9ff26d22cf4e477f50474bd456c113.bmp
C:\Projects\M2022\ToolDefine.dfm	ToolDefine.pas	dfm	TfrmToolDefine		frmToolDefine	TfrmToolDefine			Icon.Data	single		ico	1150	0	0	0	0							87829c566615525191dec99da56caf00d42442aaa72a701af21d38cb4d4598be	images\87829c566615525191dec99da56caf00d42442aaa72a701af21d38cb4d4598be.ico
C:\Projects\M2022\ToolDefine.dfm	ToolDefine.pas	dfm	TfrmToolDefine	qryCountToolAssg	qryCountToolAssg	TQuery			Data	single			634	0	0	0	0							317c7b50c59dc763691bfab46f56d6b1fe195bf3a8067700f530045b9b8c8e3c	images\317c7b50c59dc763691bfab46f56d6b1fe195bf3a8067700f530045b9b8c8e3c.bin
C:\Projects\M2022\ToolDefine.dfm	ToolDefine.pas	dfm	TfrmToolDefine	qryCountToolAdj	qryCountToolAdj	TQuery			Data	single			632	0	0	0	0							27edc5464d19fd62babb1ff6af5ce5ec58d638da39052b30f782d677dd15685f	images\27edc5464d19fd62babb1ff6af5ce5ec58d638da39052b30f782d677dd15685f.bin
C:\Projects\M2022\ToolDefine.dfm	ToolDefine.pas	dfm	TfrmToolDefine	dxBarManager1.btnAddEditTgs	btnAddEditTgs	TdxBarButton			Glyph.Data	single		bmp	1078	16	16	32	0					1		61d5f4ab29f0580e68da70744e22213ce5098f2667b915fe37a3962782143738	images\61d5f4ab29f0580e68da70744e22213ce5098f2667b915fe37a3962782143738.bmp
C:\Projects\M2022\ToolDefine.dfm	ToolDefine.pas	dfm	TfrmToolDefine	dxBarManager1.btnExit2	btnExit2	TdxBarButton			Glyph.Data	single		svg	3033	0	0	0	0							39e5933d6f88188b2c66d8c653d769e7684d9a23c349e93e39b61c6384fc2a9e	images\39e5933d6f88188b2c66d8c653d769e7684d9a23c349e93e39b61c6384fc2a9e.svg
C:\Projects\M2022\ToolDefine.dfm	ToolDefine.pas	dfm	TfrmToolDefine	dxBarManager1.btnPrint	btnPrint	TdxBarButton			Glyph.Data	single		bmp	1078	16	16	32	0					1		946d8ef4176300b7514b0712f480d3449521bbc5f097c0f596a6516e63518d3c	images\946d8ef4176300b7514b0712f480d3449521bbc5f097c0f596a6516e63518d3c.bmp
C:\Projects\M2022\ToolDefine.dfm	ToolDefine.pas	dfm	TfrmToolDefine	dxBarManager1.dxBarDBNavFirst1	dxBarDBNavFirst1	TdxBarDBNavButton			Glyph.Data	single		svg	473	0	0	0	0							4f6b5e7feb872030cf8c07f4b0a9154dba561d068f0bbe851f401038888deb73	images\4f6b5e7feb872030cf8c07f4b0a9154dba561d068f0bbe851f401038888deb73.svg
C:\Projects\M2022\ToolDefine.dfm	ToolDefine.pas	dfm	TfrmToolDefine	dxBarManager1.dxBarDBNavPrev1	dxBarDBNavPrev1	TdxBarDBNavButton			Glyph.Data	single		svg	326	0	0	0	0							9affc86233a3c5214b39371064995d1a618b6351e5fc4ea3fcc737d5adee7301	images\9affc86233a3c5214b39371064995d1a618b6351e5fc4ea3fcc737d5adee7301.svg
C:\Projects\M2022\ToolDefine.dfm	ToolDefine.pas	dfm	TfrmToolDefine	dxBarManager1.dxBarDBNavNext1	dxBarDBNavNext1	TdxBarDBNavButton			Glyph.Data	single		svg	326	0	0	0	0							31c86d717e300180306624b9f136bc00ee9996221aef9eb76e66c80b91008bf7	images\31c86d717e300180306624b9f136bc00ee9996221aef9eb76e66c80b91008bf7.svg
C:\Projects\M2022\ToolDefine.dfm	ToolDefine.pas	dfm	TfrmToolDefine	dxBarManager1.dxBarDBNavLast1	dxBarDBNavLast1	TdxBarDBNavButton			Glyph.Data	single		svg	433	0	0	0	0							44036aa63309d06887b4983c8a4fc4e7f96de9af23f3593af004275785272ced	images\44036aa63309d06887b4983c8a4fc4e7f96de9af23f3593af004275785272ced.svg
C:\Projects\M2022\ToolDefine.dfm	ToolDefine.pas	dfm	TfrmToolDefine	dxBarManager1.dxBarDBNavInsert1	dxBarDBNavInsert1	TdxBarDBNavButton			Glyph.Data	single		svg	421	0	0	0	0							213250362e820808f9afeae33d37fe36d29446da8156945b7c706b08cd1f8ef6	images\213250362e820808f9afeae33d37fe36d29446da8156945b7c706b08cd1f8ef6.svg
C:\Projects\M2022\ToolDefine.dfm	ToolDefine.pas	dfm	TfrmToolDefine	dxBarManager1.dxBarDBNavDelete1	dxBarDBNavDelete1	TdxBarDBNavButton			Glyph.Data	single		svg	331	0	0	0	0							3426812018064253d38559294ae768a24bc1f0e2b55e1155b259650d305523b2	images\3426812018064253d38559294ae768a24bc1f0e2b55e1155b259650d305523b2.svg
C:\Projects\M2022\ToolDefine.dfm	ToolDefine.pas	dfm	TfrmToolDefine	dxBarManager1.dxBarDBNavEdit1	dxBarDBNavEdit1	TdxBarDBNavButton			Glyph.Data	single		svg	299	0	0	0	0							d7cef1afe0805720b049c349aa2273488c1eee83041ed56aa0d6d8502f8f2708	images\d7cef1afe0805720b049c349aa2273488c1eee83041ed56aa0d6d8502f8f2708.svg
C:\Projects\M2022\ToolDefine.dfm	ToolDefine.pas	dfm	TfrmToolDefine	dxBarManager1.dxBarDBNavPost1	dxBarDBNavPost1	TdxBarDBNavButton			Glyph.Data	single		svg	337	0	0	0	0							8f9b13bab01903aac5c507b4e8cabbe899263cd4f3aa5b9a02b0cf8d69d57e03	images\8f9b13bab01903aac5c507b4e8cabbe899263cd4f3aa5b9a02b0cf8d69d57e03.svg
C:\Projects\M2022\ToolDefine.dfm	ToolDefine.pas	dfm	TfrmToolDefine	dxBarManager1.dxBarDBNavCancel1	dxBarDBNavCancel1	TdxBarDBNavButton			Glyph.Data	single		svg	581	0	0	0	0							0bf670167728fb629118e442f19cb6d896033afa8289ac7bed141f4aa7ee9093	images\0bf670167728fb629118e442f19cb6d896033afa8289ac7bed141f4aa7ee9093.svg
C:\Projects\M2022\ToolDefine.dfm	ToolDefine.pas	dfm	TfrmToolDefine	dxBarManager1.dxBarDBNavRefresh1	dxBarDBNavRefresh1	TdxBarDBNavButton			Glyph.Data	single		svg	426	0	0	0	0							fe976aa73cfd0d6bdb8e57cba9f19670367d0f5a0ad38d7ed106e3af5b2d2eae	images\fe976aa73cfd0d6bdb8e57cba9f19670367d0f5a0ad38d7ed106e3af5b2d2eae.svg
C:\Projects\M2022\ToolDefine.dfm	ToolDefine.pas	dfm	TfrmToolDefine	dxBarManager1.dxBarDBNavAppend1	dxBarDBNavAppend1	TdxBarDBNavButton			Glyph.Data	single		svg	370	0	0	0	0							1cc652cdffa3e7adfface918a6fcea8f0c700fc11ba39682e14b71de2890a6ba	images\1cc652cdffa3e7adfface918a6fcea8f0c700fc11ba39682e14b71de2890a6ba.svg
C:\Projects\M2022\ToolHistogramView.dfm	ToolHistogramView.pas	dfm	TfrmToolHistogramView		frmToolHistogramView	TfrmToolHistogramView			Icon.Data	single		ico	1150	0	0	0	0							87829c566615525191dec99da56caf00d42442aaa72a701af21d38cb4d4598be	images\87829c566615525191dec99da56caf00d42442aaa72a701af21d38cb4d4598be.ico
C:\Projects\M2022\ToolHistogramView.dfm	ToolHistogramView.pas	dfm	TfrmToolHistogramView	dxBarManager1.btnExit	btnExit	TdxBarButton			Glyph.Data	single		svg	3033	0	0	0	0							39e5933d6f88188b2c66d8c653d769e7684d9a23c349e93e39b61c6384fc2a9e	images\39e5933d6f88188b2c66d8c653d769e7684d9a23c349e93e39b61c6384fc2a9e.svg
C:\Projects\M2022\ToolHistogramView.dfm	ToolHistogramView.pas	dfm	TfrmToolHistogramView	dxBarManager1.btnExit	btnExit	TdxBarButton			LargeGlyph.Data	single		svg	3033	0	0	0	0							39e5933d6f88188b2c66d8c653d769e7684d9a23c349e93e39b61c6384fc2a9e	images\39e5933d6f88188b2c66d8c653d769e7684d9a23c349e93e39b61c6384fc2a9e.svg
C:\Projects\M2022\ToolHistogramView.dfm	ToolHistogramView.pas	dfm	TfrmToolHistogramView	dxBarManager1.btnMaximize	btnMaximize	TdxBarButton			Glyph.Data	single		bmp	1078	16	16	32	0					1		d979d0b7b77a3576b3ea07e84c5ebda63b9ff26d22cf4e477f50474bd456c113	images\d979d0b7b77a3576b3ea07e84c5ebda63b9ff26d22cf4e477f50474bd456c113.bmp
C:\Projects\M2022\ToolingEvents.dfm	ToolingEvents.pas	dfm	TfrmToolingEvents		frmToolingEvents	TfrmToolingEvents			Icon.Data	single		ico	51262	0	0	0	0							adad2bc51732dcd9f6ba266123714c98295a19dc1825ce265486b70b67ab3b62	images\adad2bc51732dcd9f6ba266123714c98295a19dc1825ce265486b70b67ab3b62.ico
C:\Projects\M2022\ToolingEvents.dfm	ToolingEvents.pas	dfm	TfrmToolingEvents	grdToolLife.grdToolLifeDBTableView1.grdToolLifeDBTableView1UseIt1	grdToolLifeDBTableView1UseIt1	TcxGridDBColumn			Properties.Glyph.Data	strip		bmp	6198	96	16	32	0					6		617cadb05a07b992a6f1733ebead0bb5eb78d6575fe39752963edbe7267b1e6c	images\617cadb05a07b992a6f1733ebead0bb5eb78d6575fe39752963edbe7267b1e6c.bmp
C:\Projects\M2022\ToolingEvents.dfm	ToolingEvents.pas	dfm	TfrmToolingEvents	qryTparam	qryTparam	TQuery			Data	single			2751	0	0	0	0							be233ac78f40a101f2d8760137ab4d6700c11ab6b063e435418546567a0e7440	images\be233ac78f40a101f2d8760137ab4d6700c11ab6b063e435418546567a0e7440.bin
C:\Projects\M2022\ToolingEvents.dfm	ToolingEvents.pas	dfm	TfrmToolingEvents	qryOparam	qryOparam	TQuery			Data	single			2750	0	0	0	0							e66cc1beb81a2000344b01d0389916d31eb02263fad028291d32e5199d4cceb4	images\e66cc1beb81a2000344b01d0389916d31eb02263fad028291d32e5199d4cceb4.bin
C:\Projects\M2022\ToolingEvents.dfm	ToolingEvents.pas	dfm	TfrmToolingEvents	qryToolJob	qryToolJob	TQuery			Data	single			1260	0	0	0	0							8a6df6534f5e52a631bb443868c3f08b8ba8ad8f82dafd625f94454a154bd78d	images\8a6df6534f5e52a631bb443868c3f08b8ba8ad8f82dafd625f94454a154bd78d.bin
C:\Projects\M2022\ToolingEvents.dfm	ToolingEvents.pas	dfm	TfrmToolingEvents	qryJobList	qryJobList	TQuery			Data	single			470	0	0	0	0							ac069f1d943ccdbad00212bdf72652f196c1b4ed18d195f36515db12d8087e0f	images\ac069f1d943ccdbad00212bdf72652f196c1b4ed18d195f36515db12d8087e0f.bin
C:\Projects\M2022\ToolingEvents.dfm	ToolingEvents.pas	dfm	TfrmToolingEvents	dxBarManager1.btnExit	btnExit	TdxBarButton			Glyph.Data	single		svg	3033	0	0	0	0							39e5933d6f88188b2c66d8c653d769e7684d9a23c349e93e39b61c6384fc2a9e	images\39e5933d6f88188b2c66d8c653d769e7684d9a23c349e93e39b61c6384fc2a9e.svg
C:\Projects\M2022\ToolingEvents.dfm	ToolingEvents.pas	dfm	TfrmToolingEvents	dxBarManager1.btnPrint2	btnPrint2	TdxBarButton			Glyph.Data	single		bmp	1078	16	16	32	0					1		946d8ef4176300b7514b0712f480d3449521bbc5f097c0f596a6516e63518d3c	images\946d8ef4176300b7514b0712f480d3449521bbc5f097c0f596a6516e63518d3c.bmp
C:\Projects\M2022\ToolLifeSingleReport.dfm	ToolLifeSingleReport.pas	dfm	TfrmToolLifeSingleReport		frmToolLifeSingleReport	TfrmToolLifeSingleReport		Y	Icon.Data	single		ico	1150	0	0	0	0							87829c566615525191dec99da56caf00d42442aaa72a701af21d38cb4d4598be	images\87829c566615525191dec99da56caf00d42442aaa72a701af21d38cb4d4598be.ico
C:\Projects\M2022\ToolLifeSingleReport.dfm	ToolLifeSingleReport.pas	dfm	TfrmToolLifeSingleReport	dxBarManager1.btnReport	btnReport	TdxBarButton			Glyph.Data	single		bmp	1078	16	16	32	0					1		7f00e25a520bfa086c7f323180825f8c0832f5979b41670b07a739e3685bcbea	images\7f00e25a520bfa086c7f323180825f8c0832f5979b41670b07a739e3685bcbea.bmp
C:\Projects\M2022\ToolLifeTimeChart.dfm	ToolLifeTimeChart.pas	dfm	TfrmToolLifeTimeChart		frmToolLifeTimeChart	TfrmToolLifeTimeChart			Icon.Data	single		ico	1150	0	0	0	0							87829c566615525191dec99da56caf00d42442aaa72a701af21d38cb4d4598be	images\87829c566615525191dec99da56caf00d42442aaa72a701af21d38cb4d4598be.ico
C:\Projects\M2022\ToolLifeTimeChart.dfm	ToolLifeTimeChart.pas	dfm	TfrmToolLifeTimeChart	dxBarManager1.btnExit	btnExit	TdxBarButton			Glyph.Data	single		bmp	1078	16	16	32	0					1		d1f5d5f839df61eb3317ff82c09de63b57e908669df38bd26a96a6dd5b8d7ad7	images\d1f5d5f839df61eb3317ff82c09de63b57e908669df38bd26a96a6dd5b8d7ad7.bmp
C:\Projects\M2022\ToolLifeTimeChart.dfm	ToolLifeTimeChart.pas	dfm	TfrmToolLifeTimeChart	dxBarManager1.btnMaximize	btnMaximize	TdxBarButton			Glyph.Data	single		bmp	1078	16	16	32	0					1		d979d0b7b77a3576b3ea07e84c5ebda63b9ff26d22cf4e477f50474bd456c113	images\d979d0b7b77a3576b3ea07e84c5ebda63b9ff26d22cf4e477f50474bd456c113.bmp
C:\Projects\M2022\ToolLookup.dfm	ToolLookup.pas	dfm	TfrmTAToolLookup		frmTAToolLookup	TfrmTAToolLookup			Icon.Data	single		ico	766	0	0	0	0							ff66307bd79fe7ed8b4531ae81ef3204cb3be14d8de48ef8f75f7f95693b8981	images\ff66307bd79fe7ed8b4531ae81ef3204cb3be14d8de48ef8f75f7f95693b8981.ico
C:\Projects\M2022\ToolStatistics2.dfm	ToolStatistics2.pas	dfm	TfrmToolStatistics2		frmToolStatistics2	TfrmToolStatistics2			Icon.Data	single		ico	51262	0	0	0	0							adad2bc51732dcd9f6ba266123714c98295a19dc1825ce265486b70b67ab3b62	images\adad2bc51732dcd9f6ba266123714c98295a19dc1825ce265486b70b67ab3b62.ico
C:\Projects\M2022\ToolStatistics2.dfm	ToolStatistics2.pas	dfm	TfrmToolStatistics2	RzSplitter1.RzSplitter2.grdToolLife.grdToolLifeDBTableView1.grdToolLifeDBTableView1UseIt1	grdToolLifeDBTableView1UseIt1	TcxGridDBColumn			Properties.Glyph.Data	strip		bmp	6198	96	16	32	0					6		617cadb05a07b992a6f1733ebead0bb5eb78d6575fe39752963edbe7267b1e6c	images\617cadb05a07b992a6f1733ebead0bb5eb78d6575fe39752963edbe7267b1e6c.bmp
C:\Projects\M2022\ToolStatistics2.dfm	ToolStatistics2.pas	dfm	TfrmToolStatistics2	qryToolList	qryToolList	TQuery			Data	single			622	0	0	0	0							620e944f65f94acec764ddee3077d8114f875f2372a43cac8c4326359b187b81	images\620e944f65f94acec764ddee3077d8114f875f2372a43cac8c4326359b187b81.bin
C:\Projects\M2022\ToolStatistics2.dfm	ToolStatistics2.pas	dfm	TfrmToolStatistics2	qryTparam	qryTparam	TQuery			Data	single			2743	0	0	0	0							96549293582a0ab5737ea03a76e5c8a8b23b82314fd1df1aba42a303d10cfd78	images\96549293582a0ab5737ea03a76e5c8a8b23b82314fd1df1aba42a303d10cfd78.bin
C:\Projects\M2022\ToolStatistics2.dfm	ToolStatistics2.pas	dfm	TfrmToolStatistics2	qryOparam	qryOparam	TQuery			Data	single			2742	0	0	0	0							627d59167761ea4d1572e0d6296974ac3dce8fc037ea35b7b0b1617bc1c8a531	images\627d59167761ea4d1572e0d6296974ac3dce8fc037ea35b7b0b1617bc1c8a531.bin
C:\Projects\M2022\ToolStatistics2.dfm	ToolStatistics2.pas	dfm	TfrmToolStatistics2	dxBarManager1.btnExit	btnExit	TdxBarButton			Glyph.Data	single		bmp	1078	16	16	32	0					1		d1f5d5f839df61eb3317ff82c09de63b57e908669df38bd26a96a6dd5b8d7ad7	images\d1f5d5f839df61eb3317ff82c09de63b57e908669df38bd26a96a6dd5b8d7ad7.bmp
C:\Projects\M2022\ToolStatistics2.dfm	ToolStatistics2.pas	dfm	TfrmToolStatistics2	dxBarManager1.btnPrint2	btnPrint2	TdxBarButton			Glyph.Data	single		bmp	1078	16	16	32	0					1		946d8ef4176300b7514b0712f480d3449521bbc5f097c0f596a6516e63518d3c	images\946d8ef4176300b7514b0712f480d3449521bbc5f097c0f596a6516e63518d3c.bmp
C:\Projects\M2022\ToolStatistics2.dfm	ToolStatistics2.pas	dfm	TfrmToolStatistics2	dxBarManager1.btnSelectStat	btnSelectStat	TdxBarImageCombo			Glyph.Data	single		bmp	1078	16	16	32	0					1		9c41a85fa5ce6f5ec03987b719f3b171c7de40ed8bd799565cd38495132bf080	images\9c41a85fa5ce6f5ec03987b719f3b171c7de40ed8bd799565cd38495132bf080.bmp
C:\Projects\M2022\ToolStatistics2.dfm	ToolStatistics2.pas	dfm	TfrmToolStatistics2	dxBarManager1.btnUnits	btnUnits	TdxBarImageCombo			Glyph.Data	single		bmp	1078	16	16	32	0					1		9c41a85fa5ce6f5ec03987b719f3b171c7de40ed8bd799565cd38495132bf080	images\9c41a85fa5ce6f5ec03987b719f3b171c7de40ed8bd799565cd38495132bf080.bmp
C:\Projects\M2022\ToolStatistics2.dfm	ToolStatistics2.pas	dfm	TfrmToolStatistics2	dxBarManager1.dxBarDBNavDelete1	dxBarDBNavDelete1	TdxBarDBNavButton			Glyph.Data	single		bmp	1078	16	16	32	0					1		cb064bbb443aecb6b9c0d982ca7ef5e728083d86e4bf49b09e7330eed54dea24	images\cb064bbb443aecb6b9c0d982ca7ef5e728083d86e4bf49b09e7330eed54dea24.bmp
C:\Projects\M2022\ToolStatistics2.dfm	ToolStatistics2.pas	dfm	TfrmToolStatistics2	dxBarManager1.dxBarDBNavPost1	dxBarDBNavPost1	TdxBarDBNavButton			Glyph.Data	single		bmp	1078	16	16	32	0					1		6212bc92930d93605cc9b6b3699601807dc1633fa573890fdac82faca790c47f	images\6212bc92930d93605cc9b6b3699601807dc1633fa573890fdac82faca790c47f.bmp
C:\Projects\M2022\ToolStatistics2.dfm	ToolStatistics2.pas	dfm	TfrmToolStatistics2	dxBarManager1.dxBarDBNavCancel1	dxBarDBNavCancel1	TdxBarDBNavButton			Glyph.Data	single		bmp	1078	16	16	32	0					1		975795a643484a5073c6e0223bb36e40eaf96637165ace0ca753593af1dde849	images\975795a643484a5073c6e0223bb36e40eaf96637165ace0ca753593af1dde849.bmp
C:\Projects\M2022\ToolStatistics2.dfm	ToolStatistics2.pas	dfm	TfrmToolStatistics2	dxBarManager1.dxBarDBNavRefresh1	dxBarDBNavRefresh1	TdxBarDBNavButton			Glyph.Data	single		bmp	1078	16	16	32	0					1		5d9485a834adeff5da0f68c84a8055425e3e8e58c4f93d181d2aa5086a8e39be	images\5d9485a834adeff5da0f68c84a8055425e3e8e58c4f93d181d2aa5086a8e39be.bmp
C:\Projects\M2022\ToolTagDefine.dfm	ToolTagDefine.pas	dfm	TfrmToolTagDefine		frmToolTagDefine	TfrmToolTagDefine			Icon.Data	single		ico	51262	0	0	0	0							adad2bc51732dcd9f6ba266123714c98295a19dc1825ce265486b70b67ab3b62	images\adad2bc51732dcd9f6ba266123714c98295a19dc1825ce265486b70b67ab3b62.ico
C:\Projects\M2022\ToolTagDefine.dfm	ToolTagDefine.pas	dfm	TfrmToolTagDefine	OvcDbSimpleField2	OvcDbSimpleField2	TOvcDbSimpleField			RangeHigh	single			10	0	0	0	0							f8085fb4c654c6e3627a51f27013c1aa0e49b7fcfe0bbd525bcedfcccdfbf013	images\f8085fb4c654c6e3627a51f27013c1aa0e49b7fcfe0bbd525bcedfcccdfbf013.bin
C:\Projects\M2022\ToolTagDefine.dfm	ToolTagDefine.pas	dfm	TfrmToolTagDefine	OvcDbSimpleField2	OvcDbSimpleField2	TOvcDbSimpleField			RangeLow	single			10	0	0	0	0							2e0abf551047051e4fe9d2a46b0aa88420794f8424b8cf03e92d6e40c2aa8e90	images\2e0abf551047051e4fe9d2a46b0aa88420794f8424b8cf03e92d6e40c2aa8e90.bin
C:\Projects\M2022\ToolTagDefine.dfm	ToolTagDefine.pas	dfm	TfrmToolTagDefine	dxBarManager1.dxBarDBNavFirst1	dxBarDBNavFirst1	TdxBarDBNavButton			Glyph.Data	single		bmp	1078	16	16	32	0					1		6607ef3da8822b74fe4b0acb662061780182bbfdc0c2cd0056156349e880dd94	images\6607ef3da8822b74fe4b0acb662061780182bbfdc0c2cd0056156349e880dd94.bmp
C:\Projects\M2022\ToolTagDefine.dfm	ToolTagDefine.pas	dfm	TfrmToolTagDefine	dxBarManager1.dxBarDBNavPrev1	dxBarDBNavPrev1	TdxBarDBNavButton			Glyph.Data	single		bmp	1078	16	16	32	0					1		4506a08e333bf65e1241dc1d265c0ec790826f394a1e425324e80125ac979066	images\4506a08e333bf65e1241dc1d265c0ec790826f394a1e425324e80125ac979066.bmp
C:\Projects\M2022\ToolTagDefine.dfm	ToolTagDefine.pas	dfm	TfrmToolTagDefine	dxBarManager1.dxBarDBNavNext1	dxBarDBNavNext1	TdxBarDBNavButton			Glyph.Data	single		bmp	1078	16	16	32	0					1		f1e077905d1aeb2d609668d4ed60b14af4e2852c7b1589986eed9a6c045d1e58	images\f1e077905d1aeb2d609668d4ed60b14af4e2852c7b1589986eed9a6c045d1e58.bmp
C:\Projects\M2022\ToolTagDefine.dfm	ToolTagDefine.pas	dfm	TfrmToolTagDefine	dxBarManager1.dxBarDBNavLast1	dxBarDBNavLast1	TdxBarDBNavButton			Glyph.Data	single		bmp	1078	16	16	32	0					1		fce3745ba5ba9d6f747c39ade70e5bb3a43705557a11a01b17788a0cfe930304	images\fce3745ba5ba9d6f747c39ade70e5bb3a43705557a11a01b17788a0cfe930304.bmp
C:\Projects\M2022\ToolTagDefine.dfm	ToolTagDefine.pas	dfm	TfrmToolTagDefine	dxBarManager1.dxBarDBNavInsert1	dxBarDBNavInsert1	TdxBarDBNavButton			Glyph.Data	single		bmp	1078	16	16	32	0					1		85c3d26e8518011389ca86bb003d4f646fde018f5b8ea6bb5f236fa6b26ed9cb	images\85c3d26e8518011389ca86bb003d4f646fde018f5b8ea6bb5f236fa6b26ed9cb.bmp
C:\Projects\M2022\ToolTagDefine.dfm	ToolTagDefine.pas	dfm	TfrmToolTagDefine	dxBarManager1.dxBarDBNavDelete1	dxBarDBNavDelete1	TdxBarDBNavButton			Glyph.Data	single		bmp	1078	16	16	32	0					1		cb064bbb443aecb6b9c0d982ca7ef5e728083d86e4bf49b09e7330eed54dea24	images\cb064bbb443aecb6b9c0d982ca7ef5e728083d86e4bf49b09e7330eed54dea24.bmp
C:\Projects\M2022\ToolTagDefine.dfm	ToolTagDefine.pas	dfm	TfrmToolTagDefine	dxBarManager1.dxBarDBNavEdit1	dxBarDBNavEdit1	TdxBarDBNavButton			Glyph.Data	single		bmp	1078	16	16	32	0					1		22e66cc36468572cbdcae127edc7fe7560a3f052fa05202b746f2491175a05cf	images\22e66cc36468572cbdcae127edc7fe7560a3f052fa05202b746f2491175a05cf.bmp
C:\Projects\M2022\ToolTagDefine.dfm	ToolTagDefine.pas	dfm	TfrmToolTagDefine	dxBarManager1.dxBarDBNavPost1	dxBarDBNavPost1	TdxBarDBNavButton			Glyph.Data	single		bmp	1078	16	16	32	0					1		6212bc92930d93605cc9b6b3699601807dc1633fa573890fdac82faca790c47f	images\6212bc92930d93605cc9b6b3699601807dc1633fa573890fdac82faca790c47f.bmp
C:\Projects\M2022\ToolTagDefine.dfm	ToolTagDefine.pas	dfm	TfrmToolTagDefine	dxBarManager1.dxBarDBNavCancel1	dxBarDBNavCancel1	TdxBarDBNavButton			Glyph.Data	single		bmp	1078	16	16	32	0					1		975795a643484a5073c6e0223bb36e40eaf96637165ace0ca753593af1dde849	images\975795a643484a5073c6e0223bb36e40eaf96637165ace0ca753593af1dde849.bmp
C:\Projects\M2022\ToolTagDefine.dfm	ToolTagDefine.pas	dfm	TfrmToolTagDefine	dxBarManager1.dxBarDBNavRefresh1	dxBarDBNavRefresh1	TdxBarDBNavButton			Glyph.Data	single		bmp	1078	16	16	32	0					1		5d9485a834adeff5da0f68c84a8055425e3e8e58c4f93d181d2aa5086a8e39be	images\5d9485a834adeff5da0f68c84a8055425e3e8e58c4f93d181d2aa5086a8e39be.bmp
C:\Projects\M2022\ToolTrack.dfm	ToolTrack.pas	dfm	TfrmToolTrack		frmToolTrack	TfrmToolTrack			Icon.Data	single		ico	1150	0	0	0	0							87829c566615525191dec99da56caf00d42442aaa72a701af21d38cb4d4598be	images\87829c566615525191dec99da56caf00d42442aaa72a701af21d38cb4d4598be.ico
C:\Projects\M2022\ToolTrack.dfm	ToolTrack.pas	dfm	TfrmToolTrack	qryTools	qryTools	TQuery			Data	single			1328	0	0	0	0							1fc3eb231a521070b07be790035d4cbe12615228b961069e36229362c9c2ec8a	images\1fc3eb231a521070b07be790035d4cbe12615228b961069e36229362c9c2ec8a.bin
C:\Projects\M2022\ToolTrack.dfm	ToolTrack.pas	dfm	TfrmToolTrack	qryACTools	qryACTools	TQuery			Data	single			7792	0	0	0	0							a92bb55062c52874dfd041a7e84e89c91f9a1103b1bfe937a12362c0e8340a09	images\a92bb55062c52874dfd041a7e84e89c91f9a1103b1bfe937a12362c0e8340a09.bin
C:\Projects\M2022\ToolTrack.dfm	ToolTrack.pas	dfm	TfrmToolTrack	dxBarManager1.btnPrint	btnPrint	TdxBarButton			Glyph.Data	single		bmp	1078	16	16	32	0					1		946d8ef4176300b7514b0712f480d3449521bbc5f097c0f596a6516e63518d3c	images\946d8ef4176300b7514b0712f480d3449521bbc5f097c0f596a6516e63518d3c.bmp
C:\Projects\M2022\ToolTrack.dfm	ToolTrack.pas	dfm	TfrmToolTrack	dxBarManager1.btnExit	btnExit	TdxBarButton			Glyph.Data	single		svg	3033	0	0	0	0							39e5933d6f88188b2c66d8c653d769e7684d9a23c349e93e39b61c6384fc2a9e	images\39e5933d6f88188b2c66d8c653d769e7684d9a23c349e93e39b61c6384fc2a9e.svg
C:\Projects\M2022\ToolTrack.dfm	ToolTrack.pas	dfm	TfrmToolTrack	dxBarManager1.btnExit	btnExit	TdxBarButton			LargeGlyph.Data	single		svg	3033	0	0	0	0							39e5933d6f88188b2c66d8c653d769e7684d9a23c349e93e39b61c6384fc2a9e	images\39e5933d6f88188b2c66d8c653d769e7684d9a23c349e93e39b61c6384fc2a9e.svg
C:\Projects\M2022\ToolTrack.dfm	ToolTrack.pas	dfm	TfrmToolTrack	dxBarManager1.btnJobList	btnJobList	TdxBarButton			Glyph.Data	single		bmp	1078	16	16	32	0					1		d1f5d5f839df61eb3317ff82c09de63b57e908669df38bd26a96a6dd5b8d7ad7	images\d1f5d5f839df61eb3317ff82c09de63b57e908669df38bd26a96a6dd5b8d7ad7.bmp
C:\Projects\M2022\ToolTrack.dfm	ToolTrack.pas	dfm	TfrmToolTrack	qryACSamples	qryACSamples	TQuery			Data	single			7881	0	0	0	0							66f9b907debc67cc61316886442d6c6192ce0fb233e0591093a63e4ed8f286f1	images\66f9b907debc67cc61316886442d6c6192ce0fb233e0591093a63e4ed8f286f1.bin
C:\Projects\M2022\ToolTrack.dfm	ToolTrack.pas	dfm	TfrmToolTrack	imlEOProcess	imlEOProcess	TImageList			Bitmap	container			40082	0	0	0	0							a25bced70dc82cf9922f288f5852503b0cc0f2210a041bf05c98a771d389e1f3	images\a25bced70dc82cf9922f288f5852503b0cc0f2210a041bf05c98a771d389e1f3.bin
C:\Projects\M2022\ToolTrackEdit.dfm	ToolTrackEdit.pas	dfm	TfrmToolTrackEdit		frmToolTrackEdit	TfrmToolTrackEdit			Icon.Data	single		ico	766	0	0	0	0							f97bf4dec162607c66fa8fef3ff7cc32ac8ca761a250890afc6434fabbd46443	images\f97bf4dec162607c66fa8fef3ff7cc32ac8ca761a250890afc6434fabbd46443.ico
C:\Projects\M2022\ToolTrackEdit.dfm	ToolTrackEdit.pas	dfm	TfrmToolTrackEdit	dxBarManager1.btnExit	btnExit	TdxBarButton			Glyph.Data	single		bmp	1078	16	16	32	0					1		d1f5d5f839df61eb3317ff82c09de63b57e908669df38bd26a96a6dd5b8d7ad7	images\d1f5d5f839df61eb3317ff82c09de63b57e908669df38bd26a96a6dd5b8d7ad7.bmp
C:\Projects\M2022\ToolTrackEdit.dfm	ToolTrackEdit.pas	dfm	TfrmToolTrackEdit	dxBarManager1.btnMaximize	btnMaximize	TdxBarButton			Glyph.Data	single		bmp	1078	16	16	32	0					1		d979d0b7b77a3576b3ea07e84c5ebda63b9ff26d22cf4e477f50474bd456c113	images\d979d0b7b77a3576b3ea07e84c5ebda63b9ff26d22cf4e477f50474bd456c113.bmp
C:\Projects\M2022\ToolTrackSTC.dfm	ToolTrackSTC.pas	dfm	TfrmToolTrackSTC		frmToolTrackSTC	TfrmToolTrackSTC			Icon.Data	single		ico	1150	0	0	0	0							87829c566615525191dec99da56caf00d42442aaa72a701af21d38cb4d4598be	images\87829c566615525191dec99da56caf00d42442aaa72a701af21d38cb4d4598be.ico
C:\Projects\M2022\ToolTrackSTC.dfm	ToolTrackSTC.pas	dfm	TfrmToolTrackSTC	dxBarManager1.btnExit	btnExit	TdxBarButton			Glyph.Data	single		bmp	1078	16	16	32	0					1		d1f5d5f839df61eb3317ff82c09de63b57e908669df38bd26a96a6dd5b8d7ad7	images\d1f5d5f839df61eb3317ff82c09de63b57e908669df38bd26a96a6dd5b8d7ad7.bmp
C:\Projects\M2022\ToolTrackSTC.dfm	ToolTrackSTC.pas	dfm	TfrmToolTrackSTC	dxBarManager1.btnMaximize	btnMaximize	TdxBarButton			Glyph.Data	single		bmp	1078	16	16	32	0					1		d979d0b7b77a3576b3ea07e84c5ebda63b9ff26d22cf4e477f50474bd456c113	images\d979d0b7b77a3576b3ea07e84c5ebda63b9ff26d22cf4e477f50474bd456c113.bmp
C:\Projects\M2022\ToolwearAnal.dfm	ToolwearAnal.pas	dfm	TfrmToolWearAnal		frmToolWearAnal	TfrmToolWearAnal			Icon.Data	single		ico	1150	0	0	0	0							87829c566615525191dec99da56caf00d42442aaa72a701af21d38cb4d4598be	images\87829c566615525191dec99da56caf00d42442aaa72a701af21d38cb4d4598be.ico
C:\Projects\M2022\ToolwearAnal.dfm	ToolwearAnal.pas	dfm	TfrmToolWearAnal	dxBarManager1.btnExit	btnExit	TdxBarButton			Glyph.Data	single		svg	3033	0	0	0	0							39e5933d6f88188b2c66d8c653d769e7684d9a23c349e93e39b61c6384fc2a9e	images\39e5933d6f88188b2c66d8c653d769e7684d9a23c349e93e39b61c6384fc2a9e.svg
C:\Projects\M2022\ToolwearAnal.dfm	ToolwearAnal.pas	dfm	TfrmToolWearAnal	dxBarManager1.btnMaximize	btnMaximize	TdxBarButton			Glyph.Data	single		bmp	1078	16	16	32	0					1		d979d0b7b77a3576b3ea07e84c5ebda63b9ff26d22cf4e477f50474bd456c113	images\d979d0b7b77a3576b3ea07e84c5ebda63b9ff26d22cf4e477f50474bd456c113.bmp
C:\Projects\M2022\ToolwearAnal.dfm	ToolwearAnal.pas	dfm	TfrmToolWearAnal	dxBarManager1.ddlOperation	ddlOperation	TdxBarLookupCombo			Glyph.Data	single		bmp	1078	16	16	32	0					1		bbc4108921a351ec72897a48f2154efc1912a9110484d6471ef4ae5072a64f09	images\bbc4108921a351ec72897a48f2154efc1912a9110484d6471ef4ae5072a64f09.bmp
C:\Projects\M2022\ToolWearMode.dfm	ToolWearMode.pas	dfm	TfrmToolWearMode		frmToolWearMode	TfrmToolWearMode			Icon.Data	single		ico	766	0	0	0	0							ff66307bd79fe7ed8b4531ae81ef3204cb3be14d8de48ef8f75f7f95693b8981	images\ff66307bd79fe7ed8b4531ae81ef3204cb3be14d8de48ef8f75f7f95693b8981.ico
C:\Projects\M2022\ToolWearMode.dfm	ToolWearMode.pas	dfm	TfrmToolWearMode	qryStopReas	qryStopReas	TQuery			Data	single			719	0	0	0	0							751f54adf83dfec812ce90bdbb9902db73d058b983135d35f7ffdfc6f03e4d9f	images\751f54adf83dfec812ce90bdbb9902db73d058b983135d35f7ffdfc6f03e4d9f.bin
C:\Projects\M2022\ToolWearMode.dfm	ToolWearMode.pas	dfm	TfrmToolWearMode	dxBarManager1.dxBarDBNavFirst1	dxBarDBNavFirst1	TdxBarDBNavButton			Glyph.Data	single		bmp	1078	16	16	32	0					1		6607ef3da8822b74fe4b0acb662061780182bbfdc0c2cd0056156349e880dd94	images\6607ef3da8822b74fe4b0acb662061780182bbfdc0c2cd0056156349e880dd94.bmp
C:\Projects\M2022\ToolWearMode.dfm	ToolWearMode.pas	dfm	TfrmToolWearMode	dxBarManager1.dxBarDBNavPrev1	dxBarDBNavPrev1	TdxBarDBNavButton			Glyph.Data	single		bmp	1078	16	16	32	0					1		4506a08e333bf65e1241dc1d265c0ec790826f394a1e425324e80125ac979066	images\4506a08e333bf65e1241dc1d265c0ec790826f394a1e425324e80125ac979066.bmp
C:\Projects\M2022\ToolWearMode.dfm	ToolWearMode.pas	dfm	TfrmToolWearMode	dxBarManager1.dxBarDBNavNext1	dxBarDBNavNext1	TdxBarDBNavButton			Glyph.Data	single		bmp	1078	16	16	32	0					1		f1e077905d1aeb2d609668d4ed60b14af4e2852c7b1589986eed9a6c045d1e58	images\f1e077905d1aeb2d609668d4ed60b14af4e2852c7b1589986eed9a6c045d1e58.bmp
C:\Projects\M2022\ToolWearMode.dfm	ToolWearMode.pas	dfm	TfrmToolWearMode	dxBarManager1.dxBarDBNavLast1	dxBarDBNavLast1	TdxBarDBNavButton			Glyph.Data	single		bmp	1078	16	16	32	0					1		fce3745ba5ba9d6f747c39ade70e5bb3a43705557a11a01b17788a0cfe930304	images\fce3745ba5ba9d6f747c39ade70e5bb3a43705557a11a01b17788a0cfe930304.bmp
C:\Projects\M2022\ToolWearMode.dfm	ToolWearMode.pas	dfm	TfrmToolWearMode	dxBarManager1.dxBarDBNavInsert1	dxBarDBNavInsert1	TdxBarDBNavButton			Glyph.Data	single		bmp	1078	16	16	32	0					1		85c3d26e8518011389ca86bb003d4f646fde018f5b8ea6bb5f236fa6b26ed9cb	images\85c3d26e8518011389ca86bb003d4f646fde018f5b8ea6bb5f236fa6b26ed9cb.bmp
C:\Projects\M2022\ToolWearMode.dfm	ToolWearMode.pas	dfm	TfrmToolWearMode	dxBarManager1.dxBarDBNavDelete1	dxBarDBNavDelete1	TdxBarDBNavButton			Glyph.Data	single		bmp	1078	16	16	32	0					1		cb064bbb443aecb6b9c0d982ca7ef5e728083d86e4bf49b09e7330eed54dea24	images\cb064bbb443aecb6b9c0d982ca7ef5e728083d86e4bf49b09e7330eed54dea24.bmp
C:\Projects\M2022\ToolWearMode.dfm	ToolWearMode.pas	dfm	TfrmToolWearMode	dxBarManager1.dxBarDBNavEdit1	dxBarDBNavEdit1	TdxBarDBNavButton			Glyph.Data	single		bmp	1078	16	16	32	0					1		22e66cc36468572cbdcae127edc7fe7560a3f052fa05202b746f2491175a05cf	images\22e66cc36468572cbdcae127edc7fe7560a3f052fa05202b746f2491175a05cf.bmp
C:\Projects\M2022\ToolWearMode.dfm	ToolWearMode.pas	dfm	TfrmToolWearMode	dxBarManager1.dxBarDBNavPost1	dxBarDBNavPost1	TdxBarDBNavButton			Glyph.Data	single		bmp	1078	16	16	32	0					1		6212bc92930d93605cc9b6b3699601807dc1633fa573890fdac82faca790c47f	images\6212bc92930d93605cc9b6b3699601807dc1633fa573890fdac82faca790c47f.bmp
C:\Projects\M2022\ToolWearMode.dfm	ToolWearMode.pas	dfm	TfrmToolWearMode	dxBarManager1.dxBarDBNavCancel1	dxBarDBNavCancel1	TdxBarDBNavButton			Glyph.Data	single		bmp	1078	16	16	32	0					1		975795a643484a5073c6e0223bb36e40eaf96637165ace0ca753593af1dde849	images\975795a643484a5073c6e0223bb36e40eaf96637165ace0ca753593af1dde849.bmp
C:\Projects\M2022\ToolWearMode.dfm	ToolWearMode.pas	dfm	TfrmToolWearMode	dxBarManager1.dxBarDBNavRefresh1	dxBarDBNavRefresh1	TdxBarDBNavButton			Glyph.Data	single		bmp	1078	16	16	32	0					1		5d9485a834adeff5da0f68c84a8055425e3e8e58c4f93d181d2aa5086a8e39be	images\5d9485a834adeff5da0f68c84a8055425e3e8e58c4f93d181d2aa5086a8e39be.bmp
C:\Projects\M2022\ToolWearMode.dfm	ToolWearMode.pas	dfm	TfrmToolWearMode	dxBarManager1.btnExit	btnExit	TdxBarButton			Glyph.Data	single		bmp	1078	16	16	32	0					1		d1f5d5f839df61eb3317ff82c09de63b57e908669df38bd26a96a6dd5b8d7ad7	images\d1f5d5f839df61eb3317ff82c09de63b57e908669df38bd26a96a6dd5b8d7ad7.bmp
C:\Projects\M2022\ToolWearMode.dfm	ToolWearMode.pas	dfm	TfrmToolWearMode	dxBarManager1.btnPrint	btnPrint	TdxBarButton			Glyph.Data	single		bmp	1078	16	16	32	0					1		946d8ef4176300b7514b0712f480d3449521bbc5f097c0f596a6516e63518d3c	images\946d8ef4176300b7514b0712f480d3449521bbc5f097c0f596a6516e63518d3c.bmp
C:\Projects\M2022\TPCReport.dfm	TPCReport.pas	dfm	TfrmTPCReport		frmTPCReport	TfrmTPCReport			Icon.Data	single		ico	1150	0	0	0	0							87829c566615525191dec99da56caf00d42442aaa72a701af21d38cb4d4598be	images\87829c566615525191dec99da56caf00d42442aaa72a701af21d38cb4d4598be.ico
C:\Projects\M2022\TPCReport.dfm	TPCReport.pas	dfm	TfrmTPCReport	Panel133.Panel136.SpeedButton3	SpeedButton3	TcxButton			OptionsImage.Glyph.Data	strip		bmp	4150	64	16	32	0	OptionsImage.NumGlyphs	4		4	4	Y	8f9e84d53212444c86cc9bff846c1ec67bd98b69f272ba266210b116d1cac9cd	images\8f9e84d53212444c86cc9bff846c1ec67bd98b69f272ba266210b116d1cac9cd.bmp
C:\Projects\M2022\TPCReport.dfm	TPCReport.pas	dfm	TfrmTPCReport	Panel133.Panel136.btnCertLastSublot	btnCertLastSublot	TcxButton			OptionsImage.Glyph.Data	strip		bmp	4150	64	16	32	0	OptionsImage.NumGlyphs	4		4	4	Y	8f9e84d53212444c86cc9bff846c1ec67bd98b69f272ba266210b116d1cac9cd	images\8f9e84d53212444c86cc9bff846c1ec67bd98b69f272ba266210b116d1cac9cd.bmp
C:\Projects\M2022\TPCReport.dfm	TPCReport.pas	dfm	TfrmTPCReport	Panel133.Panel136.SpeedButton4	SpeedButton4	TcxButton			OptionsImage.Glyph.Data	strip		bmp	4150	64	16	32	0	OptionsImage.NumGlyphs	4		4	4	Y	8f9e84d53212444c86cc9bff846c1ec67bd98b69f272ba266210b116d1cac9cd	images\8f9e84d53212444c86cc9bff846c1ec67bd98b69f272ba266210b116d1cac9cd.bmp
C:\Projects\M2022\TPCReport.dfm	TPCReport.pas	dfm	TfrmTPCReport	cxGrid1.cxGrid1DBTableView1.cxGrid1DBTableView1CFlagOff1	cxGrid1DBTableView1CFlagOff1	TcxGridDBColumn			Properties.Glyph.Data	strip		bmp	6198	96	16	32	0					6		617cadb05a07b992a6f1733ebead0bb5eb78d6575fe39752963edbe7267b1e6c	images\617cadb05a07b992a6f1733ebead0bb5eb78d6575fe39752963edbe7267b1e6c.bmp
C:\Projects\M2022\TPCReport.dfm	TPCReport.pas	dfm	TfrmTPCReport	cxGrid1.cxGrid1DBTableView1.cxGrid1DBTableView1TFlagOff1	cxGrid1DBTableView1TFlagOff1	TcxGridDBColumn			Properties.Glyph.Data	strip		bmp	6198	96	16	32	0					6		617cadb05a07b992a6f1733ebead0bb5eb78d6575fe39752963edbe7267b1e6c	images\617cadb05a07b992a6f1733ebead0bb5eb78d6575fe39752963edbe7267b1e6c.bmp
C:\Projects\M2022\TPCReport.dfm	TPCReport.pas	dfm	TfrmTPCReport	dxBarManager1.btnExit	btnExit	TdxBarButton			Glyph.Data	single		svg	3033	0	0	0	0							39e5933d6f88188b2c66d8c653d769e7684d9a23c349e93e39b61c6384fc2a9e	images\39e5933d6f88188b2c66d8c653d769e7684d9a23c349e93e39b61c6384fc2a9e.svg
C:\Projects\M2022\TPCReport.dfm	TPCReport.pas	dfm	TfrmTPCReport	dxBarManager1.btnExit	btnExit	TdxBarButton			LargeGlyph.Data	single		svg	3033	0	0	0	0							39e5933d6f88188b2c66d8c653d769e7684d9a23c349e93e39b61c6384fc2a9e	images\39e5933d6f88188b2c66d8c653d769e7684d9a23c349e93e39b61c6384fc2a9e.svg
C:\Projects\M2022\TPCReport.dfm	TPCReport.pas	dfm	TfrmTPCReport	dxBarManager1.btnPrint	btnPrint	TdxBarButton			Glyph.Data	single		bmp	1078	16	16	32	0					1		946d8ef4176300b7514b0712f480d3449521bbc5f097c0f596a6516e63518d3c	images\946d8ef4176300b7514b0712f480d3449521bbc5f097c0f596a6516e63518d3c.bmp
C:\Projects\M2022\TPCReport.dfm	TPCReport.pas	dfm	TfrmTPCReport	dxBarManager1.ddlShowClass	ddlShowClass	TdxBarImageCombo			Glyph.Data	single		bmp	1078	16	16	32	0					1		9c41a85fa5ce6f5ec03987b719f3b171c7de40ed8bd799565cd38495132bf080	images\9c41a85fa5ce6f5ec03987b719f3b171c7de40ed8bd799565cd38495132bf080.bmp
C:\Projects\M2022\TPCReport.dfm	TPCReport.pas	dfm	TfrmTPCReport	dxBarManager1.btnJobList	btnJobList	TdxBarButton			Glyph.Data	single		svg	3033	0	0	0	0							39e5933d6f88188b2c66d8c653d769e7684d9a23c349e93e39b61c6384fc2a9e	images\39e5933d6f88188b2c66d8c653d769e7684d9a23c349e93e39b61c6384fc2a9e.svg
C:\Projects\M2022\TPCReport.dfm	TPCReport.pas	dfm	TfrmTPCReport	dxBarManager1.btnJobList	btnJobList	TdxBarButton			LargeGlyph.Data	single		svg	3033	0	0	0	0							39e5933d6f88188b2c66d8c653d769e7684d9a23c349e93e39b61c6384fc2a9e	images\39e5933d6f88188b2c66d8c653d769e7684d9a23c349e93e39b61c6384fc2a9e.svg
C:\Projects\M2022\TPCReport.dfm	TPCReport.pas	dfm	TfrmTPCReport	imlFlags	imlFlags	TcxImageList			Bitmap	container			4390	0	0	0	0							c005a514fca10ed5b603cfd453ecdc92918b5c2ed761b2c66326cb042be9dd6d	images\c005a514fca10ed5b603cfd453ecdc92918b5c2ed761b2c66326cb042be9dd6d.bin
C:\Projects\M2022\TPCReport.dfm	TPCReport.pas	dfm	TfrmTPCReport	imlFlags	imlFlags	TcxImageList			ImageInfo[0].Image.Data	container		svg	1219	0	0	0	0							ab6bca89780089b0e363524732178df8d23578e255cf4747b7ee440cb3b7f9ac	images\ab6bca89780089b0e363524732178df8d23578e255cf4747b7ee440cb3b7f9ac.svg
C:\Projects\M2022\TQAD_Report.dfm	TQAD_Report.pas	dfm	TfrmTQAD_report		frmTQAD_report	TfrmTQAD_report			Icon.Data	single		ico	1150	0	0	0	0							87829c566615525191dec99da56caf00d42442aaa72a701af21d38cb4d4598be	images\87829c566615525191dec99da56caf00d42442aaa72a701af21d38cb4d4598be.ico
C:\Projects\M2022\TQAD_Report.dfm	TQAD_Report.pas	dfm	TfrmTQAD_report	splShowDrawing.Panel133.Panel136.SpeedButton3	SpeedButton3	TcxButton			OptionsImage.Glyph.Data	strip		bmp	4150	64	16	32	0	OptionsImage.NumGlyphs	4		4	4	Y	8f9e84d53212444c86cc9bff846c1ec67bd98b69f272ba266210b116d1cac9cd	images\8f9e84d53212444c86cc9bff846c1ec67bd98b69f272ba266210b116d1cac9cd.bmp
C:\Projects\M2022\TQAD_Report.dfm	TQAD_Report.pas	dfm	TfrmTQAD_report	splShowDrawing.Panel133.Panel136.btnCertLastSublot	btnCertLastSublot	TcxButton			OptionsImage.Glyph.Data	strip		bmp	4150	64	16	32	0	OptionsImage.NumGlyphs	4		4	4	Y	8f9e84d53212444c86cc9bff846c1ec67bd98b69f272ba266210b116d1cac9cd	images\8f9e84d53212444c86cc9bff846c1ec67bd98b69f272ba266210b116d1cac9cd.bmp
C:\Projects\M2022\TQAD_Report.dfm	TQAD_Report.pas	dfm	TfrmTQAD_report	splShowDrawing.Panel133.Panel136.SpeedButton4	SpeedButton4	TcxButton			OptionsImage.Glyph.Data	strip		bmp	4150	64	16	32	0	OptionsImage.NumGlyphs	4		4	4	Y	8f9e84d53212444c86cc9bff846c1ec67bd98b69f272ba266210b116d1cac9cd	images\8f9e84d53212444c86cc9bff846c1ec67bd98b69f272ba266210b116d1cac9cd.bmp
C:\Projects\M2022\TQAD_Report.dfm	TQAD_Report.pas	dfm	TfrmTQAD_report	splShowDrawing.RzSplitter1.dxDBGrid1.dxDBGrid1V1.dxDBGrid1V1CFlagOff1	dxDBGrid1V1CFlagOff1	TcxGridDBColumn			Properties.Glyph.Data	strip		bmp	6198	96	16	32	0					6		617cadb05a07b992a6f1733ebead0bb5eb78d6575fe39752963edbe7267b1e6c	images\617cadb05a07b992a6f1733ebead0bb5eb78d6575fe39752963edbe7267b1e6c.bmp
C:\Projects\M2022\TQAD_Report.dfm	TQAD_Report.pas	dfm	TfrmTQAD_report	splShowDrawing.RzSplitter1.dxDBGrid1.dxDBGrid1V1.dxDBGrid1V1TFlagOff1	dxDBGrid1V1TFlagOff1	TcxGridDBColumn			Properties.Glyph.Data	strip		bmp	6198	96	16	32	0					6		617cadb05a07b992a6f1733ebead0bb5eb78d6575fe39752963edbe7267b1e6c	images\617cadb05a07b992a6f1733ebead0bb5eb78d6575fe39752963edbe7267b1e6c.bmp
C:\Projects\M2022\TQAD_Report.dfm	TQAD_Report.pas	dfm	TfrmTQAD_report	dxBarManager1.btnExit	btnExit	TdxBarButton			Glyph.Data	single		svg	3033	0	0	0	0							39e5933d6f88188b2c66d8c653d769e7684d9a23c349e93e39b61c6384fc2a9e	images\39e5933d6f88188b2c66d8c653d769e7684d9a23c349e93e39b61c6384fc2a9e.svg
C:\Projects\M2022\TQAD_Report.dfm	TQAD_Report.pas	dfm	TfrmTQAD_report	dxBarManager1.btnExit	btnExit	TdxBarButton			LargeGlyph.Data	single		svg	3033	0	0	0	0							39e5933d6f88188b2c66d8c653d769e7684d9a23c349e93e39b61c6384fc2a9e	images\39e5933d6f88188b2c66d8c653d769e7684d9a23c349e93e39b61c6384fc2a9e.svg
C:\Projects\M2022\TQAD_Report.dfm	TQAD_Report.pas	dfm	TfrmTQAD_report	dxBarManager1.btnPrint	btnPrint	TdxBarButton			Glyph.Data	single		bmp	1078	16	16	32	0					1		946d8ef4176300b7514b0712f480d3449521bbc5f097c0f596a6516e63518d3c	images\946d8ef4176300b7514b0712f480d3449521bbc5f097c0f596a6516e63518d3c.bmp
C:\Projects\M2022\TQAD_Report.dfm	TQAD_Report.pas	dfm	TfrmTQAD_report	dxBarManager1.ddlSamplingIndicator	ddlSamplingIndicator	TdxBarImageCombo			Glyph.Data	single		bmp	1078	16	16	32	0					1		9c41a85fa5ce6f5ec03987b719f3b171c7de40ed8bd799565cd38495132bf080	images\9c41a85fa5ce6f5ec03987b719f3b171c7de40ed8bd799565cd38495132bf080.bmp
C:\Projects\M2022\TQAD_Report.dfm	TQAD_Report.pas	dfm	TfrmTQAD_report	dxBarManager1.ddlShowClass	ddlShowClass	TdxBarImageCombo			Glyph.Data	single		bmp	1078	16	16	32	0					1		9c41a85fa5ce6f5ec03987b719f3b171c7de40ed8bd799565cd38495132bf080	images\9c41a85fa5ce6f5ec03987b719f3b171c7de40ed8bd799565cd38495132bf080.bmp
C:\Projects\M2022\TQAD_Report.dfm	TQAD_Report.pas	dfm	TfrmTQAD_report	dxBarManager1.btnJobList	btnJobList	TdxBarButton			Glyph.Data	single		bmp	1078	16	16	32	0					1		d1f5d5f839df61eb3317ff82c09de63b57e908669df38bd26a96a6dd5b8d7ad7	images\d1f5d5f839df61eb3317ff82c09de63b57e908669df38bd26a96a6dd5b8d7ad7.bmp
C:\Projects\M2022\TQAD_Report.dfm	TQAD_Report.pas	dfm	TfrmTQAD_report	glyDrawExistsZZZ	glyDrawExistsZZZ	TImageList			Bitmap	container			4390	0	0	0	0							a93520fd595800b362846475cfc6c56040766f0506b4d7b4e12e9ed4ac4f30ab	images\a93520fd595800b362846475cfc6c56040766f0506b4d7b4e12e9ed4ac4f30ab.bin
C:\Projects\M2022\TQAD_Report.dfm	TQAD_Report.pas	dfm	TfrmTQAD_report	glyDrawExists	glyDrawExists	TcxImageList			Bitmap	container			4390	0	0	0	0							e475482cdbc12584a5dc509d3fd62331a8078d7ecc9c8c229c5d4c2cb16be204	images\e475482cdbc12584a5dc509d3fd62331a8078d7ecc9c8c229c5d4c2cb16be204.bin
C:\Projects\M2022\TQAD_Report.dfm	TQAD_Report.pas	dfm	TfrmTQAD_report	glyDrawExists	glyDrawExists	TcxImageList			ImageInfo[0].Image.Data	container		svg	726	0	0	0	0							ceb7a6d212dffeb757e838332b3a43ae6900e507960c2c3828525513fbd3e409	images\ceb7a6d212dffeb757e838332b3a43ae6900e507960c2c3828525513fbd3e409.svg
C:\Projects\M2022\TQAD_Report.dfm	TQAD_Report.pas	dfm	TfrmTQAD_report	glyDrawExists	glyDrawExists	TcxImageList			ImageInfo[1].Image.Data	container		svg	1066	0	0	0	0							a606718f1c54fc0680de6dd4492f9a684c597093f23b0c151daa530c88bc4250	images\a606718f1c54fc0680de6dd4492f9a684c597093f23b0c151daa530c88bc4250.svg
C:\Projects\M2022\TQAD_Report.dfm	TQAD_Report.pas	dfm	TfrmTQAD_report	glyDrawExists	glyDrawExists	TcxImageList			ImageInfo[2].Image.Data	container		svg	1428	0	0	0	0							5d8b356c5c605811d311d27b2cbc17141ede76e29837fa7e117ccb7e9e41befe	images\5d8b356c5c605811d311d27b2cbc17141ede76e29837fa7e117ccb7e9e41befe.svg
C:\Projects\M2022\TrpsSlct.dfm	TrpsSlct.pas	dfm	TfrmTrpsSlct		frmTrpsSlct	TfrmTrpsSlct			Icon.Data	single		ico	51262	0	0	0	0							adad2bc51732dcd9f6ba266123714c98295a19dc1825ce265486b70b67ab3b62	images\adad2bc51732dcd9f6ba266123714c98295a19dc1825ce265486b70b67ab3b62.ico
C:\Projects\M2022\TrpsSlct.dfm	TrpsSlct.pas	dfm	TfrmTrpsSlct	btn_Cancel	btn_Cancel	TBitBtn			Glyph.Data	strip		bmp	2002	36	18	24	0	NumGlyphs	2		2	2	Y	d78f1bb64a7e8beab00a2dab78822953f929c64f88e7e91e471d18b75f1c4855	images\d78f1bb64a7e8beab00a2dab78822953f929c64f88e7e91e471d18b75f1c4855.bmp
C:\Projects\M2022\TrpsSlct.dfm	TrpsSlct.pas	dfm	TfrmTrpsSlct	btn_Ok	btn_Ok	TBitBtn			Glyph.Data	strip		bmp	2002	36	18	24	0	NumGlyphs	2		2	2	Y	e0eb440933305d2932dcd2291622c4b925879d4f8d95ac5fd930d81a4c5ed4bf	images\e0eb440933305d2932dcd2291622c4b925879d4f8d95ac5fd930d81a4c5ed4bf.bmp
C:\Projects\M2022\TrpsSlct.dfm	TrpsSlct.pas	dfm	TfrmTrpsSlct	Panel2.edtPpk	edtPpk	TOvcSimpleField			RangeHigh	single			10	0	0	0	0							dd55e056608160fef078dadda29f08c7932c4991231dd5370cfc439e6b6fe7c9	images\dd55e056608160fef078dadda29f08c7932c4991231dd5370cfc439e6b6fe7c9.bin
C:\Projects\M2022\TrpsSlct.dfm	TrpsSlct.pas	dfm	TfrmTrpsSlct	Panel2.edtPpk	edtPpk	TOvcSimpleField			RangeLow	single			10	0	0	0	0							01d448afd928065458cf670b60f5a594d735af0172c8d67f22a81680132681ca	images\01d448afd928065458cf670b60f5a594d735af0172c8d67f22a81680132681ca.bin
C:\Projects\M2022\TrpsSlct.dfm	TrpsSlct.pas	dfm	TfrmTrpsSlct	Panel2.edtAQL	edtAQL	TOvcSimpleField			RangeHigh	single			10	0	0	0	0							dd55e056608160fef078dadda29f08c7932c4991231dd5370cfc439e6b6fe7c9	images\dd55e056608160fef078dadda29f08c7932c4991231dd5370cfc439e6b6fe7c9.bin
C:\Projects\M2022\TrpsSlct.dfm	TrpsSlct.pas	dfm	TfrmTrpsSlct	Panel2.edtAQL	edtAQL	TOvcSimpleField			RangeLow	single			10	0	0	0	0							01d448afd928065458cf670b60f5a594d735af0172c8d67f22a81680132681ca	images\01d448afd928065458cf670b60f5a594d735af0172c8d67f22a81680132681ca.bin
C:\Projects\M2022\TrpsSlct.dfm	TrpsSlct.pas	dfm	TfrmTrpsSlct	Panel2.edtZdi	edtZdi	TOvcSimpleField			RangeHigh	single			10	0	0	0	0							dd55e056608160fef078dadda29f08c7932c4991231dd5370cfc439e6b6fe7c9	images\dd55e056608160fef078dadda29f08c7932c4991231dd5370cfc439e6b6fe7c9.bin
C:\Projects\M2022\TrpsSlct.dfm	TrpsSlct.pas	dfm	TfrmTrpsSlct	Panel2.edtZdi	edtZdi	TOvcSimpleField			RangeLow	single			10	0	0	0	0							01d448afd928065458cf670b60f5a594d735af0172c8d67f22a81680132681ca	images\01d448afd928065458cf670b60f5a594d735af0172c8d67f22a81680132681ca.bin
C:\Projects\M2022\TrpsSlct.dfm	TrpsSlct.pas	dfm	TfrmTrpsSlct	edtLotSize	edtLotSize	TOvcSimpleField			RangeHigh	single			10	0	0	0	0							f8085fb4c654c6e3627a51f27013c1aa0e49b7fcfe0bbd525bcedfcccdfbf013	images\f8085fb4c654c6e3627a51f27013c1aa0e49b7fcfe0bbd525bcedfcccdfbf013.bin
C:\Projects\M2022\TrpsSlct.dfm	TrpsSlct.pas	dfm	TfrmTrpsSlct	edtLotSize	edtLotSize	TOvcSimpleField			RangeLow	single			10	0	0	0	0							2e0abf551047051e4fe9d2a46b0aa88420794f8424b8cf03e92d6e40c2aa8e90	images\2e0abf551047051e4fe9d2a46b0aa88420794f8424b8cf03e92d6e40c2aa8e90.bin
C:\Projects\M2022\TSToolStat.dfm	TSToolStat.pas	dfm	TfrmTSToolStat		frmTSToolStat	TfrmTSToolStat			Icon.Data	single		ico	51262	0	0	0	0							adad2bc51732dcd9f6ba266123714c98295a19dc1825ce265486b70b67ab3b62	images\adad2bc51732dcd9f6ba266123714c98295a19dc1825ce265486b70b67ab3b62.ico
C:\Projects\M2022\UIConnect.dfm	UIConnect.pas	dfm	TfrmUIConnect		frmUIConnect	TfrmUIConnect			Icon.Data	single		ico	766	0	0	0	0							ff66307bd79fe7ed8b4531ae81ef3204cb3be14d8de48ef8f75f7f95693b8981	images\ff66307bd79fe7ed8b4531ae81ef3204cb3be14d8de48ef8f75f7f95693b8981.ico
C:\Projects\M2022\uStyles.dfm	uStyles.pas	dfm	TdmStyles	dxPrinter	dxPrinter	TdxComponentPrinter			PreviewOptions.PreviewBoundsRect	single			16	0	0	0	0							18d8151f66606a942343a741d4656ace0b528084a1d56efeb3ece946689ff1af	images\18d8151f66606a942343a741d4656ace0b528084a1d56efeb3ece946689ff1af.bin
C:\Projects\M2022\uStyles.dfm	uStyles.pas	dfm	TdmStyles	imgGridButtonGlyphs	imgGridButtonGlyphs	TcxImageList			Bitmap	container			8614	0	0	0	0							9014e71e00f08b1d825b6b13d4ae993d0d05c696de4c6de8cde6878884830349	images\9014e71e00f08b1d825b6b13d4ae993d0d05c696de4c6de8cde6878884830349.bin
C:\Projects\M2022\uStyles.dfm	uStyles.pas	dfm	TdmStyles	imgGridButtonGlyphs	imgGridButtonGlyphs	TcxImageList			ImageInfo[0].Image.Data	container		svg	1447	0	0	0	0							f7eb725bbd8fe7c6212a526f3bd200d4050bb500ee27e1b72351e7237720736b	images\f7eb725bbd8fe7c6212a526f3bd200d4050bb500ee27e1b72351e7237720736b.svg
C:\Projects\M2022\uStyles.dfm	uStyles.pas	dfm	TdmStyles	imgGridButtonGlyphs	imgGridButtonGlyphs	TcxImageList			ImageInfo[1].Image.Data	container		svg	1024	0	0	0	0							e1a678ccec9ca757ef7083081be8a95a310fa5072080f44bc3da8eaeff98f13f	images\e1a678ccec9ca757ef7083081be8a95a310fa5072080f44bc3da8eaeff98f13f.svg
C:\Projects\M2022\uStyles.dfm	uStyles.pas	dfm	TdmStyles	imgGridButtonGlyphs	imgGridButtonGlyphs	TcxImageList			ImageInfo[2].Image.Data	container		svg	3619	0	0	0	0							0ba7782d33f18ed7c063e00d4eea2ce91ae49eb4cc0a0bf7abc674e5fb9832c8	images\0ba7782d33f18ed7c063e00d4eea2ce91ae49eb4cc0a0bf7abc674e5fb9832c8.svg
C:\Projects\M2022\uStyles.dfm	uStyles.pas	dfm	TdmStyles	imgGridButtonGlyphs	imgGridButtonGlyphs	TcxImageList			ImageInfo[3].Image.Data	container		svg	1008	0	0	0	0							a767358d3036384148b384d968b653e672dcb145171d8798d9e1e26bd86488b7	images\a767358d3036384148b384d968b653e672dcb145171d8798d9e1e26bd86488b7.svg
C:\Projects\M2022\VariationSampleNumber.dfm	VariationSampleNumber.pas	dfm	TfrmVariationSampleNumber		frmVariationSampleNumber	TfrmVariationSampleNumber			Icon.Data	single		ico	1150	0	0	0	0							87829c566615525191dec99da56caf00d42442aaa72a701af21d38cb4d4598be	images\87829c566615525191dec99da56caf00d42442aaa72a701af21d38cb4d4598be.ico
C:\Projects\M2022\VariationSampleNumber.dfm	VariationSampleNumber.pas	dfm	TfrmVariationSampleNumber	dxBarManager1.btnExit	btnExit	TdxBarButton			Glyph.Data	single		svg	3033	0	0	0	0							39e5933d6f88188b2c66d8c653d769e7684d9a23c349e93e39b61c6384fc2a9e	images\39e5933d6f88188b2c66d8c653d769e7684d9a23c349e93e39b61c6384fc2a9e.svg
C:\Projects\M2022\VariationSampleNumber.dfm	VariationSampleNumber.pas	dfm	TfrmVariationSampleNumber	dxBarManager1.btnExit	btnExit	TdxBarButton			LargeGlyph.Data	single		svg	3033	0	0	0	0							39e5933d6f88188b2c66d8c653d769e7684d9a23c349e93e39b61c6384fc2a9e	images\39e5933d6f88188b2c66d8c653d769e7684d9a23c349e93e39b61c6384fc2a9e.svg
C:\Projects\M2022\VariationSampleNumber.dfm	VariationSampleNumber.pas	dfm	TfrmVariationSampleNumber	dxBarManager1.btnMaximize	btnMaximize	TdxBarButton			Glyph.Data	single		bmp	1078	16	16	32	0					1		d979d0b7b77a3576b3ea07e84c5ebda63b9ff26d22cf4e477f50474bd456c113	images\d979d0b7b77a3576b3ea07e84c5ebda63b9ff26d22cf4e477f50474bd456c113.bmp
C:\Projects\M2022\VariationSampleNumber.dfm	VariationSampleNumber.pas	dfm	TfrmVariationSampleNumber	dxBarManager1.btnCancel	btnCancel	TdxBarButton			Glyph.Data	single		svg	475	0	0	0	0							182dc8b95b3aacd3fb2a562fef0f9af9d1bcead5a2f8e9477f6910dfd29af2d0	images\182dc8b95b3aacd3fb2a562fef0f9af9d1bcead5a2f8e9477f6910dfd29af2d0.svg
C:\Projects\M2022\VariationSampleNumber.dfm	VariationSampleNumber.pas	dfm	TfrmVariationSampleNumber	dxBarManager1.btnCancel	btnCancel	TdxBarButton			LargeGlyph.Data	single		svg	475	0	0	0	0							182dc8b95b3aacd3fb2a562fef0f9af9d1bcead5a2f8e9477f6910dfd29af2d0	images\182dc8b95b3aacd3fb2a562fef0f9af9d1bcead5a2f8e9477f6910dfd29af2d0.svg
C:\Projects\M2022\VARINSP.dfm	VARINSP.pas	dfm	TVarInspDlg		VarInspDlg	TVarInspDlg			Icon.Data	single		ico	1150	0	0	0	0							87829c566615525191dec99da56caf00d42442aaa72a701af21d38cb4d4598be	images\87829c566615525191dec99da56caf00d42442aaa72a701af21d38cb4d4598be.ico
C:\Projects\M2022\VARINSP.dfm	VARINSP.pas	dfm	TVarInspDlg	Panel63.Panel76.Panel5.Panel49.edtSsize	edtSsize	TOvcDbSimpleField			RangeHigh	single			10	0	0	0	0							f8085fb4c654c6e3627a51f27013c1aa0e49b7fcfe0bbd525bcedfcccdfbf013	images\f8085fb4c654c6e3627a51f27013c1aa0e49b7fcfe0bbd525bcedfcccdfbf013.bin
C:\Projects\M2022\VARINSP.dfm	VARINSP.pas	dfm	TVarInspDlg	Panel63.Panel76.Panel5.Panel49.edtSsize	edtSsize	TOvcDbSimpleField			RangeLow	single			10	0	0	0	0							01d448afd928065458cf670b60f5a594d735af0172c8d67f22a81680132681ca	images\01d448afd928065458cf670b60f5a594d735af0172c8d67f22a81680132681ca.bin
C:\Projects\M2022\VARINSP.dfm	VARINSP.pas	dfm	TVarInspDlg	PnlVarHeader.tbcInspView.TabSheet3.Panel21.Panel144.btnEWAcAQL	btnEWAcAQL	TabcToggleBtn	Abcbtn		Picture.Data	strip	TBitmap	bmp	2178	128	32	4	16	NumGlyphs	4	1	4	4	Y	57f8486bc7d2d3dc02ea38de604805f5fecf0207ed0dacbc0e2f3885bb30ea45	images\57f8486bc7d2d3dc02ea38de604805f5fecf0207ed0dacbc0e2f3885bb30ea45.bmp
C:\Projects\M2022\VARINSP.dfm	VARINSP.pas	dfm	TVarInspDlg	PnlVarHeader.tbcInspView.TabSheet3.Panel21.Panel144.btnEWReAQL	btnEWReAQL	TabcToggleBtn	Abcbtn		Picture.Data	strip	TBitmap	bmp	2178	128	32	4	16	NumGlyphs	4	1	4	4	Y	30023e14281a93987e379a7041afd0b72747156adca158b3052ba1a6e75c2b70	images\30023e14281a93987e379a7041afd0b72747156adca158b3052ba1a6e75c2b70.bmp
C:\Projects\M2022\VARINSP.dfm	VARINSP.pas	dfm	TVarInspDlg	PnlVarHeader.tbcInspView.TabSheet3.Panel21.Panel144.btnEWACPPk	btnEWACPPk	TabcToggleBtn	Abcbtn		Picture.Data	strip	TBitmap	bmp	2178	128	32	4	16	NumGlyphs	4	1	4	4	Y	57f8486bc7d2d3dc02ea38de604805f5fecf0207ed0dacbc0e2f3885bb30ea45	images\57f8486bc7d2d3dc02ea38de604805f5fecf0207ed0dacbc0e2f3885bb30ea45.bmp
C:\Projects\M2022\VARINSP.dfm	VARINSP.pas	dfm	TVarInspDlg	PnlVarHeader.tbcInspView.TabSheet3.Panel21.Panel144.btnEWRePPk	btnEWRePPk	TabcToggleBtn	Abcbtn		Picture.Data	strip	TBitmap	bmp	2178	128	32	4	16	NumGlyphs	4	1	4	4	Y	30023e14281a93987e379a7041afd0b72747156adca158b3052ba1a6e75c2b70	images\30023e14281a93987e379a7041afd0b72747156adca158b3052ba1a6e75c2b70.bmp
C:\Projects\M2022\VARINSP.dfm	VARINSP.pas	dfm	TVarInspDlg	PnlVarHeader.tbcInspView.TabSheet3.Panel21.Panel144.btnEWACPP	btnEWACPP	TabcToggleBtn	Abcbtn		Picture.Data	strip	TBitmap	bmp	2178	128	32	4	16	NumGlyphs	4	1	4	4	Y	57f8486bc7d2d3dc02ea38de604805f5fecf0207ed0dacbc0e2f3885bb30ea45	images\57f8486bc7d2d3dc02ea38de604805f5fecf0207ed0dacbc0e2f3885bb30ea45.bmp
C:\Projects\M2022\VARINSP.dfm	VARINSP.pas	dfm	TVarInspDlg	PnlVarHeader.tbcInspView.TabSheet3.Panel21.Panel144.btnEWRePP	btnEWRePP	TabcToggleBtn	Abcbtn		Picture.Data	strip	TBitmap	bmp	2178	128	32	4	16	NumGlyphs	4	1	4	4	Y	30023e14281a93987e379a7041afd0b72747156adca158b3052ba1a6e75c2b70	images\30023e14281a93987e379a7041afd0b72747156adca158b3052ba1a6e75c2b70.bmp
C:\Projects\M2022\VARINSP.dfm	VARINSP.pas	dfm	TVarInspDlg	PnlVarHeader.tbcInspView.TabSheet3.Panel21.Panel144.btnEWAcOut	btnEWAcOut	TabcToggleBtn	Abcbtn		Picture.Data	strip	TBitmap	bmp	2178	128	32	4	16	NumGlyphs	4	1	4	4	Y	57f8486bc7d2d3dc02ea38de604805f5fecf0207ed0dacbc0e2f3885bb30ea45	images\57f8486bc7d2d3dc02ea38de604805f5fecf0207ed0dacbc0e2f3885bb30ea45.bmp
C:\Projects\M2022\VARINSP.dfm	VARINSP.pas	dfm	TVarInspDlg	PnlVarHeader.tbcInspView.TabSheet3.Panel21.Panel144.btnEWReOut	btnEWReOut	TabcToggleBtn	Abcbtn		Picture.Data	strip	TBitmap	bmp	2178	128	32	4	16	NumGlyphs	4	1	4	4	Y	30023e14281a93987e379a7041afd0b72747156adca158b3052ba1a6e75c2b70	images\30023e14281a93987e379a7041afd0b72747156adca158b3052ba1a6e75c2b70.bmp
C:\Projects\M2022\VARINSP.dfm	VARINSP.pas	dfm	TVarInspDlg	PnlVarHeader.tbcInspView.tbsPPk.Panel72.edtPPPP	edtPPPP	TOvcSimpleField			RangeHigh	single			10	0	0	0	0							9483f9056815883183295e72b5a9f35cfabf0051984545ac79b422c8069049f5	images\9483f9056815883183295e72b5a9f35cfabf0051984545ac79b422c8069049f5.bin
C:\Projects\M2022\VARINSP.dfm	VARINSP.pas	dfm	TVarInspDlg	PnlVarHeader.tbcInspView.tbsPPk.Panel72.edtPPPP	edtPPPP	TOvcSimpleField			RangeLow	single			10	0	0	0	0							01d448afd928065458cf670b60f5a594d735af0172c8d67f22a81680132681ca	images\01d448afd928065458cf670b60f5a594d735af0172c8d67f22a81680132681ca.bin
C:\Projects\M2022\VARINSP.dfm	VARINSP.pas	dfm	TVarInspDlg	PnlVarHeader.tbcInspView.tbsPPk.Panel72.edtPPPpk	edtPPPpk	TOvcSimpleField			RangeHigh	single			10	0	0	0	0							9483f9056815883183295e72b5a9f35cfabf0051984545ac79b422c8069049f5	images\9483f9056815883183295e72b5a9f35cfabf0051984545ac79b422c8069049f5.bin
C:\Projects\M2022\VARINSP.dfm	VARINSP.pas	dfm	TVarInspDlg	PnlVarHeader.tbcInspView.tbsPPk.Panel72.edtPPPpk	edtPPPpk	TOvcSimpleField			RangeLow	single			10	0	0	0	0							01d448afd928065458cf670b60f5a594d735af0172c8d67f22a81680132681ca	images\01d448afd928065458cf670b60f5a594d735af0172c8d67f22a81680132681ca.bin
C:\Projects\M2022\VARINSP.dfm	VARINSP.pas	dfm	TVarInspDlg	PnlVarHeader.tbcInspView.tbsPPk.Panel72.edtPPRunSize	edtPPRunSize	TOvcSimpleField			RangeHigh	single			10	0	0	0	0							f8085fb4c654c6e3627a51f27013c1aa0e49b7fcfe0bbd525bcedfcccdfbf013	images\f8085fb4c654c6e3627a51f27013c1aa0e49b7fcfe0bbd525bcedfcccdfbf013.bin
C:\Projects\M2022\VARINSP.dfm	VARINSP.pas	dfm	TVarInspDlg	PnlVarHeader.tbcInspView.tbsPPk.Panel72.edtPPRunSize	edtPPRunSize	TOvcSimpleField			RangeLow	single			10	0	0	0	0							01d448afd928065458cf670b60f5a594d735af0172c8d67f22a81680132681ca	images\01d448afd928065458cf670b60f5a594d735af0172c8d67f22a81680132681ca.bin
C:\Projects\M2022\VARINSP.dfm	VARINSP.pas	dfm	TVarInspDlg	PnlVarHeader.tbcInspView.tbsPPk.Panel72.edtSssize15	edtSssize15	TOvcSimpleField			RangeHigh	single			10	0	0	0	0							7aef47f1de3be50d508efbbfb6db945c4a0ad740a15a3542bea0ceaeb3fa915f	images\7aef47f1de3be50d508efbbfb6db945c4a0ad740a15a3542bea0ceaeb3fa915f.bin
C:\Projects\M2022\VARINSP.dfm	VARINSP.pas	dfm	TVarInspDlg	PnlVarHeader.tbcInspView.tbsPPk.Panel72.edtSssize15	edtSssize15	TOvcSimpleField			RangeLow	single			10	0	0	0	0							96eeff563b3135e3f77964e8c062328fd207c8bc9e754fc423abaf83eb3f1490	images\96eeff563b3135e3f77964e8c062328fd207c8bc9e754fc423abaf83eb3f1490.bin
C:\Projects\M2022\VARINSP.dfm	VARINSP.pas	dfm	TVarInspDlg	PnlVarHeader.tbcInspView.tbsPPk.edtSssize14	edtSssize14	TOvcSimpleField			RangeHigh	single			10	0	0	0	0							dcbd805fe83f7a4aa602b199c06a6ddd239816bc8f6ea59026cbabc0b6e1fac3	images\dcbd805fe83f7a4aa602b199c06a6ddd239816bc8f6ea59026cbabc0b6e1fac3.bin
C:\Projects\M2022\VARINSP.dfm	VARINSP.pas	dfm	TVarInspDlg	PnlVarHeader.tbcInspView.tbsPPk.edtSssize14	edtSssize14	TOvcSimpleField			RangeLow	single			10	0	0	0	0							96eeff563b3135e3f77964e8c062328fd207c8bc9e754fc423abaf83eb3f1490	images\96eeff563b3135e3f77964e8c062328fd207c8bc9e754fc423abaf83eb3f1490.bin
C:\Projects\M2022\VARINSP.dfm	VARINSP.pas	dfm	TVarInspDlg	PnlVarHeader.tbcInspView.tbsCP.Panel65.edtCPCP	edtCPCP	TOvcSimpleField			RangeHigh	single			10	0	0	0	0							9483f9056815883183295e72b5a9f35cfabf0051984545ac79b422c8069049f5	images\9483f9056815883183295e72b5a9f35cfabf0051984545ac79b422c8069049f5.bin
C:\Projects\M2022\VARINSP.dfm	VARINSP.pas	dfm	TVarInspDlg	PnlVarHeader.tbcInspView.tbsCP.Panel65.edtCPCP	edtCPCP	TOvcSimpleField			RangeLow	single			10	0	0	0	0							01d448afd928065458cf670b60f5a594d735af0172c8d67f22a81680132681ca	images\01d448afd928065458cf670b60f5a594d735af0172c8d67f22a81680132681ca.bin
C:\Projects\M2022\VARINSP.dfm	VARINSP.pas	dfm	TVarInspDlg	PnlVarHeader.tbcInspView.tbsCP.Panel65.edtCPCpk	edtCPCpk	TOvcSimpleField			RangeHigh	single			10	0	0	0	0							9483f9056815883183295e72b5a9f35cfabf0051984545ac79b422c8069049f5	images\9483f9056815883183295e72b5a9f35cfabf0051984545ac79b422c8069049f5.bin
C:\Projects\M2022\VARINSP.dfm	VARINSP.pas	dfm	TVarInspDlg	PnlVarHeader.tbcInspView.tbsCP.Panel65.edtCPCpk	edtCPCpk	TOvcSimpleField			RangeLow	single			10	0	0	0	0							01d448afd928065458cf670b60f5a594d735af0172c8d67f22a81680132681ca	images\01d448afd928065458cf670b60f5a594d735af0172c8d67f22a81680132681ca.bin
C:\Projects\M2022\VARINSP.dfm	VARINSP.pas	dfm	TVarInspDlg	PnlVarHeader.tbcInspView.tbsCP.Panel65.edtCPCollected	edtCPCollected	TOvcSimpleField			RangeHigh	single			10	0	0	0	0							f8085fb4c654c6e3627a51f27013c1aa0e49b7fcfe0bbd525bcedfcccdfbf013	images\f8085fb4c654c6e3627a51f27013c1aa0e49b7fcfe0bbd525bcedfcccdfbf013.bin
C:\Projects\M2022\VARINSP.dfm	VARINSP.pas	dfm	TVarInspDlg	PnlVarHeader.tbcInspView.tbsCP.Panel65.edtCPCollected	edtCPCollected	TOvcSimpleField			RangeLow	single			10	0	0	0	0							01d448afd928065458cf670b60f5a594d735af0172c8d67f22a81680132681ca	images\01d448afd928065458cf670b60f5a594d735af0172c8d67f22a81680132681ca.bin
C:\Projects\M2022\VARINSP.dfm	VARINSP.pas	dfm	TVarInspDlg	PnlVarHeader.tbcInspView.tbsByColumns.btnLastProcOnly1	btnLastProcOnly1	TabcToggleBtn	Abcbtn		Picture.Data	strip	TBitmap	bmp	642	64	16	4	16	NumGlyphs	4	1	4	4	Y	b4cd5b9fdd2112906f445f642bd790e88ba12584a67ac48c45676a75513ef264	images\b4cd5b9fdd2112906f445f642bd790e88ba12584a67ac48c45676a75513ef264.bmp
C:\Projects\M2022\VARINSP.dfm	VARINSP.pas	dfm	TVarInspDlg	PnlVarHeader.tbcInspView.tbcColumnsTol.btnLastProcOnly2	btnLastProcOnly2	TabcToggleBtn	Abcbtn		Picture.Data	strip	TBitmap	bmp	642	64	16	4	16	NumGlyphs	4	1	4	4	Y	b4cd5b9fdd2112906f445f642bd790e88ba12584a67ac48c45676a75513ef264	images\b4cd5b9fdd2112906f445f642bd790e88ba12584a67ac48c45676a75513ef264.bmp
C:\Projects\M2022\VARINSP.dfm	VARINSP.pas	dfm	TVarInspDlg	PnlVarHeader.tbcInspView.tabStatsman1.Panel157.Panel165.btnZ19ACAQL	btnZ19ACAQL	TabcToggleBtn	Abcbtn		Picture.Data	strip	TBitmap	bmp	2178	128	32	4	16	NumGlyphs	4	1	4	4	Y	57f8486bc7d2d3dc02ea38de604805f5fecf0207ed0dacbc0e2f3885bb30ea45	images\57f8486bc7d2d3dc02ea38de604805f5fecf0207ed0dacbc0e2f3885bb30ea45.bmp
C:\Projects\M2022\VARINSP.dfm	VARINSP.pas	dfm	TVarInspDlg	PnlVarHeader.tbcInspView.tabStatsman1.Panel157.Panel165.btnZ19REAQL	btnZ19REAQL	TabcToggleBtn	Abcbtn		Picture.Data	strip	TBitmap	bmp	2178	128	32	4	16	NumGlyphs	4	1	4	4	Y	30023e14281a93987e379a7041afd0b72747156adca158b3052ba1a6e75c2b70	images\30023e14281a93987e379a7041afd0b72747156adca158b3052ba1a6e75c2b70.bmp
C:\Projects\M2022\VARINSP.dfm	VARINSP.pas	dfm	TVarInspDlg	PnlVarHeader.tbcInspView.tabStatsman1.Panel157.Panel165.btnZ19ACPpk	btnZ19ACPpk	TabcToggleBtn	Abcbtn		Picture.Data	strip	TBitmap	bmp	2178	128	32	4	16	NumGlyphs	4	1	4	4	Y	57f8486bc7d2d3dc02ea38de604805f5fecf0207ed0dacbc0e2f3885bb30ea45	images\57f8486bc7d2d3dc02ea38de604805f5fecf0207ed0dacbc0e2f3885bb30ea45.bmp
C:\Projects\M2022\VARINSP.dfm	VARINSP.pas	dfm	TVarInspDlg	PnlVarHeader.tbcInspView.tabStatsman1.Panel157.Panel165.btnZ19REPpk	btnZ19REPpk	TabcToggleBtn	Abcbtn		Picture.Data	strip	TBitmap	bmp	2178	128	32	4	16	NumGlyphs	4	1	4	4	Y	30023e14281a93987e379a7041afd0b72747156adca158b3052ba1a6e75c2b70	images\30023e14281a93987e379a7041afd0b72747156adca158b3052ba1a6e75c2b70.bmp
C:\Projects\M2022\VARINSP.dfm	VARINSP.pas	dfm	TVarInspDlg	PnlVarHeader.tbcInspView.tabStatsman1.Panel157.Panel165.btnZ19ACPP	btnZ19ACPP	TabcToggleBtn	Abcbtn		Picture.Data	strip	TBitmap	bmp	2178	128	32	4	16	NumGlyphs	4	1	4	4	Y	57f8486bc7d2d3dc02ea38de604805f5fecf0207ed0dacbc0e2f3885bb30ea45	images\57f8486bc7d2d3dc02ea38de604805f5fecf0207ed0dacbc0e2f3885bb30ea45.bmp
C:\Projects\M2022\VARINSP.dfm	VARINSP.pas	dfm	TVarInspDlg	PnlVarHeader.tbcInspView.tabStatsman1.Panel157.Panel165.btnZ19REPP	btnZ19REPP	TabcToggleBtn	Abcbtn		Picture.Data	strip	TBitmap	bmp	2178	128	32	4	16	NumGlyphs	4	1	4	4	Y	30023e14281a93987e379a7041afd0b72747156adca158b3052ba1a6e75c2b70	images\30023e14281a93987e379a7041afd0b72747156adca158b3052ba1a6e75c2b70.bmp
C:\Projects\M2022\VARINSP.dfm	VARINSP.pas	dfm	TVarInspDlg	PnlVarHeader.tbcInspView.tabStatsman1.Panel157.Panel165.btnZ19ACOut	btnZ19ACOut	TabcToggleBtn	Abcbtn		Picture.Data	strip	TBitmap	bmp	2178	128	32	4	16	NumGlyphs	4	1	4	4	Y	57f8486bc7d2d3dc02ea38de604805f5fecf0207ed0dacbc0e2f3885bb30ea45	images\57f8486bc7d2d3dc02ea38de604805f5fecf0207ed0dacbc0e2f3885bb30ea45.bmp
C:\Projects\M2022\VARINSP.dfm	VARINSP.pas	dfm	TVarInspDlg	PnlVarHeader.tbcInspView.tabStatsman1.Panel157.Panel165.btnZ19REOut	btnZ19REOut	TabcToggleBtn	Abcbtn		Picture.Data	strip	TBitmap	bmp	2178	128	32	4	16	NumGlyphs	4	1	4	4	Y	30023e14281a93987e379a7041afd0b72747156adca158b3052ba1a6e75c2b70	images\30023e14281a93987e379a7041afd0b72747156adca158b3052ba1a6e75c2b70.bmp
C:\Projects\M2022\VARINSP.dfm	VARINSP.pas	dfm	TVarInspDlg	PnlVarHeader.tbcInspView.tbcSBFinal.Panel176.btnSB100AC	btnSB100AC	TabcToggleBtn	Abcbtn		Picture.Data	strip	TBitmap	bmp	2178	128	32	4	16	NumGlyphs	4	1	4	4	Y	57f8486bc7d2d3dc02ea38de604805f5fecf0207ed0dacbc0e2f3885bb30ea45	images\57f8486bc7d2d3dc02ea38de604805f5fecf0207ed0dacbc0e2f3885bb30ea45.bmp
C:\Projects\M2022\VARINSP.dfm	VARINSP.pas	dfm	TVarInspDlg	PnlVarHeader.tbcInspView.tbcSBFinal.Panel176.btnSB100RE	btnSB100RE	TabcToggleBtn	Abcbtn		Picture.Data	strip	TBitmap	bmp	2178	128	32	4	16	NumGlyphs	4	1	4	4	Y	30023e14281a93987e379a7041afd0b72747156adca158b3052ba1a6e75c2b70	images\30023e14281a93987e379a7041afd0b72747156adca158b3052ba1a6e75c2b70.bmp
C:\Projects\M2022\VARINSP.dfm	VARINSP.pas	dfm	TVarInspDlg	imlEOProcess	imlEOProcess	TImageList			Bitmap	container			30082	0	0	0	0							d836085c35cb8b9607a9c95668fe6e7ef920539ac3f38b31b85e061a77c20ab9	images\d836085c35cb8b9607a9c95668fe6e7ef920539ac3f38b31b85e061a77c20ab9.bin
C:\Projects\M2022\VARINSP.dfm	VARINSP.pas	dfm	TVarInspDlg	qryIPCousin	qryIPCousin	TQuery			Data	single			1962	0	0	0	0							5bf185183919ba9edad9ef0fc2f6830c97db8011402e8006bd627d606916bdfe	images\5bf185183919ba9edad9ef0fc2f6830c97db8011402e8006bd627d606916bdfe.bin
C:\Projects\M2022\VARINSP.dfm	VARINSP.pas	dfm	TVarInspDlg	qryProcessChange	qryProcessChange	TQuery			Data	single			1712	0	0	0	0							36acde0afdd6b5982c1e0c9aba2ab817aed5ca0b0b67fe411fcf50ca75dace33	images\36acde0afdd6b5982c1e0c9aba2ab817aed5ca0b0b67fe411fcf50ca75dace33.bin
C:\Projects\M2022\VARINSP.dfm	VARINSP.pas	dfm	TVarInspDlg	imlGlyphList	imlGlyphList	TImageList			Bitmap	container			17062	0	0	0	0							c135fcfa49807102e3a4c8f21397902c1988da3ee3f9ee9fddae673f4132fa88	images\c135fcfa49807102e3a4c8f21397902c1988da3ee3f9ee9fddae673f4132fa88.bin
C:\Projects\M2022\VARINSP.dfm	VARINSP.pas	dfm	TVarInspDlg	cllMENum2	cllMENum2	TOvcTCSimpleField			RangeHigh	single			10	0	0	0	0							9483f9056815883183295e72b5a9f35cfabf0051984545ac79b422c8069049f5	images\9483f9056815883183295e72b5a9f35cfabf0051984545ac79b422c8069049f5.bin
C:\Projects\M2022\VARINSP.dfm	VARINSP.pas	dfm	TVarInspDlg	cllMENum2	cllMENum2	TOvcTCSimpleField			RangeLow	single			10	0	0	0	0							7fc2e2ece3a1418ce6dcff0d3f525ea5ff0e03026275c036e5b2a67f63cb2d7b	images\7fc2e2ece3a1418ce6dcff0d3f525ea5ff0e03026275c036e5b2a67f63cb2d7b.bin
C:\Projects\M2022\VARINSP.dfm	VARINSP.pas	dfm	TVarInspDlg	cllMegNum2	cllMegNum2	TOvcTCSimpleField			RangeHigh	single			10	0	0	0	0							9483f9056815883183295e72b5a9f35cfabf0051984545ac79b422c8069049f5	images\9483f9056815883183295e72b5a9f35cfabf0051984545ac79b422c8069049f5.bin
C:\Projects\M2022\VARINSP.dfm	VARINSP.pas	dfm	TVarInspDlg	cllMegNum2	cllMegNum2	TOvcTCSimpleField			RangeLow	single			10	0	0	0	0							7fc2e2ece3a1418ce6dcff0d3f525ea5ff0e03026275c036e5b2a67f63cb2d7b	images\7fc2e2ece3a1418ce6dcff0d3f525ea5ff0e03026275c036e5b2a67f63cb2d7b.bin
C:\Projects\M2022\VARINSP.dfm	VARINSP.pas	dfm	TVarInspDlg	cllMENum3	cllMENum3	TOvcTCSimpleField			RangeHigh	single			10	0	0	0	0							73a62e8941d781f8a40242bd2693b452e3f5084c8295d0b887713c82caad588c	images\73a62e8941d781f8a40242bd2693b452e3f5084c8295d0b887713c82caad588c.bin
C:\Projects\M2022\VARINSP.dfm	VARINSP.pas	dfm	TVarInspDlg	cllMENum3	cllMENum3	TOvcTCSimpleField			RangeLow	single			10	0	0	0	0							01d448afd928065458cf670b60f5a594d735af0172c8d67f22a81680132681ca	images\01d448afd928065458cf670b60f5a594d735af0172c8d67f22a81680132681ca.bin
C:\Projects\M2022\VARINSP.dfm	VARINSP.pas	dfm	TVarInspDlg	imlSmallBatch	imlSmallBatch	TImageList			Bitmap	container			4390	0	0	0	0							b129855d32164a7c276595f6426866db3a14229c2b181556faf4476d107f932a	images\b129855d32164a7c276595f6426866db3a14229c2b181556faf4476d107f932a.bin
C:\Projects\M2022\VARINSP.dfm	VARINSP.pas	dfm	TVarInspDlg	imlSBRank	imlSBRank	TImageList			Bitmap	container			33862	0	0	0	0							64f91132886cd37cf765aa115b0587cf3a103f90755fba164a8bc64888ad3de4	images\64f91132886cd37cf765aa115b0587cf3a103f90755fba164a8bc64888ad3de4.bin
C:\Projects\M2022\VARINSP.dfm	VARINSP.pas	dfm	TVarInspDlg	Sreading	Sreading	TOvcTCSimpleField			RangeHigh	single			10	0	0	0	0							9483f9056815883183295e72b5a9f35cfabf0051984545ac79b422c8069049f5	images\9483f9056815883183295e72b5a9f35cfabf0051984545ac79b422c8069049f5.bin
C:\Projects\M2022\VARINSP.dfm	VARINSP.pas	dfm	TVarInspDlg	Sreading	Sreading	TOvcTCSimpleField			RangeLow	single			10	0	0	0	0							7fc2e2ece3a1418ce6dcff0d3f525ea5ff0e03026275c036e5b2a67f63cb2d7b	images\7fc2e2ece3a1418ce6dcff0d3f525ea5ff0e03026275c036e5b2a67f63cb2d7b.bin
C:\Projects\M2022\VARINSP.dfm	VARINSP.pas	dfm	TVarInspDlg	cllMEGNum	cllMEGNum	TOvcTCSimpleField			RangeHigh	single			10	0	0	0	0							9483f9056815883183295e72b5a9f35cfabf0051984545ac79b422c8069049f5	images\9483f9056815883183295e72b5a9f35cfabf0051984545ac79b422c8069049f5.bin
C:\Projects\M2022\VARINSP.dfm	VARINSP.pas	dfm	TVarInspDlg	cllMEGNum	cllMEGNum	TOvcTCSimpleField			RangeLow	single			10	0	0	0	0							7fc2e2ece3a1418ce6dcff0d3f525ea5ff0e03026275c036e5b2a67f63cb2d7b	images\7fc2e2ece3a1418ce6dcff0d3f525ea5ff0e03026275c036e5b2a67f63cb2d7b.bin
C:\Projects\M2022\VARINSP.dfm	VARINSP.pas	dfm	TVarInspDlg	cllMENum	cllMENum	TOvcTCSimpleField			RangeHigh	single			10	0	0	0	0							9483f9056815883183295e72b5a9f35cfabf0051984545ac79b422c8069049f5	images\9483f9056815883183295e72b5a9f35cfabf0051984545ac79b422c8069049f5.bin
C:\Projects\M2022\VARINSP.dfm	VARINSP.pas	dfm	TVarInspDlg	cllMENum	cllMENum	TOvcTCSimpleField			RangeLow	single			10	0	0	0	0							7fc2e2ece3a1418ce6dcff0d3f525ea5ff0e03026275c036e5b2a67f63cb2d7b	images\7fc2e2ece3a1418ce6dcff0d3f525ea5ff0e03026275c036e5b2a67f63cb2d7b.bin
C:\Projects\M2022\VARINSP.dfm	VARINSP.pas	dfm	TVarInspDlg	cllMEStr4	cllMEStr4	TOvcTCSimpleField			RangeHigh	single			10	0	0	0	0							01d448afd928065458cf670b60f5a594d735af0172c8d67f22a81680132681ca	images\01d448afd928065458cf670b60f5a594d735af0172c8d67f22a81680132681ca.bin
C:\Projects\M2022\VARINSP.dfm	VARINSP.pas	dfm	TVarInspDlg	cllMEStr4	cllMEStr4	TOvcTCSimpleField			RangeLow	single			10	0	0	0	0							01d448afd928065458cf670b60f5a594d735af0172c8d67f22a81680132681ca	images\01d448afd928065458cf670b60f5a594d735af0172c8d67f22a81680132681ca.bin
C:\Projects\M2022\VARINSP.dfm	VARINSP.pas	dfm	TVarInspDlg	cllMENotes4	cllMENotes4	TOvcTCSimpleField			RangeHigh	single			10	0	0	0	0							01d448afd928065458cf670b60f5a594d735af0172c8d67f22a81680132681ca	images\01d448afd928065458cf670b60f5a594d735af0172c8d67f22a81680132681ca.bin
C:\Projects\M2022\VARINSP.dfm	VARINSP.pas	dfm	TVarInspDlg	cllMENotes4	cllMENotes4	TOvcTCSimpleField			RangeLow	single			10	0	0	0	0							01d448afd928065458cf670b60f5a594d735af0172c8d67f22a81680132681ca	images\01d448afd928065458cf670b60f5a594d735af0172c8d67f22a81680132681ca.bin
C:\Projects\M2022\VARINSP.dfm	VARINSP.pas	dfm	TVarInspDlg	cxHintStyleController1	cxHintStyleController1	TcxHintStyleController			HintStyle.Icon.Data	single		ico	1150	0	0	0	0							87829c566615525191dec99da56caf00d42442aaa72a701af21d38cb4d4598be	images\87829c566615525191dec99da56caf00d42442aaa72a701af21d38cb4d4598be.ico
C:\Projects\M2022\varnames.dfm	varnames.pas	dfm	TfrmVarNames		frmVarNames	TfrmVarNames			Icon.Data	single		ico	1150	0	0	0	0							87829c566615525191dec99da56caf00d42442aaa72a701af21d38cb4d4598be	images\87829c566615525191dec99da56caf00d42442aaa72a701af21d38cb4d4598be.ico
C:\Projects\M2022\varnames.dfm	varnames.pas	dfm	TfrmVarNames	Panel2.BitBtn1	BitBtn1	TcxButton			OptionsImage.Glyph.Data	single		svg	641	0	0	0	0							43d09d8100ecb7f4c632645ae2ddc3554203c1076f98ab79ba8ba72d65623e7f	images\43d09d8100ecb7f4c632645ae2ddc3554203c1076f98ab79ba8ba72d65623e7f.svg
C:\Projects\M2022\varnames.dfm	varnames.pas	dfm	TfrmVarNames	dxBarManager1.btnPrint	btnPrint	TdxBarButton			Glyph.Data	single		svg	819	0	0	0	0							4ba55ff88e8cf3f39a716d1dd6eb4e744836948baa8d84db637a15a904e50cdb	images\4ba55ff88e8cf3f39a716d1dd6eb4e744836948baa8d84db637a15a904e50cdb.svg
C:\Projects\M2022\varnames.dfm	varnames.pas	dfm	TfrmVarNames	dxBarManager1.btnPrint	btnPrint	TdxBarButton			LargeGlyph.Data	single		svg	819	0	0	0	0							4ba55ff88e8cf3f39a716d1dd6eb4e744836948baa8d84db637a15a904e50cdb	images\4ba55ff88e8cf3f39a716d1dd6eb4e744836948baa8d84db637a15a904e50cdb.svg
C:\Projects\M2022\varnames.dfm	varnames.pas	dfm	TfrmVarNames	dxBarManager1.btnExit	btnExit	TdxBarButton			Glyph.Data	single		svg	3033	0	0	0	0							39e5933d6f88188b2c66d8c653d769e7684d9a23c349e93e39b61c6384fc2a9e	images\39e5933d6f88188b2c66d8c653d769e7684d9a23c349e93e39b61c6384fc2a9e.svg
C:\Projects\M2022\varnames.dfm	varnames.pas	dfm	TfrmVarNames	dxBarManager1.btnExit	btnExit	TdxBarButton			LargeGlyph.Data	single		svg	582	0	0	0	0							0f81df5c433377e3b5fc44dff9f57aa3aefe45a5c31105e2016acd7c53ce3379	images\0f81df5c433377e3b5fc44dff9f57aa3aefe45a5c31105e2016acd7c53ce3379.svg
C:\Projects\M2022\varnames.dfm	varnames.pas	dfm	TfrmVarNames	dxBarManager1.dxBarDBNavFirst1	dxBarDBNavFirst1	TdxBarDBNavButton			Glyph.Data	single		svg	473	0	0	0	0							4f6b5e7feb872030cf8c07f4b0a9154dba561d068f0bbe851f401038888deb73	images\4f6b5e7feb872030cf8c07f4b0a9154dba561d068f0bbe851f401038888deb73.svg
C:\Projects\M2022\varnames.dfm	varnames.pas	dfm	TfrmVarNames	dxBarManager1.dxBarDBNavPrev1	dxBarDBNavPrev1	TdxBarDBNavButton			Glyph.Data	single		svg	326	0	0	0	0							9affc86233a3c5214b39371064995d1a618b6351e5fc4ea3fcc737d5adee7301	images\9affc86233a3c5214b39371064995d1a618b6351e5fc4ea3fcc737d5adee7301.svg
C:\Projects\M2022\varnames.dfm	varnames.pas	dfm	TfrmVarNames	dxBarManager1.dxBarDBNavNext1	dxBarDBNavNext1	TdxBarDBNavButton			Glyph.Data	single		svg	326	0	0	0	0							31c86d717e300180306624b9f136bc00ee9996221aef9eb76e66c80b91008bf7	images\31c86d717e300180306624b9f136bc00ee9996221aef9eb76e66c80b91008bf7.svg
C:\Projects\M2022\varnames.dfm	varnames.pas	dfm	TfrmVarNames	dxBarManager1.dxBarDBNavLast1	dxBarDBNavLast1	TdxBarDBNavButton			Glyph.Data	single		svg	433	0	0	0	0							44036aa63309d06887b4983c8a4fc4e7f96de9af23f3593af004275785272ced	images\44036aa63309d06887b4983c8a4fc4e7f96de9af23f3593af004275785272ced.svg
C:\Projects\M2022\varnames.dfm	varnames.pas	dfm	TfrmVarNames	dxBarManager1.dxBarDBNavInsert1	dxBarDBNavInsert1	TdxBarDBNavButton			Glyph.Data	single		svg	421	0	0	0	0							213250362e820808f9afeae33d37fe36d29446da8156945b7c706b08cd1f8ef6	images\213250362e820808f9afeae33d37fe36d29446da8156945b7c706b08cd1f8ef6.svg
C:\Projects\M2022\varnames.dfm	varnames.pas	dfm	TfrmVarNames	dxBarManager1.dxBarDBNavDelete1	dxBarDBNavDelete1	TdxBarDBNavButton			Glyph.Data	single		svg	331	0	0	0	0							3426812018064253d38559294ae768a24bc1f0e2b55e1155b259650d305523b2	images\3426812018064253d38559294ae768a24bc1f0e2b55e1155b259650d305523b2.svg
C:\Projects\M2022\varnames.dfm	varnames.pas	dfm	TfrmVarNames	dxBarManager1.dxBarDBNavEdit1	dxBarDBNavEdit1	TdxBarDBNavButton			Glyph.Data	single		svg	299	0	0	0	0							d7cef1afe0805720b049c349aa2273488c1eee83041ed56aa0d6d8502f8f2708	images\d7cef1afe0805720b049c349aa2273488c1eee83041ed56aa0d6d8502f8f2708.svg
C:\Projects\M2022\varnames.dfm	varnames.pas	dfm	TfrmVarNames	dxBarManager1.dxBarDBNavPost1	dxBarDBNavPost1	TdxBarDBNavButton			Glyph.Data	single		svg	337	0	0	0	0							8f9b13bab01903aac5c507b4e8cabbe899263cd4f3aa5b9a02b0cf8d69d57e03	images\8f9b13bab01903aac5c507b4e8cabbe899263cd4f3aa5b9a02b0cf8d69d57e03.svg
C:\Projects\M2022\varnames.dfm	varnames.pas	dfm	TfrmVarNames	dxBarManager1.dxBarDBNavCancel1	dxBarDBNavCancel1	TdxBarDBNavButton			Glyph.Data	single		svg	581	0	0	0	0							0bf670167728fb629118e442f19cb6d896033afa8289ac7bed141f4aa7ee9093	images\0bf670167728fb629118e442f19cb6d896033afa8289ac7bed141f4aa7ee9093.svg
C:\Projects\M2022\varnames.dfm	varnames.pas	dfm	TfrmVarNames	dxBarManager1.dxBarDBNavRefresh1	dxBarDBNavRefresh1	TdxBarDBNavButton			Glyph.Data	single		svg	426	0	0	0	0							fe976aa73cfd0d6bdb8e57cba9f19670367d0f5a0ad38d7ed106e3af5b2d2eae	images\fe976aa73cfd0d6bdb8e57cba9f19670367d0f5a0ad38d7ed106e3af5b2d2eae.svg
C:\Projects\M2022\varnames.dfm	varnames.pas	dfm	TfrmVarNames	dxBarManager1.dxBarDBNavAppend1	dxBarDBNavAppend1	TdxBarDBNavButton			Glyph.Data	single		svg	370	0	0	0	0							1cc652cdffa3e7adfface918a6fcea8f0c700fc11ba39682e14b71de2890a6ba	images\1cc652cdffa3e7adfface918a6fcea8f0c700fc11ba39682e14b71de2890a6ba.svg
C:\Projects\M2022\VarZoomSet.dfm	VarZoomSet.pas	dfm	TfrmVarZoom		frmVarZoom	TfrmVarZoom			Icon.Data	single		ico	1150	0	0	0	0							87829c566615525191dec99da56caf00d42442aaa72a701af21d38cb4d4598be	images\87829c566615525191dec99da56caf00d42442aaa72a701af21d38cb4d4598be.ico
C:\Projects\M2022\WaitingToComplete.dfm	WaitingToComplete.pas	dfm	TfrmWaitingToComplete		frmWaitingToComplete	TfrmWaitingToComplete			Icon.Data	single		ico	1150	0	0	0	0							87829c566615525191dec99da56caf00d42442aaa72a701af21d38cb4d4598be	images\87829c566615525191dec99da56caf00d42442aaa72a701af21d38cb4d4598be.ico
C:\Projects\M2022\WaitingToComplete.dfm	WaitingToComplete.pas	dfm	TfrmWaitingToComplete	dxPanel1.Button1	Button1	TcxButton			OptionsImage.Glyph.Data	single		svg	1125	0	0	0	0							4780018cc1b819c19827d7e966443a762408f21b94521faebebd19b89c6a084f	images\4780018cc1b819c19827d7e966443a762408f21b94521faebebd19b89c6a084f.svg
C:\Projects\M2022\Warningflags.dfm	Warningflags.pas	dfm	TfrmWarningFlags		frmWarningFlags	TfrmWarningFlags			Icon.Data	single		ico	51262	0	0	0	0							adad2bc51732dcd9f6ba266123714c98295a19dc1825ce265486b70b67ab3b62	images\adad2bc51732dcd9f6ba266123714c98295a19dc1825ce265486b70b67ab3b62.ico
C:\Projects\M2022\Z14SLCT.dfm	Z14SLCT.pas	dfm	TZ14slctFrm		Z14slctFrm	TZ14slctFrm			Icon.Data	single		ico	766	0	0	0	0							ff66307bd79fe7ed8b4531ae81ef3204cb3be14d8de48ef8f75f7f95693b8981	images\ff66307bd79fe7ed8b4531ae81ef3204cb3be14d8de48ef8f75f7f95693b8981.ico
C:\Projects\M2022\Z14SLCT.dfm	Z14SLCT.pas	dfm	TZ14slctFrm	cxGroupBox3.btn_Cancel	btn_Cancel	TcxButton			OptionsImage.Glyph.Data	single		svg	409	0	0	0	0							d54e369bf2fe3347b79188a2797c38f2614c670a5bcd39d3d37ad80869232793	images\d54e369bf2fe3347b79188a2797c38f2614c670a5bcd39d3d37ad80869232793.svg
C:\Projects\M2022\Z14SLCT.dfm	Z14SLCT.pas	dfm	TZ14slctFrm	cxGroupBox3.btn_Ok	btn_Ok	TcxButton			OptionsImage.Glyph.Data	single		svg	311	0	0	0	0							ab2833c13bab5dcf5c52f24bf054fc6b3ced8666064942a91cc8b758a6e53202	images\ab2833c13bab5dcf5c52f24bf054fc6b3ced8666064942a91cc8b758a6e53202.svg
C:\Projects\M2022\Z19OSelect.dfm	Z19OSelect.pas	dfm	TfrmZ19OSelect		frmZ19OSelect	TfrmZ19OSelect			Icon.Data	single		ico	51262	0	0	0	0							adad2bc51732dcd9f6ba266123714c98295a19dc1825ce265486b70b67ab3b62	images\adad2bc51732dcd9f6ba266123714c98295a19dc1825ce265486b70b67ab3b62.ico
C:\Projects\M2022\Z19OSelect.dfm	Z19OSelect.pas	dfm	TfrmZ19OSelect	dxBarManager1.btnExit	btnExit	TdxBarButton			Glyph.Data	single		bmp	1078	16	16	32	0					1		d1f5d5f839df61eb3317ff82c09de63b57e908669df38bd26a96a6dd5b8d7ad7	images\d1f5d5f839df61eb3317ff82c09de63b57e908669df38bd26a96a6dd5b8d7ad7.bmp
C:\Projects\M2022\Z19OSelect.dfm	Z19OSelect.pas	dfm	TfrmZ19OSelect	dxBarManager1.btnMaximize	btnMaximize	TdxBarButton			Glyph.Data	single		bmp	1078	16	16	32	0					1		d979d0b7b77a3576b3ea07e84c5ebda63b9ff26d22cf4e477f50474bd456c113	images\d979d0b7b77a3576b3ea07e84c5ebda63b9ff26d22cf4e477f50474bd456c113.bmp
C:\Projects\M2022\z19Slct.dfm	z19Slct.pas	dfm	TZ19slctFrm		Z19slctFrm	TZ19slctFrm			Icon.Data	single		ico	1150	0	0	0	0							87829c566615525191dec99da56caf00d42442aaa72a701af21d38cb4d4598be	images\87829c566615525191dec99da56caf00d42442aaa72a701af21d38cb4d4598be.ico
C:\Projects\M2022\z19Slct.dfm	z19Slct.pas	dfm	TZ19slctFrm	cxGroupBox3.btn_Cancel	btn_Cancel	TcxButton			OptionsImage.Glyph.Data	single		svg	409	0	0	0	0							d54e369bf2fe3347b79188a2797c38f2614c670a5bcd39d3d37ad80869232793	images\d54e369bf2fe3347b79188a2797c38f2614c670a5bcd39d3d37ad80869232793.svg
C:\Projects\M2022\z19Slct.dfm	z19Slct.pas	dfm	TZ19slctFrm	cxGroupBox3.btn_Ok	btn_Ok	TcxButton			OptionsImage.Glyph.Data	single		svg	311	0	0	0	0							ab2833c13bab5dcf5c52f24bf054fc6b3ced8666064942a91cc8b758a6e53202	images\ab2833c13bab5dcf5c52f24bf054fc6b3ced8666064942a91cc8b758a6e53202.svg
