dfm_path	pas_unit	surface	form_class	object_path	component_name	component_class	class_unit	inherited	property	kind	wrapper	format	bytes	width	height	bpp	palette_entries	count_prop	count_value	count_default	count_effective	inferred_n	agree	payload_sha	image_file
C:\Projects\DB\ORM3\BACKUP\EWrkSLCT.dfm	EWrkSLCT.pas	dfm	TfrmEwrkSlct		frmEwrkSlct	TfrmEwrkSlct	EWrkSLCT		Icon.Data	single		ico	1150	0	0	0	0							87829c566615525191dec99da56caf00d42442aaa72a701af21d38cb4d4598be	images\87829c566615525191dec99da56caf00d42442aaa72a701af21d38cb4d4598be.ico
C:\Projects\DB\ORM3\BACKUP\EWrkSLCT.dfm	EWrkSLCT.pas	dfm	TfrmEwrkSlct	btn_Cancel	btn_Cancel	TBitBtn			Glyph.Data	strip		bmp	2002	36	18	24	0	NumGlyphs	2		2	2	Y	d78f1bb64a7e8beab00a2dab78822953f929c64f88e7e91e471d18b75f1c4855	images\d78f1bb64a7e8beab00a2dab78822953f929c64f88e7e91e471d18b75f1c4855.bmp
C:\Projects\DB\ORM3\BACKUP\EWrkSLCT.dfm	EWrkSLCT.pas	dfm	TfrmEwrkSlct	btn_Ok	btn_Ok	TBitBtn			Glyph.Data	strip		bmp	2002	36	18	24	0	NumGlyphs	2		2	2	Y	e0eb440933305d2932dcd2291622c4b925879d4f8d95ac5fd930d81a4c5ed4bf	images\e0eb440933305d2932dcd2291622c4b925879d4f8d95ac5fd930d81a4c5ed4bf.bmp
C:\Projects\DB\ORM3\BACKUP\EWrkSLCT.dfm	EWrkSLCT.pas	dfm	TfrmEwrkSlct	edt_LotSize	edt_LotSize	TOvcSimpleField			RangeHigh	single			10	0	0	0	0							f8085fb4c654c6e3627a51f27013c1aa0e49b7fcfe0bbd525bcedfcccdfbf013	images\f8085fb4c654c6e3627a51f27013c1aa0e49b7fcfe0bbd525bcedfcccdfbf013.bin
C:\Projects\DB\ORM3\BACKUP\EWrkSLCT.dfm	EWrkSLCT.pas	dfm	TfrmEwrkSlct	edt_LotSize	edt_LotSize	TOvcSimpleField			RangeLow	single			10	0	0	0	0							01d448afd928065458cf670b60f5a594d735af0172c8d67f22a81680132681ca	images\01d448afd928065458cf670b60f5a594d735af0172c8d67f22a81680132681ca.bin
C:\Projects\DB\ORM3\CLIENT\Blueprint4 - Copy.dfm	Blueprint4 - Copy.pas	dfm	TfrmBlueprint4		frmBlueprint4	TfrmBlueprint4	Blueprint4		Icon.Data	single		ico	1150	0	0	0	0							87829c566615525191dec99da56caf00d42442aaa72a701af21d38cb4d4598be	images\87829c566615525191dec99da56caf00d42442aaa72a701af21d38cb4d4598be.ico
C:\Projects\DB\ORM3\CLIENT\Blueprint4 - Copy.dfm	Blueprint4 - Copy.pas	dfm	TfrmBlueprint4	cxGroupBox16.cxPageControl1.tabRouter.cxGroupBox5.TabFtrType.cxTabSheet1.cxGroupBox10.cxGroupBox11.edtZeroAt	edtZeroAt	TcxButtonEdit			Properties.Buttons[0].Glyph.Data	container		svg	539	0	0	0	0							54255b1f42a1243163dfdc6d7a027143e049c8713f3d1902f01299f7e280b79e	images\54255b1f42a1243163dfdc6d7a027143e049c8713f3d1902f01299f7e280b79e.svg
C:\Projects\DB\ORM3\CLIENT\Blueprint4 - Copy.dfm	Blueprint4 - Copy.pas	dfm	TfrmBlueprint4	cxGroupBox16.cxPageControl1.tabRouter.cxGroupBox5.TabFtrType.cxTabSheet1.cxGroupBox10.cxGroupBox11.edtZeroAt	edtZeroAt	TcxButtonEdit			Properties.Buttons[1].Glyph.Data	container		svg	791	0	0	0	0							734d087624eb5bbe251eb800562c797e90fe53eac2faa9df69fd4cb137d6a54c	images\734d087624eb5bbe251eb800562c797e90fe53eac2faa9df69fd4cb137d6a54c.svg
C:\Projects\DB\ORM3\CLIENT\Blueprint4 - Copy.dfm	Blueprint4 - Copy.pas	dfm	TfrmBlueprint4	cxGroupBox16.cxPageControl1.tabRouter.cxGroupBox5.TabFtrType.cxTabSheet1.cxGroupBox10.cxGroupBox11.edtZeroAt	edtZeroAt	TcxButtonEdit			Properties.Buttons[2].Glyph.Data	container		svg	539	0	0	0	0							56320698ba9f7e8cf1214bba7634e804f1c3f2a2f7726d2256f511005c230cfc	images\56320698ba9f7e8cf1214bba7634e804f1c3f2a2f7726d2256f511005c230cfc.svg
C:\Projects\DB\ORM3\CLIENT\Blueprint4 - Copy.dfm	Blueprint4 - Copy.pas	dfm	TfrmBlueprint4	cxGroupBox16.cxPageControl1.tabRouter.cxGroupBox5.TabFtrType.cxTabSheet1.cxGroupBox10.cxGroupBox11.edtZeroAt	edtZeroAt	TcxButtonEdit			Properties.Buttons[3].Glyph.Data	container		svg	1035	0	0	0	0							8e2031bc811b6b6679a910f03bb4a3fa4109fff48e5a8bcb185dc0c96efe20bf	images\8e2031bc811b6b6679a910f03bb4a3fa4109fff48e5a8bcb185dc0c96efe20bf.svg
C:\Projects\DB\ORM3\CLIENT\Blueprint4 - Copy.dfm	Blueprint4 - Copy.pas	dfm	TfrmBlueprint4	cxGroupBox16.cxPageControl1.tabRouter.cxGroupBox5.TabFtrType.cxTabSheet1.cxGroupBox15.edtNotes	edtNotes	TcxMRUEdit			Properties.ButtonGlyph.Data	single		svg	1533	0	0	0	0							fbb2cbeffd8ce2721a90b0035e24f37ba7e9dcf94f80136050ce7afdb19232fa	images\fbb2cbeffd8ce2721a90b0035e24f37ba7e9dcf94f80136050ce7afdb19232fa.svg
C:\Projects\DB\ORM3\CLIENT\Blueprint4 - Copy.dfm	Blueprint4 - Copy.pas	dfm	TfrmBlueprint4	dxBarManager1.barQuickAction	barQuickAction	TdxBar			Glyph.Data	single		svg	663	0	0	0	0							37385f8b11b3cb71ddfd8216f26e11bec00dadea44b8183c0668e84e64ead5cd	images\37385f8b11b3cb71ddfd8216f26e11bec00dadea44b8183c0668e84e64ead5cd.svg
C:\Projects\DB\ORM3\CLIENT\Blueprint4 - Copy.dfm	Blueprint4 - Copy.pas	dfm	TfrmBlueprint4	dxBarManager1.barTabArea	barTabArea	TdxBar			Glyph.Data	single		svg	1111	0	0	0	0							d58198a6bfaa096c9ebc1ee63357ed35f2171439f9c29e32427ec6921c7a5fd8	images\d58198a6bfaa096c9ebc1ee63357ed35f2171439f9c29e32427ec6921c7a5fd8.svg
C:\Projects\DB\ORM3\CLIENT\Blueprint4 - Copy.dfm	Blueprint4 - Copy.pas	dfm	TfrmBlueprint4	dxBarManager1.btnExitToJobList	btnExitToJobList	TdxBarLargeButton			Glyph.Data	single		svg	3033	0	0	0	0							39e5933d6f88188b2c66d8c653d769e7684d9a23c349e93e39b61c6384fc2a9e	images\39e5933d6f88188b2c66d8c653d769e7684d9a23c349e93e39b61c6384fc2a9e.svg
C:\Projects\DB\ORM3\CLIENT\Blueprint4 - Copy.dfm	Blueprint4 - Copy.pas	dfm	TfrmBlueprint4	dxBarManager1.btnExitToJobList	btnExitToJobList	TdxBarLargeButton			LargeGlyph.Data	single		svg	3033	0	0	0	0							39e5933d6f88188b2c66d8c653d769e7684d9a23c349e93e39b61c6384fc2a9e	images\39e5933d6f88188b2c66d8c653d769e7684d9a23c349e93e39b61c6384fc2a9e.svg
C:\Projects\DB\ORM3\CLIENT\Blueprint4 - Copy.dfm	Blueprint4 - Copy.pas	dfm	TfrmBlueprint4	dxBarManager1.btnExitToJobList	btnExitToJobList	TdxBarLargeButton			HotGlyph.Data	single		svg	3033	0	0	0	0							39e5933d6f88188b2c66d8c653d769e7684d9a23c349e93e39b61c6384fc2a9e	images\39e5933d6f88188b2c66d8c653d769e7684d9a23c349e93e39b61c6384fc2a9e.svg
C:\Projects\DB\ORM3\CLIENT\Blueprint4 - Copy.dfm	Blueprint4 - Copy.pas	dfm	TfrmBlueprint4	dxBarManager1.btnExitToPCP	btnExitToPCP	TdxBarLargeButton			Glyph.Data	single		svg	4158	0	0	0	0							8246e49fec36c8fb469a7df5ba75ee9a33983771a6aba3d01540046cb536308c	images\8246e49fec36c8fb469a7df5ba75ee9a33983771a6aba3d01540046cb536308c.svg
C:\Projects\DB\ORM3\CLIENT\Blueprint4 - Copy.dfm	Blueprint4 - Copy.pas	dfm	TfrmBlueprint4	dxBarManager1.btnExitToPCP	btnExitToPCP	TdxBarLargeButton			LargeGlyph.Data	single		svg	4158	0	0	0	0							8246e49fec36c8fb469a7df5ba75ee9a33983771a6aba3d01540046cb536308c	images\8246e49fec36c8fb469a7df5ba75ee9a33983771a6aba3d01540046cb536308c.svg
C:\Projects\DB\ORM3\CLIENT\Blueprint4 - Copy.dfm	Blueprint4 - Copy.pas	dfm	TfrmBlueprint4	dxBarManager1.btnExitToPCP	btnExitToPCP	TdxBarLargeButton			HotGlyph.Data	single		svg	4158	0	0	0	0							8246e49fec36c8fb469a7df5ba75ee9a33983771a6aba3d01540046cb536308c	images\8246e49fec36c8fb469a7df5ba75ee9a33983771a6aba3d01540046cb536308c.svg
C:\Projects\DB\ORM3\CLIENT\Blueprint4 - Copy.dfm	Blueprint4 - Copy.pas	dfm	TfrmBlueprint4	dxBarManager1.btnExitToITrack	btnExitToITrack	TdxBarButton			Glyph.Data	single		svg	1864	0	0	0	0							bbe628e7c5c924bfcc0560e9f678cdc5374b326eed2b1bb31b0d97725554be0a	images\bbe628e7c5c924bfcc0560e9f678cdc5374b326eed2b1bb31b0d97725554be0a.svg
C:\Projects\DB\ORM3\CLIENT\Blueprint4 - Copy.dfm	Blueprint4 - Copy.pas	dfm	TfrmBlueprint4	dxBarManager1.btnExitToITrack	btnExitToITrack	TdxBarButton			LargeGlyph.Data	single		svg	1864	0	0	0	0							bbe628e7c5c924bfcc0560e9f678cdc5374b326eed2b1bb31b0d97725554be0a	images\bbe628e7c5c924bfcc0560e9f678cdc5374b326eed2b1bb31b0d97725554be0a.svg
C:\Projects\DB\ORM3\CLIENT\Blueprint4 - Copy.dfm	Blueprint4 - Copy.pas	dfm	TfrmBlueprint4	dxBarManager1.btnAddOperation	btnAddOperation	TdxBarLargeButton			LargeGlyph.Data	single		svg	557	0	0	0	0							596184591e7a113aade59c93b858e657707e754857b872a18e4f15d1d5ab770e	images\596184591e7a113aade59c93b858e657707e754857b872a18e4f15d1d5ab770e.svg
C:\Projects\DB\ORM3\CLIENT\Blueprint4 - Copy.dfm	Blueprint4 - Copy.pas	dfm	TfrmBlueprint4	dxBarManager1.btnDeleteOperation	btnDeleteOperation	TdxBarLargeButton			LargeGlyph.Data	single		svg	428	0	0	0	0							5a2ebb7b90bef4e450d00feb3b62f13ddf5d560db3864560a449c0453385e79e	images\5a2ebb7b90bef4e450d00feb3b62f13ddf5d560db3864560a449c0453385e79e.svg
C:\Projects\DB\ORM3\CLIENT\Blueprint4 - Copy.dfm	Blueprint4 - Copy.pas	dfm	TfrmBlueprint4	dxBarManager1.btnOperationNames	btnOperationNames	TdxBarLargeButton			Glyph.Data	single		svg	1791	0	0	0	0							e50c369e9177ce44314e414d78e78da6d95f56ac9433ce22d69807598b78c11f	images\e50c369e9177ce44314e414d78e78da6d95f56ac9433ce22d69807598b78c11f.svg
C:\Projects\DB\ORM3\CLIENT\Blueprint4 - Copy.dfm	Blueprint4 - Copy.pas	dfm	TfrmBlueprint4	dxBarManager1.btnOperationNames	btnOperationNames	TdxBarLargeButton			LargeGlyph.Data	single		svg	1791	0	0	0	0							e50c369e9177ce44314e414d78e78da6d95f56ac9433ce22d69807598b78c11f	images\e50c369e9177ce44314e414d78e78da6d95f56ac9433ce22d69807598b78c11f.svg
C:\Projects\DB\ORM3\CLIENT\Blueprint4 - Copy.dfm	Blueprint4 - Copy.pas	dfm	TfrmBlueprint4	dxBarManager1.btnOperationNames	btnOperationNames	TdxBarLargeButton			HotGlyph.Data	single		svg	1791	0	0	0	0							e50c369e9177ce44314e414d78e78da6d95f56ac9433ce22d69807598b78c11f	images\e50c369e9177ce44314e414d78e78da6d95f56ac9433ce22d69807598b78c11f.svg
C:\Projects\DB\ORM3\CLIENT\Blueprint4 - Copy.dfm	Blueprint4 - Copy.pas	dfm	TfrmBlueprint4	dxBarManager1.btnOperationFirst	btnOperationFirst	TdxBarButton			Glyph.Data	single		svg	539	0	0	0	0							54255b1f42a1243163dfdc6d7a027143e049c8713f3d1902f01299f7e280b79e	images\54255b1f42a1243163dfdc6d7a027143e049c8713f3d1902f01299f7e280b79e.svg
C:\Projects\DB\ORM3\CLIENT\Blueprint4 - Copy.dfm	Blueprint4 - Copy.pas	dfm	TfrmBlueprint4	dxBarManager1.btnLastOperation	btnLastOperation	TdxBarButton			Glyph.Data	single		svg	539	0	0	0	0							56320698ba9f7e8cf1214bba7634e804f1c3f2a2f7726d2256f511005c230cfc	images\56320698ba9f7e8cf1214bba7634e804f1c3f2a2f7726d2256f511005c230cfc.svg
C:\Projects\DB\ORM3\CLIENT\Blueprint4 - Copy.dfm	Blueprint4 - Copy.pas	dfm	TfrmBlueprint4	dxBarManager1.btnCopyOperation	btnCopyOperation	TdxBarSubItem			Glyph.Data	single		svg	1450	0	0	0	0							25403c1a83c76c232e9e1d88c15e31558705e285532599fad4fd3b6368bccaa0	images\25403c1a83c76c232e9e1d88c15e31558705e285532599fad4fd3b6368bccaa0.svg
C:\Projects\DB\ORM3\CLIENT\Blueprint4 - Copy.dfm	Blueprint4 - Copy.pas	dfm	TfrmBlueprint4	dxBarManager1.btnCopyOperation	btnCopyOperation	TdxBarSubItem			LargeGlyph.Data	single		svg	1450	0	0	0	0							25403c1a83c76c232e9e1d88c15e31558705e285532599fad4fd3b6368bccaa0	images\25403c1a83c76c232e9e1d88c15e31558705e285532599fad4fd3b6368bccaa0.svg
C:\Projects\DB\ORM3\CLIENT\Blueprint4 - Copy.dfm	Blueprint4 - Copy.pas	dfm	TfrmBlueprint4	dxBarManager1.btnImportCADFile	btnImportCADFile	TdxBarLargeButton			Glyph.Data	single		svg	3833	0	0	0	0							1631cbaeeb6fb319b47c6aab6a4af105bf74fcc7b8dbba7a111dc98763b7e875	images\1631cbaeeb6fb319b47c6aab6a4af105bf74fcc7b8dbba7a111dc98763b7e875.svg
C:\Projects\DB\ORM3\CLIENT\Blueprint4 - Copy.dfm	Blueprint4 - Copy.pas	dfm	TfrmBlueprint4	dxBarManager1.btnImportCADFile	btnImportCADFile	TdxBarLargeButton			LargeGlyph.Data	single		svg	3833	0	0	0	0							1631cbaeeb6fb319b47c6aab6a4af105bf74fcc7b8dbba7a111dc98763b7e875	images\1631cbaeeb6fb319b47c6aab6a4af105bf74fcc7b8dbba7a111dc98763b7e875.svg
C:\Projects\DB\ORM3\CLIENT\Blueprint4 - Copy.dfm	Blueprint4 - Copy.pas	dfm	TfrmBlueprint4	dxBarManager1.btnImportPDFFile	btnImportPDFFile	TdxBarLargeButton			Glyph.Data	single		svg	1305	0	0	0	0							353f7312ddea031d6bc8640ca9da7f6624b38bd45df09cc011590a4daf41b7ee	images\353f7312ddea031d6bc8640ca9da7f6624b38bd45df09cc011590a4daf41b7ee.svg
C:\Projects\DB\ORM3\CLIENT\Blueprint4 - Copy.dfm	Blueprint4 - Copy.pas	dfm	TfrmBlueprint4	dxBarManager1.btnImportPDFFile	btnImportPDFFile	TdxBarLargeButton			LargeGlyph.Data	single		svg	1305	0	0	0	0							353f7312ddea031d6bc8640ca9da7f6624b38bd45df09cc011590a4daf41b7ee	images\353f7312ddea031d6bc8640ca9da7f6624b38bd45df09cc011590a4daf41b7ee.svg
C:\Projects\DB\ORM3\CLIENT\Blueprint4 - Copy.dfm	Blueprint4 - Copy.pas	dfm	TfrmBlueprint4	dxBarManager1.btnImportPDFFile	btnImportPDFFile	TdxBarLargeButton			HotGlyph.Data	single		svg	1305	0	0	0	0							353f7312ddea031d6bc8640ca9da7f6624b38bd45df09cc011590a4daf41b7ee	images\353f7312ddea031d6bc8640ca9da7f6624b38bd45df09cc011590a4daf41b7ee.svg
C:\Projects\DB\ORM3\CLIENT\Blueprint4 - Copy.dfm	Blueprint4 - Copy.pas	dfm	TfrmBlueprint4	dxBarManager1.btnImportZEISSCMM	btnImportZEISSCMM	TdxBarButton			Glyph.Data	single		svg	1886	0	0	0	0							ab25cee86aab0c72a8c439df40bbf44cb7e917d17518234ac9242b5fff7a986a	images\ab25cee86aab0c72a8c439df40bbf44cb7e917d17518234ac9242b5fff7a986a.svg
C:\Projects\DB\ORM3\CLIENT\Blueprint4 - Copy.dfm	Blueprint4 - Copy.pas	dfm	TfrmBlueprint4	dxBarManager1.btnImportZEISSCMM	btnImportZEISSCMM	TdxBarButton			LargeGlyph.Data	single		svg	1886	0	0	0	0							ab25cee86aab0c72a8c439df40bbf44cb7e917d17518234ac9242b5fff7a986a	images\ab25cee86aab0c72a8c439df40bbf44cb7e917d17518234ac9242b5fff7a986a.svg
C:\Projects\DB\ORM3\CLIENT\Blueprint4 - Copy.dfm	Blueprint4 - Copy.pas	dfm	TfrmBlueprint4	dxBarManager1.btnImportSheffield	btnImportSheffield	TdxBarButton			Glyph.Data	single		jpg	13841	0	0	0	0							30c45ccf2c50793f91a22ddb9ef99cadefc7a0351ab8d29e93cf6aab77ed4cbd	images\30c45ccf2c50793f91a22ddb9ef99cadefc7a0351ab8d29e93cf6aab77ed4cbd.jpg
C:\Projects\DB\ORM3\CLIENT\Blueprint4 - Copy.dfm	Blueprint4 - Copy.pas	dfm	TfrmBlueprint4	dxBarManager1.btnImportLK	btnImportLK	TdxBarButton			Glyph.Data	single		png	19151	0	0	0	0							7e1e3d7533889cfb848a3ed174ef73b1b077ddaaf8411b2d9baccb7d8d10eb39	images\7e1e3d7533889cfb848a3ed174ef73b1b077ddaaf8411b2d9baccb7d8d10eb39.png
C:\Projects\DB\ORM3\CLIENT\Blueprint4 - Copy.dfm	Blueprint4 - Copy.pas	dfm	TfrmBlueprint4	dxBarManager1.btnImportKeyence	btnImportKeyence	TdxBarButton			Glyph.Data	single		svg	743	0	0	0	0							e7d48d96812b764400e73750ef74f4380fe47688e1d146d15e119f0a37b5cb72	images\e7d48d96812b764400e73750ef74f4380fe47688e1d146d15e119f0a37b5cb72.svg
C:\Projects\DB\ORM3\CLIENT\Blueprint4 - Copy.dfm	Blueprint4 - Copy.pas	dfm	TfrmBlueprint4	dxBarManager1.btnImportOASIS	btnImportOASIS	TdxBarButton			Glyph.Data	single		jpg	14944	0	0	0	0							2f0d75f16700a5edeca99dceea5750609cb01003b271ed1f45269924da6a7456	images\2f0d75f16700a5edeca99dceea5750609cb01003b271ed1f45269924da6a7456.jpg
C:\Projects\DB\ORM3\CLIENT\Blueprint4 - Copy.dfm	Blueprint4 - Copy.pas	dfm	TfrmBlueprint4	dxBarManager1.btnImportOGP	btnImportOGP	TdxBarButton			Glyph.Data	single		svg	5704	0	0	0	0							319fdec074e0ad6fce08ac2c04ae68afe87afd8081cd9000ae1107407fd9a0f7	images\319fdec074e0ad6fce08ac2c04ae68afe87afd8081cd9000ae1107407fd9a0f7.svg
C:\Projects\DB\ORM3\CLIENT\Blueprint4 - Copy.dfm	Blueprint4 - Copy.pas	dfm	TfrmBlueprint4	dxBarManager1.btnImportOGP	btnImportOGP	TdxBarButton			LargeGlyph.Data	single		svg	5704	0	0	0	0							319fdec074e0ad6fce08ac2c04ae68afe87afd8081cd9000ae1107407fd9a0f7	images\319fdec074e0ad6fce08ac2c04ae68afe87afd8081cd9000ae1107407fd9a0f7.svg
C:\Projects\DB\ORM3\CLIENT\Blueprint4 - Copy.dfm	Blueprint4 - Copy.pas	dfm	TfrmBlueprint4	dxBarManager1.btnImportJenoptik	btnImportJenoptik	TdxBarButton			Glyph.Data	single		svg	4115	0	0	0	0							8c5c434a65a8dfd5c7eebf237597c05ab9ef0e97431616bc896fc8ff8b6c29ec	images\8c5c434a65a8dfd5c7eebf237597c05ab9ef0e97431616bc896fc8ff8b6c29ec.svg
C:\Projects\DB\ORM3\CLIENT\Blueprint4 - Copy.dfm	Blueprint4 - Copy.pas	dfm	TfrmBlueprint4	dxBarManager1.btnImportJenoptik	btnImportJenoptik	TdxBarButton			LargeGlyph.Data	single		svg	4115	0	0	0	0							8c5c434a65a8dfd5c7eebf237597c05ab9ef0e97431616bc896fc8ff8b6c29ec	images\8c5c434a65a8dfd5c7eebf237597c05ab9ef0e97431616bc896fc8ff8b6c29ec.svg
C:\Projects\DB\ORM3\CLIENT\Blueprint4 - Copy.dfm	Blueprint4 - Copy.pas	dfm	TfrmBlueprint4	dxBarManager1.btnImportVICI	btnImportVICI	TdxBarButton			Glyph.Data	single		svg	1325	0	0	0	0							80c3878d28ee32364aad901ec8d78bb70ed3b96b94905c229767b7df28cf5eda	images\80c3878d28ee32364aad901ec8d78bb70ed3b96b94905c229767b7df28cf5eda.svg
C:\Projects\DB\ORM3\CLIENT\Blueprint4 - Copy.dfm	Blueprint4 - Copy.pas	dfm	TfrmBlueprint4	dxBarManager1.btnImportVICI	btnImportVICI	TdxBarButton			LargeGlyph.Data	single		svg	1325	0	0	0	0							80c3878d28ee32364aad901ec8d78bb70ed3b96b94905c229767b7df28cf5eda	images\80c3878d28ee32364aad901ec8d78bb70ed3b96b94905c229767b7df28cf5eda.svg
C:\Projects\DB\ORM3\CLIENT\Blueprint4 - Copy.dfm	Blueprint4 - Copy.pas	dfm	TfrmBlueprint4	dxBarManager1.btnImportNikon	btnImportNikon	TdxBarButton			Glyph.Data	single		svg	9008	0	0	0	0							0443ea5e175c6acdfac5dd4c645173400175e93964b4a1ffb20c80d7e69d0cd9	images\0443ea5e175c6acdfac5dd4c645173400175e93964b4a1ffb20c80d7e69d0cd9.svg
C:\Projects\DB\ORM3\CLIENT\Blueprint4 - Copy.dfm	Blueprint4 - Copy.pas	dfm	TfrmBlueprint4	dxBarManager1.btnImportNikon	btnImportNikon	TdxBarButton			LargeGlyph.Data	single		svg	9008	0	0	0	0							0443ea5e175c6acdfac5dd4c645173400175e93964b4a1ffb20c80d7e69d0cd9	images\0443ea5e175c6acdfac5dd4c645173400175e93964b4a1ffb20c80d7e69d0cd9.svg
C:\Projects\DB\ORM3\CLIENT\Blueprint4 - Copy.dfm	Blueprint4 - Copy.pas	dfm	TfrmBlueprint4	dxBarManager1.btnImportCSVCustom	btnImportCSVCustom	TdxBarButton			Glyph.Data	single		svg	2099	0	0	0	0							5b617cd1660623cc58b90d95e9438299db4a74879686cc611aed94a914cb49d1	images\5b617cd1660623cc58b90d95e9438299db4a74879686cc611aed94a914cb49d1.svg
C:\Projects\DB\ORM3\CLIENT\Blueprint4 - Copy.dfm	Blueprint4 - Copy.pas	dfm	TfrmBlueprint4	dxBarManager1.btnImportCSVCustom	btnImportCSVCustom	TdxBarButton			LargeGlyph.Data	single		svg	2099	0	0	0	0							5b617cd1660623cc58b90d95e9438299db4a74879686cc611aed94a914cb49d1	images\5b617cd1660623cc58b90d95e9438299db4a74879686cc611aed94a914cb49d1.svg
C:\Projects\DB\ORM3\CLIENT\Blueprint4 - Copy.dfm	Blueprint4 - Copy.pas	dfm	TfrmBlueprint4	cxImageList1	cxImageList1	TcxImageList			Bitmap	container			8614	0	0	0	0							81e56a5b3fde30c15505bfee068d75bd1a906942f9c7befd9ea2d66d83bf7a9c	images\81e56a5b3fde30c15505bfee068d75bd1a906942f9c7befd9ea2d66d83bf7a9c.bin
C:\Projects\DB\ORM3\CLIENT\Blueprint4 - Copy.dfm	Blueprint4 - Copy.pas	dfm	TfrmBlueprint4	cxImageList1	cxImageList1	TcxImageList			ImageInfo[0].Image.Data	container		svg	806	0	0	0	0							89edc89e09efac32fac25b57fb46a473b88175440675060e5f9cf9d5f7ff3aec	images\89edc89e09efac32fac25b57fb46a473b88175440675060e5f9cf9d5f7ff3aec.svg
C:\Projects\DB\ORM3\CLIENT\Blueprint4 - Copy.dfm	Blueprint4 - Copy.pas	dfm	TfrmBlueprint4	cxImageList1	cxImageList1	TcxImageList			ImageInfo[1].Image.Data	container		svg	539	0	0	0	0							54255b1f42a1243163dfdc6d7a027143e049c8713f3d1902f01299f7e280b79e	images\54255b1f42a1243163dfdc6d7a027143e049c8713f3d1902f01299f7e280b79e.svg
C:\Projects\DB\ORM3\CLIENT\Blueprint4 - Copy.dfm	Blueprint4 - Copy.pas	dfm	TfrmBlueprint4	cxImageList1	cxImageList1	TcxImageList			ImageInfo[2].Image.Data	container		svg	539	0	0	0	0							56320698ba9f7e8cf1214bba7634e804f1c3f2a2f7726d2256f511005c230cfc	images\56320698ba9f7e8cf1214bba7634e804f1c3f2a2f7726d2256f511005c230cfc.svg
C:\Projects\DB\ORM3\CLIENT\Blueprint4 - Copy.dfm	Blueprint4 - Copy.pas	dfm	TfrmBlueprint4	cxImageList1	cxImageList1	TcxImageList			ImageInfo[3].Image.Data	container		svg	1895	0	0	0	0							b077ac2ca282b884890a73e03a389c1c400a6d4d724db8816100efcdbe6b49c9	images\b077ac2ca282b884890a73e03a389c1c400a6d4d724db8816100efcdbe6b49c9.svg
C:\Projects\DB\ORM3\CLIENT\Blueprint4 - Copy.dfm	Blueprint4 - Copy.pas	dfm	TfrmBlueprint4	cxImageList1	cxImageList1	TcxImageList			ImageInfo[4].Image.Data	container		svg	1035	0	0	0	0							8e2031bc811b6b6679a910f03bb4a3fa4109fff48e5a8bcb185dc0c96efe20bf	images\8e2031bc811b6b6679a910f03bb4a3fa4109fff48e5a8bcb185dc0c96efe20bf.svg
C:\Projects\DB\ORM3\CLIENT\Blueprint4 - Copy.dfm	Blueprint4 - Copy.pas	dfm	TfrmBlueprint4	cxImageList1	cxImageList1	TcxImageList			ImageInfo[5].Image.Data	container		svg	4036	0	0	0	0							137d4e5ce8287471908e3096e4eebc6da8b15a3e05704cce86b1da60003643d8	images\137d4e5ce8287471908e3096e4eebc6da8b15a3e05704cce86b1da60003643d8.svg
C:\Projects\DB\ORM3\CLIENT\Blueprint4.CADImport.dfm	Blueprint4.CADImport.pas	dfm	TfrmBlueprintCADImport	dxBarManager1.btnExit	btnExit	TdxBarButton			Glyph.Data	single		svg	3033	0	0	0	0							39e5933d6f88188b2c66d8c653d769e7684d9a23c349e93e39b61c6384fc2a9e	images\39e5933d6f88188b2c66d8c653d769e7684d9a23c349e93e39b61c6384fc2a9e.svg
C:\Projects\DB\ORM3\CLIENT\Blueprint4.CADImport.dfm	Blueprint4.CADImport.pas	dfm	TfrmBlueprintCADImport	dxBarManager1.btnExit	btnExit	TdxBarButton			LargeGlyph.Data	single		svg	3033	0	0	0	0							39e5933d6f88188b2c66d8c653d769e7684d9a23c349e93e39b61c6384fc2a9e	images\39e5933d6f88188b2c66d8c653d769e7684d9a23c349e93e39b61c6384fc2a9e.svg
C:\Projects\DB\ORM3\CLIENT\Blueprint4.CADImport.dfm	Blueprint4.CADImport.pas	dfm	TfrmBlueprintCADImport	dxBarManager1.btnMaximize	btnMaximize	TdxBarButton			Glyph.Data	single		bmp	1078	16	16	32	0					1		d979d0b7b77a3576b3ea07e84c5ebda63b9ff26d22cf4e477f50474bd456c113	images\d979d0b7b77a3576b3ea07e84c5ebda63b9ff26d22cf4e477f50474bd456c113.bmp
C:\Projects\DB\ORM3\CLIENT\Blueprint4.CADImport.dfm	Blueprint4.CADImport.pas	dfm	TfrmBlueprintCADImport	dxBarManager1.btnCancel	btnCancel	TdxBarButton			Glyph.Data	single		svg	475	0	0	0	0							182dc8b95b3aacd3fb2a562fef0f9af9d1bcead5a2f8e9477f6910dfd29af2d0	images\182dc8b95b3aacd3fb2a562fef0f9af9d1bcead5a2f8e9477f6910dfd29af2d0.svg
C:\Projects\DB\ORM3\CLIENT\Blueprint4.CADImport.dfm	Blueprint4.CADImport.pas	dfm	TfrmBlueprintCADImport	dxBarManager1.btnCancel	btnCancel	TdxBarButton			LargeGlyph.Data	single		svg	475	0	0	0	0							182dc8b95b3aacd3fb2a562fef0f9af9d1bcead5a2f8e9477f6910dfd29af2d0	images\182dc8b95b3aacd3fb2a562fef0f9af9d1bcead5a2f8e9477f6910dfd29af2d0.svg
C:\Projects\DB\ORM3\CLIENT\Blueprint4.CADImport.dfm	Blueprint4.CADImport.pas	dfm	TfrmBlueprintCADImport	dxBarManager1.btnOpen	btnOpen	TdxBarButton			Glyph.Data	single		bmp	1078	16	16	32	0					1		a48d7c162b33133c1659189ea21dbed94fb16f80febeabd3e1469a685163b1e8	images\a48d7c162b33133c1659189ea21dbed94fb16f80febeabd3e1469a685163b1e8.bmp
C:\Projects\DB\ORM3\CLIENT\Blueprint4.CADImport.dfm	Blueprint4.CADImport.pas	dfm	TfrmBlueprintCADImport	dxBarManager1.ddlUnits	ddlUnits	TdxBarImageCombo			Glyph.Data	single		bmp	1078	16	16	32	0					1		9c41a85fa5ce6f5ec03987b719f3b171c7de40ed8bd799565cd38495132bf080	images\9c41a85fa5ce6f5ec03987b719f3b171c7de40ed8bd799565cd38495132bf080.bmp
C:\Projects\DB\ORM3\CLIENT\Blueprint4.CADImport.dfm	Blueprint4.CADImport.pas	dfm	TfrmBlueprintCADImport	dxBarManager1.btnSaveToOperation	btnSaveToOperation	TdxBarButton			Glyph.Data	single		bmp	1078	16	16	32	0					1		73f8d7829293829e26b41246906634217fcb2356acd4ccab9ad84b52474c46ec	images\73f8d7829293829e26b41246906634217fcb2356acd4ccab9ad84b52474c46ec.bmp
C:\Projects\DB\ORM3\CLIENT\Blueprint4.CADImport.dfm	Blueprint4.CADImport.pas	dfm	TfrmBlueprintCADImport	dxBarManager1.btnPrint	btnPrint	TdxBarButton			Glyph.Data	single		bmp	1078	16	16	32	0					1		946d8ef4176300b7514b0712f480d3449521bbc5f097c0f596a6516e63518d3c	images\946d8ef4176300b7514b0712f480d3449521bbc5f097c0f596a6516e63518d3c.bmp
C:\Projects\DB\ORM3\CLIENT\Blueprint4.CADImport.dfm	Blueprint4.CADImport.pas	dfm	TfrmBlueprintCADImport	dxBarManager1.btnClear	btnClear	TdxBarButton			Glyph.Data	single		bmp	1078	16	16	32	0					1		0eb430c3bf766d2880fb74dcbba407cf82fd63719978d05d02e3bd7f7a2a0a3c	images\0eb430c3bf766d2880fb74dcbba407cf82fd63719978d05d02e3bd7f7a2a0a3c.bmp
C:\Projects\DB\ORM3\CLIENT\Blueprint4.CADImport.dfm	Blueprint4.CADImport.pas	dfm	TfrmBlueprintCADImport	dxBarManager1.btnAddPage	btnAddPage	TdxBarButton			Glyph.Data	single		bmp	1078	16	16	32	0					1		7d82526ccddb02614599d418612eb2928ad06cca4e2a1e162bd42f08109a7c60	images\7d82526ccddb02614599d418612eb2928ad06cca4e2a1e162bd42f08109a7c60.bmp
C:\Projects\DB\ORM3\CLIENT\Blueprint4.CADImport.dfm	Blueprint4.CADImport.pas	dfm	TfrmBlueprintCADImport	dxBarManager1.ddlSelectPage	ddlSelectPage	TdxBarLookupCombo			Glyph.Data	single		bmp	1078	16	16	32	0					1		bbc4108921a351ec72897a48f2154efc1912a9110484d6471ef4ae5072a64f09	images\bbc4108921a351ec72897a48f2154efc1912a9110484d6471ef4ae5072a64f09.bmp
C:\Projects\DB\ORM3\CLIENT\Blueprint4.CADImport.dfm	Blueprint4.CADImport.pas	dfm	TfrmBlueprintCADImport	dxBarManager1.btnShowHideEtities	btnShowHideEtities	TdxBarImageCombo			Glyph.Data	single		bmp	1078	16	16	32	0					1		9c41a85fa5ce6f5ec03987b719f3b171c7de40ed8bd799565cd38495132bf080	images\9c41a85fa5ce6f5ec03987b719f3b171c7de40ed8bd799565cd38495132bf080.bmp
C:\Projects\DB\ORM3\CLIENT\Blueprint4.CADImport.dfm	Blueprint4.CADImport.pas	dfm	TfrmBlueprintCADImport	dxBarManager1.btnDeleteAll	btnDeleteAll	TdxBarButton			Glyph.Data	single		bmp	1078	16	16	32	0					1		138fb8a254c41a3d544a6e211e0931b71b63ae49aa1fc467fbc2587564ac9f09	images\138fb8a254c41a3d544a6e211e0931b71b63ae49aa1fc467fbc2587564ac9f09.bmp
C:\Projects\DB\ORM3\CLIENT\Blueprint4.CADImport.dfm	Blueprint4.CADImport.pas	dfm	TfrmBlueprintCADImport	dxBarManager1.btnLoadAll	btnLoadAll	TdxBarButton			Glyph.Data	single		bmp	1078	16	16	32	0					1		6c9525cbec18fec456586e3fb497ed640f2ca62eb0036e6711acc7a875761245	images\6c9525cbec18fec456586e3fb497ed640f2ca62eb0036e6711acc7a875761245.bmp
C:\Projects\DB\ORM3\CLIENT\Blueprint4.dfm	Blueprint4.pas	dfm	TfrmBlueprint4		frmBlueprint4	TfrmBlueprint4	Blueprint4		Icon.Data	single		ico	1150	0	0	0	0							87829c566615525191dec99da56caf00d42442aaa72a701af21d38cb4d4598be	images\87829c566615525191dec99da56caf00d42442aaa72a701af21d38cb4d4598be.ico
C:\Projects\DB\ORM3\CLIENT\Blueprint4.dfm	Blueprint4.pas	dfm	TfrmBlueprint4	cxGroupBox16.cxPageControl1.tabRouter.cxGroupBox5.TabFtrType.cxTabSheet1.dxLayoutControl2.edtNotes	edtNotes	TcxMRUEdit			Properties.ButtonGlyph.Data	single		svg	1533	0	0	0	0							fbb2cbeffd8ce2721a90b0035e24f37ba7e9dcf94f80136050ce7afdb19232fa	images\fbb2cbeffd8ce2721a90b0035e24f37ba7e9dcf94f80136050ce7afdb19232fa.svg
C:\Projects\DB\ORM3\CLIENT\Blueprint4.dfm	Blueprint4.pas	dfm	TfrmBlueprint4	cxGroupBox16.cxPageControl1.tabRouter.cxGroupBox5.TabFtrType.cxTabSheet1.dxLayoutControl2.edtZeroAt	edtZeroAt	TcxDBButtonEdit			Properties.Buttons[0].Glyph.Data	container		svg	539	0	0	0	0							54255b1f42a1243163dfdc6d7a027143e049c8713f3d1902f01299f7e280b79e	images\54255b1f42a1243163dfdc6d7a027143e049c8713f3d1902f01299f7e280b79e.svg
C:\Projects\DB\ORM3\CLIENT\Blueprint4.dfm	Blueprint4.pas	dfm	TfrmBlueprint4	cxGroupBox16.cxPageControl1.tabRouter.cxGroupBox5.TabFtrType.cxTabSheet1.dxLayoutControl2.edtZeroAt	edtZeroAt	TcxDBButtonEdit			Properties.Buttons[1].Glyph.Data	container		svg	791	0	0	0	0							734d087624eb5bbe251eb800562c797e90fe53eac2faa9df69fd4cb137d6a54c	images\734d087624eb5bbe251eb800562c797e90fe53eac2faa9df69fd4cb137d6a54c.svg
C:\Projects\DB\ORM3\CLIENT\Blueprint4.dfm	Blueprint4.pas	dfm	TfrmBlueprint4	cxGroupBox16.cxPageControl1.tabRouter.cxGroupBox5.TabFtrType.cxTabSheet1.dxLayoutControl2.edtZeroAt	edtZeroAt	TcxDBButtonEdit			Properties.Buttons[2].Glyph.Data	container		svg	539	0	0	0	0							56320698ba9f7e8cf1214bba7634e804f1c3f2a2f7726d2256f511005c230cfc	images\56320698ba9f7e8cf1214bba7634e804f1c3f2a2f7726d2256f511005c230cfc.svg
C:\Projects\DB\ORM3\CLIENT\Blueprint4.dfm	Blueprint4.pas	dfm	TfrmBlueprint4	cxGroupBox16.cxPageControl1.tabRouter.cxGroupBox5.TabFtrType.cxTabSheet1.dxLayoutControl2.edtZeroAt	edtZeroAt	TcxDBButtonEdit			Properties.Buttons[3].Glyph.Data	container		svg	1035	0	0	0	0							8e2031bc811b6b6679a910f03bb4a3fa4109fff48e5a8bcb185dc0c96efe20bf	images\8e2031bc811b6b6679a910f03bb4a3fa4109fff48e5a8bcb185dc0c96efe20bf.svg
C:\Projects\DB\ORM3\CLIENT\Blueprint4.dfm	Blueprint4.pas	dfm	TfrmBlueprint4	dxBarManager1.barQuickAction	barQuickAction	TdxBar			Glyph.Data	single		svg	663	0	0	0	0							37385f8b11b3cb71ddfd8216f26e11bec00dadea44b8183c0668e84e64ead5cd	images\37385f8b11b3cb71ddfd8216f26e11bec00dadea44b8183c0668e84e64ead5cd.svg
C:\Projects\DB\ORM3\CLIENT\Blueprint4.dfm	Blueprint4.pas	dfm	TfrmBlueprint4	dxBarManager1.barTabArea	barTabArea	TdxBar			Glyph.Data	single		svg	1111	0	0	0	0							d58198a6bfaa096c9ebc1ee63357ed35f2171439f9c29e32427ec6921c7a5fd8	images\d58198a6bfaa096c9ebc1ee63357ed35f2171439f9c29e32427ec6921c7a5fd8.svg
C:\Projects\DB\ORM3\CLIENT\Blueprint4.dfm	Blueprint4.pas	dfm	TfrmBlueprint4	dxBarManager1.btnExitToJobList	btnExitToJobList	TdxBarLargeButton			Glyph.Data	single		svg	3033	0	0	0	0							39e5933d6f88188b2c66d8c653d769e7684d9a23c349e93e39b61c6384fc2a9e	images\39e5933d6f88188b2c66d8c653d769e7684d9a23c349e93e39b61c6384fc2a9e.svg
C:\Projects\DB\ORM3\CLIENT\Blueprint4.dfm	Blueprint4.pas	dfm	TfrmBlueprint4	dxBarManager1.btnExitToJobList	btnExitToJobList	TdxBarLargeButton			LargeGlyph.Data	single		svg	3033	0	0	0	0							39e5933d6f88188b2c66d8c653d769e7684d9a23c349e93e39b61c6384fc2a9e	images\39e5933d6f88188b2c66d8c653d769e7684d9a23c349e93e39b61c6384fc2a9e.svg
C:\Projects\DB\ORM3\CLIENT\Blueprint4.dfm	Blueprint4.pas	dfm	TfrmBlueprint4	dxBarManager1.btnExitToJobList	btnExitToJobList	TdxBarLargeButton			HotGlyph.Data	single		svg	3033	0	0	0	0							39e5933d6f88188b2c66d8c653d769e7684d9a23c349e93e39b61c6384fc2a9e	images\39e5933d6f88188b2c66d8c653d769e7684d9a23c349e93e39b61c6384fc2a9e.svg
C:\Projects\DB\ORM3\CLIENT\Blueprint4.dfm	Blueprint4.pas	dfm	TfrmBlueprint4	dxBarManager1.btnExitToPCP	btnExitToPCP	TdxBarLargeButton			Glyph.Data	single		svg	4158	0	0	0	0							8246e49fec36c8fb469a7df5ba75ee9a33983771a6aba3d01540046cb536308c	images\8246e49fec36c8fb469a7df5ba75ee9a33983771a6aba3d01540046cb536308c.svg
C:\Projects\DB\ORM3\CLIENT\Blueprint4.dfm	Blueprint4.pas	dfm	TfrmBlueprint4	dxBarManager1.btnExitToPCP	btnExitToPCP	TdxBarLargeButton			LargeGlyph.Data	single		svg	4158	0	0	0	0							8246e49fec36c8fb469a7df5ba75ee9a33983771a6aba3d01540046cb536308c	images\8246e49fec36c8fb469a7df5ba75ee9a33983771a6aba3d01540046cb536308c.svg
C:\Projects\DB\ORM3\CLIENT\Blueprint4.dfm	Blueprint4.pas	dfm	TfrmBlueprint4	dxBarManager1.btnExitToPCP	btnExitToPCP	TdxBarLargeButton			HotGlyph.Data	single		svg	4158	0	0	0	0							8246e49fec36c8fb469a7df5ba75ee9a33983771a6aba3d01540046cb536308c	images\8246e49fec36c8fb469a7df5ba75ee9a33983771a6aba3d01540046cb536308c.svg
C:\Projects\DB\ORM3\CLIENT\Blueprint4.dfm	Blueprint4.pas	dfm	TfrmBlueprint4	dxBarManager1.btnExitToITrack	btnExitToITrack	TdxBarButton			Glyph.Data	single		svg	1864	0	0	0	0							bbe628e7c5c924bfcc0560e9f678cdc5374b326eed2b1bb31b0d97725554be0a	images\bbe628e7c5c924bfcc0560e9f678cdc5374b326eed2b1bb31b0d97725554be0a.svg
C:\Projects\DB\ORM3\CLIENT\Blueprint4.dfm	Blueprint4.pas	dfm	TfrmBlueprint4	dxBarManager1.btnExitToITrack	btnExitToITrack	TdxBarButton			LargeGlyph.Data	single		svg	1864	0	0	0	0							bbe628e7c5c924bfcc0560e9f678cdc5374b326eed2b1bb31b0d97725554be0a	images\bbe628e7c5c924bfcc0560e9f678cdc5374b326eed2b1bb31b0d97725554be0a.svg
C:\Projects\DB\ORM3\CLIENT\Blueprint4.dfm	Blueprint4.pas	dfm	TfrmBlueprint4	dxBarManager1.btnAddOperation	btnAddOperation	TdxBarLargeButton			LargeGlyph.Data	single		svg	557	0	0	0	0							596184591e7a113aade59c93b858e657707e754857b872a18e4f15d1d5ab770e	images\596184591e7a113aade59c93b858e657707e754857b872a18e4f15d1d5ab770e.svg
C:\Projects\DB\ORM3\CLIENT\Blueprint4.dfm	Blueprint4.pas	dfm	TfrmBlueprint4	dxBarManager1.btnDeleteOperation	btnDeleteOperation	TdxBarLargeButton			LargeGlyph.Data	single		svg	428	0	0	0	0							5a2ebb7b90bef4e450d00feb3b62f13ddf5d560db3864560a449c0453385e79e	images\5a2ebb7b90bef4e450d00feb3b62f13ddf5d560db3864560a449c0453385e79e.svg
C:\Projects\DB\ORM3\CLIENT\Blueprint4.dfm	Blueprint4.pas	dfm	TfrmBlueprint4	dxBarManager1.btnOperationNames	btnOperationNames	TdxBarLargeButton			Glyph.Data	single		svg	1791	0	0	0	0							e50c369e9177ce44314e414d78e78da6d95f56ac9433ce22d69807598b78c11f	images\e50c369e9177ce44314e414d78e78da6d95f56ac9433ce22d69807598b78c11f.svg
C:\Projects\DB\ORM3\CLIENT\Blueprint4.dfm	Blueprint4.pas	dfm	TfrmBlueprint4	dxBarManager1.btnOperationNames	btnOperationNames	TdxBarLargeButton			LargeGlyph.Data	single		svg	1791	0	0	0	0							e50c369e9177ce44314e414d78e78da6d95f56ac9433ce22d69807598b78c11f	images\e50c369e9177ce44314e414d78e78da6d95f56ac9433ce22d69807598b78c11f.svg
C:\Projects\DB\ORM3\CLIENT\Blueprint4.dfm	Blueprint4.pas	dfm	TfrmBlueprint4	dxBarManager1.btnOperationNames	btnOperationNames	TdxBarLargeButton			HotGlyph.Data	single		svg	1791	0	0	0	0							e50c369e9177ce44314e414d78e78da6d95f56ac9433ce22d69807598b78c11f	images\e50c369e9177ce44314e414d78e78da6d95f56ac9433ce22d69807598b78c11f.svg
C:\Projects\DB\ORM3\CLIENT\Blueprint4.dfm	Blueprint4.pas	dfm	TfrmBlueprint4	dxBarManager1.btnOperationFirst	btnOperationFirst	TdxBarButton			Glyph.Data	single		svg	539	0	0	0	0							54255b1f42a1243163dfdc6d7a027143e049c8713f3d1902f01299f7e280b79e	images\54255b1f42a1243163dfdc6d7a027143e049c8713f3d1902f01299f7e280b79e.svg
C:\Projects\DB\ORM3\CLIENT\Blueprint4.dfm	Blueprint4.pas	dfm	TfrmBlueprint4	dxBarManager1.btnLastOperation	btnLastOperation	TdxBarButton			Glyph.Data	single		svg	539	0	0	0	0							56320698ba9f7e8cf1214bba7634e804f1c3f2a2f7726d2256f511005c230cfc	images\56320698ba9f7e8cf1214bba7634e804f1c3f2a2f7726d2256f511005c230cfc.svg
C:\Projects\DB\ORM3\CLIENT\Blueprint4.dfm	Blueprint4.pas	dfm	TfrmBlueprint4	dxBarManager1.btnCopyOperation	btnCopyOperation	TdxBarSubItem			Glyph.Data	single		svg	1450	0	0	0	0							25403c1a83c76c232e9e1d88c15e31558705e285532599fad4fd3b6368bccaa0	images\25403c1a83c76c232e9e1d88c15e31558705e285532599fad4fd3b6368bccaa0.svg
C:\Projects\DB\ORM3\CLIENT\Blueprint4.dfm	Blueprint4.pas	dfm	TfrmBlueprint4	dxBarManager1.btnCopyOperation	btnCopyOperation	TdxBarSubItem			LargeGlyph.Data	single		svg	1450	0	0	0	0							25403c1a83c76c232e9e1d88c15e31558705e285532599fad4fd3b6368bccaa0	images\25403c1a83c76c232e9e1d88c15e31558705e285532599fad4fd3b6368bccaa0.svg
C:\Projects\DB\ORM3\CLIENT\Blueprint4.dfm	Blueprint4.pas	dfm	TfrmBlueprint4	dxBarManager1.btnImportCADFile	btnImportCADFile	TdxBarLargeButton			Glyph.Data	single		svg	3833	0	0	0	0							1631cbaeeb6fb319b47c6aab6a4af105bf74fcc7b8dbba7a111dc98763b7e875	images\1631cbaeeb6fb319b47c6aab6a4af105bf74fcc7b8dbba7a111dc98763b7e875.svg
C:\Projects\DB\ORM3\CLIENT\Blueprint4.dfm	Blueprint4.pas	dfm	TfrmBlueprint4	dxBarManager1.btnImportCADFile	btnImportCADFile	TdxBarLargeButton			LargeGlyph.Data	single		svg	3833	0	0	0	0							1631cbaeeb6fb319b47c6aab6a4af105bf74fcc7b8dbba7a111dc98763b7e875	images\1631cbaeeb6fb319b47c6aab6a4af105bf74fcc7b8dbba7a111dc98763b7e875.svg
C:\Projects\DB\ORM3\CLIENT\Blueprint4.dfm	Blueprint4.pas	dfm	TfrmBlueprint4	dxBarManager1.btnImportPDFFile	btnImportPDFFile	TdxBarLargeButton			Glyph.Data	single		svg	1305	0	0	0	0							353f7312ddea031d6bc8640ca9da7f6624b38bd45df09cc011590a4daf41b7ee	images\353f7312ddea031d6bc8640ca9da7f6624b38bd45df09cc011590a4daf41b7ee.svg
C:\Projects\DB\ORM3\CLIENT\Blueprint4.dfm	Blueprint4.pas	dfm	TfrmBlueprint4	dxBarManager1.btnImportPDFFile	btnImportPDFFile	TdxBarLargeButton			LargeGlyph.Data	single		svg	1305	0	0	0	0							353f7312ddea031d6bc8640ca9da7f6624b38bd45df09cc011590a4daf41b7ee	images\353f7312ddea031d6bc8640ca9da7f6624b38bd45df09cc011590a4daf41b7ee.svg
C:\Projects\DB\ORM3\CLIENT\Blueprint4.dfm	Blueprint4.pas	dfm	TfrmBlueprint4	dxBarManager1.btnImportPDFFile	btnImportPDFFile	TdxBarLargeButton			HotGlyph.Data	single		svg	1305	0	0	0	0							353f7312ddea031d6bc8640ca9da7f6624b38bd45df09cc011590a4daf41b7ee	images\353f7312ddea031d6bc8640ca9da7f6624b38bd45df09cc011590a4daf41b7ee.svg
C:\Projects\DB\ORM3\CLIENT\Blueprint4.dfm	Blueprint4.pas	dfm	TfrmBlueprint4	dxBarManager1.btnImportZEISSCMM	btnImportZEISSCMM	TdxBarButton			Glyph.Data	single		svg	1886	0	0	0	0							ab25cee86aab0c72a8c439df40bbf44cb7e917d17518234ac9242b5fff7a986a	images\ab25cee86aab0c72a8c439df40bbf44cb7e917d17518234ac9242b5fff7a986a.svg
C:\Projects\DB\ORM3\CLIENT\Blueprint4.dfm	Blueprint4.pas	dfm	TfrmBlueprint4	dxBarManager1.btnImportZEISSCMM	btnImportZEISSCMM	TdxBarButton			LargeGlyph.Data	single		svg	1886	0	0	0	0							ab25cee86aab0c72a8c439df40bbf44cb7e917d17518234ac9242b5fff7a986a	images\ab25cee86aab0c72a8c439df40bbf44cb7e917d17518234ac9242b5fff7a986a.svg
C:\Projects\DB\ORM3\CLIENT\Blueprint4.dfm	Blueprint4.pas	dfm	TfrmBlueprint4	dxBarManager1.btnImportSheffield	btnImportSheffield	TdxBarButton			Glyph.Data	single		jpg	13841	0	0	0	0							30c45ccf2c50793f91a22ddb9ef99cadefc7a0351ab8d29e93cf6aab77ed4cbd	images\30c45ccf2c50793f91a22ddb9ef99cadefc7a0351ab8d29e93cf6aab77ed4cbd.jpg
C:\Projects\DB\ORM3\CLIENT\Blueprint4.dfm	Blueprint4.pas	dfm	TfrmBlueprint4	dxBarManager1.btnImportLK	btnImportLK	TdxBarButton			Glyph.Data	single		png	19151	0	0	0	0							7e1e3d7533889cfb848a3ed174ef73b1b077ddaaf8411b2d9baccb7d8d10eb39	images\7e1e3d7533889cfb848a3ed174ef73b1b077ddaaf8411b2d9baccb7d8d10eb39.png
C:\Projects\DB\ORM3\CLIENT\Blueprint4.dfm	Blueprint4.pas	dfm	TfrmBlueprint4	dxBarManager1.btnImportKeyence	btnImportKeyence	TdxBarButton			Glyph.Data	single		svg	743	0	0	0	0							e7d48d96812b764400e73750ef74f4380fe47688e1d146d15e119f0a37b5cb72	images\e7d48d96812b764400e73750ef74f4380fe47688e1d146d15e119f0a37b5cb72.svg
C:\Projects\DB\ORM3\CLIENT\Blueprint4.dfm	Blueprint4.pas	dfm	TfrmBlueprint4	dxBarManager1.btnImportOASIS	btnImportOASIS	TdxBarButton			Glyph.Data	single		jpg	14944	0	0	0	0							2f0d75f16700a5edeca99dceea5750609cb01003b271ed1f45269924da6a7456	images\2f0d75f16700a5edeca99dceea5750609cb01003b271ed1f45269924da6a7456.jpg
C:\Projects\DB\ORM3\CLIENT\Blueprint4.dfm	Blueprint4.pas	dfm	TfrmBlueprint4	dxBarManager1.btnImportOGP	btnImportOGP	TdxBarButton			Glyph.Data	single		svg	5704	0	0	0	0							319fdec074e0ad6fce08ac2c04ae68afe87afd8081cd9000ae1107407fd9a0f7	images\319fdec074e0ad6fce08ac2c04ae68afe87afd8081cd9000ae1107407fd9a0f7.svg
C:\Projects\DB\ORM3\CLIENT\Blueprint4.dfm	Blueprint4.pas	dfm	TfrmBlueprint4	dxBarManager1.btnImportOGP	btnImportOGP	TdxBarButton			LargeGlyph.Data	single		svg	5704	0	0	0	0							319fdec074e0ad6fce08ac2c04ae68afe87afd8081cd9000ae1107407fd9a0f7	images\319fdec074e0ad6fce08ac2c04ae68afe87afd8081cd9000ae1107407fd9a0f7.svg
C:\Projects\DB\ORM3\CLIENT\Blueprint4.dfm	Blueprint4.pas	dfm	TfrmBlueprint4	dxBarManager1.btnImportJenoptik	btnImportJenoptik	TdxBarButton			Glyph.Data	single		svg	4115	0	0	0	0							8c5c434a65a8dfd5c7eebf237597c05ab9ef0e97431616bc896fc8ff8b6c29ec	images\8c5c434a65a8dfd5c7eebf237597c05ab9ef0e97431616bc896fc8ff8b6c29ec.svg
C:\Projects\DB\ORM3\CLIENT\Blueprint4.dfm	Blueprint4.pas	dfm	TfrmBlueprint4	dxBarManager1.btnImportJenoptik	btnImportJenoptik	TdxBarButton			LargeGlyph.Data	single		svg	4115	0	0	0	0							8c5c434a65a8dfd5c7eebf237597c05ab9ef0e97431616bc896fc8ff8b6c29ec	images\8c5c434a65a8dfd5c7eebf237597c05ab9ef0e97431616bc896fc8ff8b6c29ec.svg
C:\Projects\DB\ORM3\CLIENT\Blueprint4.dfm	Blueprint4.pas	dfm	TfrmBlueprint4	dxBarManager1.btnImportVICI	btnImportVICI	TdxBarButton			Glyph.Data	single		svg	1325	0	0	0	0							80c3878d28ee32364aad901ec8d78bb70ed3b96b94905c229767b7df28cf5eda	images\80c3878d28ee32364aad901ec8d78bb70ed3b96b94905c229767b7df28cf5eda.svg
C:\Projects\DB\ORM3\CLIENT\Blueprint4.dfm	Blueprint4.pas	dfm	TfrmBlueprint4	dxBarManager1.btnImportVICI	btnImportVICI	TdxBarButton			LargeGlyph.Data	single		svg	1325	0	0	0	0							80c3878d28ee32364aad901ec8d78bb70ed3b96b94905c229767b7df28cf5eda	images\80c3878d28ee32364aad901ec8d78bb70ed3b96b94905c229767b7df28cf5eda.svg
C:\Projects\DB\ORM3\CLIENT\Blueprint4.dfm	Blueprint4.pas	dfm	TfrmBlueprint4	dxBarManager1.btnImportNikon	btnImportNikon	TdxBarButton			Glyph.Data	single		svg	9008	0	0	0	0							0443ea5e175c6acdfac5dd4c645173400175e93964b4a1ffb20c80d7e69d0cd9	images\0443ea5e175c6acdfac5dd4c645173400175e93964b4a1ffb20c80d7e69d0cd9.svg
C:\Projects\DB\ORM3\CLIENT\Blueprint4.dfm	Blueprint4.pas	dfm	TfrmBlueprint4	dxBarManager1.btnImportNikon	btnImportNikon	TdxBarButton			LargeGlyph.Data	single		svg	9008	0	0	0	0							0443ea5e175c6acdfac5dd4c645173400175e93964b4a1ffb20c80d7e69d0cd9	images\0443ea5e175c6acdfac5dd4c645173400175e93964b4a1ffb20c80d7e69d0cd9.svg
C:\Projects\DB\ORM3\CLIENT\Blueprint4.dfm	Blueprint4.pas	dfm	TfrmBlueprint4	dxBarManager1.btnImportCSVCustom	btnImportCSVCustom	TdxBarButton			Glyph.Data	single		svg	2099	0	0	0	0							5b617cd1660623cc58b90d95e9438299db4a74879686cc611aed94a914cb49d1	images\5b617cd1660623cc58b90d95e9438299db4a74879686cc611aed94a914cb49d1.svg
C:\Projects\DB\ORM3\CLIENT\Blueprint4.dfm	Blueprint4.pas	dfm	TfrmBlueprint4	dxBarManager1.btnImportCSVCustom	btnImportCSVCustom	TdxBarButton			LargeGlyph.Data	single		svg	2099	0	0	0	0							5b617cd1660623cc58b90d95e9438299db4a74879686cc611aed94a914cb49d1	images\5b617cd1660623cc58b90d95e9438299db4a74879686cc611aed94a914cb49d1.svg
C:\Projects\DB\ORM3\CLIENT\Blueprint4.dfm	Blueprint4.pas	dfm	TfrmBlueprint4	cxImageList1	cxImageList1	TcxImageList			Bitmap	container			8614	0	0	0	0							81e56a5b3fde30c15505bfee068d75bd1a906942f9c7befd9ea2d66d83bf7a9c	images\81e56a5b3fde30c15505bfee068d75bd1a906942f9c7befd9ea2d66d83bf7a9c.bin
C:\Projects\DB\ORM3\CLIENT\Blueprint4.dfm	Blueprint4.pas	dfm	TfrmBlueprint4	cxImageList1	cxImageList1	TcxImageList			ImageInfo[0].Image.Data	container		svg	806	0	0	0	0							89edc89e09efac32fac25b57fb46a473b88175440675060e5f9cf9d5f7ff3aec	images\89edc89e09efac32fac25b57fb46a473b88175440675060e5f9cf9d5f7ff3aec.svg
C:\Projects\DB\ORM3\CLIENT\Blueprint4.dfm	Blueprint4.pas	dfm	TfrmBlueprint4	cxImageList1	cxImageList1	TcxImageList			ImageInfo[1].Image.Data	container		svg	539	0	0	0	0							54255b1f42a1243163dfdc6d7a027143e049c8713f3d1902f01299f7e280b79e	images\54255b1f42a1243163dfdc6d7a027143e049c8713f3d1902f01299f7e280b79e.svg
C:\Projects\DB\ORM3\CLIENT\Blueprint4.dfm	Blueprint4.pas	dfm	TfrmBlueprint4	cxImageList1	cxImageList1	TcxImageList			ImageInfo[2].Image.Data	container		svg	539	0	0	0	0							56320698ba9f7e8cf1214bba7634e804f1c3f2a2f7726d2256f511005c230cfc	images\56320698ba9f7e8cf1214bba7634e804f1c3f2a2f7726d2256f511005c230cfc.svg
C:\Projects\DB\ORM3\CLIENT\Blueprint4.dfm	Blueprint4.pas	dfm	TfrmBlueprint4	cxImageList1	cxImageList1	TcxImageList			ImageInfo[3].Image.Data	container		svg	1895	0	0	0	0							b077ac2ca282b884890a73e03a389c1c400a6d4d724db8816100efcdbe6b49c9	images\b077ac2ca282b884890a73e03a389c1c400a6d4d724db8816100efcdbe6b49c9.svg
C:\Projects\DB\ORM3\CLIENT\Blueprint4.dfm	Blueprint4.pas	dfm	TfrmBlueprint4	cxImageList1	cxImageList1	TcxImageList			ImageInfo[4].Image.Data	container		svg	1035	0	0	0	0							8e2031bc811b6b6679a910f03bb4a3fa4109fff48e5a8bcb185dc0c96efe20bf	images\8e2031bc811b6b6679a910f03bb4a3fa4109fff48e5a8bcb185dc0c96efe20bf.svg
C:\Projects\DB\ORM3\CLIENT\Blueprint4.dfm	Blueprint4.pas	dfm	TfrmBlueprint4	cxImageList1	cxImageList1	TcxImageList			ImageInfo[5].Image.Data	container		svg	4036	0	0	0	0							137d4e5ce8287471908e3096e4eebc6da8b15a3e05704cce86b1da60003643d8	images\137d4e5ce8287471908e3096e4eebc6da8b15a3e05704cce86b1da60003643d8.svg
C:\Projects\DB\ORM3\CLIENT\Blueprint4.PDFImport.dfm	Blueprint4.PDFImport.pas	dfm	TfrmBlueprintPDFImport	pnlPDF.dxPDFViewer1	dxPDFViewer1	TdxPDFViewer			OptionsNavigationPane.Attachments.Glyph.Data	single		svg	765	0	0	0	0							31fd6f50b613efe6120e2709e881bf4661322ac77b5bd8893a4bcb9380bebef1	images\31fd6f50b613efe6120e2709e881bf4661322ac77b5bd8893a4bcb9380bebef1.svg
C:\Projects\DB\ORM3\CLIENT\Blueprint4.PDFImport.dfm	Blueprint4.PDFImport.pas	dfm	TfrmBlueprintPDFImport	pnlPDF.dxPDFViewer1	dxPDFViewer1	TdxPDFViewer			OptionsNavigationPane.Bookmarks.Glyph.Data	single		svg	593	0	0	0	0							6086d76de46891679968461772feec22a4a5563366e930995bac16f41fab6034	images\6086d76de46891679968461772feec22a4a5563366e930995bac16f41fab6034.svg
C:\Projects\DB\ORM3\CLIENT\Blueprint4.PDFImport.dfm	Blueprint4.PDFImport.pas	dfm	TfrmBlueprintPDFImport	pnlPDF.dxPDFViewer1	dxPDFViewer1	TdxPDFViewer			OptionsNavigationPane.Thumbnails.Glyph.Data	single		svg	651	0	0	0	0							e334717665c03d91c3530ed7a2539077778c1f76908c333d5d692c29f5dac427	images\e334717665c03d91c3530ed7a2539077778c1f76908c333d5d692c29f5dac427.svg
C:\Projects\DB\ORM3\CLIENT\CADFNotes.dfm	CADFNotes.pas	dfm	TfrmCADFNotes		frmCADFNotes	TfrmCADFNotes	CADFNotes		Icon.Data	single		ico	766	0	0	0	0							f97bf4dec162607c66fa8fef3ff7cc32ac8ca761a250890afc6434fabbd46443	images\f97bf4dec162607c66fa8fef3ff7cc32ac8ca761a250890afc6434fabbd46443.ico
C:\Projects\DB\ORM3\CLIENT\CADFNotes.dfm	CADFNotes.pas	dfm	TfrmCADFNotes	dxBarManager1.btnExit	btnExit	TdxBarButton			Glyph.Data	single		bmp	1078	16	16	32	0					1		d1f5d5f839df61eb3317ff82c09de63b57e908669df38bd26a96a6dd5b8d7ad7	images\d1f5d5f839df61eb3317ff82c09de63b57e908669df38bd26a96a6dd5b8d7ad7.bmp
C:\Projects\DB\ORM3\CLIENT\CADFNotes.dfm	CADFNotes.pas	dfm	TfrmCADFNotes	dxBarManager1.btnCancel	btnCancel	TdxBarButton			Glyph.Data	single		bmp	1078	16	16	32	0					1		d8be263f447bb2946a9ecf5e82e5052aebdb1fe0336a015e65e001415629d619	images\d8be263f447bb2946a9ecf5e82e5052aebdb1fe0336a015e65e001415629d619.bmp
C:\Projects\DB\ORM3\CLIENT\CMMGetDataMultiplyer.dfm	CMMGetDataMultiplyer.pas	dfm	TfrmCMMGetDataMultiplier		frmCMMGetDataMultiplier	TfrmCMMGetDataMultiplier	CMMGetDataMultiplyer		Icon.Data	single		ico	1150	0	0	0	0							87829c566615525191dec99da56caf00d42442aaa72a701af21d38cb4d4598be	images\87829c566615525191dec99da56caf00d42442aaa72a701af21d38cb4d4598be.ico
C:\Projects\DB\ORM3\CLIENT\CMMGetDataMultiplyer.dfm	CMMGetDataMultiplyer.pas	dfm	TfrmCMMGetDataMultiplier	RzMenuButton3	RzMenuButton3	TcxButton			OptionsImage.Glyph.Data	single		svg	3033	0	0	0	0							39e5933d6f88188b2c66d8c653d769e7684d9a23c349e93e39b61c6384fc2a9e	images\39e5933d6f88188b2c66d8c653d769e7684d9a23c349e93e39b61c6384fc2a9e.svg
C:\Projects\DB\ORM3\CLIENT\CompGroup2.dfm	CompGroup2.pas	dfm	TfrmCompGroupSetup2		frmCompGroupSetup2	TfrmCompGroupSetup2	CompGroup2		Icon.Data	single		ico	1150	0	0	0	0							87829c566615525191dec99da56caf00d42442aaa72a701af21d38cb4d4598be	images\87829c566615525191dec99da56caf00d42442aaa72a701af21d38cb4d4598be.ico
C:\Projects\DB\ORM3\CLIENT\CompGroup2.dfm	CompGroup2.pas	dfm	TfrmCompGroupSetup2	RzPanel2.RzMenuButton1	RzMenuButton1	TcxButton			OptionsImage.Glyph.Data	strip		bmp	2102	32	16	32	0	OptionsImage.NumGlyphs	2		2	2	Y	2dc4c5beca0f127406f0c42ed3fad7e305e3dd5f03846f911946aadb49962e11	images\2dc4c5beca0f127406f0c42ed3fad7e305e3dd5f03846f911946aadb49962e11.bmp
C:\Projects\DB\ORM3\CLIENT\CompGroup2.dfm	CompGroup2.pas	dfm	TfrmCompGroupSetup2	ImageList1	ImageList1	TImageList			Bitmap	container			4390	0	0	0	0							93d324cdd3ecab9a90f13ef8d055b05d8beef00b643dec9a67638d9beea2a914	images\93d324cdd3ecab9a90f13ef8d055b05d8beef00b643dec9a67638d9beea2a914.bin
C:\Projects\DB\ORM3\CLIENT\CompGroup2.dfm	CompGroup2.pas	dfm	TfrmCompGroupSetup2	ImageList2	ImageList2	TImageList			Bitmap	container			50854	0	0	0	0							9aa63a99e979b4cf21c048de1a8585bf2fa90d884063d0a531b9f9b989651191	images\9aa63a99e979b4cf21c048de1a8585bf2fa90d884063d0a531b9f9b989651191.bin
C:\Projects\DB\ORM3\CLIENT\CompGroup2.dfm	CompGroup2.pas	dfm	TfrmCompGroupSetup2	ImageList3	ImageList3	TImageList			Bitmap	container			17062	0	0	0	0							b0ba4936067635bb0dd4d54d60e09bd159d53ceb036b7ed5b08cea0255f79394	images\b0ba4936067635bb0dd4d54d60e09bd159d53ceb036b7ed5b08cea0255f79394.bin
C:\Projects\DB\ORM3\CLIENT\CompGroup2.dfm	CompGroup2.pas	dfm	TfrmCompGroupSetup2	dxBarManager1.dxBarDBNavFirst1	dxBarDBNavFirst1	TdxBarDBNavButton			Glyph.Data	single		bmp	1078	16	16	32	0					1		6607ef3da8822b74fe4b0acb662061780182bbfdc0c2cd0056156349e880dd94	images\6607ef3da8822b74fe4b0acb662061780182bbfdc0c2cd0056156349e880dd94.bmp
C:\Projects\DB\ORM3\CLIENT\CompGroup2.dfm	CompGroup2.pas	dfm	TfrmCompGroupSetup2	dxBarManager1.dxBarDBNavPrev1	dxBarDBNavPrev1	TdxBarDBNavButton			Glyph.Data	single		bmp	1078	16	16	32	0					1		4506a08e333bf65e1241dc1d265c0ec790826f394a1e425324e80125ac979066	images\4506a08e333bf65e1241dc1d265c0ec790826f394a1e425324e80125ac979066.bmp
C:\Projects\DB\ORM3\CLIENT\CompGroup2.dfm	CompGroup2.pas	dfm	TfrmCompGroupSetup2	dxBarManager1.dxBarDBNavNext1	dxBarDBNavNext1	TdxBarDBNavButton			Glyph.Data	single		bmp	1078	16	16	32	0					1		f1e077905d1aeb2d609668d4ed60b14af4e2852c7b1589986eed9a6c045d1e58	images\f1e077905d1aeb2d609668d4ed60b14af4e2852c7b1589986eed9a6c045d1e58.bmp
C:\Projects\DB\ORM3\CLIENT\CompGroup2.dfm	CompGroup2.pas	dfm	TfrmCompGroupSetup2	dxBarManager1.dxBarDBNavLast1	dxBarDBNavLast1	TdxBarDBNavButton			Glyph.Data	single		bmp	1078	16	16	32	0					1		fce3745ba5ba9d6f747c39ade70e5bb3a43705557a11a01b17788a0cfe930304	images\fce3745ba5ba9d6f747c39ade70e5bb3a43705557a11a01b17788a0cfe930304.bmp
C:\Projects\DB\ORM3\CLIENT\CompGroup2.dfm	CompGroup2.pas	dfm	TfrmCompGroupSetup2	dxBarManager1.dxBarDBNavInsert1	dxBarDBNavInsert1	TdxBarDBNavButton			Glyph.Data	single		bmp	1078	16	16	32	0					1		85c3d26e8518011389ca86bb003d4f646fde018f5b8ea6bb5f236fa6b26ed9cb	images\85c3d26e8518011389ca86bb003d4f646fde018f5b8ea6bb5f236fa6b26ed9cb.bmp
C:\Projects\DB\ORM3\CLIENT\CompGroup2.dfm	CompGroup2.pas	dfm	TfrmCompGroupSetup2	dxBarManager1.dxBarDBNavDelete1	dxBarDBNavDelete1	TdxBarDBNavButton			Glyph.Data	single		bmp	1078	16	16	32	0					1		cb064bbb443aecb6b9c0d982ca7ef5e728083d86e4bf49b09e7330eed54dea24	images\cb064bbb443aecb6b9c0d982ca7ef5e728083d86e4bf49b09e7330eed54dea24.bmp
C:\Projects\DB\ORM3\CLIENT\CompGroup2.dfm	CompGroup2.pas	dfm	TfrmCompGroupSetup2	dxBarManager1.dxBarDBNavEdit1	dxBarDBNavEdit1	TdxBarDBNavButton			Glyph.Data	single		bmp	1078	16	16	32	0					1		22e66cc36468572cbdcae127edc7fe7560a3f052fa05202b746f2491175a05cf	images\22e66cc36468572cbdcae127edc7fe7560a3f052fa05202b746f2491175a05cf.bmp
C:\Projects\DB\ORM3\CLIENT\CompGroup2.dfm	CompGroup2.pas	dfm	TfrmCompGroupSetup2	dxBarManager1.dxBarDBNavPost1	dxBarDBNavPost1	TdxBarDBNavButton			Glyph.Data	single		bmp	1078	16	16	32	0					1		6212bc92930d93605cc9b6b3699601807dc1633fa573890fdac82faca790c47f	images\6212bc92930d93605cc9b6b3699601807dc1633fa573890fdac82faca790c47f.bmp
C:\Projects\DB\ORM3\CLIENT\CompGroup2.dfm	CompGroup2.pas	dfm	TfrmCompGroupSetup2	dxBarManager1.dxBarDBNavCancel1	dxBarDBNavCancel1	TdxBarDBNavButton			Glyph.Data	single		bmp	1078	16	16	32	0					1		975795a643484a5073c6e0223bb36e40eaf96637165ace0ca753593af1dde849	images\975795a643484a5073c6e0223bb36e40eaf96637165ace0ca753593af1dde849.bmp
C:\Projects\DB\ORM3\CLIENT\CompGroup2.dfm	CompGroup2.pas	dfm	TfrmCompGroupSetup2	dxBarManager1.dxBarDBNavRefresh1	dxBarDBNavRefresh1	TdxBarDBNavButton			Glyph.Data	single		bmp	1078	16	16	32	0					1		5d9485a834adeff5da0f68c84a8055425e3e8e58c4f93d181d2aa5086a8e39be	images\5d9485a834adeff5da0f68c84a8055425e3e8e58c4f93d181d2aa5086a8e39be.bmp
C:\Projects\DB\ORM3\CLIENT\CompGroup2.dfm	CompGroup2.pas	dfm	TfrmCompGroupSetup2	dxBarManager1.ddlOperation	ddlOperation	TdxBarLookupCombo			Glyph.Data	single		bmp	1078	16	16	32	0					1		bbc4108921a351ec72897a48f2154efc1912a9110484d6471ef4ae5072a64f09	images\bbc4108921a351ec72897a48f2154efc1912a9110484d6471ef4ae5072a64f09.bmp
C:\Projects\DB\ORM3\CLIENT\CompGroup2.dfm	CompGroup2.pas	dfm	TfrmCompGroupSetup2	dxBarManager1.btnAutoPrecision	btnAutoPrecision	TdxBarButton			Glyph.Data	single		bmp	1654	20	20	32	0					1		3d55130c4b8fc53e82146c41231a72b19730143030eea92f822dad1938f0247d	images\3d55130c4b8fc53e82146c41231a72b19730143030eea92f822dad1938f0247d.bmp
C:\Projects\DB\ORM3\CLIENT\CompGroup2.dfm	CompGroup2.pas	dfm	TfrmCompGroupSetup2	dxBarManager1.btnExit	btnExit	TdxBarButton			Glyph.Data	single		bmp	1078	16	16	32	0					1		d1f5d5f839df61eb3317ff82c09de63b57e908669df38bd26a96a6dd5b8d7ad7	images\d1f5d5f839df61eb3317ff82c09de63b57e908669df38bd26a96a6dd5b8d7ad7.bmp
C:\Projects\DB\ORM3\CLIENT\CompGroup2.dfm	CompGroup2.pas	dfm	TfrmCompGroupSetup2	dxBarManager1.btnExitLarge	btnExitLarge	TdxBarLargeButton			Glyph.Data	single		bmp	1078	16	16	32	0					1		d1f5d5f839df61eb3317ff82c09de63b57e908669df38bd26a96a6dd5b8d7ad7	images\d1f5d5f839df61eb3317ff82c09de63b57e908669df38bd26a96a6dd5b8d7ad7.bmp
C:\Projects\DB\ORM3\CLIENT\CompGroup2.dfm	CompGroup2.pas	dfm	TfrmCompGroupSetup2	dxBarManager1.btnExitLarge	btnExitLarge	TdxBarLargeButton			LargeGlyph.Data	single		bmp	4150	32	32	32	0					1		360c9c0647c09d8441f902ea87440b4e262ef05b2fa0ef5bc34f085f7fc824e8	images\360c9c0647c09d8441f902ea87440b4e262ef05b2fa0ef5bc34f085f7fc824e8.bmp
C:\Projects\DB\ORM3\CLIENT\CompGroup2.dfm	CompGroup2.pas	dfm	TfrmCompGroupSetup2	ImageList4	ImageList4	TImageList			Bitmap	container			67750	0	0	0	0							cf2f5bda0939f3e322d20e4a9f7d806d3ea6e43836ccb81a36bcb3037c6a8043	images\cf2f5bda0939f3e322d20e4a9f7d806d3ea6e43836ccb81a36bcb3037c6a8043.bin
C:\Projects\DB\ORM3\CLIENT\CompImport.dfm	CompImport.pas	dfm	TfrmCompRulesImport		frmCompRulesImport	TfrmCompRulesImport			Icon.Data	single		ico	1150	0	0	0	0							87829c566615525191dec99da56caf00d42442aaa72a701af21d38cb4d4598be	images\87829c566615525191dec99da56caf00d42442aaa72a701af21d38cb4d4598be.ico
C:\Projects\DB\ORM3\CLIENT\ConfirmCancel.dfm	ConfirmCancel.pas	dfm	TfrmConfirmorCancel		frmConfirmorCancel	TfrmConfirmorCancel	ConfirmCancel		Icon.Data	single		ico	1150	0	0	0	0							87829c566615525191dec99da56caf00d42442aaa72a701af21d38cb4d4598be	images\87829c566615525191dec99da56caf00d42442aaa72a701af21d38cb4d4598be.ico
C:\Projects\DB\ORM3\CLIENT\ConfirmCancel.dfm	ConfirmCancel.pas	dfm	TfrmConfirmorCancel	Panel2.BitBtn1	BitBtn1	TcxButton			OptionsImage.Glyph.Data	single		svg	311	0	0	0	0							ab2833c13bab5dcf5c52f24bf054fc6b3ced8666064942a91cc8b758a6e53202	images\ab2833c13bab5dcf5c52f24bf054fc6b3ced8666064942a91cc8b758a6e53202.svg
C:\Projects\DB\ORM3\CLIENT\ConfirmCancel.dfm	ConfirmCancel.pas	dfm	TfrmConfirmorCancel	Panel2.BitBtn2	BitBtn2	TcxButton			OptionsImage.Glyph.Data	single		svg	475	0	0	0	0							182dc8b95b3aacd3fb2a562fef0f9af9d1bcead5a2f8e9477f6910dfd29af2d0	images\182dc8b95b3aacd3fb2a562fef0f9af9d1bcead5a2f8e9477f6910dfd29af2d0.svg
C:\Projects\DB\ORM3\CLIENT\ControlPlan2.dfm	ControlPlan2.pas	dfm	TfrmControlPlan2		frmControlPlan2	TfrmControlPlan2	ControlPlan2		Icon.Data	single		ico	1150	0	0	0	0							87829c566615525191dec99da56caf00d42442aaa72a701af21d38cb4d4598be	images\87829c566615525191dec99da56caf00d42442aaa72a701af21d38cb4d4598be.ico
C:\Projects\DB\ORM3\CLIENT\ControlPlan2.dfm	ControlPlan2.pas	dfm	TfrmControlPlan2	dxPanel2.tabSchemeChoice.PAGE_Clear.cxImage1	cxImage1	TcxImage			Picture.Data	single	TdxSmartImage		743	0	0	0	0							b4ab59fd67fceb6e93343bde8cf840dceb2c578cf34b38e27e5670b127572732	images\b4ab59fd67fceb6e93343bde8cf840dceb2c578cf34b38e27e5670b127572732.bin
C:\Projects\DB\ORM3\CLIENT\ControlPlan2.dfm	ControlPlan2.pas	dfm	TfrmControlPlan2	dxPanel2.tabSchemeChoice.PAGE_SPC.Panel79.btnSPCSave	btnSPCSave	TcxButton			OptionsImage.Glyph.Data	single		svg	641	0	0	0	0							43d09d8100ecb7f4c632645ae2ddc3554203c1076f98ab79ba8ba72d65623e7f	images\43d09d8100ecb7f4c632645ae2ddc3554203c1076f98ab79ba8ba72d65623e7f.svg
C:\Projects\DB\ORM3\CLIENT\ControlPlan2.dfm	ControlPlan2.pas	dfm	TfrmControlPlan2	dxPanel2.tabSchemeChoice.PAGE_SPC.Panel79.btnSPCEdit	btnSPCEdit	TcxButton			OptionsImage.Glyph.Data	single		svg	879	0	0	0	0							3525f3a4059911922a9f0547cab0c99dff93aa4ed30e5e0ebbfec5889d539129	images\3525f3a4059911922a9f0547cab0c99dff93aa4ed30e5e0ebbfec5889d539129.svg
C:\Projects\DB\ORM3\CLIENT\ControlPlan2.dfm	ControlPlan2.pas	dfm	TfrmControlPlan2	dxBarManager1.btnApplyToAll	btnApplyToAll	TdxBarLargeButton			LargeGlyph.Data	single		svg	473	0	0	0	0							f00fa06a620a47a93b0187a59a091d1dda4a610707f8649203b2e5652c84ffc6	images\f00fa06a620a47a93b0187a59a091d1dda4a610707f8649203b2e5652c84ffc6.svg
C:\Projects\DB\ORM3\CLIENT\ControlPlan2.dfm	ControlPlan2.pas	dfm	TfrmControlPlan2	dxBarManager1.btnApplyToAll	btnApplyToAll	TdxBarLargeButton			HotGlyph.Data	single		svg	473	0	0	0	0							f00fa06a620a47a93b0187a59a091d1dda4a610707f8649203b2e5652c84ffc6	images\f00fa06a620a47a93b0187a59a091d1dda4a610707f8649203b2e5652c84ffc6.svg
C:\Projects\DB\ORM3\CLIENT\ControlPlan2.dfm	ControlPlan2.pas	dfm	TfrmControlPlan2	dxBarManager1.btnApplyToRest	btnApplyToRest	TdxBarLargeButton			LargeGlyph.Data	single		svg	823	0	0	0	0							1b578b636eac41b4f8f1ff815f543f813a198e58fd00f20676953296b7930c8a	images\1b578b636eac41b4f8f1ff815f543f813a198e58fd00f20676953296b7930c8a.svg
C:\Projects\DB\ORM3\CLIENT\ControlPlan2.dfm	ControlPlan2.pas	dfm	TfrmControlPlan2	dxBarManager1.btnApplyToRest	btnApplyToRest	TdxBarLargeButton			HotGlyph.Data	single		svg	823	0	0	0	0							1b578b636eac41b4f8f1ff815f543f813a198e58fd00f20676953296b7930c8a	images\1b578b636eac41b4f8f1ff815f543f813a198e58fd00f20676953296b7930c8a.svg
C:\Projects\DB\ORM3\CLIENT\ControlPlan2.dfm	ControlPlan2.pas	dfm	TfrmControlPlan2	dxBarManager1.btnApplyToClass	btnApplyToClass	TdxBarLargeButton			LargeGlyph.Data	single		svg	2352	0	0	0	0							5266ee703c1f4902c80a8e381dd32451533ad2713e8fa08e9d3093c825a65815	images\5266ee703c1f4902c80a8e381dd32451533ad2713e8fa08e9d3093c825a65815.svg
C:\Projects\DB\ORM3\CLIENT\ControlPlan2.dfm	ControlPlan2.pas	dfm	TfrmControlPlan2	dxBarManager1.btnApplyToClass	btnApplyToClass	TdxBarLargeButton			HotGlyph.Data	single		svg	2352	0	0	0	0							5266ee703c1f4902c80a8e381dd32451533ad2713e8fa08e9d3093c825a65815	images\5266ee703c1f4902c80a8e381dd32451533ad2713e8fa08e9d3093c825a65815.svg
C:\Projects\DB\ORM3\CLIENT\ControlPlan2.dfm	ControlPlan2.pas	dfm	TfrmControlPlan2	dxBarManager1.btnExitToJobList	btnExitToJobList	TdxBarLargeButton			LargeGlyph.Data	single		svg	3033	0	0	0	0							39e5933d6f88188b2c66d8c653d769e7684d9a23c349e93e39b61c6384fc2a9e	images\39e5933d6f88188b2c66d8c653d769e7684d9a23c349e93e39b61c6384fc2a9e.svg
C:\Projects\DB\ORM3\CLIENT\ControlPlan2.dfm	ControlPlan2.pas	dfm	TfrmControlPlan2	dxBarManager1.btnExitToJobList	btnExitToJobList	TdxBarLargeButton			HotGlyph.Data	single		svg	3033	0	0	0	0							39e5933d6f88188b2c66d8c653d769e7684d9a23c349e93e39b61c6384fc2a9e	images\39e5933d6f88188b2c66d8c653d769e7684d9a23c349e93e39b61c6384fc2a9e.svg
C:\Projects\DB\ORM3\CLIENT\ControlPlan2.dfm	ControlPlan2.pas	dfm	TfrmControlPlan2	dxBarManager1.btnExitToTrack	btnExitToTrack	TdxBarLargeButton			Glyph.Data	single		svg	137683	0	0	0	0							d49bbf595b0ea06b9531b8324924db91616b8a487dd59d3bde233d728da48f8f	images\d49bbf595b0ea06b9531b8324924db91616b8a487dd59d3bde233d728da48f8f.svg
C:\Projects\DB\ORM3\CLIENT\ControlPlan2.dfm	ControlPlan2.pas	dfm	TfrmControlPlan2	dxBarManager1.btnExitToTrack	btnExitToTrack	TdxBarLargeButton			LargeGlyph.Data	single		svg	1864	0	0	0	0							79050362b4ac179d3c8017f3d19b93378db2a0b8536136057851a25c5c151796	images\79050362b4ac179d3c8017f3d19b93378db2a0b8536136057851a25c5c151796.svg
C:\Projects\DB\ORM3\CLIENT\ControlPlan2.dfm	ControlPlan2.pas	dfm	TfrmControlPlan2	dxBarManager1.btnExitToTrack	btnExitToTrack	TdxBarLargeButton			HotGlyph.Data	single		svg	2038	0	0	0	0							0bd3e16efdbdede36532e1c8cad98aca2a6b82d206df29988fd22f93d6e91702	images\0bd3e16efdbdede36532e1c8cad98aca2a6b82d206df29988fd22f93d6e91702.svg
C:\Projects\DB\ORM3\CLIENT\ControlPlan2.dfm	ControlPlan2.pas	dfm	TfrmControlPlan2	dxBarManager1.btnPrint	btnPrint	TdxBarLargeButton			LargeGlyph.Data	single		svg	819	0	0	0	0							4ba55ff88e8cf3f39a716d1dd6eb4e744836948baa8d84db637a15a904e50cdb	images\4ba55ff88e8cf3f39a716d1dd6eb4e744836948baa8d84db637a15a904e50cdb.svg
C:\Projects\DB\ORM3\CLIENT\ControlPlan2.dfm	ControlPlan2.pas	dfm	TfrmControlPlan2	dxBarManager1.btnPrint	btnPrint	TdxBarLargeButton			HotGlyph.Data	single		svg	819	0	0	0	0							4ba55ff88e8cf3f39a716d1dd6eb4e744836948baa8d84db637a15a904e50cdb	images\4ba55ff88e8cf3f39a716d1dd6eb4e744836948baa8d84db637a15a904e50cdb.svg
C:\Projects\DB\ORM3\CLIENT\ControlPlan2.dfm	ControlPlan2.pas	dfm	TfrmControlPlan2	cxImageCollection1.PointRight	PointRight	TcxImageCollectionItem			Picture.Data	single	TdxSmartImage		688	0	0	0	0							5fac7948080cc2bc77a4ef8c4543f41997c037c9ff7dffccc976fc542f2da0a8	images\5fac7948080cc2bc77a4ef8c4543f41997c037c9ff7dffccc976fc542f2da0a8.bin
C:\Projects\DB\ORM3\CLIENT\ControlPlan2.dfm	ControlPlan2.pas	dfm	TfrmControlPlan2	cxImageCollection1.PointLeft	PointLeft	TcxImageCollectionItem			Picture.Data	single	TdxSmartImage		688	0	0	0	0							5fac7948080cc2bc77a4ef8c4543f41997c037c9ff7dffccc976fc542f2da0a8	images\5fac7948080cc2bc77a4ef8c4543f41997c037c9ff7dffccc976fc542f2da0a8.bin
C:\Projects\DB\ORM3\CLIENT\ControlPlan2.dfm	ControlPlan2.pas	dfm	TfrmControlPlan2	cxImageCollection1.UpDownSlider	UpDownSlider	TcxImageCollectionItem			Picture.Data	single	TdxSmartImage		1398	0	0	0	0							d065f0c7a0f5b6762b070666bc74c33154d9e8d88412b76b9dec07a69729d70c	images\d065f0c7a0f5b6762b070666bc74c33154d9e8d88412b76b9dec07a69729d70c.bin
C:\Projects\DB\ORM3\CLIENT\ControlPlan2.dfm	ControlPlan2.pas	dfm	TfrmControlPlan2	cxImageCollection1.SliderUpGreen	SliderUpGreen	TcxImageCollectionItem			Picture.Data	single	TdxSmartImage		619	0	0	0	0							47aaed62da1f1570b8bea97269eec5afc9a6c7b7a65460b64e8f6161ba766946	images\47aaed62da1f1570b8bea97269eec5afc9a6c7b7a65460b64e8f6161ba766946.bin
C:\Projects\DB\ORM3\CLIENT\DefaultForm3.dfm	DefaultForm3.pas	dfm	TfrmDefaultForm3		frmDefaultForm3	TfrmDefaultForm3	DefaultForm3		Icon.Data	single		ico	4286	0	0	0	0							9b081d4b5e32e71b56d5dd77c3c830135856904a9d4cfe9aad31fe860574e281	images\9b081d4b5e32e71b56d5dd77c3c830135856904a9d4cfe9aad31fe860574e281.ico
C:\Projects\DB\ORM3\CLIENT\DefaultForm3.dfm	DefaultForm3.pas	dfm	TfrmDefaultForm3	dxBarManager1.btnExit	btnExit	TdxBarButton			Glyph.Data	single		svg	3033	0	0	0	0							39e5933d6f88188b2c66d8c653d769e7684d9a23c349e93e39b61c6384fc2a9e	images\39e5933d6f88188b2c66d8c653d769e7684d9a23c349e93e39b61c6384fc2a9e.svg
C:\Projects\DB\ORM3\CLIENT\DefaultForm3.dfm	DefaultForm3.pas	dfm	TfrmDefaultForm3	dxBarManager1.btnExit	btnExit	TdxBarButton			LargeGlyph.Data	single		svg	3033	0	0	0	0							39e5933d6f88188b2c66d8c653d769e7684d9a23c349e93e39b61c6384fc2a9e	images\39e5933d6f88188b2c66d8c653d769e7684d9a23c349e93e39b61c6384fc2a9e.svg
C:\Projects\DB\ORM3\CLIENT\DefaultForm3.dfm	DefaultForm3.pas	dfm	TfrmDefaultForm3	dxBarManager1.btnMaximize	btnMaximize	TdxBarButton			Glyph.Data	single		svg	665	0	0	0	0							b66ee6af4a43fc88f8723e9f70e0aabbd6bd3ac6acd0959ded45f1907e9ac618	images\b66ee6af4a43fc88f8723e9f70e0aabbd6bd3ac6acd0959ded45f1907e9ac618.svg
C:\Projects\DB\ORM3\CLIENT\DefaultForm3.dfm	DefaultForm3.pas	dfm	TfrmDefaultForm3	dxBarManager1.btnMaximize	btnMaximize	TdxBarButton			LargeGlyph.Data	single		svg	665	0	0	0	0							b66ee6af4a43fc88f8723e9f70e0aabbd6bd3ac6acd0959ded45f1907e9ac618	images\b66ee6af4a43fc88f8723e9f70e0aabbd6bd3ac6acd0959ded45f1907e9ac618.svg
C:\Projects\DB\ORM3\CLIENT\DefaultForm3.dfm	DefaultForm3.pas	dfm	TfrmDefaultForm3	dxBarManager1.btnCancel	btnCancel	TdxBarButton			Glyph.Data	single		svg	475	0	0	0	0							182dc8b95b3aacd3fb2a562fef0f9af9d1bcead5a2f8e9477f6910dfd29af2d0	images\182dc8b95b3aacd3fb2a562fef0f9af9d1bcead5a2f8e9477f6910dfd29af2d0.svg
C:\Projects\DB\ORM3\CLIENT\DefaultForm3.dfm	DefaultForm3.pas	dfm	TfrmDefaultForm3	dxBarManager1.btnCancel	btnCancel	TdxBarButton			LargeGlyph.Data	single		svg	475	0	0	0	0							182dc8b95b3aacd3fb2a562fef0f9af9d1bcead5a2f8e9477f6910dfd29af2d0	images\182dc8b95b3aacd3fb2a562fef0f9af9d1bcead5a2f8e9477f6910dfd29af2d0.svg
C:\Projects\DB\ORM3\CLIENT\DefaultTolerance.dfm	DefaultTolerance.pas	dfm	TfrmDefaultTolerance		frmDefaultTolerance	TfrmDefaultTolerance	DefaultTolerance		Icon.Data	single		ico	766	0	0	0	0							f97bf4dec162607c66fa8fef3ff7cc32ac8ca761a250890afc6434fabbd46443	images\f97bf4dec162607c66fa8fef3ff7cc32ac8ca761a250890afc6434fabbd46443.ico
C:\Projects\DB\ORM3\CLIENT\DefaultTolerance.dfm	DefaultTolerance.pas	dfm	TfrmDefaultTolerance	dxBarManager1.btnExit	btnExit	TdxBarButton			Glyph.Data	single		bmp	1078	16	16	32	0					1		d1f5d5f839df61eb3317ff82c09de63b57e908669df38bd26a96a6dd5b8d7ad7	images\d1f5d5f839df61eb3317ff82c09de63b57e908669df38bd26a96a6dd5b8d7ad7.bmp
C:\Projects\DB\ORM3\CLIENT\DefaultTolerance.dfm	DefaultTolerance.pas	dfm	TfrmDefaultTolerance	dxBarManager1.btnCancel	btnCancel	TdxBarButton			Glyph.Data	single		bmp	1078	16	16	32	0					1		d8be263f447bb2946a9ecf5e82e5052aebdb1fe0336a015e65e001415629d619	images\d8be263f447bb2946a9ecf5e82e5052aebdb1fe0336a015e65e001415629d619.bmp
C:\Projects\DB\ORM3\CLIENT\DefineSerialNumbers.dfm	DefineSerialNumbers.pas	dfm	TfrmDefineSerialNumbers		frmDefineSerialNumbers	TfrmDefineSerialNumbers	DefineSerialNumbers		Icon.Data	single		ico	1150	0	0	0	0							87829c566615525191dec99da56caf00d42442aaa72a701af21d38cb4d4598be	images\87829c566615525191dec99da56caf00d42442aaa72a701af21d38cb4d4598be.ico
C:\Projects\DB\ORM3\CLIENT\DefineSerialNumbers.dfm	DefineSerialNumbers.pas	dfm	TfrmDefineSerialNumbers	dxBarManager1.btnExit	btnExit	TdxBarButton			Glyph.Data	single		svg	3033	0	0	0	0							39e5933d6f88188b2c66d8c653d769e7684d9a23c349e93e39b61c6384fc2a9e	images\39e5933d6f88188b2c66d8c653d769e7684d9a23c349e93e39b61c6384fc2a9e.svg
C:\Projects\DB\ORM3\CLIENT\DefineSerialNumbers.dfm	DefineSerialNumbers.pas	dfm	TfrmDefineSerialNumbers	dxBarManager1.btnMaximize	btnMaximize	TdxBarButton			Glyph.Data	single		bmp	1078	16	16	32	0					1		d979d0b7b77a3576b3ea07e84c5ebda63b9ff26d22cf4e477f50474bd456c113	images\d979d0b7b77a3576b3ea07e84c5ebda63b9ff26d22cf4e477f50474bd456c113.bmp
C:\Projects\DB\ORM3\CLIENT\DefineSerialNumbers.dfm	DefineSerialNumbers.pas	dfm	TfrmDefineSerialNumbers	dxBarManager1.btnCancel	btnCancel	TdxBarButton			Glyph.Data	single		bmp	1078	16	16	32	0					1		d8be263f447bb2946a9ecf5e82e5052aebdb1fe0336a015e65e001415629d619	images\d8be263f447bb2946a9ecf5e82e5052aebdb1fe0336a015e65e001415629d619.bmp
C:\Projects\DB\ORM3\CLIENT\DefineSerialNumbers.dfm	DefineSerialNumbers.pas	dfm	TfrmDefineSerialNumbers	dxBarManager1.btnDelete	btnDelete	TdxBarButton			Glyph.Data	single		bmp	1078	16	16	32	0					1		0eb430c3bf766d2880fb74dcbba407cf82fd63719978d05d02e3bd7f7a2a0a3c	images\0eb430c3bf766d2880fb74dcbba407cf82fd63719978d05d02e3bd7f7a2a0a3c.bmp
C:\Projects\DB\ORM3\CLIENT\DFCTLIST.dfm	DFCTLIST.pas	dfm	TDefectListDlg		DefectListDlg	TDefectListDlg	Dfctlist		Icon.Data	single		ico	1150	0	0	0	0							87829c566615525191dec99da56caf00d42442aaa72a701af21d38cb4d4598be	images\87829c566615525191dec99da56caf00d42442aaa72a701af21d38cb4d4598be.ico
C:\Projects\DB\ORM3\CLIENT\DFCTLIST.dfm	DFCTLIST.pas	dfm	TDefectListDlg	dxBarManager1.dxBarDBNavFirst1	dxBarDBNavFirst1	TdxBarDBNavButton			Glyph.Data	single		svg	473	0	0	0	0							4f6b5e7feb872030cf8c07f4b0a9154dba561d068f0bbe851f401038888deb73	images\4f6b5e7feb872030cf8c07f4b0a9154dba561d068f0bbe851f401038888deb73.svg
C:\Projects\DB\ORM3\CLIENT\DFCTLIST.dfm	DFCTLIST.pas	dfm	TDefectListDlg	dxBarManager1.dxBarDBNavPrev1	dxBarDBNavPrev1	TdxBarDBNavButton			Glyph.Data	single		svg	326	0	0	0	0							9affc86233a3c5214b39371064995d1a618b6351e5fc4ea3fcc737d5adee7301	images\9affc86233a3c5214b39371064995d1a618b6351e5fc4ea3fcc737d5adee7301.svg
C:\Projects\DB\ORM3\CLIENT\DFCTLIST.dfm	DFCTLIST.pas	dfm	TDefectListDlg	dxBarManager1.dxBarDBNavNext1	dxBarDBNavNext1	TdxBarDBNavButton			Glyph.Data	single		svg	326	0	0	0	0							31c86d717e300180306624b9f136bc00ee9996221aef9eb76e66c80b91008bf7	images\31c86d717e300180306624b9f136bc00ee9996221aef9eb76e66c80b91008bf7.svg
C:\Projects\DB\ORM3\CLIENT\DFCTLIST.dfm	DFCTLIST.pas	dfm	TDefectListDlg	dxBarManager1.dxBarDBNavLast1	dxBarDBNavLast1	TdxBarDBNavButton			Glyph.Data	single		svg	433	0	0	0	0							44036aa63309d06887b4983c8a4fc4e7f96de9af23f3593af004275785272ced	images\44036aa63309d06887b4983c8a4fc4e7f96de9af23f3593af004275785272ced.svg
C:\Projects\DB\ORM3\CLIENT\DFCTLIST.dfm	DFCTLIST.pas	dfm	TDefectListDlg	dxBarManager1.dxBarDBNavInsert1	dxBarDBNavInsert1	TdxBarDBNavButton			Glyph.Data	single		svg	421	0	0	0	0							213250362e820808f9afeae33d37fe36d29446da8156945b7c706b08cd1f8ef6	images\213250362e820808f9afeae33d37fe36d29446da8156945b7c706b08cd1f8ef6.svg
C:\Projects\DB\ORM3\CLIENT\DFCTLIST.dfm	DFCTLIST.pas	dfm	TDefectListDlg	dxBarManager1.dxBarDBNavDelete1	dxBarDBNavDelete1	TdxBarDBNavButton			Glyph.Data	single		svg	331	0	0	0	0							3426812018064253d38559294ae768a24bc1f0e2b55e1155b259650d305523b2	images\3426812018064253d38559294ae768a24bc1f0e2b55e1155b259650d305523b2.svg
C:\Projects\DB\ORM3\CLIENT\DFCTLIST.dfm	DFCTLIST.pas	dfm	TDefectListDlg	dxBarManager1.dxBarDBNavEdit1	dxBarDBNavEdit1	TdxBarDBNavButton			Glyph.Data	single		svg	299	0	0	0	0							d7cef1afe0805720b049c349aa2273488c1eee83041ed56aa0d6d8502f8f2708	images\d7cef1afe0805720b049c349aa2273488c1eee83041ed56aa0d6d8502f8f2708.svg
C:\Projects\DB\ORM3\CLIENT\DFCTLIST.dfm	DFCTLIST.pas	dfm	TDefectListDlg	dxBarManager1.dxBarDBNavPost1	dxBarDBNavPost1	TdxBarDBNavButton			Glyph.Data	single		svg	337	0	0	0	0							8f9b13bab01903aac5c507b4e8cabbe899263cd4f3aa5b9a02b0cf8d69d57e03	images\8f9b13bab01903aac5c507b4e8cabbe899263cd4f3aa5b9a02b0cf8d69d57e03.svg
C:\Projects\DB\ORM3\CLIENT\DFCTLIST.dfm	DFCTLIST.pas	dfm	TDefectListDlg	dxBarManager1.dxBarDBNavCancel1	dxBarDBNavCancel1	TdxBarDBNavButton			Glyph.Data	single		svg	581	0	0	0	0							0bf670167728fb629118e442f19cb6d896033afa8289ac7bed141f4aa7ee9093	images\0bf670167728fb629118e442f19cb6d896033afa8289ac7bed141f4aa7ee9093.svg
C:\Projects\DB\ORM3\CLIENT\DFCTLIST.dfm	DFCTLIST.pas	dfm	TDefectListDlg	dxBarManager1.dxBarDBNavRefresh1	dxBarDBNavRefresh1	TdxBarDBNavButton			Glyph.Data	single		svg	426	0	0	0	0							fe976aa73cfd0d6bdb8e57cba9f19670367d0f5a0ad38d7ed106e3af5b2d2eae	images\fe976aa73cfd0d6bdb8e57cba9f19670367d0f5a0ad38d7ed106e3af5b2d2eae.svg
C:\Projects\DB\ORM3\CLIENT\DFCTLIST.dfm	DFCTLIST.pas	dfm	TDefectListDlg	dxBarManager1.btnPrint	btnPrint	TdxBarButton			Glyph.Data	single		svg	819	0	0	0	0							4ba55ff88e8cf3f39a716d1dd6eb4e744836948baa8d84db637a15a904e50cdb	images\4ba55ff88e8cf3f39a716d1dd6eb4e744836948baa8d84db637a15a904e50cdb.svg
C:\Projects\DB\ORM3\CLIENT\DFCTLIST.dfm	DFCTLIST.pas	dfm	TDefectListDlg	dxBarManager1.btnPrint	btnPrint	TdxBarButton			LargeGlyph.Data	single		svg	819	0	0	0	0							4ba55ff88e8cf3f39a716d1dd6eb4e744836948baa8d84db637a15a904e50cdb	images\4ba55ff88e8cf3f39a716d1dd6eb4e744836948baa8d84db637a15a904e50cdb.svg
C:\Projects\DB\ORM3\CLIENT\DFCTLIST.dfm	DFCTLIST.pas	dfm	TDefectListDlg	dxBarManager1.btnExit	btnExit	TdxBarButton			Glyph.Data	single		svg	3033	0	0	0	0							39e5933d6f88188b2c66d8c653d769e7684d9a23c349e93e39b61c6384fc2a9e	images\39e5933d6f88188b2c66d8c653d769e7684d9a23c349e93e39b61c6384fc2a9e.svg
C:\Projects\DB\ORM3\CLIENT\DFCTLIST.dfm	DFCTLIST.pas	dfm	TDefectListDlg	dxBarManager1.btnExit	btnExit	TdxBarButton			LargeGlyph.Data	single		svg	582	0	0	0	0							0f81df5c433377e3b5fc44dff9f57aa3aefe45a5c31105e2016acd7c53ce3379	images\0f81df5c433377e3b5fc44dff9f57aa3aefe45a5c31105e2016acd7c53ce3379.svg
C:\Projects\DB\ORM3\CLIENT\DFCTLIST.dfm	DFCTLIST.pas	dfm	TDefectListDlg	dxBarManager1.btnLookup	btnLookup	TdxBarButton			Glyph.Data	single		svg	333	0	0	0	0							cde92b9450c660a28d44f1a5a9d742a250cb43071f34fc57979eef48d37851a3	images\cde92b9450c660a28d44f1a5a9d742a250cb43071f34fc57979eef48d37851a3.svg
C:\Projects\DB\ORM3\CLIENT\DrawingPages.dfm	DrawingPages.pas	dfm	TfrmDrawingPages		frmDrawingPages	TfrmDrawingPages	DrawingPages		Icon.Data	single		ico	766	0	0	0	0							f97bf4dec162607c66fa8fef3ff7cc32ac8ca761a250890afc6434fabbd46443	images\f97bf4dec162607c66fa8fef3ff7cc32ac8ca761a250890afc6434fabbd46443.ico
C:\Projects\DB\ORM3\CLIENT\EditMRU.dfm	EditMRU.pas	dfm	TfrmEditMRU		frmEditMRU	TfrmEditMRU	EditMRU		Icon.Data	single		ico	1150	0	0	0	0							87829c566615525191dec99da56caf00d42442aaa72a701af21d38cb4d4598be	images\87829c566615525191dec99da56caf00d42442aaa72a701af21d38cb4d4598be.ico
C:\Projects\DB\ORM3\CLIENT\EditMRU.dfm	EditMRU.pas	dfm	TfrmEditMRU	dxBarManager1.btnExit	btnExit	TdxBarButton			Glyph.Data	single		svg	3033	0	0	0	0							39e5933d6f88188b2c66d8c653d769e7684d9a23c349e93e39b61c6384fc2a9e	images\39e5933d6f88188b2c66d8c653d769e7684d9a23c349e93e39b61c6384fc2a9e.svg
C:\Projects\DB\ORM3\CLIENT\EditMRU.dfm	EditMRU.pas	dfm	TfrmEditMRU	dxBarManager1.btnCancel	btnCancel	TdxBarButton			Glyph.Data	single		svg	475	0	0	0	0							182dc8b95b3aacd3fb2a562fef0f9af9d1bcead5a2f8e9477f6910dfd29af2d0	images\182dc8b95b3aacd3fb2a562fef0f9af9d1bcead5a2f8e9477f6910dfd29af2d0.svg
C:\Projects\DB\ORM3\CLIENT\EWrkSLCT.dfm	EWrkSLCT.pas	dfm	TfrmEwrkSlct		frmEwrkSlct	TfrmEwrkSlct	EWrkSLCT		Icon.Data	single		ico	1150	0	0	0	0							a738c9d62b9d77ee7c16e4b83c490ad8aa37072147418c79ea79c041bb30378c	images\a738c9d62b9d77ee7c16e4b83c490ad8aa37072147418c79ea79c041bb30378c.ico
C:\Projects\DB\ORM3\CLIENT\GAGEFRM2.dfm	GAGEFRM2.pas	dfm	TfrmGageport2		frmGageport2	TfrmGageport2	Gagefrm2		Icon.Data	single		ico	766	0	0	0	0							ae9145644cd9111b11b730117baca2df72aa657880f470984b013c6d76d90bb2	images\ae9145644cd9111b11b730117baca2df72aa657880f470984b013c6d76d90bb2.ico
C:\Projects\DB\ORM3\CLIENT\GAGETEST.dfm	GAGETEST.pas	dfm	TGageBoxTestDlg		GageBoxTestDlg	TGageBoxTestDlg	Gagetest		Icon.Data	single		ico	1150	0	0	0	0							87829c566615525191dec99da56caf00d42442aaa72a701af21d38cb4d4598be	images\87829c566615525191dec99da56caf00d42442aaa72a701af21d38cb4d4598be.ico
C:\Projects\DB\ORM3\CLIENT\GAGETEST.dfm	GAGETEST.pas	dfm	TGageBoxTestDlg	btn_ReadGage	btn_ReadGage	TcxButton			OptionsImage.Glyph.Data	single		svg	1329	0	0	0	0							432076bb18be436f2b5716ea63fe9d00b2b094dd10e0e5b8b96ab55234215cf9	images\432076bb18be436f2b5716ea63fe9d00b2b094dd10e0e5b8b96ab55234215cf9.svg
C:\Projects\DB\ORM3\CLIENT\GAGETEST.dfm	GAGETEST.pas	dfm	TGageBoxTestDlg	btn_OK	btn_OK	TcxButton			OptionsImage.Glyph.Data	single		svg	3033	0	0	0	0							39e5933d6f88188b2c66d8c653d769e7684d9a23c349e93e39b61c6384fc2a9e	images\39e5933d6f88188b2c66d8c653d769e7684d9a23c349e93e39b61c6384fc2a9e.svg
C:\Projects\DB\ORM3\CLIENT\GridLayout.dfm	GridLayout.pas	dfm	TfrmGridLayout		frmGridLayout	TfrmGridLayout	GridLayout		Icon.Data	single		ico	1150	0	0	0	0							87829c566615525191dec99da56caf00d42442aaa72a701af21d38cb4d4598be	images\87829c566615525191dec99da56caf00d42442aaa72a701af21d38cb4d4598be.ico
C:\Projects\DB\ORM3\CLIENT\GridLayout.dfm	GridLayout.pas	dfm	TfrmGridLayout	RzPanel1.RzMenuButton1	RzMenuButton1	TcxButton			OptionsImage.Glyph.Data	single		svg	311	0	0	0	0							ab2833c13bab5dcf5c52f24bf054fc6b3ced8666064942a91cc8b758a6e53202	images\ab2833c13bab5dcf5c52f24bf054fc6b3ced8666064942a91cc8b758a6e53202.svg
C:\Projects\DB\ORM3\CLIENT\GridLayout.dfm	GridLayout.pas	dfm	TfrmGridLayout	RzPanel1.RzMenuButton2	RzMenuButton2	TcxButton			OptionsImage.Glyph.Data	single		svg	475	0	0	0	0							182dc8b95b3aacd3fb2a562fef0f9af9d1bcead5a2f8e9477f6910dfd29af2d0	images\182dc8b95b3aacd3fb2a562fef0f9af9d1bcead5a2f8e9477f6910dfd29af2d0.svg
C:\Projects\DB\ORM3\CLIENT\GridLayout.dfm	GridLayout.pas	dfm	TfrmGridLayout	dxBarManager1	dxBarManager1	TdxBarManager			HelpButtonGlyph.Data	single		bmp	1078	16	16	32	0					1		ac7fabcb83cb04ea347df7e26a69df04ec3759c43d3ffb6de6a747f1cbf1e0fc	images\ac7fabcb83cb04ea347df7e26a69df04ec3759c43d3ffb6de6a747f1cbf1e0fc.bmp
C:\Projects\DB\ORM3\CLIENT\GridLayout.dfm	GridLayout.pas	dfm	TfrmGridLayout	dxBarManager1.dxBarDBNavFirst1	dxBarDBNavFirst1	TdxBarDBNavButton			Glyph.Data	single		svg	473	0	0	0	0							4f6b5e7feb872030cf8c07f4b0a9154dba561d068f0bbe851f401038888deb73	images\4f6b5e7feb872030cf8c07f4b0a9154dba561d068f0bbe851f401038888deb73.svg
C:\Projects\DB\ORM3\CLIENT\GridLayout.dfm	GridLayout.pas	dfm	TfrmGridLayout	dxBarManager1.dxBarDBNavPrev1	dxBarDBNavPrev1	TdxBarDBNavButton			Glyph.Data	single		svg	326	0	0	0	0							9affc86233a3c5214b39371064995d1a618b6351e5fc4ea3fcc737d5adee7301	images\9affc86233a3c5214b39371064995d1a618b6351e5fc4ea3fcc737d5adee7301.svg
C:\Projects\DB\ORM3\CLIENT\GridLayout.dfm	GridLayout.pas	dfm	TfrmGridLayout	dxBarManager1.dxBarDBNavNext1	dxBarDBNavNext1	TdxBarDBNavButton			Glyph.Data	single		svg	326	0	0	0	0							31c86d717e300180306624b9f136bc00ee9996221aef9eb76e66c80b91008bf7	images\31c86d717e300180306624b9f136bc00ee9996221aef9eb76e66c80b91008bf7.svg
C:\Projects\DB\ORM3\CLIENT\GridLayout.dfm	GridLayout.pas	dfm	TfrmGridLayout	dxBarManager1.dxBarDBNavLast1	dxBarDBNavLast1	TdxBarDBNavButton			Glyph.Data	single		svg	433	0	0	0	0							44036aa63309d06887b4983c8a4fc4e7f96de9af23f3593af004275785272ced	images\44036aa63309d06887b4983c8a4fc4e7f96de9af23f3593af004275785272ced.svg
C:\Projects\DB\ORM3\CLIENT\GridLayout.dfm	GridLayout.pas	dfm	TfrmGridLayout	dxBarManager1.dxBarDBNavDelete1	dxBarDBNavDelete1	TdxBarDBNavButton			Glyph.Data	single		svg	331	0	0	0	0							3426812018064253d38559294ae768a24bc1f0e2b55e1155b259650d305523b2	images\3426812018064253d38559294ae768a24bc1f0e2b55e1155b259650d305523b2.svg
C:\Projects\DB\ORM3\CLIENT\GridLayout.dfm	GridLayout.pas	dfm	TfrmGridLayout	dxBarManager1.dxBarDBNavPost1	dxBarDBNavPost1	TdxBarDBNavButton			Glyph.Data	single		svg	337	0	0	0	0							8f9b13bab01903aac5c507b4e8cabbe899263cd4f3aa5b9a02b0cf8d69d57e03	images\8f9b13bab01903aac5c507b4e8cabbe899263cd4f3aa5b9a02b0cf8d69d57e03.svg
C:\Projects\DB\ORM3\CLIENT\GridLayout.dfm	GridLayout.pas	dfm	TfrmGridLayout	dxBarManager1.dxBarDBNavCancel1	dxBarDBNavCancel1	TdxBarDBNavButton			Glyph.Data	single		svg	581	0	0	0	0							0bf670167728fb629118e442f19cb6d896033afa8289ac7bed141f4aa7ee9093	images\0bf670167728fb629118e442f19cb6d896033afa8289ac7bed141f4aa7ee9093.svg
C:\Projects\DB\ORM3\CLIENT\GridLayout.dfm	GridLayout.pas	dfm	TfrmGridLayout	dxBarManager1.dxBarDBNavRefresh1	dxBarDBNavRefresh1	TdxBarDBNavButton			Glyph.Data	single		svg	426	0	0	0	0							fe976aa73cfd0d6bdb8e57cba9f19670367d0f5a0ad38d7ed106e3af5b2d2eae	images\fe976aa73cfd0d6bdb8e57cba9f19670367d0f5a0ad38d7ed106e3af5b2d2eae.svg
C:\Projects\DB\ORM3\CLIENT\GridLayout.dfm	GridLayout.pas	dfm	TfrmGridLayout	cxImageList1	cxImageList1	TcxImageList			Bitmap	container			2790	0	0	0	0							75f6b001c8535b7c33fde00d7dc9114d13c28bd433a0e6a131c29708691e6b22	images\75f6b001c8535b7c33fde00d7dc9114d13c28bd433a0e6a131c29708691e6b22.bin
C:\Projects\DB\ORM3\CLIENT\GridLayout.dfm	GridLayout.pas	dfm	TfrmGridLayout	cxImageList1	cxImageList1	TcxImageList			ImageInfo[0].Image.Data	container		svg	2823	0	0	0	0							995610dcf272a6240a71fc02b762110c36325f40620e026c0f527cb5b75d8949	images\995610dcf272a6240a71fc02b762110c36325f40620e026c0f527cb5b75d8949.svg
C:\Projects\DB\ORM3\CLIENT\GridLayout.dfm	GridLayout.pas	dfm	TfrmGridLayout	cxImageList1	cxImageList1	TcxImageList			ImageInfo[1].Image.Data	container		svg	2823	0	0	0	0							995610dcf272a6240a71fc02b762110c36325f40620e026c0f527cb5b75d8949	images\995610dcf272a6240a71fc02b762110c36325f40620e026c0f527cb5b75d8949.svg
C:\Projects\DB\ORM3\CLIENT\ImportCadFile.dfm	ImportCadFile.pas	dfm	TfrmImportCADFile		frmImportCADFile	TfrmImportCADFile			Icon.Data	single		ico	1150	0	0	0	0							87829c566615525191dec99da56caf00d42442aaa72a701af21d38cb4d4598be	images\87829c566615525191dec99da56caf00d42442aaa72a701af21d38cb4d4598be.ico
C:\Projects\DB\ORM3\CLIENT\ImportCadFile.dfm	ImportCadFile.pas	dfm	TfrmImportCADFile	dxBarManager1.btnExit	btnExit	TdxBarButton			Glyph.Data	single		svg	3033	0	0	0	0							39e5933d6f88188b2c66d8c653d769e7684d9a23c349e93e39b61c6384fc2a9e	images\39e5933d6f88188b2c66d8c653d769e7684d9a23c349e93e39b61c6384fc2a9e.svg
C:\Projects\DB\ORM3\CLIENT\ImportCadFile.dfm	ImportCadFile.pas	dfm	TfrmImportCADFile	dxBarManager1.btnExit	btnExit	TdxBarButton			LargeGlyph.Data	single		svg	3033	0	0	0	0							39e5933d6f88188b2c66d8c653d769e7684d9a23c349e93e39b61c6384fc2a9e	images\39e5933d6f88188b2c66d8c653d769e7684d9a23c349e93e39b61c6384fc2a9e.svg
C:\Projects\DB\ORM3\CLIENT\ImportCadFile.dfm	ImportCadFile.pas	dfm	TfrmImportCADFile	dxBarManager1.btnMaximize	btnMaximize	TdxBarButton			Glyph.Data	single		bmp	1078	16	16	32	0					1		d979d0b7b77a3576b3ea07e84c5ebda63b9ff26d22cf4e477f50474bd456c113	images\d979d0b7b77a3576b3ea07e84c5ebda63b9ff26d22cf4e477f50474bd456c113.bmp
C:\Projects\DB\ORM3\CLIENT\ImportCadFile.dfm	ImportCadFile.pas	dfm	TfrmImportCADFile	dxBarManager1.btnCancel	btnCancel	TdxBarButton			Glyph.Data	single		svg	475	0	0	0	0							182dc8b95b3aacd3fb2a562fef0f9af9d1bcead5a2f8e9477f6910dfd29af2d0	images\182dc8b95b3aacd3fb2a562fef0f9af9d1bcead5a2f8e9477f6910dfd29af2d0.svg
C:\Projects\DB\ORM3\CLIENT\ImportCadFile.dfm	ImportCadFile.pas	dfm	TfrmImportCADFile	dxBarManager1.btnCancel	btnCancel	TdxBarButton			LargeGlyph.Data	single		svg	475	0	0	0	0							182dc8b95b3aacd3fb2a562fef0f9af9d1bcead5a2f8e9477f6910dfd29af2d0	images\182dc8b95b3aacd3fb2a562fef0f9af9d1bcead5a2f8e9477f6910dfd29af2d0.svg
C:\Projects\DB\ORM3\CLIENT\ImportCadFile.dfm	ImportCadFile.pas	dfm	TfrmImportCADFile	dxBarManager1.btnOpen	btnOpen	TdxBarButton			Glyph.Data	single		bmp	1078	16	16	32	0					1		a48d7c162b33133c1659189ea21dbed94fb16f80febeabd3e1469a685163b1e8	images\a48d7c162b33133c1659189ea21dbed94fb16f80febeabd3e1469a685163b1e8.bmp
C:\Projects\DB\ORM3\CLIENT\ImportCadFile.dfm	ImportCadFile.pas	dfm	TfrmImportCADFile	dxBarManager1.ddlUnits	ddlUnits	TdxBarImageCombo			Glyph.Data	single		bmp	1078	16	16	32	0					1		9c41a85fa5ce6f5ec03987b719f3b171c7de40ed8bd799565cd38495132bf080	images\9c41a85fa5ce6f5ec03987b719f3b171c7de40ed8bd799565cd38495132bf080.bmp
C:\Projects\DB\ORM3\CLIENT\ImportCadFile.dfm	ImportCadFile.pas	dfm	TfrmImportCADFile	dxBarManager1.btnSaveToOperation	btnSaveToOperation	TdxBarButton			Glyph.Data	single		bmp	1078	16	16	32	0					1		73f8d7829293829e26b41246906634217fcb2356acd4ccab9ad84b52474c46ec	images\73f8d7829293829e26b41246906634217fcb2356acd4ccab9ad84b52474c46ec.bmp
C:\Projects\DB\ORM3\CLIENT\ImportCadFile.dfm	ImportCadFile.pas	dfm	TfrmImportCADFile	dxBarManager1.btnPrint	btnPrint	TdxBarButton			Glyph.Data	single		bmp	1078	16	16	32	0					1		946d8ef4176300b7514b0712f480d3449521bbc5f097c0f596a6516e63518d3c	images\946d8ef4176300b7514b0712f480d3449521bbc5f097c0f596a6516e63518d3c.bmp
C:\Projects\DB\ORM3\CLIENT\ImportCadFile.dfm	ImportCadFile.pas	dfm	TfrmImportCADFile	dxBarManager1.btnClear	btnClear	TdxBarButton			Glyph.Data	single		bmp	1078	16	16	32	0					1		0eb430c3bf766d2880fb74dcbba407cf82fd63719978d05d02e3bd7f7a2a0a3c	images\0eb430c3bf766d2880fb74dcbba407cf82fd63719978d05d02e3bd7f7a2a0a3c.bmp
C:\Projects\DB\ORM3\CLIENT\ImportCadFile.dfm	ImportCadFile.pas	dfm	TfrmImportCADFile	dxBarManager1.btnAddPage	btnAddPage	TdxBarButton			Glyph.Data	single		bmp	1078	16	16	32	0					1		7d82526ccddb02614599d418612eb2928ad06cca4e2a1e162bd42f08109a7c60	images\7d82526ccddb02614599d418612eb2928ad06cca4e2a1e162bd42f08109a7c60.bmp
C:\Projects\DB\ORM3\CLIENT\ImportCadFile.dfm	ImportCadFile.pas	dfm	TfrmImportCADFile	dxBarManager1.ddlSelectPage	ddlSelectPage	TdxBarLookupCombo			Glyph.Data	single		bmp	1078	16	16	32	0					1		bbc4108921a351ec72897a48f2154efc1912a9110484d6471ef4ae5072a64f09	images\bbc4108921a351ec72897a48f2154efc1912a9110484d6471ef4ae5072a64f09.bmp
C:\Projects\DB\ORM3\CLIENT\ImportCadFile.dfm	ImportCadFile.pas	dfm	TfrmImportCADFile	dxBarManager1.btnShowHideEtities	btnShowHideEtities	TdxBarImageCombo			Glyph.Data	single		bmp	1078	16	16	32	0					1		9c41a85fa5ce6f5ec03987b719f3b171c7de40ed8bd799565cd38495132bf080	images\9c41a85fa5ce6f5ec03987b719f3b171c7de40ed8bd799565cd38495132bf080.bmp
C:\Projects\DB\ORM3\CLIENT\ImportCadFile.dfm	ImportCadFile.pas	dfm	TfrmImportCADFile	dxBarManager1.btnDeleteAll	btnDeleteAll	TdxBarButton			Glyph.Data	single		bmp	1078	16	16	32	0					1		138fb8a254c41a3d544a6e211e0931b71b63ae49aa1fc467fbc2587564ac9f09	images\138fb8a254c41a3d544a6e211e0931b71b63ae49aa1fc467fbc2587564ac9f09.bmp
C:\Projects\DB\ORM3\CLIENT\ImportCadFile.dfm	ImportCadFile.pas	dfm	TfrmImportCADFile	dxBarManager1.btnLoadAll	btnLoadAll	TdxBarButton			Glyph.Data	single		bmp	1078	16	16	32	0					1		6c9525cbec18fec456586e3fb497ed640f2ca62eb0036e6711acc7a875761245	images\6c9525cbec18fec456586e3fb497ed640f2ca62eb0036e6711acc7a875761245.bmp
C:\Projects\DB\ORM3\CLIENT\ImportCadFile.dfm	ImportCadFile.pas	dfm	TfrmImportCADFile	dxBarManager1.dxBarDBNavFirst1	dxBarDBNavFirst1	TdxBarDBNavButton			Glyph.Data	single		svg	473	0	0	0	0							4f6b5e7feb872030cf8c07f4b0a9154dba561d068f0bbe851f401038888deb73	images\4f6b5e7feb872030cf8c07f4b0a9154dba561d068f0bbe851f401038888deb73.svg
C:\Projects\DB\ORM3\CLIENT\ImportCadFile.dfm	ImportCadFile.pas	dfm	TfrmImportCADFile	dxBarManager1.dxBarDBNavPrev1	dxBarDBNavPrev1	TdxBarDBNavButton			Glyph.Data	single		svg	326	0	0	0	0							9affc86233a3c5214b39371064995d1a618b6351e5fc4ea3fcc737d5adee7301	images\9affc86233a3c5214b39371064995d1a618b6351e5fc4ea3fcc737d5adee7301.svg
C:\Projects\DB\ORM3\CLIENT\ImportCadFile.dfm	ImportCadFile.pas	dfm	TfrmImportCADFile	dxBarManager1.dxBarDBNavNext1	dxBarDBNavNext1	TdxBarDBNavButton			Glyph.Data	single		svg	326	0	0	0	0							31c86d717e300180306624b9f136bc00ee9996221aef9eb76e66c80b91008bf7	images\31c86d717e300180306624b9f136bc00ee9996221aef9eb76e66c80b91008bf7.svg
C:\Projects\DB\ORM3\CLIENT\ImportCadFile.dfm	ImportCadFile.pas	dfm	TfrmImportCADFile	dxBarManager1.dxBarDBNavLast1	dxBarDBNavLast1	TdxBarDBNavButton			Glyph.Data	single		svg	433	0	0	0	0							44036aa63309d06887b4983c8a4fc4e7f96de9af23f3593af004275785272ced	images\44036aa63309d06887b4983c8a4fc4e7f96de9af23f3593af004275785272ced.svg
C:\Projects\DB\ORM3\CLIENT\ImportCadFile.dfm	ImportCadFile.pas	dfm	TfrmImportCADFile	dxBarManager1.dxBarDBNavInsert1	dxBarDBNavInsert1	TdxBarDBNavButton			Glyph.Data	single		svg	421	0	0	0	0							213250362e820808f9afeae33d37fe36d29446da8156945b7c706b08cd1f8ef6	images\213250362e820808f9afeae33d37fe36d29446da8156945b7c706b08cd1f8ef6.svg
C:\Projects\DB\ORM3\CLIENT\ImportCadFile.dfm	ImportCadFile.pas	dfm	TfrmImportCADFile	dxBarManager1.dxBarDBNavDelete1	dxBarDBNavDelete1	TdxBarDBNavButton			Glyph.Data	single		svg	331	0	0	0	0							3426812018064253d38559294ae768a24bc1f0e2b55e1155b259650d305523b2	images\3426812018064253d38559294ae768a24bc1f0e2b55e1155b259650d305523b2.svg
C:\Projects\DB\ORM3\CLIENT\ImportCadFile.dfm	ImportCadFile.pas	dfm	TfrmImportCADFile	dxBarManager1.dxBarDBNavEdit1	dxBarDBNavEdit1	TdxBarDBNavButton			Glyph.Data	single		svg	299	0	0	0	0							d7cef1afe0805720b049c349aa2273488c1eee83041ed56aa0d6d8502f8f2708	images\d7cef1afe0805720b049c349aa2273488c1eee83041ed56aa0d6d8502f8f2708.svg
C:\Projects\DB\ORM3\CLIENT\ImportCadFile.dfm	ImportCadFile.pas	dfm	TfrmImportCADFile	dxBarManager1.dxBarDBNavPost1	dxBarDBNavPost1	TdxBarDBNavButton			Glyph.Data	single		svg	337	0	0	0	0							8f9b13bab01903aac5c507b4e8cabbe899263cd4f3aa5b9a02b0cf8d69d57e03	images\8f9b13bab01903aac5c507b4e8cabbe899263cd4f3aa5b9a02b0cf8d69d57e03.svg
C:\Projects\DB\ORM3\CLIENT\ImportCadFile.dfm	ImportCadFile.pas	dfm	TfrmImportCADFile	dxBarManager1.dxBarDBNavCancel1	dxBarDBNavCancel1	TdxBarDBNavButton			Glyph.Data	single		svg	581	0	0	0	0							0bf670167728fb629118e442f19cb6d896033afa8289ac7bed141f4aa7ee9093	images\0bf670167728fb629118e442f19cb6d896033afa8289ac7bed141f4aa7ee9093.svg
C:\Projects\DB\ORM3\CLIENT\ImportCadFile.dfm	ImportCadFile.pas	dfm	TfrmImportCADFile	dxBarManager1.dxBarDBNavRefresh1	dxBarDBNavRefresh1	TdxBarDBNavButton			Glyph.Data	single		svg	426	0	0	0	0							fe976aa73cfd0d6bdb8e57cba9f19670367d0f5a0ad38d7ed106e3af5b2d2eae	images\fe976aa73cfd0d6bdb8e57cba9f19670367d0f5a0ad38d7ed106e3af5b2d2eae.svg
C:\Projects\DB\ORM3\CLIENT\ImportCadFile.dfm	ImportCadFile.pas	dfm	TfrmImportCADFile	dxBarManager1.dxBarDBNavAppend1	dxBarDBNavAppend1	TdxBarDBNavButton			Glyph.Data	single		svg	370	0	0	0	0							1cc652cdffa3e7adfface918a6fcea8f0c700fc11ba39682e14b71de2890a6ba	images\1cc652cdffa3e7adfface918a6fcea8f0c700fc11ba39682e14b71de2890a6ba.svg
C:\Projects\DB\ORM3\CLIENT\ImportPDFFile.dfm	ImportPDFFile.pas	dfm	TfrmImportPDFFile		frmImportPDFFile	TfrmImportPDFFile			Icon.Data	single		ico	1150	0	0	0	0							87829c566615525191dec99da56caf00d42442aaa72a701af21d38cb4d4598be	images\87829c566615525191dec99da56caf00d42442aaa72a701af21d38cb4d4598be.ico
C:\Projects\DB\ORM3\CLIENT\ImportPDFFile.dfm	ImportPDFFile.pas	dfm	TfrmImportPDFFile	RzSplitter2.RzPanel1.RzPanel5.SpeedButton1	SpeedButton1	TcxButton			OptionsImage.Glyph.Data	strip		bmp	2102	32	16	32	0	OptionsImage.NumGlyphs	2		2	2	Y	1187a92e3d663f6565ef8a93c0f46fb1daa396efc0eeb551db02007f6782687f	images\1187a92e3d663f6565ef8a93c0f46fb1daa396efc0eeb551db02007f6782687f.bmp
C:\Projects\DB\ORM3\CLIENT\ImportPDFFile.dfm	ImportPDFFile.pas	dfm	TfrmImportPDFFile	RzSplitter2.RzPanel1.RzPanel5.btnApplyFieldToSelected	btnApplyFieldToSelected	TcxButton			OptionsImage.Glyph.Data	strip		bmp	2102	32	16	32	0	OptionsImage.NumGlyphs	2		2	2	Y	c4e2dc8989cdc75473a956de45acde0acc528920ac8631c068dd28b47d74c0cc	images\c4e2dc8989cdc75473a956de45acde0acc528920ac8631c068dd28b47d74c0cc.bmp
C:\Projects\DB\ORM3\CLIENT\ImportPDFFile.dfm	ImportPDFFile.pas	dfm	TfrmImportPDFFile	RzSplitter2.RzPanel1.RzPanel5.edtZeroAt	edtZeroAt	TcxButtonEdit			Properties.Buttons[0].Glyph.Data	container		svg	539	0	0	0	0							54255b1f42a1243163dfdc6d7a027143e049c8713f3d1902f01299f7e280b79e	images\54255b1f42a1243163dfdc6d7a027143e049c8713f3d1902f01299f7e280b79e.svg
C:\Projects\DB\ORM3\CLIENT\ImportPDFFile.dfm	ImportPDFFile.pas	dfm	TfrmImportPDFFile	RzSplitter2.RzPanel1.RzPanel5.edtZeroAt	edtZeroAt	TcxButtonEdit			Properties.Buttons[1].Glyph.Data	container		svg	791	0	0	0	0							734d087624eb5bbe251eb800562c797e90fe53eac2faa9df69fd4cb137d6a54c	images\734d087624eb5bbe251eb800562c797e90fe53eac2faa9df69fd4cb137d6a54c.svg
C:\Projects\DB\ORM3\CLIENT\ImportPDFFile.dfm	ImportPDFFile.pas	dfm	TfrmImportPDFFile	RzSplitter2.RzPanel1.RzPanel5.edtZeroAt	edtZeroAt	TcxButtonEdit			Properties.Buttons[2].Glyph.Data	container		svg	539	0	0	0	0							56320698ba9f7e8cf1214bba7634e804f1c3f2a2f7726d2256f511005c230cfc	images\56320698ba9f7e8cf1214bba7634e804f1c3f2a2f7726d2256f511005c230cfc.svg
C:\Projects\DB\ORM3\CLIENT\ImportPDFFile.dfm	ImportPDFFile.pas	dfm	TfrmImportPDFFile	RzSplitter2.RzPanel1.RzPanel5.edtZeroAt	edtZeroAt	TcxButtonEdit			Properties.Buttons[3].Glyph.Data	container		svg	1035	0	0	0	0							8e2031bc811b6b6679a910f03bb4a3fa4109fff48e5a8bcb185dc0c96efe20bf	images\8e2031bc811b6b6679a910f03bb4a3fa4109fff48e5a8bcb185dc0c96efe20bf.svg
C:\Projects\DB\ORM3\CLIENT\ImportPDFFile.dfm	ImportPDFFile.pas	dfm	TfrmImportPDFFile	RzSplitter2.RzPanel1.pnlBalloon.brnBalloon9	brnBalloon9	TcxButton			OptionsImage.Glyph.Data	single		bmp	8246	32	64	32	0							793daa646ba19cc03a52a9127a174569ebfd426fadb15ab8321c229aee19cfd2	images\793daa646ba19cc03a52a9127a174569ebfd426fadb15ab8321c229aee19cfd2.bmp
C:\Projects\DB\ORM3\CLIENT\ImportPDFFile.dfm	ImportPDFFile.pas	dfm	TfrmImportPDFFile	RzSplitter2.RzPanel1.pnlBalloon.btnBalloon1	btnBalloon1	TcxButton			OptionsImage.Glyph.Data	single		bmp	2358	24	24	32	0					1		f4f70f0998275b25f1c04c6a1be671643a9ca288c87db7c058eeae63eb4c2b1a	images\f4f70f0998275b25f1c04c6a1be671643a9ca288c87db7c058eeae63eb4c2b1a.bmp
C:\Projects\DB\ORM3\CLIENT\ImportPDFFile.dfm	ImportPDFFile.pas	dfm	TfrmImportPDFFile	dxBarManager1.btnExit	btnExit	TdxBarButton			Glyph.Data	single		svg	3033	0	0	0	0							39e5933d6f88188b2c66d8c653d769e7684d9a23c349e93e39b61c6384fc2a9e	images\39e5933d6f88188b2c66d8c653d769e7684d9a23c349e93e39b61c6384fc2a9e.svg
C:\Projects\DB\ORM3\CLIENT\ImportPDFFile.dfm	ImportPDFFile.pas	dfm	TfrmImportPDFFile	dxBarManager1.btnExit	btnExit	TdxBarButton			LargeGlyph.Data	single		svg	582	0	0	0	0							0f81df5c433377e3b5fc44dff9f57aa3aefe45a5c31105e2016acd7c53ce3379	images\0f81df5c433377e3b5fc44dff9f57aa3aefe45a5c31105e2016acd7c53ce3379.svg
C:\Projects\DB\ORM3\CLIENT\ImportPDFFile.dfm	ImportPDFFile.pas	dfm	TfrmImportPDFFile	dxBarManager1.btnMaximize	btnMaximize	TdxBarButton			Glyph.Data	single		bmp	1078	16	16	32	0					1		d979d0b7b77a3576b3ea07e84c5ebda63b9ff26d22cf4e477f50474bd456c113	images\d979d0b7b77a3576b3ea07e84c5ebda63b9ff26d22cf4e477f50474bd456c113.bmp
C:\Projects\DB\ORM3\CLIENT\ImportPDFFile.dfm	ImportPDFFile.pas	dfm	TfrmImportPDFFile	dxBarManager1.btnCancel	btnCancel	TdxBarButton			Glyph.Data	single		bmp	1078	16	16	32	0					1		d8be263f447bb2946a9ecf5e82e5052aebdb1fe0336a015e65e001415629d619	images\d8be263f447bb2946a9ecf5e82e5052aebdb1fe0336a015e65e001415629d619.bmp
C:\Projects\DB\ORM3\CLIENT\ImportPDFFile.dfm	ImportPDFFile.pas	dfm	TfrmImportPDFFile	dxBarManager1.btnFitToPage	btnFitToPage	TdxBarButton			Glyph.Data	single		svg	1038	0	0	0	0							9dad382e18cedd7089ee3ea65c681337ce526e6990640d7637dbbd5de5053aae	images\9dad382e18cedd7089ee3ea65c681337ce526e6990640d7637dbbd5de5053aae.svg
C:\Projects\DB\ORM3\CLIENT\ImportPDFFile.dfm	ImportPDFFile.pas	dfm	TfrmImportPDFFile	dxBarManager1.btnFitToPage	btnFitToPage	TdxBarButton			LargeGlyph.Data	single		svg	1038	0	0	0	0							9dad382e18cedd7089ee3ea65c681337ce526e6990640d7637dbbd5de5053aae	images\9dad382e18cedd7089ee3ea65c681337ce526e6990640d7637dbbd5de5053aae.svg
C:\Projects\DB\ORM3\CLIENT\ImportPDFFile.dfm	ImportPDFFile.pas	dfm	TfrmImportPDFFile	dxBarManager1.btnSaveToOperation	btnSaveToOperation	TdxBarButton			Glyph.Data	single		bmp	1078	16	16	32	0					1		73f8d7829293829e26b41246906634217fcb2356acd4ccab9ad84b52474c46ec	images\73f8d7829293829e26b41246906634217fcb2356acd4ccab9ad84b52474c46ec.bmp
C:\Projects\DB\ORM3\CLIENT\ImportPDFFile.dfm	ImportPDFFile.pas	dfm	TfrmImportPDFFile	dxBarManager1.btnPrint	btnPrint	TdxBarButton			Glyph.Data	single		svg	862	0	0	0	0							48ca49d8bcb058216f75a2d218f6fd3e512d4e08143ece8d58dc3c9631f30605	images\48ca49d8bcb058216f75a2d218f6fd3e512d4e08143ece8d58dc3c9631f30605.svg
C:\Projects\DB\ORM3\CLIENT\ImportPDFFile.dfm	ImportPDFFile.pas	dfm	TfrmImportPDFFile	dxBarManager1.btnPrint	btnPrint	TdxBarButton			LargeGlyph.Data	single		svg	862	0	0	0	0							48ca49d8bcb058216f75a2d218f6fd3e512d4e08143ece8d58dc3c9631f30605	images\48ca49d8bcb058216f75a2d218f6fd3e512d4e08143ece8d58dc3c9631f30605.svg
C:\Projects\DB\ORM3\CLIENT\ImportPDFFile.dfm	ImportPDFFile.pas	dfm	TfrmImportPDFFile	dxBarManager1.btnClear	btnClear	TdxBarButton			Glyph.Data	single		bmp	1078	16	16	32	0					1		0eb430c3bf766d2880fb74dcbba407cf82fd63719978d05d02e3bd7f7a2a0a3c	images\0eb430c3bf766d2880fb74dcbba407cf82fd63719978d05d02e3bd7f7a2a0a3c.bmp
C:\Projects\DB\ORM3\CLIENT\ImportPDFFile.dfm	ImportPDFFile.pas	dfm	TfrmImportPDFFile	dxBarManager1.btnOpenPDFFile	btnOpenPDFFile	TdxBarButton			Glyph.Data	single		svg	1305	0	0	0	0							353f7312ddea031d6bc8640ca9da7f6624b38bd45df09cc011590a4daf41b7ee	images\353f7312ddea031d6bc8640ca9da7f6624b38bd45df09cc011590a4daf41b7ee.svg
C:\Projects\DB\ORM3\CLIENT\ImportPDFFile.dfm	ImportPDFFile.pas	dfm	TfrmImportPDFFile	dxBarManager1.btnOpenPDFFile	btnOpenPDFFile	TdxBarButton			LargeGlyph.Data	single		svg	1305	0	0	0	0							353f7312ddea031d6bc8640ca9da7f6624b38bd45df09cc011590a4daf41b7ee	images\353f7312ddea031d6bc8640ca9da7f6624b38bd45df09cc011590a4daf41b7ee.svg
C:\Projects\DB\ORM3\CLIENT\ImportPDFFile.dfm	ImportPDFFile.pas	dfm	TfrmImportPDFFile	dxBarManager1.btnFitToHeight	btnFitToHeight	TdxBarButton			Glyph.Data	single		svg	908	0	0	0	0							2efca59a04f38b20b73db01d24344cf5e9898fb9adfe5b00255a8225695d3a4e	images\2efca59a04f38b20b73db01d24344cf5e9898fb9adfe5b00255a8225695d3a4e.svg
C:\Projects\DB\ORM3\CLIENT\ImportPDFFile.dfm	ImportPDFFile.pas	dfm	TfrmImportPDFFile	dxBarManager1.btnFitToHeight	btnFitToHeight	TdxBarButton			LargeGlyph.Data	single		svg	908	0	0	0	0							2efca59a04f38b20b73db01d24344cf5e9898fb9adfe5b00255a8225695d3a4e	images\2efca59a04f38b20b73db01d24344cf5e9898fb9adfe5b00255a8225695d3a4e.svg
C:\Projects\DB\ORM3\CLIENT\ImportPDFFile.dfm	ImportPDFFile.pas	dfm	TfrmImportPDFFile	dxBarManager1.btnBalloon2	btnBalloon2	TdxBarButton			Glyph.Data	single		bmp	1078	16	16	32	0					1		4fa8009421e78349cf03aace07c018c6dbb298079d416dd561620540ec25536f	images\4fa8009421e78349cf03aace07c018c6dbb298079d416dd561620540ec25536f.bmp
C:\Projects\DB\ORM3\CLIENT\ImportPDFFile.dfm	ImportPDFFile.pas	dfm	TfrmImportPDFFile	dxBarManager1.btnDeleteBalloon	btnDeleteBalloon	TdxBarButton			Glyph.Data	single		bmp	1078	16	16	32	0					1		3761e5e1595ec5664bcb11309422d8e4030620841870f72e9f2ff9bbf55d70b0	images\3761e5e1595ec5664bcb11309422d8e4030620841870f72e9f2ff9bbf55d70b0.bmp
C:\Projects\DB\ORM3\CLIENT\ImportPDFFile.dfm	ImportPDFFile.pas	dfm	TfrmImportPDFFile	dxBarManager1.edtZoom	edtZoom	TdxBarEdit			Glyph.Data	single		svg	827	0	0	0	0							6764fdb3156749ad26b90d915fe93a0d61175b2826508534b471522d08bd1fb5	images\6764fdb3156749ad26b90d915fe93a0d61175b2826508534b471522d08bd1fb5.svg
C:\Projects\DB\ORM3\CLIENT\ImportPDFFile.dfm	ImportPDFFile.pas	dfm	TfrmImportPDFFile	dxBarManager1.btnZoomIn	btnZoomIn	TdxBarButton			Glyph.Data	single		svg	793	0	0	0	0							42953640f53a7fa2a8175d6e0d1f1c465f70bb88b2ba6571b054148eb463fb8f	images\42953640f53a7fa2a8175d6e0d1f1c465f70bb88b2ba6571b054148eb463fb8f.svg
C:\Projects\DB\ORM3\CLIENT\ImportPDFFile.dfm	ImportPDFFile.pas	dfm	TfrmImportPDFFile	dxBarManager1.btnZoomIn	btnZoomIn	TdxBarButton			LargeGlyph.Data	single		svg	793	0	0	0	0							42953640f53a7fa2a8175d6e0d1f1c465f70bb88b2ba6571b054148eb463fb8f	images\42953640f53a7fa2a8175d6e0d1f1c465f70bb88b2ba6571b054148eb463fb8f.svg
C:\Projects\DB\ORM3\CLIENT\ImportPDFFile.dfm	ImportPDFFile.pas	dfm	TfrmImportPDFFile	dxBarManager1.btnZoomOut	btnZoomOut	TdxBarButton			Glyph.Data	single		svg	746	0	0	0	0							b09e0bb1bb0e928f7278c915ebf4e086d87bdb3bc8be72b857dba6393749d56b	images\b09e0bb1bb0e928f7278c915ebf4e086d87bdb3bc8be72b857dba6393749d56b.svg
C:\Projects\DB\ORM3\CLIENT\ImportPDFFile.dfm	ImportPDFFile.pas	dfm	TfrmImportPDFFile	dxBarManager1.btnZoomOut	btnZoomOut	TdxBarButton			LargeGlyph.Data	single		svg	746	0	0	0	0							b09e0bb1bb0e928f7278c915ebf4e086d87bdb3bc8be72b857dba6393749d56b	images\b09e0bb1bb0e928f7278c915ebf4e086d87bdb3bc8be72b857dba6393749d56b.svg
C:\Projects\DB\ORM3\CLIENT\ImportPDFFile.dfm	ImportPDFFile.pas	dfm	TfrmImportPDFFile	dxBarManager1.cmbZoom	cmbZoom	TdxBarImageCombo			Glyph.Data	single		svg	827	0	0	0	0							6764fdb3156749ad26b90d915fe93a0d61175b2826508534b471522d08bd1fb5	images\6764fdb3156749ad26b90d915fe93a0d61175b2826508534b471522d08bd1fb5.svg
C:\Projects\DB\ORM3\CLIENT\ImportPDFFile.dfm	ImportPDFFile.pas	dfm	TfrmImportPDFFile	dxBarManager1.btnRotatePage	btnRotatePage	TdxBarButton			Glyph.Data	single		svg	785	0	0	0	0							b523ac2fe0d54034d12b7e82e4029046f4aeba6269757786be08345fc80b280b	images\b523ac2fe0d54034d12b7e82e4029046f4aeba6269757786be08345fc80b280b.svg
C:\Projects\DB\ORM3\CLIENT\ImportPDFFile.dfm	ImportPDFFile.pas	dfm	TfrmImportPDFFile	dxBarManager1.btnRotatePage	btnRotatePage	TdxBarButton			LargeGlyph.Data	single		svg	785	0	0	0	0							b523ac2fe0d54034d12b7e82e4029046f4aeba6269757786be08345fc80b280b	images\b523ac2fe0d54034d12b7e82e4029046f4aeba6269757786be08345fc80b280b.svg
C:\Projects\DB\ORM3\CLIENT\ImportPDFFile.dfm	ImportPDFFile.pas	dfm	TfrmImportPDFFile	dxBarManager1.dxBarDBNavFirst1	dxBarDBNavFirst1	TdxBarDBNavButton			Glyph.Data	single		svg	473	0	0	0	0							4f6b5e7feb872030cf8c07f4b0a9154dba561d068f0bbe851f401038888deb73	images\4f6b5e7feb872030cf8c07f4b0a9154dba561d068f0bbe851f401038888deb73.svg
C:\Projects\DB\ORM3\CLIENT\ImportPDFFile.dfm	ImportPDFFile.pas	dfm	TfrmImportPDFFile	dxBarManager1.dxBarDBNavPrev1	dxBarDBNavPrev1	TdxBarDBNavButton			Glyph.Data	single		svg	326	0	0	0	0							9affc86233a3c5214b39371064995d1a618b6351e5fc4ea3fcc737d5adee7301	images\9affc86233a3c5214b39371064995d1a618b6351e5fc4ea3fcc737d5adee7301.svg
C:\Projects\DB\ORM3\CLIENT\ImportPDFFile.dfm	ImportPDFFile.pas	dfm	TfrmImportPDFFile	dxBarManager1.dxBarDBNavNext1	dxBarDBNavNext1	TdxBarDBNavButton			Glyph.Data	single		svg	326	0	0	0	0							31c86d717e300180306624b9f136bc00ee9996221aef9eb76e66c80b91008bf7	images\31c86d717e300180306624b9f136bc00ee9996221aef9eb76e66c80b91008bf7.svg
C:\Projects\DB\ORM3\CLIENT\ImportPDFFile.dfm	ImportPDFFile.pas	dfm	TfrmImportPDFFile	dxBarManager1.dxBarDBNavLast1	dxBarDBNavLast1	TdxBarDBNavButton			Glyph.Data	single		svg	433	0	0	0	0							44036aa63309d06887b4983c8a4fc4e7f96de9af23f3593af004275785272ced	images\44036aa63309d06887b4983c8a4fc4e7f96de9af23f3593af004275785272ced.svg
C:\Projects\DB\ORM3\CLIENT\ImportPDFFile.dfm	ImportPDFFile.pas	dfm	TfrmImportPDFFile	dxBarManager1.dxBarDBNavInsert1	dxBarDBNavInsert1	TdxBarDBNavButton			Glyph.Data	single		svg	421	0	0	0	0							213250362e820808f9afeae33d37fe36d29446da8156945b7c706b08cd1f8ef6	images\213250362e820808f9afeae33d37fe36d29446da8156945b7c706b08cd1f8ef6.svg
C:\Projects\DB\ORM3\CLIENT\ImportPDFFile.dfm	ImportPDFFile.pas	dfm	TfrmImportPDFFile	dxBarManager1.dxBarDBNavDelete1	dxBarDBNavDelete1	TdxBarDBNavButton			Glyph.Data	single		svg	331	0	0	0	0							3426812018064253d38559294ae768a24bc1f0e2b55e1155b259650d305523b2	images\3426812018064253d38559294ae768a24bc1f0e2b55e1155b259650d305523b2.svg
C:\Projects\DB\ORM3\CLIENT\ImportPDFFile.dfm	ImportPDFFile.pas	dfm	TfrmImportPDFFile	dxBarManager1.dxBarDBNavEdit1	dxBarDBNavEdit1	TdxBarDBNavButton			Glyph.Data	single		svg	299	0	0	0	0							d7cef1afe0805720b049c349aa2273488c1eee83041ed56aa0d6d8502f8f2708	images\d7cef1afe0805720b049c349aa2273488c1eee83041ed56aa0d6d8502f8f2708.svg
C:\Projects\DB\ORM3\CLIENT\ImportPDFFile.dfm	ImportPDFFile.pas	dfm	TfrmImportPDFFile	dxBarManager1.dxBarDBNavPost1	dxBarDBNavPost1	TdxBarDBNavButton			Glyph.Data	single		svg	337	0	0	0	0							8f9b13bab01903aac5c507b4e8cabbe899263cd4f3aa5b9a02b0cf8d69d57e03	images\8f9b13bab01903aac5c507b4e8cabbe899263cd4f3aa5b9a02b0cf8d69d57e03.svg
C:\Projects\DB\ORM3\CLIENT\ImportPDFFile.dfm	ImportPDFFile.pas	dfm	TfrmImportPDFFile	dxBarManager1.dxBarDBNavCancel1	dxBarDBNavCancel1	TdxBarDBNavButton			Glyph.Data	single		svg	581	0	0	0	0							0bf670167728fb629118e442f19cb6d896033afa8289ac7bed141f4aa7ee9093	images\0bf670167728fb629118e442f19cb6d896033afa8289ac7bed141f4aa7ee9093.svg
C:\Projects\DB\ORM3\CLIENT\ImportPDFFile.dfm	ImportPDFFile.pas	dfm	TfrmImportPDFFile	dxBarManager1.dxBarDBNavRefresh1	dxBarDBNavRefresh1	TdxBarDBNavButton			Glyph.Data	single		svg	426	0	0	0	0							fe976aa73cfd0d6bdb8e57cba9f19670367d0f5a0ad38d7ed106e3af5b2d2eae	images\fe976aa73cfd0d6bdb8e57cba9f19670367d0f5a0ad38d7ed106e3af5b2d2eae.svg
C:\Projects\DB\ORM3\CLIENT\ImportPDFFile.dfm	ImportPDFFile.pas	dfm	TfrmImportPDFFile	dxBarManager1.dxBarDBNavAppend1	dxBarDBNavAppend1	TdxBarDBNavButton			Glyph.Data	single		svg	370	0	0	0	0							1cc652cdffa3e7adfface918a6fcea8f0c700fc11ba39682e14b71de2890a6ba	images\1cc652cdffa3e7adfface918a6fcea8f0c700fc11ba39682e14b71de2890a6ba.svg
C:\Projects\DB\ORM3\CLIENT\JobLayout.dfm	JobLayout.pas	dfm	TfrmJobLayout	qryIInsp	qryIInsp	TQuery			Data	single			1374	0	0	0	0							8ba788a610bc3f153dc8e77e333ad3deebd88e719700b00dd41e2b3fbb2539cb	images\8ba788a610bc3f153dc8e77e333ad3deebd88e719700b00dd41e2b3fbb2539cb.bin
C:\Projects\DB\ORM3\CLIENT\MENotes.dfm	MENotes.pas	dfm	TfrmMENotes		frmMENotes	TfrmMENotes	MENotes		Icon.Data	single		ico	1150	0	0	0	0							87829c566615525191dec99da56caf00d42442aaa72a701af21d38cb4d4598be	images\87829c566615525191dec99da56caf00d42442aaa72a701af21d38cb4d4598be.ico
C:\Projects\DB\ORM3\CLIENT\MEPDOESampling.dfm	MEPDOESampling.pas	dfm	TfrmMEPDOESampling		frmMEPDOESampling	TfrmMEPDOESampling	MEPDOESampling		Icon.Data	single		ico	1150	0	0	0	0							87829c566615525191dec99da56caf00d42442aaa72a701af21d38cb4d4598be	images\87829c566615525191dec99da56caf00d42442aaa72a701af21d38cb4d4598be.ico
C:\Projects\DB\ORM3\CLIENT\MEPDOESampling.dfm	MEPDOESampling.pas	dfm	TfrmMEPDOESampling	RzSplitter1.grdNotes	grdNotes	TcxTreeList			Data	single			485	0	0	0	0							c4ceeb4aad2073613ca9d551d55b33dcfc95f2d1d47706611b43b8c0a9513f78	images\c4ceeb4aad2073613ca9d551d55b33dcfc95f2d1d47706611b43b8c0a9513f78.bin
C:\Projects\DB\ORM3\CLIENT\MEPDOESampling.dfm	MEPDOESampling.pas	dfm	TfrmMEPDOESampling	dxBarManager1.btnExit	btnExit	TdxBarButton			Glyph.Data	single		svg	3033	0	0	0	0							39e5933d6f88188b2c66d8c653d769e7684d9a23c349e93e39b61c6384fc2a9e	images\39e5933d6f88188b2c66d8c653d769e7684d9a23c349e93e39b61c6384fc2a9e.svg
C:\Projects\DB\ORM3\CLIENT\MEPDOESampling.dfm	MEPDOESampling.pas	dfm	TfrmMEPDOESampling	dxBarManager1.btnNewCategory	btnNewCategory	TdxBarButton			Glyph.Data	single		svg	756	0	0	0	0							178274ee28506c32c3f207f65ec306693e15dcaea18fee45c2fb3265b7817362	images\178274ee28506c32c3f207f65ec306693e15dcaea18fee45c2fb3265b7817362.svg
C:\Projects\DB\ORM3\CLIENT\MEPDOESampling.dfm	MEPDOESampling.pas	dfm	TfrmMEPDOESampling	dxBarManager1.btnExpandAll	btnExpandAll	TdxBarButton			Glyph.Data	single		svg	272	0	0	0	0							1b06b60d73715c6f2c6744cb1223c7373ef5d0d845db636a5ff008ecbb0e456b	images\1b06b60d73715c6f2c6744cb1223c7373ef5d0d845db636a5ff008ecbb0e456b.svg
C:\Projects\DB\ORM3\CLIENT\MEPDOESampling.dfm	MEPDOESampling.pas	dfm	TfrmMEPDOESampling	dxBarManager1.btnCollapseAll	btnCollapseAll	TdxBarButton			Glyph.Data	single		svg	273	0	0	0	0							e05ced286452a0ff8ef2c4d67d31d286ac6f77445b9eb0eb92e2ab598e492fd1	images\e05ced286452a0ff8ef2c4d67d31d286ac6f77445b9eb0eb92e2ab598e492fd1.svg
C:\Projects\DB\ORM3\CLIENT\MEPDOESampling.dfm	MEPDOESampling.pas	dfm	TfrmMEPDOESampling	dxBarManager1.btnPrint	btnPrint	TdxBarButton			Glyph.Data	single		svg	819	0	0	0	0							4ba55ff88e8cf3f39a716d1dd6eb4e744836948baa8d84db637a15a904e50cdb	images\4ba55ff88e8cf3f39a716d1dd6eb4e744836948baa8d84db637a15a904e50cdb.svg
C:\Projects\DB\ORM3\CLIENT\MEPDOESampling.dfm	MEPDOESampling.pas	dfm	TfrmMEPDOESampling	dxBarManager1.dxBarDBNavFirst1	dxBarDBNavFirst1	TdxBarDBNavButton			Glyph.Data	single		svg	473	0	0	0	0							4f6b5e7feb872030cf8c07f4b0a9154dba561d068f0bbe851f401038888deb73	images\4f6b5e7feb872030cf8c07f4b0a9154dba561d068f0bbe851f401038888deb73.svg
C:\Projects\DB\ORM3\CLIENT\MEPDOESampling.dfm	MEPDOESampling.pas	dfm	TfrmMEPDOESampling	dxBarManager1.dxBarDBNavPrev1	dxBarDBNavPrev1	TdxBarDBNavButton			Glyph.Data	single		svg	326	0	0	0	0							9affc86233a3c5214b39371064995d1a618b6351e5fc4ea3fcc737d5adee7301	images\9affc86233a3c5214b39371064995d1a618b6351e5fc4ea3fcc737d5adee7301.svg
C:\Projects\DB\ORM3\CLIENT\MEPDOESampling.dfm	MEPDOESampling.pas	dfm	TfrmMEPDOESampling	dxBarManager1.dxBarDBNavNext1	dxBarDBNavNext1	TdxBarDBNavButton			Glyph.Data	single		svg	326	0	0	0	0							31c86d717e300180306624b9f136bc00ee9996221aef9eb76e66c80b91008bf7	images\31c86d717e300180306624b9f136bc00ee9996221aef9eb76e66c80b91008bf7.svg
C:\Projects\DB\ORM3\CLIENT\MEPDOESampling.dfm	MEPDOESampling.pas	dfm	TfrmMEPDOESampling	dxBarManager1.dxBarDBNavLast1	dxBarDBNavLast1	TdxBarDBNavButton			Glyph.Data	single		svg	433	0	0	0	0							44036aa63309d06887b4983c8a4fc4e7f96de9af23f3593af004275785272ced	images\44036aa63309d06887b4983c8a4fc4e7f96de9af23f3593af004275785272ced.svg
C:\Projects\DB\ORM3\CLIENT\MEPDOESampling.dfm	MEPDOESampling.pas	dfm	TfrmMEPDOESampling	dxBarManager1.dxBarDBNavInsert1	dxBarDBNavInsert1	TdxBarDBNavButton			Glyph.Data	single		svg	700	0	0	0	0							dda9215bd7720ded9782de095242c3f8d2cb4616a97049ad9f2b6c8efee5783b	images\dda9215bd7720ded9782de095242c3f8d2cb4616a97049ad9f2b6c8efee5783b.svg
C:\Projects\DB\ORM3\CLIENT\MEPDOESampling.dfm	MEPDOESampling.pas	dfm	TfrmMEPDOESampling	dxBarManager1.dxBarDBNavDelete1	dxBarDBNavDelete1	TdxBarDBNavButton			Glyph.Data	single		svg	331	0	0	0	0							3426812018064253d38559294ae768a24bc1f0e2b55e1155b259650d305523b2	images\3426812018064253d38559294ae768a24bc1f0e2b55e1155b259650d305523b2.svg
C:\Projects\DB\ORM3\CLIENT\MEPDOESampling.dfm	MEPDOESampling.pas	dfm	TfrmMEPDOESampling	dxBarManager1.dxBarDBNavEdit1	dxBarDBNavEdit1	TdxBarDBNavButton			Glyph.Data	single		svg	299	0	0	0	0							d7cef1afe0805720b049c349aa2273488c1eee83041ed56aa0d6d8502f8f2708	images\d7cef1afe0805720b049c349aa2273488c1eee83041ed56aa0d6d8502f8f2708.svg
C:\Projects\DB\ORM3\CLIENT\MEPDOESampling.dfm	MEPDOESampling.pas	dfm	TfrmMEPDOESampling	dxBarManager1.dxBarDBNavPost1	dxBarDBNavPost1	TdxBarDBNavButton			Glyph.Data	single		svg	337	0	0	0	0							8f9b13bab01903aac5c507b4e8cabbe899263cd4f3aa5b9a02b0cf8d69d57e03	images\8f9b13bab01903aac5c507b4e8cabbe899263cd4f3aa5b9a02b0cf8d69d57e03.svg
C:\Projects\DB\ORM3\CLIENT\MEPDOESampling.dfm	MEPDOESampling.pas	dfm	TfrmMEPDOESampling	dxBarManager1.dxBarDBNavCancel1	dxBarDBNavCancel1	TdxBarDBNavButton			Glyph.Data	single		svg	581	0	0	0	0							0bf670167728fb629118e442f19cb6d896033afa8289ac7bed141f4aa7ee9093	images\0bf670167728fb629118e442f19cb6d896033afa8289ac7bed141f4aa7ee9093.svg
C:\Projects\DB\ORM3\CLIENT\MEPDOESampling.dfm	MEPDOESampling.pas	dfm	TfrmMEPDOESampling	dxBarManager1.dxBarDBNavRefresh1	dxBarDBNavRefresh1	TdxBarDBNavButton			Glyph.Data	single		svg	426	0	0	0	0							fe976aa73cfd0d6bdb8e57cba9f19670367d0f5a0ad38d7ed106e3af5b2d2eae	images\fe976aa73cfd0d6bdb8e57cba9f19670367d0f5a0ad38d7ed106e3af5b2d2eae.svg
C:\Projects\DB\ORM3\CLIENT\METemplateSetup.dfm	METemplateSetup.pas	dfm	TfrmMETemplateSetup		frmMETemplateSetup	TfrmMETemplateSetup	METemplateSetup		Icon.Data	single		ico	4286	0	0	0	0							0125ad05d2f3e161af7c97a03ff394d5e115bbdbbc2c8753b6bd399e1047e450	images\0125ad05d2f3e161af7c97a03ff394d5e115bbdbbc2c8753b6bd399e1047e450.ico
C:\Projects\DB\ORM3\CLIENT\METemplateSetup.dfm	METemplateSetup.pas	dfm	TfrmMETemplateSetup	RzSplitter1.grdNotes	grdNotes	TcxTreeList			Data	single			587	0	0	0	0							94e105db9b18d40d28c5dad9a5582e234a1f599936e5e804ad1772e8a420dff7	images\94e105db9b18d40d28c5dad9a5582e234a1f599936e5e804ad1772e8a420dff7.bin
C:\Projects\DB\ORM3\CLIENT\METemplateSetup.dfm	METemplateSetup.pas	dfm	TfrmMETemplateSetup	dxBarManager1.btnExit	btnExit	TdxBarButton			Glyph.Data	single		svg	3033	0	0	0	0							39e5933d6f88188b2c66d8c653d769e7684d9a23c349e93e39b61c6384fc2a9e	images\39e5933d6f88188b2c66d8c653d769e7684d9a23c349e93e39b61c6384fc2a9e.svg
C:\Projects\DB\ORM3\CLIENT\METemplateSetup.dfm	METemplateSetup.pas	dfm	TfrmMETemplateSetup	dxBarManager1.btnExit	btnExit	TdxBarButton			LargeGlyph.Data	single		svg	637	0	0	0	0							5005d5039ad9d5b569434b898177775d6afb5b1937b4f34b381add8db59b0bbf	images\5005d5039ad9d5b569434b898177775d6afb5b1937b4f34b381add8db59b0bbf.svg
C:\Projects\DB\ORM3\CLIENT\METemplateSetup.dfm	METemplateSetup.pas	dfm	TfrmMETemplateSetup	dxBarManager1.btnNewCategory	btnNewCategory	TdxBarButton			Glyph.Data	single		svg	756	0	0	0	0							178274ee28506c32c3f207f65ec306693e15dcaea18fee45c2fb3265b7817362	images\178274ee28506c32c3f207f65ec306693e15dcaea18fee45c2fb3265b7817362.svg
C:\Projects\DB\ORM3\CLIENT\METemplateSetup.dfm	METemplateSetup.pas	dfm	TfrmMETemplateSetup	dxBarManager1.btnExpandAll	btnExpandAll	TdxBarButton			Glyph.Data	single		svg	272	0	0	0	0							1b06b60d73715c6f2c6744cb1223c7373ef5d0d845db636a5ff008ecbb0e456b	images\1b06b60d73715c6f2c6744cb1223c7373ef5d0d845db636a5ff008ecbb0e456b.svg
C:\Projects\DB\ORM3\CLIENT\METemplateSetup.dfm	METemplateSetup.pas	dfm	TfrmMETemplateSetup	dxBarManager1.btnCollapsAll	btnCollapsAll	TdxBarButton			Glyph.Data	single		svg	273	0	0	0	0							e05ced286452a0ff8ef2c4d67d31d286ac6f77445b9eb0eb92e2ab598e492fd1	images\e05ced286452a0ff8ef2c4d67d31d286ac6f77445b9eb0eb92e2ab598e492fd1.svg
C:\Projects\DB\ORM3\CLIENT\METemplateSetup.dfm	METemplateSetup.pas	dfm	TfrmMETemplateSetup	dxBarManager1.btnPrint	btnPrint	TdxBarButton			Glyph.Data	single		svg	819	0	0	0	0							4ba55ff88e8cf3f39a716d1dd6eb4e744836948baa8d84db637a15a904e50cdb	images\4ba55ff88e8cf3f39a716d1dd6eb4e744836948baa8d84db637a15a904e50cdb.svg
C:\Projects\DB\ORM3\CLIENT\METemplateSetup.dfm	METemplateSetup.pas	dfm	TfrmMETemplateSetup	dxBarManager1.btnPrint	btnPrint	TdxBarButton			LargeGlyph.Data	single		svg	726	0	0	0	0							d4e1d6194de19fa2d2a84aded474174a8d5a835f4f2c9d44af21e6a74017b1eb	images\d4e1d6194de19fa2d2a84aded474174a8d5a835f4f2c9d44af21e6a74017b1eb.svg
C:\Projects\DB\ORM3\CLIENT\METemplateSetup.dfm	METemplateSetup.pas	dfm	TfrmMETemplateSetup	dxBarManager1.dxBarDBNavFirst1	dxBarDBNavFirst1	TdxBarDBNavButton			Glyph.Data	single		svg	473	0	0	0	0							4f6b5e7feb872030cf8c07f4b0a9154dba561d068f0bbe851f401038888deb73	images\4f6b5e7feb872030cf8c07f4b0a9154dba561d068f0bbe851f401038888deb73.svg
C:\Projects\DB\ORM3\CLIENT\METemplateSetup.dfm	METemplateSetup.pas	dfm	TfrmMETemplateSetup	dxBarManager1.dxBarDBNavPrev1	dxBarDBNavPrev1	TdxBarDBNavButton			Glyph.Data	single		svg	326	0	0	0	0							9affc86233a3c5214b39371064995d1a618b6351e5fc4ea3fcc737d5adee7301	images\9affc86233a3c5214b39371064995d1a618b6351e5fc4ea3fcc737d5adee7301.svg
C:\Projects\DB\ORM3\CLIENT\METemplateSetup.dfm	METemplateSetup.pas	dfm	TfrmMETemplateSetup	dxBarManager1.dxBarDBNavNext1	dxBarDBNavNext1	TdxBarDBNavButton			Glyph.Data	single		svg	326	0	0	0	0							31c86d717e300180306624b9f136bc00ee9996221aef9eb76e66c80b91008bf7	images\31c86d717e300180306624b9f136bc00ee9996221aef9eb76e66c80b91008bf7.svg
C:\Projects\DB\ORM3\CLIENT\METemplateSetup.dfm	METemplateSetup.pas	dfm	TfrmMETemplateSetup	dxBarManager1.dxBarDBNavLast1	dxBarDBNavLast1	TdxBarDBNavButton			Glyph.Data	single		svg	433	0	0	0	0							44036aa63309d06887b4983c8a4fc4e7f96de9af23f3593af004275785272ced	images\44036aa63309d06887b4983c8a4fc4e7f96de9af23f3593af004275785272ced.svg
C:\Projects\DB\ORM3\CLIENT\METemplateSetup.dfm	METemplateSetup.pas	dfm	TfrmMETemplateSetup	dxBarManager1.dxBarDBNavInsert1	dxBarDBNavInsert1	TdxBarDBNavButton			Glyph.Data	single		svg	700	0	0	0	0							dda9215bd7720ded9782de095242c3f8d2cb4616a97049ad9f2b6c8efee5783b	images\dda9215bd7720ded9782de095242c3f8d2cb4616a97049ad9f2b6c8efee5783b.svg
C:\Projects\DB\ORM3\CLIENT\METemplateSetup.dfm	METemplateSetup.pas	dfm	TfrmMETemplateSetup	dxBarManager1.dxBarDBNavDelete1	dxBarDBNavDelete1	TdxBarDBNavButton			Glyph.Data	single		svg	331	0	0	0	0							3426812018064253d38559294ae768a24bc1f0e2b55e1155b259650d305523b2	images\3426812018064253d38559294ae768a24bc1f0e2b55e1155b259650d305523b2.svg
C:\Projects\DB\ORM3\CLIENT\METemplateSetup.dfm	METemplateSetup.pas	dfm	TfrmMETemplateSetup	dxBarManager1.dxBarDBNavEdit1	dxBarDBNavEdit1	TdxBarDBNavButton			Glyph.Data	single		svg	299	0	0	0	0							d7cef1afe0805720b049c349aa2273488c1eee83041ed56aa0d6d8502f8f2708	images\d7cef1afe0805720b049c349aa2273488c1eee83041ed56aa0d6d8502f8f2708.svg
C:\Projects\DB\ORM3\CLIENT\METemplateSetup.dfm	METemplateSetup.pas	dfm	TfrmMETemplateSetup	dxBarManager1.dxBarDBNavPost1	dxBarDBNavPost1	TdxBarDBNavButton			Glyph.Data	single		svg	337	0	0	0	0							8f9b13bab01903aac5c507b4e8cabbe899263cd4f3aa5b9a02b0cf8d69d57e03	images\8f9b13bab01903aac5c507b4e8cabbe899263cd4f3aa5b9a02b0cf8d69d57e03.svg
C:\Projects\DB\ORM3\CLIENT\METemplateSetup.dfm	METemplateSetup.pas	dfm	TfrmMETemplateSetup	dxBarManager1.dxBarDBNavCancel1	dxBarDBNavCancel1	TdxBarDBNavButton			Glyph.Data	single		svg	581	0	0	0	0							0bf670167728fb629118e442f19cb6d896033afa8289ac7bed141f4aa7ee9093	images\0bf670167728fb629118e442f19cb6d896033afa8289ac7bed141f4aa7ee9093.svg
C:\Projects\DB\ORM3\CLIENT\METemplateSetup.dfm	METemplateSetup.pas	dfm	TfrmMETemplateSetup	dxBarManager1.dxBarDBNavRefresh1	dxBarDBNavRefresh1	TdxBarDBNavButton			Glyph.Data	single		svg	426	0	0	0	0							fe976aa73cfd0d6bdb8e57cba9f19670367d0f5a0ad38d7ed106e3af5b2d2eae	images\fe976aa73cfd0d6bdb8e57cba9f19670367d0f5a0ad38d7ed106e3af5b2d2eae.svg
C:\Projects\DB\ORM3\CLIENT\OperatorList.dfm	OperatorList.pas	dfm	TdlgOperatorList	dxBarManager1.dxBarDBNavFirst1	dxBarDBNavFirst1	TdxBarDBNavButton			Glyph.Data	single		svg	473	0	0	0	0							4f6b5e7feb872030cf8c07f4b0a9154dba561d068f0bbe851f401038888deb73	images\4f6b5e7feb872030cf8c07f4b0a9154dba561d068f0bbe851f401038888deb73.svg
C:\Projects\DB\ORM3\CLIENT\OperatorList.dfm	OperatorList.pas	dfm	TdlgOperatorList	dxBarManager1.dxBarDBNavPrev1	dxBarDBNavPrev1	TdxBarDBNavButton			Glyph.Data	single		svg	326	0	0	0	0							9affc86233a3c5214b39371064995d1a618b6351e5fc4ea3fcc737d5adee7301	images\9affc86233a3c5214b39371064995d1a618b6351e5fc4ea3fcc737d5adee7301.svg
C:\Projects\DB\ORM3\CLIENT\OperatorList.dfm	OperatorList.pas	dfm	TdlgOperatorList	dxBarManager1.dxBarDBNavNext1	dxBarDBNavNext1	TdxBarDBNavButton			Glyph.Data	single		svg	326	0	0	0	0							31c86d717e300180306624b9f136bc00ee9996221aef9eb76e66c80b91008bf7	images\31c86d717e300180306624b9f136bc00ee9996221aef9eb76e66c80b91008bf7.svg
C:\Projects\DB\ORM3\CLIENT\OperatorList.dfm	OperatorList.pas	dfm	TdlgOperatorList	dxBarManager1.dxBarDBNavLast1	dxBarDBNavLast1	TdxBarDBNavButton			Glyph.Data	single		svg	433	0	0	0	0							44036aa63309d06887b4983c8a4fc4e7f96de9af23f3593af004275785272ced	images\44036aa63309d06887b4983c8a4fc4e7f96de9af23f3593af004275785272ced.svg
C:\Projects\DB\ORM3\CLIENT\OperatorList.dfm	OperatorList.pas	dfm	TdlgOperatorList	dxBarManager1.dxBarDBNavInsert1	dxBarDBNavInsert1	TdxBarDBNavButton			Glyph.Data	single		svg	421	0	0	0	0							213250362e820808f9afeae33d37fe36d29446da8156945b7c706b08cd1f8ef6	images\213250362e820808f9afeae33d37fe36d29446da8156945b7c706b08cd1f8ef6.svg
C:\Projects\DB\ORM3\CLIENT\OperatorList.dfm	OperatorList.pas	dfm	TdlgOperatorList	dxBarManager1.dxBarDBNavDelete1	dxBarDBNavDelete1	TdxBarDBNavButton			Glyph.Data	single		svg	331	0	0	0	0							3426812018064253d38559294ae768a24bc1f0e2b55e1155b259650d305523b2	images\3426812018064253d38559294ae768a24bc1f0e2b55e1155b259650d305523b2.svg
C:\Projects\DB\ORM3\CLIENT\OperatorList.dfm	OperatorList.pas	dfm	TdlgOperatorList	dxBarManager1.dxBarDBNavEdit1	dxBarDBNavEdit1	TdxBarDBNavButton			Glyph.Data	single		svg	299	0	0	0	0							d7cef1afe0805720b049c349aa2273488c1eee83041ed56aa0d6d8502f8f2708	images\d7cef1afe0805720b049c349aa2273488c1eee83041ed56aa0d6d8502f8f2708.svg
C:\Projects\DB\ORM3\CLIENT\OperatorList.dfm	OperatorList.pas	dfm	TdlgOperatorList	dxBarManager1.dxBarDBNavPost1	dxBarDBNavPost1	TdxBarDBNavButton			Glyph.Data	single		svg	337	0	0	0	0							8f9b13bab01903aac5c507b4e8cabbe899263cd4f3aa5b9a02b0cf8d69d57e03	images\8f9b13bab01903aac5c507b4e8cabbe899263cd4f3aa5b9a02b0cf8d69d57e03.svg
C:\Projects\DB\ORM3\CLIENT\OperatorList.dfm	OperatorList.pas	dfm	TdlgOperatorList	dxBarManager1.dxBarDBNavCancel1	dxBarDBNavCancel1	TdxBarDBNavButton			Glyph.Data	single		svg	581	0	0	0	0							0bf670167728fb629118e442f19cb6d896033afa8289ac7bed141f4aa7ee9093	images\0bf670167728fb629118e442f19cb6d896033afa8289ac7bed141f4aa7ee9093.svg
C:\Projects\DB\ORM3\CLIENT\OperatorList.dfm	OperatorList.pas	dfm	TdlgOperatorList	dxBarManager1.dxBarDBNavRefresh1	dxBarDBNavRefresh1	TdxBarDBNavButton			Glyph.Data	single		svg	426	0	0	0	0							fe976aa73cfd0d6bdb8e57cba9f19670367d0f5a0ad38d7ed106e3af5b2d2eae	images\fe976aa73cfd0d6bdb8e57cba9f19670367d0f5a0ad38d7ed106e3af5b2d2eae.svg
C:\Projects\DB\ORM3\CLIENT\OperatorList.dfm	OperatorList.pas	dfm	TdlgOperatorList	dxBarManager1.dxBarDBNavAppend1	dxBarDBNavAppend1	TdxBarDBNavButton			Glyph.Data	single		svg	370	0	0	0	0							1cc652cdffa3e7adfface918a6fcea8f0c700fc11ba39682e14b71de2890a6ba	images\1cc652cdffa3e7adfface918a6fcea8f0c700fc11ba39682e14b71de2890a6ba.svg
C:\Projects\DB\ORM3\CLIENT\OperatorList.dfm	OperatorList.pas	dfm	TdlgOperatorList	dxBarManager1.btnLookup	btnLookup	TdxBarButton			Glyph.Data	single		svg	333	0	0	0	0							cde92b9450c660a28d44f1a5a9d742a250cb43071f34fc57979eef48d37851a3	images\cde92b9450c660a28d44f1a5a9d742a250cb43071f34fc57979eef48d37851a3.svg
C:\Projects\DB\ORM3\CLIENT\OperatorList.dfm	OperatorList.pas	dfm	TdlgOperatorList	dxBarManager1.btnResolve	btnResolve	TdxBarButton			Glyph.Data	single		svg	198	0	0	0	0							23a4af5cbc181a6114ff9ad9816479cc013e5d2c25ab4a6a88b5c6396ccae670	images\23a4af5cbc181a6114ff9ad9816479cc013e5d2c25ab4a6a88b5c6396ccae670.svg
C:\Projects\DB\ORM3\CLIENT\OperatorList.dfm	OperatorList.pas	dfm	TdlgOperatorList	dxBarManager1.btnEditRoles	btnEditRoles	TdxBarButton			Glyph.Data	single		svg	252	0	0	0	0							781d04ae9b3465bcf50b4cf2bab0e2a2278d38f3405a6b6748df5a88b53f4eaa	images\781d04ae9b3465bcf50b4cf2bab0e2a2278d38f3405a6b6748df5a88b53f4eaa.svg
C:\Projects\DB\ORM3\CLIENT\OperatorList.dfm	OperatorList.pas	dfm	TdlgOperatorList	dxBarManager1.btnImportCsv	btnImportCsv	TdxBarButton			Glyph.Data	single		svg	219	0	0	0	0							2daf238f2fe4dbcb568b01324512607fff5201ff6ebd470b18ec115107ee6ac0	images\2daf238f2fe4dbcb568b01324512607fff5201ff6ebd470b18ec115107ee6ac0.svg
C:\Projects\DB\ORM3\CLIENT\OperatorList.dfm	OperatorList.pas	dfm	TdlgOperatorList	dxBarManager1.btnImportGroup	btnImportGroup	TdxBarButton			Glyph.Data	single		svg	307	0	0	0	0							d7d9f66aee4b69bc4501b0138c3ca9bc2268bc939d528b296a5ac03f7935e859	images\d7d9f66aee4b69bc4501b0138c3ca9bc2268bc939d528b296a5ac03f7935e859.svg
C:\Projects\DB\ORM3\CLIENT\OperatorList.dfm	OperatorList.pas	dfm	TdlgOperatorList	dxBarManager1.btnRoleResync	btnRoleResync	TdxBarButton			Glyph.Data	single		svg	298	0	0	0	0							56df75e913dc6a8deea5699b74664868340cb84632b0d4d3d02d87efccfebb71	images\56df75e913dc6a8deea5699b74664868340cb84632b0d4d3d02d87efccfebb71.svg
C:\Projects\DB\ORM3\CLIENT\OperatorList.dfm	OperatorList.pas	dfm	TdlgOperatorList	dxBarManager1.btnRefresh	btnRefresh	TdxBarButton			Glyph.Data	single		svg	332	0	0	0	0							a467659f0ca6289bb9af8c8efa23a7b773d155ae241b6cf3b2861049138acf3a	images\a467659f0ca6289bb9af8c8efa23a7b773d155ae241b6cf3b2861049138acf3a.svg
C:\Projects\DB\ORM3\CLIENT\OperatorList.dfm	OperatorList.pas	dfm	TdlgOperatorList	dxBarManager1.btnPrint	btnPrint	TdxBarButton			Glyph.Data	single		svg	1250	0	0	0	0							f3985f148c892524994c590303aa2e8be7986d918c096d7094fac860d3f59b30	images\f3985f148c892524994c590303aa2e8be7986d918c096d7094fac860d3f59b30.svg
C:\Projects\DB\ORM3\CLIENT\OperatorList.dfm	OperatorList.pas	dfm	TdlgOperatorList	dxBarManager1.btnExit	btnExit	TdxBarButton			Glyph.Data	single		svg	3033	0	0	0	0							39e5933d6f88188b2c66d8c653d769e7684d9a23c349e93e39b61c6384fc2a9e	images\39e5933d6f88188b2c66d8c653d769e7684d9a23c349e93e39b61c6384fc2a9e.svg
C:\Projects\DB\ORM3\CLIENT\SelectData.dfm	SelectData.pas	dfm	TfrmSelectData		frmSelectData	TfrmSelectData			Icon.Data	single		ico	1150	0	0	0	0							87829c566615525191dec99da56caf00d42442aaa72a701af21d38cb4d4598be	images\87829c566615525191dec99da56caf00d42442aaa72a701af21d38cb4d4598be.ico
C:\Projects\DB\ORM3\CLIENT\SelectData.dfm	SelectData.pas	dfm	TfrmSelectData	tabData.pagSelectFolder.RzSplitter1.Panel3.cxGrid1.cxGrid1DBTableView1.cxGrid1DBTableView1QFlagOFF1	cxGrid1DBTableView1QFlagOFF1	TcxGridDBColumn			Properties.Glyph.Data	strip		bmp	6198	96	16	32	0					6		617cadb05a07b992a6f1733ebead0bb5eb78d6575fe39752963edbe7267b1e6c	images\617cadb05a07b992a6f1733ebead0bb5eb78d6575fe39752963edbe7267b1e6c.bmp
C:\Projects\DB\ORM3\CLIENT\SelectData.dfm	SelectData.pas	dfm	TfrmSelectData	tabData.pagSelectFolder.RzSplitter1.Panel3.cxGrid1.cxGrid1DBTableView1.cxGrid1DBTableView1TFlagOff1	cxGrid1DBTableView1TFlagOff1	TcxGridDBColumn			Properties.Glyph.Data	strip		bmp	6198	96	16	32	0					6		617cadb05a07b992a6f1733ebead0bb5eb78d6575fe39752963edbe7267b1e6c	images\617cadb05a07b992a6f1733ebead0bb5eb78d6575fe39752963edbe7267b1e6c.bmp
C:\Projects\DB\ORM3\CLIENT\SelectData.dfm	SelectData.pas	dfm	TfrmSelectData	tabData.pagSelectFolder.RzSplitter1.tabInfoSearch.TOvcTabPage.Panel4.RzMenuButton3	RzMenuButton3	TRzMenuButton			Glyph.Data	single		bmp	250	16	16	4	16					1		54eb147199964a21839e931938ee67730620d1a628ba9a8657d75e07efc26fc9	images\54eb147199964a21839e931938ee67730620d1a628ba9a8657d75e07efc26fc9.bmp
C:\Projects\DB\ORM3\CLIENT\SelectData.dfm	SelectData.pas	dfm	TfrmSelectData	tabData.pagSelectFolder.RzSplitter1.tabInfoSearch.TOvcTabPage.RzMenuButton4	RzMenuButton4	TRzMenuButton			Glyph.Data	single		bmp	1338	16	16	8	256					1		da052995531f425578675ab77a202baf5cfe1faa5799837a95df9aedecb687eb	images\da052995531f425578675ab77a202baf5cfe1faa5799837a95df9aedecb687eb.bmp
C:\Projects\DB\ORM3\CLIENT\SelectData.dfm	SelectData.pas	dfm	TfrmSelectData	dxBarManager1.btnAddData	btnAddData	TdxBarButton			Glyph.Data	single		bmp	1078	16	16	32	0					1		61d5f4ab29f0580e68da70744e22213ce5098f2667b915fe37a3962782143738	images\61d5f4ab29f0580e68da70744e22213ce5098f2667b915fe37a3962782143738.bmp
C:\Projects\DB\ORM3\CLIENT\SelectData.dfm	SelectData.pas	dfm	TfrmSelectData	dxBarManager1.btnMaximize	btnMaximize	TdxBarButton			Glyph.Data	single		bmp	1078	16	16	32	0					1		d979d0b7b77a3576b3ea07e84c5ebda63b9ff26d22cf4e477f50474bd456c113	images\d979d0b7b77a3576b3ea07e84c5ebda63b9ff26d22cf4e477f50474bd456c113.bmp
C:\Projects\DB\ORM3\CLIENT\SelectData.dfm	SelectData.pas	dfm	TfrmSelectData	dxBarManager1.btnExit	btnExit	TdxBarButton			Glyph.Data	single		bmp	1078	16	16	32	0					1		d1f5d5f839df61eb3317ff82c09de63b57e908669df38bd26a96a6dd5b8d7ad7	images\d1f5d5f839df61eb3317ff82c09de63b57e908669df38bd26a96a6dd5b8d7ad7.bmp
C:\Projects\DB\ORM3\CLIENT\SmallBatch100Final.dfm	SmallBatch100Final.pas	dfm	TfrmSmallBatch100FinalPlanSetup		frmSmallBatch100FinalPlanSetup	TfrmSmallBatch100FinalPlanSetup	SmallBatch100Final		Icon.Data	single		ico	51262	0	0	0	0							adad2bc51732dcd9f6ba266123714c98295a19dc1825ce265486b70b67ab3b62	images\adad2bc51732dcd9f6ba266123714c98295a19dc1825ce265486b70b67ab3b62.ico
C:\Projects\DB\ORM3\CLIENT\SmallBatch100Final.dfm	SmallBatch100Final.pas	dfm	TfrmSmallBatch100FinalPlanSetup	dxBarManager1.btnExit	btnExit	TdxBarButton			Glyph.Data	single		bmp	1078	16	16	32	0					1		d1f5d5f839df61eb3317ff82c09de63b57e908669df38bd26a96a6dd5b8d7ad7	images\d1f5d5f839df61eb3317ff82c09de63b57e908669df38bd26a96a6dd5b8d7ad7.bmp
C:\Projects\DB\ORM3\CLIENT\SmallBatch100Final.dfm	SmallBatch100Final.pas	dfm	TfrmSmallBatch100FinalPlanSetup	dxBarManager1.btnMaximize	btnMaximize	TdxBarButton			Glyph.Data	single		bmp	1078	16	16	32	0					1		d979d0b7b77a3576b3ea07e84c5ebda63b9ff26d22cf4e477f50474bd456c113	images\d979d0b7b77a3576b3ea07e84c5ebda63b9ff26d22cf4e477f50474bd456c113.bmp
C:\Projects\DB\ORM3\CLIENT\SmallBatch100Final.dfm	SmallBatch100Final.pas	dfm	TfrmSmallBatch100FinalPlanSetup	dxBarManager1.btnCancel	btnCancel	TdxBarButton			Glyph.Data	single		bmp	1078	16	16	32	0					1		d8be263f447bb2946a9ecf5e82e5052aebdb1fe0336a015e65e001415629d619	images\d8be263f447bb2946a9ecf5e82e5052aebdb1fe0336a015e65e001415629d619.bmp
C:\Projects\DB\ORM3\CLIENT\SPCTplEdit.dfm	SPCTplEdit.pas	dfm	TfrmSPCTplEdit		frmSPCTplEdit	TfrmSPCTplEdit	SPCTplEdit		Icon.Data	single		ico	1150	0	0	0	0							87829c566615525191dec99da56caf00d42442aaa72a701af21d38cb4d4598be	images\87829c566615525191dec99da56caf00d42442aaa72a701af21d38cb4d4598be.ico
C:\Projects\DB\ORM3\CLIENT\SPCTplEdit.dfm	SPCTplEdit.pas	dfm	TfrmSPCTplEdit	dxBarManager1.btnExit	btnExit	TdxBarButton			Glyph.Data	single		svg	3033	0	0	0	0							39e5933d6f88188b2c66d8c653d769e7684d9a23c349e93e39b61c6384fc2a9e	images\39e5933d6f88188b2c66d8c653d769e7684d9a23c349e93e39b61c6384fc2a9e.svg
C:\Projects\DB\ORM3\CLIENT\SPCTplEdit.dfm	SPCTplEdit.pas	dfm	TfrmSPCTplEdit	dxBarManager1.btnMaximize	btnMaximize	TdxBarButton			Glyph.Data	single		svg	274	0	0	0	0							9d443b20638f2abd72c475e06a5c9c3482441b9e50317a4aa1cad6bd8836d0a7	images\9d443b20638f2abd72c475e06a5c9c3482441b9e50317a4aa1cad6bd8836d0a7.svg
C:\Projects\DB\ORM3\CLIENT\SPCTplEdit.dfm	SPCTplEdit.pas	dfm	TfrmSPCTplEdit	dxBarManager1.btnPrint	btnPrint	TdxBarButton			Glyph.Data	single		svg	819	0	0	0	0							4ba55ff88e8cf3f39a716d1dd6eb4e744836948baa8d84db637a15a904e50cdb	images\4ba55ff88e8cf3f39a716d1dd6eb4e744836948baa8d84db637a15a904e50cdb.svg
C:\Projects\DB\ORM3\CLIENT\SPCTplEdit.dfm	SPCTplEdit.pas	dfm	TfrmSPCTplEdit	dxBarManager1.dxBarDBNavFirst1	dxBarDBNavFirst1	TdxBarDBNavButton			Glyph.Data	single		svg	473	0	0	0	0							4f6b5e7feb872030cf8c07f4b0a9154dba561d068f0bbe851f401038888deb73	images\4f6b5e7feb872030cf8c07f4b0a9154dba561d068f0bbe851f401038888deb73.svg
C:\Projects\DB\ORM3\CLIENT\SPCTplEdit.dfm	SPCTplEdit.pas	dfm	TfrmSPCTplEdit	dxBarManager1.dxBarDBNavPrev1	dxBarDBNavPrev1	TdxBarDBNavButton			Glyph.Data	single		svg	326	0	0	0	0							9affc86233a3c5214b39371064995d1a618b6351e5fc4ea3fcc737d5adee7301	images\9affc86233a3c5214b39371064995d1a618b6351e5fc4ea3fcc737d5adee7301.svg
C:\Projects\DB\ORM3\CLIENT\SPCTplEdit.dfm	SPCTplEdit.pas	dfm	TfrmSPCTplEdit	dxBarManager1.dxBarDBNavNext1	dxBarDBNavNext1	TdxBarDBNavButton			Glyph.Data	single		svg	326	0	0	0	0							31c86d717e300180306624b9f136bc00ee9996221aef9eb76e66c80b91008bf7	images\31c86d717e300180306624b9f136bc00ee9996221aef9eb76e66c80b91008bf7.svg
C:\Projects\DB\ORM3\CLIENT\SPCTplEdit.dfm	SPCTplEdit.pas	dfm	TfrmSPCTplEdit	dxBarManager1.dxBarDBNavLast1	dxBarDBNavLast1	TdxBarDBNavButton			Glyph.Data	single		svg	433	0	0	0	0							44036aa63309d06887b4983c8a4fc4e7f96de9af23f3593af004275785272ced	images\44036aa63309d06887b4983c8a4fc4e7f96de9af23f3593af004275785272ced.svg
C:\Projects\DB\ORM3\CLIENT\SPCTplEdit.dfm	SPCTplEdit.pas	dfm	TfrmSPCTplEdit	dxBarManager1.dxBarDBNavInsert1	dxBarDBNavInsert1	TdxBarDBNavButton			Glyph.Data	single		svg	421	0	0	0	0							213250362e820808f9afeae33d37fe36d29446da8156945b7c706b08cd1f8ef6	images\213250362e820808f9afeae33d37fe36d29446da8156945b7c706b08cd1f8ef6.svg
C:\Projects\DB\ORM3\CLIENT\SPCTplEdit.dfm	SPCTplEdit.pas	dfm	TfrmSPCTplEdit	dxBarManager1.dxBarDBNavDelete1	dxBarDBNavDelete1	TdxBarDBNavButton			Glyph.Data	single		svg	331	0	0	0	0							3426812018064253d38559294ae768a24bc1f0e2b55e1155b259650d305523b2	images\3426812018064253d38559294ae768a24bc1f0e2b55e1155b259650d305523b2.svg
C:\Projects\DB\ORM3\CLIENT\SPCTplEdit.dfm	SPCTplEdit.pas	dfm	TfrmSPCTplEdit	dxBarManager1.dxBarDBNavEdit1	dxBarDBNavEdit1	TdxBarDBNavButton			Glyph.Data	single		svg	299	0	0	0	0							d7cef1afe0805720b049c349aa2273488c1eee83041ed56aa0d6d8502f8f2708	images\d7cef1afe0805720b049c349aa2273488c1eee83041ed56aa0d6d8502f8f2708.svg
C:\Projects\DB\ORM3\CLIENT\SPCTplEdit.dfm	SPCTplEdit.pas	dfm	TfrmSPCTplEdit	dxBarManager1.dxBarDBNavPost1	dxBarDBNavPost1	TdxBarDBNavButton			Glyph.Data	single		svg	337	0	0	0	0							8f9b13bab01903aac5c507b4e8cabbe899263cd4f3aa5b9a02b0cf8d69d57e03	images\8f9b13bab01903aac5c507b4e8cabbe899263cd4f3aa5b9a02b0cf8d69d57e03.svg
C:\Projects\DB\ORM3\CLIENT\SPCTplEdit.dfm	SPCTplEdit.pas	dfm	TfrmSPCTplEdit	dxBarManager1.dxBarDBNavCancel1	dxBarDBNavCancel1	TdxBarDBNavButton			Glyph.Data	single		svg	581	0	0	0	0							0bf670167728fb629118e442f19cb6d896033afa8289ac7bed141f4aa7ee9093	images\0bf670167728fb629118e442f19cb6d896033afa8289ac7bed141f4aa7ee9093.svg
C:\Projects\DB\ORM3\CLIENT\SPCTplEdit.dfm	SPCTplEdit.pas	dfm	TfrmSPCTplEdit	dxBarManager1.dxBarDBNavRefresh1	dxBarDBNavRefresh1	TdxBarDBNavButton			Glyph.Data	single		svg	426	0	0	0	0							fe976aa73cfd0d6bdb8e57cba9f19670367d0f5a0ad38d7ed106e3af5b2d2eae	images\fe976aa73cfd0d6bdb8e57cba9f19670367d0f5a0ad38d7ed106e3af5b2d2eae.svg
C:\Projects\DB\ORM3\CLIENT\TakeJob.dfm	TakeJob.pas	dfm	TfrmTakeJob		frmTakeJob	TfrmTakeJob			Icon.Data	single		ico	766	0	0	0	0							ff66307bd79fe7ed8b4531ae81ef3204cb3be14d8de48ef8f75f7f95693b8981	images\ff66307bd79fe7ed8b4531ae81ef3204cb3be14d8de48ef8f75f7f95693b8981.ico
C:\Projects\DB\ORM3\CLIENT\TakeJob.dfm	TakeJob.pas	dfm	TfrmTakeJob	Panel3.BitBtn2	BitBtn2	TBitBtn			Glyph.Data	strip		bmp	502	36	19	4	16	NumGlyphs	2		2			ddc305f783395aefec062417f69b505ae5468cf386dc45b3bf6031b09bd82a8a	images\ddc305f783395aefec062417f69b505ae5468cf386dc45b3bf6031b09bd82a8a.bmp
C:\Projects\DB\ORM3\CLIENT\TakeJob.dfm	TakeJob.pas	dfm	TfrmTakeJob	dxBarManager1.btnCancel	btnCancel	TdxBarButton			Glyph.Data	single		bmp	1078	16	16	32	0					1		0eb430c3bf766d2880fb74dcbba407cf82fd63719978d05d02e3bd7f7a2a0a3c	images\0eb430c3bf766d2880fb74dcbba407cf82fd63719978d05d02e3bd7f7a2a0a3c.bmp
C:\Projects\DB\ORM3\CLIENT\TakeJob.dfm	TakeJob.pas	dfm	TfrmTakeJob	dxBarManager1.btnAll	btnAll	TdxBarButton			Glyph.Data	single		bmp	1078	16	16	32	0					1		84f4b7f0ccef4e8ce17e40bf4c02ad3971c0c018fa44b1b0ce43a46a54ac03bc	images\84f4b7f0ccef4e8ce17e40bf4c02ad3971c0c018fa44b1b0ce43a46a54ac03bc.bmp
C:\Projects\DB\ORM3\CLIENT\TakeJob.dfm	TakeJob.pas	dfm	TfrmTakeJob	dxBarManager1.btnOK	btnOK	TdxBarButton			Glyph.Data	single		bmp	1078	16	16	32	0					1		a71c4102c9b434e330a055dd9835c810a711f395893b3d5281ff957607476fd5	images\a71c4102c9b434e330a055dd9835c810a711f395893b3d5281ff957607476fd5.bmp
C:\Projects\DB\ORM3\CLIENT\TrpsSlct.dfm	TrpsSlct.pas	dfm	TfrmTrpsSlct		frmTrpsSlct	TfrmTrpsSlct	TrpsSlct		Icon.Data	single		ico	51262	0	0	0	0							adad2bc51732dcd9f6ba266123714c98295a19dc1825ce265486b70b67ab3b62	images\adad2bc51732dcd9f6ba266123714c98295a19dc1825ce265486b70b67ab3b62.ico
C:\Projects\DB\ORM3\CLIENT\TrpsSlct.dfm	TrpsSlct.pas	dfm	TfrmTrpsSlct	dxLayoutControl1.btn_Cancel	btn_Cancel	TcxButton			OptionsImage.Glyph.Data	single		svg	475	0	0	0	0							182dc8b95b3aacd3fb2a562fef0f9af9d1bcead5a2f8e9477f6910dfd29af2d0	images\182dc8b95b3aacd3fb2a562fef0f9af9d1bcead5a2f8e9477f6910dfd29af2d0.svg
C:\Projects\DB\ORM3\CLIENT\TrpsSlct.dfm	TrpsSlct.pas	dfm	TfrmTrpsSlct	dxLayoutControl1.btn_Ok	btn_Ok	TcxButton			OptionsImage.Glyph.Data	single		svg	299	0	0	0	0							5f9097125b596ff5f333b4eede9a993e931d86775d5c07502ed29710865fc2f3	images\5f9097125b596ff5f333b4eede9a993e931d86775d5c07502ed29710865fc2f3.svg
C:\Projects\DB\ORM3\CLIENT\uCausFailForm.dfm	uCausFailForm.pas	dfm	TfrmCausFail	dxBarManager1.dxBarDBNavFirst1	dxBarDBNavFirst1	TdxBarDBNavButton			Glyph.Data	single		svg	473	0	0	0	0							4f6b5e7feb872030cf8c07f4b0a9154dba561d068f0bbe851f401038888deb73	images\4f6b5e7feb872030cf8c07f4b0a9154dba561d068f0bbe851f401038888deb73.svg
C:\Projects\DB\ORM3\CLIENT\uCausFailForm.dfm	uCausFailForm.pas	dfm	TfrmCausFail	dxBarManager1.dxBarDBNavPrev1	dxBarDBNavPrev1	TdxBarDBNavButton			Glyph.Data	single		svg	326	0	0	0	0							9affc86233a3c5214b39371064995d1a618b6351e5fc4ea3fcc737d5adee7301	images\9affc86233a3c5214b39371064995d1a618b6351e5fc4ea3fcc737d5adee7301.svg
C:\Projects\DB\ORM3\CLIENT\uCausFailForm.dfm	uCausFailForm.pas	dfm	TfrmCausFail	dxBarManager1.dxBarDBNavNext1	dxBarDBNavNext1	TdxBarDBNavButton			Glyph.Data	single		svg	326	0	0	0	0							31c86d717e300180306624b9f136bc00ee9996221aef9eb76e66c80b91008bf7	images\31c86d717e300180306624b9f136bc00ee9996221aef9eb76e66c80b91008bf7.svg
C:\Projects\DB\ORM3\CLIENT\uCausFailForm.dfm	uCausFailForm.pas	dfm	TfrmCausFail	dxBarManager1.dxBarDBNavLast1	dxBarDBNavLast1	TdxBarDBNavButton			Glyph.Data	single		svg	433	0	0	0	0							44036aa63309d06887b4983c8a4fc4e7f96de9af23f3593af004275785272ced	images\44036aa63309d06887b4983c8a4fc4e7f96de9af23f3593af004275785272ced.svg
C:\Projects\DB\ORM3\CLIENT\uCausFailForm.dfm	uCausFailForm.pas	dfm	TfrmCausFail	dxBarManager1.dxBarDBNavInsert1	dxBarDBNavInsert1	TdxBarDBNavButton			Glyph.Data	single		svg	421	0	0	0	0							213250362e820808f9afeae33d37fe36d29446da8156945b7c706b08cd1f8ef6	images\213250362e820808f9afeae33d37fe36d29446da8156945b7c706b08cd1f8ef6.svg
C:\Projects\DB\ORM3\CLIENT\uCausFailForm.dfm	uCausFailForm.pas	dfm	TfrmCausFail	dxBarManager1.dxBarDBNavDelete1	dxBarDBNavDelete1	TdxBarDBNavButton			Glyph.Data	single		svg	331	0	0	0	0							3426812018064253d38559294ae768a24bc1f0e2b55e1155b259650d305523b2	images\3426812018064253d38559294ae768a24bc1f0e2b55e1155b259650d305523b2.svg
C:\Projects\DB\ORM3\CLIENT\uCausFailForm.dfm	uCausFailForm.pas	dfm	TfrmCausFail	dxBarManager1.dxBarDBNavEdit1	dxBarDBNavEdit1	TdxBarDBNavButton			Glyph.Data	single		svg	299	0	0	0	0							d7cef1afe0805720b049c349aa2273488c1eee83041ed56aa0d6d8502f8f2708	images\d7cef1afe0805720b049c349aa2273488c1eee83041ed56aa0d6d8502f8f2708.svg
C:\Projects\DB\ORM3\CLIENT\uCausFailForm.dfm	uCausFailForm.pas	dfm	TfrmCausFail	dxBarManager1.dxBarDBNavPost1	dxBarDBNavPost1	TdxBarDBNavButton			Glyph.Data	single		svg	337	0	0	0	0							8f9b13bab01903aac5c507b4e8cabbe899263cd4f3aa5b9a02b0cf8d69d57e03	images\8f9b13bab01903aac5c507b4e8cabbe899263cd4f3aa5b9a02b0cf8d69d57e03.svg
C:\Projects\DB\ORM3\CLIENT\uCausFailForm.dfm	uCausFailForm.pas	dfm	TfrmCausFail	dxBarManager1.dxBarDBNavCancel1	dxBarDBNavCancel1	TdxBarDBNavButton			Glyph.Data	single		svg	581	0	0	0	0							0bf670167728fb629118e442f19cb6d896033afa8289ac7bed141f4aa7ee9093	images\0bf670167728fb629118e442f19cb6d896033afa8289ac7bed141f4aa7ee9093.svg
C:\Projects\DB\ORM3\CLIENT\uCausFailForm.dfm	uCausFailForm.pas	dfm	TfrmCausFail	dxBarManager1.dxBarDBNavRefresh1	dxBarDBNavRefresh1	TdxBarDBNavButton			Glyph.Data	single		svg	426	0	0	0	0							fe976aa73cfd0d6bdb8e57cba9f19670367d0f5a0ad38d7ed106e3af5b2d2eae	images\fe976aa73cfd0d6bdb8e57cba9f19670367d0f5a0ad38d7ed106e3af5b2d2eae.svg
C:\Projects\DB\ORM3\CLIENT\uCausFailForm.dfm	uCausFailForm.pas	dfm	TfrmCausFail	dxBarManager1.btnLookup	btnLookup	TdxBarButton			Glyph.Data	single		svg	341	0	0	0	0							b6ebd3bc675a2389eade9f8930edabb64080bd48e28f383e4d2e1bfa6d2f3a5e	images\b6ebd3bc675a2389eade9f8930edabb64080bd48e28f383e4d2e1bfa6d2f3a5e.svg
C:\Projects\DB\ORM3\CLIENT\uCausFailForm.dfm	uCausFailForm.pas	dfm	TfrmCausFail	dxBarManager1.btnRefresh	btnRefresh	TdxBarButton			Glyph.Data	single		svg	340	0	0	0	0							7d8073261023afb71c6fb87cb76fd2a20a79de0e8e72475940de869333f1d5d6	images\7d8073261023afb71c6fb87cb76fd2a20a79de0e8e72475940de869333f1d5d6.svg
C:\Projects\DB\ORM3\CLIENT\uCausFailForm.dfm	uCausFailForm.pas	dfm	TfrmCausFail	dxBarManager1.btnExit	btnExit	TdxBarButton			Glyph.Data	single		svg	3033	0	0	0	0							39e5933d6f88188b2c66d8c653d769e7684d9a23c349e93e39b61c6384fc2a9e	images\39e5933d6f88188b2c66d8c653d769e7684d9a23c349e93e39b61c6384fc2a9e.svg
C:\Projects\DB\ORM3\CLIENT\uCausListForm.dfm	uCausListForm.pas	dfm	TfrmCausList	dxBarManager1.dxBarDBNavFirst1	dxBarDBNavFirst1	TdxBarDBNavButton			Glyph.Data	single		svg	473	0	0	0	0							4f6b5e7feb872030cf8c07f4b0a9154dba561d068f0bbe851f401038888deb73	images\4f6b5e7feb872030cf8c07f4b0a9154dba561d068f0bbe851f401038888deb73.svg
C:\Projects\DB\ORM3\CLIENT\uCausListForm.dfm	uCausListForm.pas	dfm	TfrmCausList	dxBarManager1.dxBarDBNavPrev1	dxBarDBNavPrev1	TdxBarDBNavButton			Glyph.Data	single		svg	326	0	0	0	0							9affc86233a3c5214b39371064995d1a618b6351e5fc4ea3fcc737d5adee7301	images\9affc86233a3c5214b39371064995d1a618b6351e5fc4ea3fcc737d5adee7301.svg
C:\Projects\DB\ORM3\CLIENT\uCausListForm.dfm	uCausListForm.pas	dfm	TfrmCausList	dxBarManager1.dxBarDBNavNext1	dxBarDBNavNext1	TdxBarDBNavButton			Glyph.Data	single		svg	326	0	0	0	0							31c86d717e300180306624b9f136bc00ee9996221aef9eb76e66c80b91008bf7	images\31c86d717e300180306624b9f136bc00ee9996221aef9eb76e66c80b91008bf7.svg
C:\Projects\DB\ORM3\CLIENT\uCausListForm.dfm	uCausListForm.pas	dfm	TfrmCausList	dxBarManager1.dxBarDBNavLast1	dxBarDBNavLast1	TdxBarDBNavButton			Glyph.Data	single		svg	433	0	0	0	0							44036aa63309d06887b4983c8a4fc4e7f96de9af23f3593af004275785272ced	images\44036aa63309d06887b4983c8a4fc4e7f96de9af23f3593af004275785272ced.svg
C:\Projects\DB\ORM3\CLIENT\uCausListForm.dfm	uCausListForm.pas	dfm	TfrmCausList	dxBarManager1.dxBarDBNavInsert1	dxBarDBNavInsert1	TdxBarDBNavButton			Glyph.Data	single		svg	421	0	0	0	0							213250362e820808f9afeae33d37fe36d29446da8156945b7c706b08cd1f8ef6	images\213250362e820808f9afeae33d37fe36d29446da8156945b7c706b08cd1f8ef6.svg
C:\Projects\DB\ORM3\CLIENT\uCausListForm.dfm	uCausListForm.pas	dfm	TfrmCausList	dxBarManager1.dxBarDBNavDelete1	dxBarDBNavDelete1	TdxBarDBNavButton			Glyph.Data	single		svg	331	0	0	0	0							3426812018064253d38559294ae768a24bc1f0e2b55e1155b259650d305523b2	images\3426812018064253d38559294ae768a24bc1f0e2b55e1155b259650d305523b2.svg
C:\Projects\DB\ORM3\CLIENT\uCausListForm.dfm	uCausListForm.pas	dfm	TfrmCausList	dxBarManager1.dxBarDBNavEdit1	dxBarDBNavEdit1	TdxBarDBNavButton			Glyph.Data	single		svg	299	0	0	0	0							d7cef1afe0805720b049c349aa2273488c1eee83041ed56aa0d6d8502f8f2708	images\d7cef1afe0805720b049c349aa2273488c1eee83041ed56aa0d6d8502f8f2708.svg
C:\Projects\DB\ORM3\CLIENT\uCausListForm.dfm	uCausListForm.pas	dfm	TfrmCausList	dxBarManager1.dxBarDBNavPost1	dxBarDBNavPost1	TdxBarDBNavButton			Glyph.Data	single		svg	337	0	0	0	0							8f9b13bab01903aac5c507b4e8cabbe899263cd4f3aa5b9a02b0cf8d69d57e03	images\8f9b13bab01903aac5c507b4e8cabbe899263cd4f3aa5b9a02b0cf8d69d57e03.svg
C:\Projects\DB\ORM3\CLIENT\uCausListForm.dfm	uCausListForm.pas	dfm	TfrmCausList	dxBarManager1.dxBarDBNavCancel1	dxBarDBNavCancel1	TdxBarDBNavButton			Glyph.Data	single		svg	581	0	0	0	0							0bf670167728fb629118e442f19cb6d896033afa8289ac7bed141f4aa7ee9093	images\0bf670167728fb629118e442f19cb6d896033afa8289ac7bed141f4aa7ee9093.svg
C:\Projects\DB\ORM3\CLIENT\uCausListForm.dfm	uCausListForm.pas	dfm	TfrmCausList	dxBarManager1.dxBarDBNavRefresh1	dxBarDBNavRefresh1	TdxBarDBNavButton			Glyph.Data	single		svg	426	0	0	0	0							fe976aa73cfd0d6bdb8e57cba9f19670367d0f5a0ad38d7ed106e3af5b2d2eae	images\fe976aa73cfd0d6bdb8e57cba9f19670367d0f5a0ad38d7ed106e3af5b2d2eae.svg
C:\Projects\DB\ORM3\CLIENT\uCausListForm.dfm	uCausListForm.pas	dfm	TfrmCausList	dxBarManager1.btnLookup	btnLookup	TdxBarButton			Glyph.Data	single		svg	341	0	0	0	0							b6ebd3bc675a2389eade9f8930edabb64080bd48e28f383e4d2e1bfa6d2f3a5e	images\b6ebd3bc675a2389eade9f8930edabb64080bd48e28f383e4d2e1bfa6d2f3a5e.svg
C:\Projects\DB\ORM3\CLIENT\uCausListForm.dfm	uCausListForm.pas	dfm	TfrmCausList	dxBarManager1.btnRefresh	btnRefresh	TdxBarButton			Glyph.Data	single		svg	340	0	0	0	0							7d8073261023afb71c6fb87cb76fd2a20a79de0e8e72475940de869333f1d5d6	images\7d8073261023afb71c6fb87cb76fd2a20a79de0e8e72475940de869333f1d5d6.svg
C:\Projects\DB\ORM3\CLIENT\uCausListForm.dfm	uCausListForm.pas	dfm	TfrmCausList	dxBarManager1.btnExit	btnExit	TdxBarButton			Glyph.Data	single		svg	3033	0	0	0	0							39e5933d6f88188b2c66d8c653d769e7684d9a23c349e93e39b61c6384fc2a9e	images\39e5933d6f88188b2c66d8c653d769e7684d9a23c349e93e39b61c6384fc2a9e.svg
C:\Projects\DB\ORM3\CLIENT\uChipFormForm.dfm	uChipFormForm.pas	dfm	TfrmChipForm	dxBarManager1.dxBarDBNavFirst1	dxBarDBNavFirst1	TdxBarDBNavButton			Glyph.Data	single		svg	473	0	0	0	0							4f6b5e7feb872030cf8c07f4b0a9154dba561d068f0bbe851f401038888deb73	images\4f6b5e7feb872030cf8c07f4b0a9154dba561d068f0bbe851f401038888deb73.svg
C:\Projects\DB\ORM3\CLIENT\uChipFormForm.dfm	uChipFormForm.pas	dfm	TfrmChipForm	dxBarManager1.dxBarDBNavPrev1	dxBarDBNavPrev1	TdxBarDBNavButton			Glyph.Data	single		svg	326	0	0	0	0							9affc86233a3c5214b39371064995d1a618b6351e5fc4ea3fcc737d5adee7301	images\9affc86233a3c5214b39371064995d1a618b6351e5fc4ea3fcc737d5adee7301.svg
C:\Projects\DB\ORM3\CLIENT\uChipFormForm.dfm	uChipFormForm.pas	dfm	TfrmChipForm	dxBarManager1.dxBarDBNavNext1	dxBarDBNavNext1	TdxBarDBNavButton			Glyph.Data	single		svg	326	0	0	0	0							31c86d717e300180306624b9f136bc00ee9996221aef9eb76e66c80b91008bf7	images\31c86d717e300180306624b9f136bc00ee9996221aef9eb76e66c80b91008bf7.svg
C:\Projects\DB\ORM3\CLIENT\uChipFormForm.dfm	uChipFormForm.pas	dfm	TfrmChipForm	dxBarManager1.dxBarDBNavLast1	dxBarDBNavLast1	TdxBarDBNavButton			Glyph.Data	single		svg	433	0	0	0	0							44036aa63309d06887b4983c8a4fc4e7f96de9af23f3593af004275785272ced	images\44036aa63309d06887b4983c8a4fc4e7f96de9af23f3593af004275785272ced.svg
C:\Projects\DB\ORM3\CLIENT\uChipFormForm.dfm	uChipFormForm.pas	dfm	TfrmChipForm	dxBarManager1.dxBarDBNavInsert1	dxBarDBNavInsert1	TdxBarDBNavButton			Glyph.Data	single		svg	421	0	0	0	0							213250362e820808f9afeae33d37fe36d29446da8156945b7c706b08cd1f8ef6	images\213250362e820808f9afeae33d37fe36d29446da8156945b7c706b08cd1f8ef6.svg
C:\Projects\DB\ORM3\CLIENT\uChipFormForm.dfm	uChipFormForm.pas	dfm	TfrmChipForm	dxBarManager1.dxBarDBNavDelete1	dxBarDBNavDelete1	TdxBarDBNavButton			Glyph.Data	single		svg	331	0	0	0	0							3426812018064253d38559294ae768a24bc1f0e2b55e1155b259650d305523b2	images\3426812018064253d38559294ae768a24bc1f0e2b55e1155b259650d305523b2.svg
C:\Projects\DB\ORM3\CLIENT\uChipFormForm.dfm	uChipFormForm.pas	dfm	TfrmChipForm	dxBarManager1.dxBarDBNavEdit1	dxBarDBNavEdit1	TdxBarDBNavButton			Glyph.Data	single		svg	299	0	0	0	0							d7cef1afe0805720b049c349aa2273488c1eee83041ed56aa0d6d8502f8f2708	images\d7cef1afe0805720b049c349aa2273488c1eee83041ed56aa0d6d8502f8f2708.svg
C:\Projects\DB\ORM3\CLIENT\uChipFormForm.dfm	uChipFormForm.pas	dfm	TfrmChipForm	dxBarManager1.dxBarDBNavPost1	dxBarDBNavPost1	TdxBarDBNavButton			Glyph.Data	single		svg	337	0	0	0	0							8f9b13bab01903aac5c507b4e8cabbe899263cd4f3aa5b9a02b0cf8d69d57e03	images\8f9b13bab01903aac5c507b4e8cabbe899263cd4f3aa5b9a02b0cf8d69d57e03.svg
C:\Projects\DB\ORM3\CLIENT\uChipFormForm.dfm	uChipFormForm.pas	dfm	TfrmChipForm	dxBarManager1.dxBarDBNavCancel1	dxBarDBNavCancel1	TdxBarDBNavButton			Glyph.Data	single		svg	581	0	0	0	0							0bf670167728fb629118e442f19cb6d896033afa8289ac7bed141f4aa7ee9093	images\0bf670167728fb629118e442f19cb6d896033afa8289ac7bed141f4aa7ee9093.svg
C:\Projects\DB\ORM3\CLIENT\uChipFormForm.dfm	uChipFormForm.pas	dfm	TfrmChipForm	dxBarManager1.dxBarDBNavRefresh1	dxBarDBNavRefresh1	TdxBarDBNavButton			Glyph.Data	single		svg	426	0	0	0	0							fe976aa73cfd0d6bdb8e57cba9f19670367d0f5a0ad38d7ed106e3af5b2d2eae	images\fe976aa73cfd0d6bdb8e57cba9f19670367d0f5a0ad38d7ed106e3af5b2d2eae.svg
C:\Projects\DB\ORM3\CLIENT\uChipFormForm.dfm	uChipFormForm.pas	dfm	TfrmChipForm	dxBarManager1.btnLookup	btnLookup	TdxBarButton			Glyph.Data	single		svg	341	0	0	0	0							b6ebd3bc675a2389eade9f8930edabb64080bd48e28f383e4d2e1bfa6d2f3a5e	images\b6ebd3bc675a2389eade9f8930edabb64080bd48e28f383e4d2e1bfa6d2f3a5e.svg
C:\Projects\DB\ORM3\CLIENT\uChipFormForm.dfm	uChipFormForm.pas	dfm	TfrmChipForm	dxBarManager1.btnRefresh	btnRefresh	TdxBarButton			Glyph.Data	single		svg	340	0	0	0	0							7d8073261023afb71c6fb87cb76fd2a20a79de0e8e72475940de869333f1d5d6	images\7d8073261023afb71c6fb87cb76fd2a20a79de0e8e72475940de869333f1d5d6.svg
C:\Projects\DB\ORM3\CLIENT\uChipFormForm.dfm	uChipFormForm.pas	dfm	TfrmChipForm	dxBarManager1.btnExit	btnExit	TdxBarButton			Glyph.Data	single		svg	3033	0	0	0	0							39e5933d6f88188b2c66d8c653d769e7684d9a23c349e93e39b61c6384fc2a9e	images\39e5933d6f88188b2c66d8c653d769e7684d9a23c349e93e39b61c6384fc2a9e.svg
C:\Projects\DB\ORM3\CLIENT\uCustomersForm.dfm	uCustomersForm.pas	dfm	TfrmCustomers	dxBarManager1.dxBarDBNavFirst1	dxBarDBNavFirst1	TdxBarDBNavButton			Glyph.Data	single		svg	473	0	0	0	0							4f6b5e7feb872030cf8c07f4b0a9154dba561d068f0bbe851f401038888deb73	images\4f6b5e7feb872030cf8c07f4b0a9154dba561d068f0bbe851f401038888deb73.svg
C:\Projects\DB\ORM3\CLIENT\uCustomersForm.dfm	uCustomersForm.pas	dfm	TfrmCustomers	dxBarManager1.dxBarDBNavPrev1	dxBarDBNavPrev1	TdxBarDBNavButton			Glyph.Data	single		svg	326	0	0	0	0							9affc86233a3c5214b39371064995d1a618b6351e5fc4ea3fcc737d5adee7301	images\9affc86233a3c5214b39371064995d1a618b6351e5fc4ea3fcc737d5adee7301.svg
C:\Projects\DB\ORM3\CLIENT\uCustomersForm.dfm	uCustomersForm.pas	dfm	TfrmCustomers	dxBarManager1.dxBarDBNavNext1	dxBarDBNavNext1	TdxBarDBNavButton			Glyph.Data	single		svg	326	0	0	0	0							31c86d717e300180306624b9f136bc00ee9996221aef9eb76e66c80b91008bf7	images\31c86d717e300180306624b9f136bc00ee9996221aef9eb76e66c80b91008bf7.svg
C:\Projects\DB\ORM3\CLIENT\uCustomersForm.dfm	uCustomersForm.pas	dfm	TfrmCustomers	dxBarManager1.dxBarDBNavLast1	dxBarDBNavLast1	TdxBarDBNavButton			Glyph.Data	single		svg	433	0	0	0	0							44036aa63309d06887b4983c8a4fc4e7f96de9af23f3593af004275785272ced	images\44036aa63309d06887b4983c8a4fc4e7f96de9af23f3593af004275785272ced.svg
C:\Projects\DB\ORM3\CLIENT\uCustomersForm.dfm	uCustomersForm.pas	dfm	TfrmCustomers	dxBarManager1.dxBarDBNavInsert1	dxBarDBNavInsert1	TdxBarDBNavButton			Glyph.Data	single		svg	421	0	0	0	0							213250362e820808f9afeae33d37fe36d29446da8156945b7c706b08cd1f8ef6	images\213250362e820808f9afeae33d37fe36d29446da8156945b7c706b08cd1f8ef6.svg
C:\Projects\DB\ORM3\CLIENT\uCustomersForm.dfm	uCustomersForm.pas	dfm	TfrmCustomers	dxBarManager1.dxBarDBNavDelete1	dxBarDBNavDelete1	TdxBarDBNavButton			Glyph.Data	single		svg	331	0	0	0	0							3426812018064253d38559294ae768a24bc1f0e2b55e1155b259650d305523b2	images\3426812018064253d38559294ae768a24bc1f0e2b55e1155b259650d305523b2.svg
C:\Projects\DB\ORM3\CLIENT\uCustomersForm.dfm	uCustomersForm.pas	dfm	TfrmCustomers	dxBarManager1.dxBarDBNavEdit1	dxBarDBNavEdit1	TdxBarDBNavButton			Glyph.Data	single		svg	299	0	0	0	0							d7cef1afe0805720b049c349aa2273488c1eee83041ed56aa0d6d8502f8f2708	images\d7cef1afe0805720b049c349aa2273488c1eee83041ed56aa0d6d8502f8f2708.svg
C:\Projects\DB\ORM3\CLIENT\uCustomersForm.dfm	uCustomersForm.pas	dfm	TfrmCustomers	dxBarManager1.dxBarDBNavPost1	dxBarDBNavPost1	TdxBarDBNavButton			Glyph.Data	single		svg	337	0	0	0	0							8f9b13bab01903aac5c507b4e8cabbe899263cd4f3aa5b9a02b0cf8d69d57e03	images\8f9b13bab01903aac5c507b4e8cabbe899263cd4f3aa5b9a02b0cf8d69d57e03.svg
C:\Projects\DB\ORM3\CLIENT\uCustomersForm.dfm	uCustomersForm.pas	dfm	TfrmCustomers	dxBarManager1.dxBarDBNavCancel1	dxBarDBNavCancel1	TdxBarDBNavButton			Glyph.Data	single		svg	581	0	0	0	0							0bf670167728fb629118e442f19cb6d896033afa8289ac7bed141f4aa7ee9093	images\0bf670167728fb629118e442f19cb6d896033afa8289ac7bed141f4aa7ee9093.svg
C:\Projects\DB\ORM3\CLIENT\uCustomersForm.dfm	uCustomersForm.pas	dfm	TfrmCustomers	dxBarManager1.dxBarDBNavRefresh1	dxBarDBNavRefresh1	TdxBarDBNavButton			Glyph.Data	single		svg	426	0	0	0	0							fe976aa73cfd0d6bdb8e57cba9f19670367d0f5a0ad38d7ed106e3af5b2d2eae	images\fe976aa73cfd0d6bdb8e57cba9f19670367d0f5a0ad38d7ed106e3af5b2d2eae.svg
C:\Projects\DB\ORM3\CLIENT\uCustomersForm.dfm	uCustomersForm.pas	dfm	TfrmCustomers	dxBarManager1.btnLookup	btnLookup	TdxBarButton			Glyph.Data	single		svg	341	0	0	0	0							b6ebd3bc675a2389eade9f8930edabb64080bd48e28f383e4d2e1bfa6d2f3a5e	images\b6ebd3bc675a2389eade9f8930edabb64080bd48e28f383e4d2e1bfa6d2f3a5e.svg
C:\Projects\DB\ORM3\CLIENT\uCustomersForm.dfm	uCustomersForm.pas	dfm	TfrmCustomers	dxBarManager1.btnRefresh	btnRefresh	TdxBarButton			Glyph.Data	single		svg	340	0	0	0	0							7d8073261023afb71c6fb87cb76fd2a20a79de0e8e72475940de869333f1d5d6	images\7d8073261023afb71c6fb87cb76fd2a20a79de0e8e72475940de869333f1d5d6.svg
C:\Projects\DB\ORM3\CLIENT\uCustomersForm.dfm	uCustomersForm.pas	dfm	TfrmCustomers	dxBarManager1.btnExit	btnExit	TdxBarButton			Glyph.Data	single		svg	3033	0	0	0	0							39e5933d6f88188b2c66d8c653d769e7684d9a23c349e93e39b61c6384fc2a9e	images\39e5933d6f88188b2c66d8c653d769e7684d9a23c349e93e39b61c6384fc2a9e.svg
C:\Projects\DB\ORM3\CLIENT\uDataChannels.dfm	uDataChannels.pas	dfm	TfrmDataChannels		frmDataChannels	TfrmDataChannels	uDataChannels		Icon.Data	single		ico	4286	0	0	0	0							0125ad05d2f3e161af7c97a03ff394d5e115bbdbbc2c8753b6bd399e1047e450	images\0125ad05d2f3e161af7c97a03ff394d5e115bbdbbc2c8753b6bd399e1047e450.ico
C:\Projects\DB\ORM3\CLIENT\uDataChannels.dfm	uDataChannels.pas	dfm	TfrmDataChannels	pnlBottom.btnTest	btnTest	TcxButton			OptionsImage.Glyph.Data	single		svg	1320	0	0	0	0							52d995744fceaa4a817042d366005df43b6f8ec53f4d761ebadd48a02e35dbc1	images\52d995744fceaa4a817042d366005df43b6f8ec53f4d761ebadd48a02e35dbc1.svg
C:\Projects\DB\ORM3\CLIENT\uDataChannels.dfm	uDataChannels.pas	dfm	TfrmDataChannels	dxBarManager1.dxBarButton1	dxBarButton1	TdxBarButton			Glyph.Data	single		svg	1320	0	0	0	0							52d995744fceaa4a817042d366005df43b6f8ec53f4d761ebadd48a02e35dbc1	images\52d995744fceaa4a817042d366005df43b6f8ec53f4d761ebadd48a02e35dbc1.svg
C:\Projects\DB\ORM3\CLIENT\uDataChannels.dfm	uDataChannels.pas	dfm	TfrmDataChannels	dxBarManager1.dxBarButton2	dxBarButton2	TdxBarButton			Glyph.Data	single		svg	3033	0	0	0	0							39e5933d6f88188b2c66d8c653d769e7684d9a23c349e93e39b61c6384fc2a9e	images\39e5933d6f88188b2c66d8c653d769e7684d9a23c349e93e39b61c6384fc2a9e.svg
C:\Projects\DB\ORM3\CLIENT\uDataChannels.dfm	uDataChannels.pas	dfm	TfrmDataChannels	dxBarManager1.dxBarDBNavFirst1	dxBarDBNavFirst1	TdxBarDBNavButton			Glyph.Data	single		svg	473	0	0	0	0							4f6b5e7feb872030cf8c07f4b0a9154dba561d068f0bbe851f401038888deb73	images\4f6b5e7feb872030cf8c07f4b0a9154dba561d068f0bbe851f401038888deb73.svg
C:\Projects\DB\ORM3\CLIENT\uDataChannels.dfm	uDataChannels.pas	dfm	TfrmDataChannels	dxBarManager1.dxBarDBNavPrev1	dxBarDBNavPrev1	TdxBarDBNavButton			Glyph.Data	single		svg	326	0	0	0	0							9affc86233a3c5214b39371064995d1a618b6351e5fc4ea3fcc737d5adee7301	images\9affc86233a3c5214b39371064995d1a618b6351e5fc4ea3fcc737d5adee7301.svg
C:\Projects\DB\ORM3\CLIENT\uDataChannels.dfm	uDataChannels.pas	dfm	TfrmDataChannels	dxBarManager1.dxBarDBNavNext1	dxBarDBNavNext1	TdxBarDBNavButton			Glyph.Data	single		svg	326	0	0	0	0							31c86d717e300180306624b9f136bc00ee9996221aef9eb76e66c80b91008bf7	images\31c86d717e300180306624b9f136bc00ee9996221aef9eb76e66c80b91008bf7.svg
C:\Projects\DB\ORM3\CLIENT\uDataChannels.dfm	uDataChannels.pas	dfm	TfrmDataChannels	dxBarManager1.dxBarDBNavLast1	dxBarDBNavLast1	TdxBarDBNavButton			Glyph.Data	single		svg	433	0	0	0	0							44036aa63309d06887b4983c8a4fc4e7f96de9af23f3593af004275785272ced	images\44036aa63309d06887b4983c8a4fc4e7f96de9af23f3593af004275785272ced.svg
C:\Projects\DB\ORM3\CLIENT\uDataChannels.dfm	uDataChannels.pas	dfm	TfrmDataChannels	dxBarManager1.dxBarDBNavInsert1	dxBarDBNavInsert1	TdxBarDBNavButton			Glyph.Data	single		svg	421	0	0	0	0							213250362e820808f9afeae33d37fe36d29446da8156945b7c706b08cd1f8ef6	images\213250362e820808f9afeae33d37fe36d29446da8156945b7c706b08cd1f8ef6.svg
C:\Projects\DB\ORM3\CLIENT\uDataChannels.dfm	uDataChannels.pas	dfm	TfrmDataChannels	dxBarManager1.dxBarDBNavDelete1	dxBarDBNavDelete1	TdxBarDBNavButton			Glyph.Data	single		svg	331	0	0	0	0							3426812018064253d38559294ae768a24bc1f0e2b55e1155b259650d305523b2	images\3426812018064253d38559294ae768a24bc1f0e2b55e1155b259650d305523b2.svg
C:\Projects\DB\ORM3\CLIENT\uDataChannels.dfm	uDataChannels.pas	dfm	TfrmDataChannels	dxBarManager1.dxBarDBNavEdit1	dxBarDBNavEdit1	TdxBarDBNavButton			Glyph.Data	single		svg	299	0	0	0	0							d7cef1afe0805720b049c349aa2273488c1eee83041ed56aa0d6d8502f8f2708	images\d7cef1afe0805720b049c349aa2273488c1eee83041ed56aa0d6d8502f8f2708.svg
C:\Projects\DB\ORM3\CLIENT\uDataChannels.dfm	uDataChannels.pas	dfm	TfrmDataChannels	dxBarManager1.dxBarDBNavPost1	dxBarDBNavPost1	TdxBarDBNavButton			Glyph.Data	single		svg	337	0	0	0	0							8f9b13bab01903aac5c507b4e8cabbe899263cd4f3aa5b9a02b0cf8d69d57e03	images\8f9b13bab01903aac5c507b4e8cabbe899263cd4f3aa5b9a02b0cf8d69d57e03.svg
C:\Projects\DB\ORM3\CLIENT\uDataChannels.dfm	uDataChannels.pas	dfm	TfrmDataChannels	dxBarManager1.dxBarDBNavCancel1	dxBarDBNavCancel1	TdxBarDBNavButton			Glyph.Data	single		svg	581	0	0	0	0							0bf670167728fb629118e442f19cb6d896033afa8289ac7bed141f4aa7ee9093	images\0bf670167728fb629118e442f19cb6d896033afa8289ac7bed141f4aa7ee9093.svg
C:\Projects\DB\ORM3\CLIENT\uDataChannels.dfm	uDataChannels.pas	dfm	TfrmDataChannels	dxBarManager1.dxBarDBNavRefresh1	dxBarDBNavRefresh1	TdxBarDBNavButton			Glyph.Data	single		svg	426	0	0	0	0							fe976aa73cfd0d6bdb8e57cba9f19670367d0f5a0ad38d7ed106e3af5b2d2eae	images\fe976aa73cfd0d6bdb8e57cba9f19670367d0f5a0ad38d7ed106e3af5b2d2eae.svg
C:\Projects\DB\ORM3\CLIENT\uDataChannels.dfm	uDataChannels.pas	dfm	TfrmDataChannels	dxBarManager1.dxBarDBNavAppend1	dxBarDBNavAppend1	TdxBarDBNavButton			Glyph.Data	single		svg	370	0	0	0	0							1cc652cdffa3e7adfface918a6fcea8f0c700fc11ba39682e14b71de2890a6ba	images\1cc652cdffa3e7adfface918a6fcea8f0c700fc11ba39682e14b71de2890a6ba.svg
C:\Projects\DB\ORM3\CLIENT\uDowntimeListForm.dfm	uDowntimeListForm.pas	dfm	TfrmDowntimeList	dxBarManager1.dxBarDBNavFirst1	dxBarDBNavFirst1	TdxBarDBNavButton			Glyph.Data	single		svg	473	0	0	0	0							4f6b5e7feb872030cf8c07f4b0a9154dba561d068f0bbe851f401038888deb73	images\4f6b5e7feb872030cf8c07f4b0a9154dba561d068f0bbe851f401038888deb73.svg
C:\Projects\DB\ORM3\CLIENT\uDowntimeListForm.dfm	uDowntimeListForm.pas	dfm	TfrmDowntimeList	dxBarManager1.dxBarDBNavPrev1	dxBarDBNavPrev1	TdxBarDBNavButton			Glyph.Data	single		svg	326	0	0	0	0							9affc86233a3c5214b39371064995d1a618b6351e5fc4ea3fcc737d5adee7301	images\9affc86233a3c5214b39371064995d1a618b6351e5fc4ea3fcc737d5adee7301.svg
C:\Projects\DB\ORM3\CLIENT\uDowntimeListForm.dfm	uDowntimeListForm.pas	dfm	TfrmDowntimeList	dxBarManager1.dxBarDBNavNext1	dxBarDBNavNext1	TdxBarDBNavButton			Glyph.Data	single		svg	326	0	0	0	0							31c86d717e300180306624b9f136bc00ee9996221aef9eb76e66c80b91008bf7	images\31c86d717e300180306624b9f136bc00ee9996221aef9eb76e66c80b91008bf7.svg
C:\Projects\DB\ORM3\CLIENT\uDowntimeListForm.dfm	uDowntimeListForm.pas	dfm	TfrmDowntimeList	dxBarManager1.dxBarDBNavLast1	dxBarDBNavLast1	TdxBarDBNavButton			Glyph.Data	single		svg	433	0	0	0	0							44036aa63309d06887b4983c8a4fc4e7f96de9af23f3593af004275785272ced	images\44036aa63309d06887b4983c8a4fc4e7f96de9af23f3593af004275785272ced.svg
C:\Projects\DB\ORM3\CLIENT\uDowntimeListForm.dfm	uDowntimeListForm.pas	dfm	TfrmDowntimeList	dxBarManager1.dxBarDBNavInsert1	dxBarDBNavInsert1	TdxBarDBNavButton			Glyph.Data	single		svg	421	0	0	0	0							213250362e820808f9afeae33d37fe36d29446da8156945b7c706b08cd1f8ef6	images\213250362e820808f9afeae33d37fe36d29446da8156945b7c706b08cd1f8ef6.svg
C:\Projects\DB\ORM3\CLIENT\uDowntimeListForm.dfm	uDowntimeListForm.pas	dfm	TfrmDowntimeList	dxBarManager1.dxBarDBNavDelete1	dxBarDBNavDelete1	TdxBarDBNavButton			Glyph.Data	single		svg	331	0	0	0	0							3426812018064253d38559294ae768a24bc1f0e2b55e1155b259650d305523b2	images\3426812018064253d38559294ae768a24bc1f0e2b55e1155b259650d305523b2.svg
C:\Projects\DB\ORM3\CLIENT\uDowntimeListForm.dfm	uDowntimeListForm.pas	dfm	TfrmDowntimeList	dxBarManager1.dxBarDBNavEdit1	dxBarDBNavEdit1	TdxBarDBNavButton			Glyph.Data	single		svg	299	0	0	0	0							d7cef1afe0805720b049c349aa2273488c1eee83041ed56aa0d6d8502f8f2708	images\d7cef1afe0805720b049c349aa2273488c1eee83041ed56aa0d6d8502f8f2708.svg
C:\Projects\DB\ORM3\CLIENT\uDowntimeListForm.dfm	uDowntimeListForm.pas	dfm	TfrmDowntimeList	dxBarManager1.dxBarDBNavPost1	dxBarDBNavPost1	TdxBarDBNavButton			Glyph.Data	single		svg	337	0	0	0	0							8f9b13bab01903aac5c507b4e8cabbe899263cd4f3aa5b9a02b0cf8d69d57e03	images\8f9b13bab01903aac5c507b4e8cabbe899263cd4f3aa5b9a02b0cf8d69d57e03.svg
C:\Projects\DB\ORM3\CLIENT\uDowntimeListForm.dfm	uDowntimeListForm.pas	dfm	TfrmDowntimeList	dxBarManager1.dxBarDBNavCancel1	dxBarDBNavCancel1	TdxBarDBNavButton			Glyph.Data	single		svg	581	0	0	0	0							0bf670167728fb629118e442f19cb6d896033afa8289ac7bed141f4aa7ee9093	images\0bf670167728fb629118e442f19cb6d896033afa8289ac7bed141f4aa7ee9093.svg
C:\Projects\DB\ORM3\CLIENT\uDowntimeListForm.dfm	uDowntimeListForm.pas	dfm	TfrmDowntimeList	dxBarManager1.dxBarDBNavRefresh1	dxBarDBNavRefresh1	TdxBarDBNavButton			Glyph.Data	single		svg	426	0	0	0	0							fe976aa73cfd0d6bdb8e57cba9f19670367d0f5a0ad38d7ed106e3af5b2d2eae	images\fe976aa73cfd0d6bdb8e57cba9f19670367d0f5a0ad38d7ed106e3af5b2d2eae.svg
C:\Projects\DB\ORM3\CLIENT\uDowntimeListForm.dfm	uDowntimeListForm.pas	dfm	TfrmDowntimeList	dxBarManager1.btnLookup	btnLookup	TdxBarButton			Glyph.Data	single		svg	333	0	0	0	0							cde92b9450c660a28d44f1a5a9d742a250cb43071f34fc57979eef48d37851a3	images\cde92b9450c660a28d44f1a5a9d742a250cb43071f34fc57979eef48d37851a3.svg
C:\Projects\DB\ORM3\CLIENT\uDowntimeListForm.dfm	uDowntimeListForm.pas	dfm	TfrmDowntimeList	dxBarManager1.btnRefresh	btnRefresh	TdxBarButton			Glyph.Data	single		svg	332	0	0	0	0							a467659f0ca6289bb9af8c8efa23a7b773d155ae241b6cf3b2861049138acf3a	images\a467659f0ca6289bb9af8c8efa23a7b773d155ae241b6cf3b2861049138acf3a.svg
C:\Projects\DB\ORM3\CLIENT\uDowntimeListForm.dfm	uDowntimeListForm.pas	dfm	TfrmDowntimeList	dxBarManager1.btnExit	btnExit	TdxBarButton			Glyph.Data	single		svg	3033	0	0	0	0							39e5933d6f88188b2c66d8c653d769e7684d9a23c349e93e39b61c6384fc2a9e	images\39e5933d6f88188b2c66d8c653d769e7684d9a23c349e93e39b61c6384fc2a9e.svg
C:\Projects\DB\ORM3\CLIENT\uEndProcListForm.dfm	uEndProcListForm.pas	dfm	TfrmEndProcList	dxBarManager1.dxBarDBNavFirst1	dxBarDBNavFirst1	TdxBarDBNavButton			Glyph.Data	single		svg	473	0	0	0	0							4f6b5e7feb872030cf8c07f4b0a9154dba561d068f0bbe851f401038888deb73	images\4f6b5e7feb872030cf8c07f4b0a9154dba561d068f0bbe851f401038888deb73.svg
C:\Projects\DB\ORM3\CLIENT\uEndProcListForm.dfm	uEndProcListForm.pas	dfm	TfrmEndProcList	dxBarManager1.dxBarDBNavPrev1	dxBarDBNavPrev1	TdxBarDBNavButton			Glyph.Data	single		svg	326	0	0	0	0							9affc86233a3c5214b39371064995d1a618b6351e5fc4ea3fcc737d5adee7301	images\9affc86233a3c5214b39371064995d1a618b6351e5fc4ea3fcc737d5adee7301.svg
C:\Projects\DB\ORM3\CLIENT\uEndProcListForm.dfm	uEndProcListForm.pas	dfm	TfrmEndProcList	dxBarManager1.dxBarDBNavNext1	dxBarDBNavNext1	TdxBarDBNavButton			Glyph.Data	single		svg	326	0	0	0	0							31c86d717e300180306624b9f136bc00ee9996221aef9eb76e66c80b91008bf7	images\31c86d717e300180306624b9f136bc00ee9996221aef9eb76e66c80b91008bf7.svg
C:\Projects\DB\ORM3\CLIENT\uEndProcListForm.dfm	uEndProcListForm.pas	dfm	TfrmEndProcList	dxBarManager1.dxBarDBNavLast1	dxBarDBNavLast1	TdxBarDBNavButton			Glyph.Data	single		svg	433	0	0	0	0							44036aa63309d06887b4983c8a4fc4e7f96de9af23f3593af004275785272ced	images\44036aa63309d06887b4983c8a4fc4e7f96de9af23f3593af004275785272ced.svg
C:\Projects\DB\ORM3\CLIENT\uEndProcListForm.dfm	uEndProcListForm.pas	dfm	TfrmEndProcList	dxBarManager1.dxBarDBNavInsert1	dxBarDBNavInsert1	TdxBarDBNavButton			Glyph.Data	single		svg	421	0	0	0	0							213250362e820808f9afeae33d37fe36d29446da8156945b7c706b08cd1f8ef6	images\213250362e820808f9afeae33d37fe36d29446da8156945b7c706b08cd1f8ef6.svg
C:\Projects\DB\ORM3\CLIENT\uEndProcListForm.dfm	uEndProcListForm.pas	dfm	TfrmEndProcList	dxBarManager1.dxBarDBNavDelete1	dxBarDBNavDelete1	TdxBarDBNavButton			Glyph.Data	single		svg	331	0	0	0	0							3426812018064253d38559294ae768a24bc1f0e2b55e1155b259650d305523b2	images\3426812018064253d38559294ae768a24bc1f0e2b55e1155b259650d305523b2.svg
C:\Projects\DB\ORM3\CLIENT\uEndProcListForm.dfm	uEndProcListForm.pas	dfm	TfrmEndProcList	dxBarManager1.dxBarDBNavEdit1	dxBarDBNavEdit1	TdxBarDBNavButton			Glyph.Data	single		svg	299	0	0	0	0							d7cef1afe0805720b049c349aa2273488c1eee83041ed56aa0d6d8502f8f2708	images\d7cef1afe0805720b049c349aa2273488c1eee83041ed56aa0d6d8502f8f2708.svg
C:\Projects\DB\ORM3\CLIENT\uEndProcListForm.dfm	uEndProcListForm.pas	dfm	TfrmEndProcList	dxBarManager1.dxBarDBNavPost1	dxBarDBNavPost1	TdxBarDBNavButton			Glyph.Data	single		svg	337	0	0	0	0							8f9b13bab01903aac5c507b4e8cabbe899263cd4f3aa5b9a02b0cf8d69d57e03	images\8f9b13bab01903aac5c507b4e8cabbe899263cd4f3aa5b9a02b0cf8d69d57e03.svg
C:\Projects\DB\ORM3\CLIENT\uEndProcListForm.dfm	uEndProcListForm.pas	dfm	TfrmEndProcList	dxBarManager1.dxBarDBNavCancel1	dxBarDBNavCancel1	TdxBarDBNavButton			Glyph.Data	single		svg	581	0	0	0	0							0bf670167728fb629118e442f19cb6d896033afa8289ac7bed141f4aa7ee9093	images\0bf670167728fb629118e442f19cb6d896033afa8289ac7bed141f4aa7ee9093.svg
C:\Projects\DB\ORM3\CLIENT\uEndProcListForm.dfm	uEndProcListForm.pas	dfm	TfrmEndProcList	dxBarManager1.dxBarDBNavRefresh1	dxBarDBNavRefresh1	TdxBarDBNavButton			Glyph.Data	single		svg	426	0	0	0	0							fe976aa73cfd0d6bdb8e57cba9f19670367d0f5a0ad38d7ed106e3af5b2d2eae	images\fe976aa73cfd0d6bdb8e57cba9f19670367d0f5a0ad38d7ed106e3af5b2d2eae.svg
C:\Projects\DB\ORM3\CLIENT\uEndProcListForm.dfm	uEndProcListForm.pas	dfm	TfrmEndProcList	dxBarManager1.btnLookup	btnLookup	TdxBarButton			Glyph.Data	single		svg	333	0	0	0	0							cde92b9450c660a28d44f1a5a9d742a250cb43071f34fc57979eef48d37851a3	images\cde92b9450c660a28d44f1a5a9d742a250cb43071f34fc57979eef48d37851a3.svg
C:\Projects\DB\ORM3\CLIENT\uEndProcListForm.dfm	uEndProcListForm.pas	dfm	TfrmEndProcList	dxBarManager1.btnRefresh	btnRefresh	TdxBarButton			Glyph.Data	single		svg	332	0	0	0	0							a467659f0ca6289bb9af8c8efa23a7b773d155ae241b6cf3b2861049138acf3a	images\a467659f0ca6289bb9af8c8efa23a7b773d155ae241b6cf3b2861049138acf3a.svg
C:\Projects\DB\ORM3\CLIENT\uEndProcListForm.dfm	uEndProcListForm.pas	dfm	TfrmEndProcList	dxBarManager1.btnExit	btnExit	TdxBarButton			Glyph.Data	single		svg	3033	0	0	0	0							39e5933d6f88188b2c66d8c653d769e7684d9a23c349e93e39b61c6384fc2a9e	images\39e5933d6f88188b2c66d8c653d769e7684d9a23c349e93e39b61c6384fc2a9e.svg
C:\Projects\DB\ORM3\CLIENT\uEnterPassword.dfm	uEnterPassword.pas	dfm	TfrmEnterPassword		frmEnterPassword	TfrmEnterPassword	uEnterPassword		Icon.Data	single		ico	1150	0	0	0	0							87829c566615525191dec99da56caf00d42442aaa72a701af21d38cb4d4598be	images\87829c566615525191dec99da56caf00d42442aaa72a701af21d38cb4d4598be.ico
C:\Projects\DB\ORM3\CLIENT\uEnterPassword.dfm	uEnterPassword.pas	dfm	TfrmEnterPassword	btnCancel	btnCancel	TcxButton			OptionsImage.Glyph.Data	single		svg	475	0	0	0	0							182dc8b95b3aacd3fb2a562fef0f9af9d1bcead5a2f8e9477f6910dfd29af2d0	images\182dc8b95b3aacd3fb2a562fef0f9af9d1bcead5a2f8e9477f6910dfd29af2d0.svg
C:\Projects\DB\ORM3\CLIENT\uEnterPassword.dfm	uEnterPassword.pas	dfm	TfrmEnterPassword	btnOK	btnOK	TcxButton			OptionsImage.Glyph.Data	single		svg	311	0	0	0	0							ab2833c13bab5dcf5c52f24bf054fc6b3ced8666064942a91cc8b758a6e53202	images\ab2833c13bab5dcf5c52f24bf054fc6b3ced8666064942a91cc8b758a6e53202.svg
C:\Projects\DB\ORM3\CLIENT\UIConnect.dfm	UIConnect.pas	dfm	TfrmUIConnect		frmUIConnect	TfrmUIConnect	UIConnect		Icon.Data	single		ico	766	0	0	0	0							ff66307bd79fe7ed8b4531ae81ef3204cb3be14d8de48ef8f75f7f95693b8981	images\ff66307bd79fe7ed8b4531ae81ef3204cb3be14d8de48ef8f75f7f95693b8981.ico
C:\Projects\DB\ORM3\CLIENT\uJobList.dfm	uJobList.pas	dfm	TfrmJobList		frmJobList	TfrmJobList	uJobList		Icon.Data	single		ico	4286	0	0	0	0							0125ad05d2f3e161af7c97a03ff394d5e115bbdbbc2c8753b6bd399e1047e450	images\0125ad05d2f3e161af7c97a03ff394d5e115bbdbbc2c8753b6bd399e1047e450.ico
C:\Projects\DB\ORM3\CLIENT\uJobList.dfm	uJobList.pas	dfm	TfrmJobList	dxBarManager1.btnRefresh	btnRefresh	TdxBarButton			Glyph.Data	single		svg	340	0	0	0	0							7d8073261023afb71c6fb87cb76fd2a20a79de0e8e72475940de869333f1d5d6	images\7d8073261023afb71c6fb87cb76fd2a20a79de0e8e72475940de869333f1d5d6.svg
C:\Projects\DB\ORM3\CLIENT\uJobList.dfm	uJobList.pas	dfm	TfrmJobList	dxBarManager1.dxBarDBNavFirst1	dxBarDBNavFirst1	TdxBarDBNavButton			Glyph.Data	single		svg	473	0	0	0	0							4f6b5e7feb872030cf8c07f4b0a9154dba561d068f0bbe851f401038888deb73	images\4f6b5e7feb872030cf8c07f4b0a9154dba561d068f0bbe851f401038888deb73.svg
C:\Projects\DB\ORM3\CLIENT\uJobList.dfm	uJobList.pas	dfm	TfrmJobList	dxBarManager1.dxBarDBNavPrev1	dxBarDBNavPrev1	TdxBarDBNavButton			Glyph.Data	single		svg	326	0	0	0	0							9affc86233a3c5214b39371064995d1a618b6351e5fc4ea3fcc737d5adee7301	images\9affc86233a3c5214b39371064995d1a618b6351e5fc4ea3fcc737d5adee7301.svg
C:\Projects\DB\ORM3\CLIENT\uJobList.dfm	uJobList.pas	dfm	TfrmJobList	dxBarManager1.dxBarDBNavNext1	dxBarDBNavNext1	TdxBarDBNavButton			Glyph.Data	single		svg	326	0	0	0	0							31c86d717e300180306624b9f136bc00ee9996221aef9eb76e66c80b91008bf7	images\31c86d717e300180306624b9f136bc00ee9996221aef9eb76e66c80b91008bf7.svg
C:\Projects\DB\ORM3\CLIENT\uJobList.dfm	uJobList.pas	dfm	TfrmJobList	dxBarManager1.dxBarDBNavLast1	dxBarDBNavLast1	TdxBarDBNavButton			Glyph.Data	single		svg	433	0	0	0	0							44036aa63309d06887b4983c8a4fc4e7f96de9af23f3593af004275785272ced	images\44036aa63309d06887b4983c8a4fc4e7f96de9af23f3593af004275785272ced.svg
C:\Projects\DB\ORM3\CLIENT\uJobList.dfm	uJobList.pas	dfm	TfrmJobList	dxBarManager1.dxBarDBNavDelete1	dxBarDBNavDelete1	TdxBarDBNavButton			Glyph.Data	single		svg	331	0	0	0	0							3426812018064253d38559294ae768a24bc1f0e2b55e1155b259650d305523b2	images\3426812018064253d38559294ae768a24bc1f0e2b55e1155b259650d305523b2.svg
C:\Projects\DB\ORM3\CLIENT\uJobList.dfm	uJobList.pas	dfm	TfrmJobList	dxBarManager1.dxBarDBNavInsert1	dxBarDBNavInsert1	TdxBarDBNavButton			Glyph.Data	single		svg	421	0	0	0	0							213250362e820808f9afeae33d37fe36d29446da8156945b7c706b08cd1f8ef6	images\213250362e820808f9afeae33d37fe36d29446da8156945b7c706b08cd1f8ef6.svg
C:\Projects\DB\ORM3\CLIENT\uJobList.dfm	uJobList.pas	dfm	TfrmJobList	dxBarManager1.dxBarDBNavPost1	dxBarDBNavPost1	TdxBarDBNavButton			Glyph.Data	single		svg	337	0	0	0	0							8f9b13bab01903aac5c507b4e8cabbe899263cd4f3aa5b9a02b0cf8d69d57e03	images\8f9b13bab01903aac5c507b4e8cabbe899263cd4f3aa5b9a02b0cf8d69d57e03.svg
C:\Projects\DB\ORM3\CLIENT\uJobList.dfm	uJobList.pas	dfm	TfrmJobList	dxBarManager1.dxBarDBNavCancel1	dxBarDBNavCancel1	TdxBarDBNavButton			Glyph.Data	single		svg	581	0	0	0	0							0bf670167728fb629118e442f19cb6d896033afa8289ac7bed141f4aa7ee9093	images\0bf670167728fb629118e442f19cb6d896033afa8289ac7bed141f4aa7ee9093.svg
C:\Projects\DB\ORM3\CLIENT\uJobList.dfm	uJobList.pas	dfm	TfrmJobList	dxBarManager1.dxBarDBNavRefresh1	dxBarDBNavRefresh1	TdxBarDBNavButton			Glyph.Data	single		svg	426	0	0	0	0							fe976aa73cfd0d6bdb8e57cba9f19670367d0f5a0ad38d7ed106e3af5b2d2eae	images\fe976aa73cfd0d6bdb8e57cba9f19670367d0f5a0ad38d7ed106e3af5b2d2eae.svg
C:\Projects\DB\ORM3\CLIENT\uJobList.dfm	uJobList.pas	dfm	TfrmJobList	dxBarManager1.btnFldOpen	btnFldOpen	TdxBarButton			Glyph.Data	single		svg	1589	0	0	0	0							0240cf35c755e4171af1e4e6e1fbe4a4b1d2682605f168c036c873054eca0ba9	images\0240cf35c755e4171af1e4e6e1fbe4a4b1d2682605f168c036c873054eca0ba9.svg
C:\Projects\DB\ORM3\CLIENT\uJobList.dfm	uJobList.pas	dfm	TfrmJobList	dxBarManager1.btnFldOpen	btnFldOpen	TdxBarButton			LargeGlyph.Data	single		svg	1589	0	0	0	0							0240cf35c755e4171af1e4e6e1fbe4a4b1d2682605f168c036c873054eca0ba9	images\0240cf35c755e4171af1e4e6e1fbe4a4b1d2682605f168c036c873054eca0ba9.svg
C:\Projects\DB\ORM3\CLIENT\uJobList.dfm	uJobList.pas	dfm	TfrmJobList	dxBarManager1.btnFldNew	btnFldNew	TdxBarButton			Glyph.Data	single		svg	1560	0	0	0	0							747d408a03f958d29b6d4317c5a605e7ecd7e39a0c4a61f73c454a4ef553f03d	images\747d408a03f958d29b6d4317c5a605e7ecd7e39a0c4a61f73c454a4ef553f03d.svg
C:\Projects\DB\ORM3\CLIENT\uJobList.dfm	uJobList.pas	dfm	TfrmJobList	dxBarManager1.btnFldNew	btnFldNew	TdxBarButton			LargeGlyph.Data	single		svg	1560	0	0	0	0							747d408a03f958d29b6d4317c5a605e7ecd7e39a0c4a61f73c454a4ef553f03d	images\747d408a03f958d29b6d4317c5a605e7ecd7e39a0c4a61f73c454a4ef553f03d.svg
C:\Projects\DB\ORM3\CLIENT\uJobList.dfm	uJobList.pas	dfm	TfrmJobList	dxBarManager1.btnFldCopy	btnFldCopy	TdxBarButton			Glyph.Data	single		svg	1035	0	0	0	0							cac89c56384fed1553b8b438edcddbf55488adae2da20736651bfdbaea18f826	images\cac89c56384fed1553b8b438edcddbf55488adae2da20736651bfdbaea18f826.svg
C:\Projects\DB\ORM3\CLIENT\uJobList.dfm	uJobList.pas	dfm	TfrmJobList	dxBarManager1.btnFldCopy	btnFldCopy	TdxBarButton			LargeGlyph.Data	single		svg	1035	0	0	0	0							cac89c56384fed1553b8b438edcddbf55488adae2da20736651bfdbaea18f826	images\cac89c56384fed1553b8b438edcddbf55488adae2da20736651bfdbaea18f826.svg
C:\Projects\DB\ORM3\CLIENT\uJobList.dfm	uJobList.pas	dfm	TfrmJobList	dxBarManager1.btnFldArchive	btnFldArchive	TdxBarButton			Glyph.Data	single		svg	3876	0	0	0	0							0e574f43eb94b8fd5234e3795a8436baddf84dccec8cd99c8158e15cbccb05ae	images\0e574f43eb94b8fd5234e3795a8436baddf84dccec8cd99c8158e15cbccb05ae.svg
C:\Projects\DB\ORM3\CLIENT\uJobList.dfm	uJobList.pas	dfm	TfrmJobList	dxBarManager1.btnFldArchive	btnFldArchive	TdxBarButton			LargeGlyph.Data	single		svg	3876	0	0	0	0							0e574f43eb94b8fd5234e3795a8436baddf84dccec8cd99c8158e15cbccb05ae	images\0e574f43eb94b8fd5234e3795a8436baddf84dccec8cd99c8158e15cbccb05ae.svg
C:\Projects\DB\ORM3\CLIENT\uJobList.dfm	uJobList.pas	dfm	TfrmJobList	dxBarManager1.btnFldDelete	btnFldDelete	TdxBarButton			Glyph.Data	single		svg	1822	0	0	0	0							b9ad037b95e6d5599e8c62c27dddc9dece4bac6ba56ca05b6c663ade8a5aab89	images\b9ad037b95e6d5599e8c62c27dddc9dece4bac6ba56ca05b6c663ade8a5aab89.svg
C:\Projects\DB\ORM3\CLIENT\uJobList.dfm	uJobList.pas	dfm	TfrmJobList	dxBarManager1.btnFldGridSearch	btnFldGridSearch	TdxBarButton			Glyph.Data	single		svg	536	0	0	0	0							0c0631bdc594ae0cdf8c3331218717b57f020c84375ccb00b1ea416b6f653a21	images\0c0631bdc594ae0cdf8c3331218717b57f020c84375ccb00b1ea416b6f653a21.svg
C:\Projects\DB\ORM3\CLIENT\uJobList.dfm	uJobList.pas	dfm	TfrmJobList	dxBarManager1.btnArchiveClosedFolders	btnArchiveClosedFolders	TdxBarButton			Glyph.Data	single		svg	4536	0	0	0	0							60af9757b7ca71ed85fa3eb225e93950f0368877e583a58f17cc3140563564f9	images\60af9757b7ca71ed85fa3eb225e93950f0368877e583a58f17cc3140563564f9.svg
C:\Projects\DB\ORM3\CLIENT\uJobList.dfm	uJobList.pas	dfm	TfrmJobList	dxBarManager1.btnArchiveClosedFolders	btnArchiveClosedFolders	TdxBarButton			LargeGlyph.Data	single		svg	4536	0	0	0	0							60af9757b7ca71ed85fa3eb225e93950f0368877e583a58f17cc3140563564f9	images\60af9757b7ca71ed85fa3eb225e93950f0368877e583a58f17cc3140563564f9.svg
C:\Projects\DB\ORM3\CLIENT\uJobList.dfm	uJobList.pas	dfm	TfrmJobList	dxBarManager1.btnRefreshGrid	btnRefreshGrid	TdxBarButton			Glyph.Data	single		svg	922	0	0	0	0							29f216145f246d336e7c94ed043c580f2879856c9729f1ea29ce1e5271c20d99	images\29f216145f246d336e7c94ed043c580f2879856c9729f1ea29ce1e5271c20d99.svg
C:\Projects\DB\ORM3\CLIENT\uJobList.dfm	uJobList.pas	dfm	TfrmJobList	dxBarManager1.btnRefreshGrid	btnRefreshGrid	TdxBarButton			LargeGlyph.Data	single		svg	922	0	0	0	0							29f216145f246d336e7c94ed043c580f2879856c9729f1ea29ce1e5271c20d99	images\29f216145f246d336e7c94ed043c580f2879856c9729f1ea29ce1e5271c20d99.svg
C:\Projects\DB\ORM3\CLIENT\uLookupListForm.dfm	uLookupListForm.pas	dfm	TfrmLookupList	dxBarManager1.dxBarDBNavFirst1	dxBarDBNavFirst1	TdxBarDBNavButton			Glyph.Data	single		svg	473	0	0	0	0							4f6b5e7feb872030cf8c07f4b0a9154dba561d068f0bbe851f401038888deb73	images\4f6b5e7feb872030cf8c07f4b0a9154dba561d068f0bbe851f401038888deb73.svg
C:\Projects\DB\ORM3\CLIENT\uLookupListForm.dfm	uLookupListForm.pas	dfm	TfrmLookupList	dxBarManager1.dxBarDBNavPrev1	dxBarDBNavPrev1	TdxBarDBNavButton			Glyph.Data	single		svg	326	0	0	0	0							9affc86233a3c5214b39371064995d1a618b6351e5fc4ea3fcc737d5adee7301	images\9affc86233a3c5214b39371064995d1a618b6351e5fc4ea3fcc737d5adee7301.svg
C:\Projects\DB\ORM3\CLIENT\uLookupListForm.dfm	uLookupListForm.pas	dfm	TfrmLookupList	dxBarManager1.dxBarDBNavNext1	dxBarDBNavNext1	TdxBarDBNavButton			Glyph.Data	single		svg	326	0	0	0	0							31c86d717e300180306624b9f136bc00ee9996221aef9eb76e66c80b91008bf7	images\31c86d717e300180306624b9f136bc00ee9996221aef9eb76e66c80b91008bf7.svg
C:\Projects\DB\ORM3\CLIENT\uLookupListForm.dfm	uLookupListForm.pas	dfm	TfrmLookupList	dxBarManager1.dxBarDBNavLast1	dxBarDBNavLast1	TdxBarDBNavButton			Glyph.Data	single		svg	433	0	0	0	0							44036aa63309d06887b4983c8a4fc4e7f96de9af23f3593af004275785272ced	images\44036aa63309d06887b4983c8a4fc4e7f96de9af23f3593af004275785272ced.svg
C:\Projects\DB\ORM3\CLIENT\uLookupListForm.dfm	uLookupListForm.pas	dfm	TfrmLookupList	dxBarManager1.dxBarDBNavInsert1	dxBarDBNavInsert1	TdxBarDBNavButton			Glyph.Data	single		svg	421	0	0	0	0							213250362e820808f9afeae33d37fe36d29446da8156945b7c706b08cd1f8ef6	images\213250362e820808f9afeae33d37fe36d29446da8156945b7c706b08cd1f8ef6.svg
C:\Projects\DB\ORM3\CLIENT\uLookupListForm.dfm	uLookupListForm.pas	dfm	TfrmLookupList	dxBarManager1.dxBarDBNavDelete1	dxBarDBNavDelete1	TdxBarDBNavButton			Glyph.Data	single		svg	331	0	0	0	0							3426812018064253d38559294ae768a24bc1f0e2b55e1155b259650d305523b2	images\3426812018064253d38559294ae768a24bc1f0e2b55e1155b259650d305523b2.svg
C:\Projects\DB\ORM3\CLIENT\uLookupListForm.dfm	uLookupListForm.pas	dfm	TfrmLookupList	dxBarManager1.dxBarDBNavEdit1	dxBarDBNavEdit1	TdxBarDBNavButton			Glyph.Data	single		svg	299	0	0	0	0							d7cef1afe0805720b049c349aa2273488c1eee83041ed56aa0d6d8502f8f2708	images\d7cef1afe0805720b049c349aa2273488c1eee83041ed56aa0d6d8502f8f2708.svg
C:\Projects\DB\ORM3\CLIENT\uLookupListForm.dfm	uLookupListForm.pas	dfm	TfrmLookupList	dxBarManager1.dxBarDBNavPost1	dxBarDBNavPost1	TdxBarDBNavButton			Glyph.Data	single		svg	337	0	0	0	0							8f9b13bab01903aac5c507b4e8cabbe899263cd4f3aa5b9a02b0cf8d69d57e03	images\8f9b13bab01903aac5c507b4e8cabbe899263cd4f3aa5b9a02b0cf8d69d57e03.svg
C:\Projects\DB\ORM3\CLIENT\uLookupListForm.dfm	uLookupListForm.pas	dfm	TfrmLookupList	dxBarManager1.dxBarDBNavCancel1	dxBarDBNavCancel1	TdxBarDBNavButton			Glyph.Data	single		svg	581	0	0	0	0							0bf670167728fb629118e442f19cb6d896033afa8289ac7bed141f4aa7ee9093	images\0bf670167728fb629118e442f19cb6d896033afa8289ac7bed141f4aa7ee9093.svg
C:\Projects\DB\ORM3\CLIENT\uLookupListForm.dfm	uLookupListForm.pas	dfm	TfrmLookupList	dxBarManager1.dxBarDBNavRefresh1	dxBarDBNavRefresh1	TdxBarDBNavButton			Glyph.Data	single		svg	426	0	0	0	0							fe976aa73cfd0d6bdb8e57cba9f19670367d0f5a0ad38d7ed106e3af5b2d2eae	images\fe976aa73cfd0d6bdb8e57cba9f19670367d0f5a0ad38d7ed106e3af5b2d2eae.svg
C:\Projects\DB\ORM3\CLIENT\uLookupListForm.dfm	uLookupListForm.pas	dfm	TfrmLookupList	dxBarManager1.btnLookup	btnLookup	TdxBarButton			Glyph.Data	single		svg	333	0	0	0	0							cde92b9450c660a28d44f1a5a9d742a250cb43071f34fc57979eef48d37851a3	images\cde92b9450c660a28d44f1a5a9d742a250cb43071f34fc57979eef48d37851a3.svg
C:\Projects\DB\ORM3\CLIENT\uLookupListForm.dfm	uLookupListForm.pas	dfm	TfrmLookupList	dxBarManager1.btnRefresh	btnRefresh	TdxBarButton			Glyph.Data	single		svg	332	0	0	0	0							a467659f0ca6289bb9af8c8efa23a7b773d155ae241b6cf3b2861049138acf3a	images\a467659f0ca6289bb9af8c8efa23a7b773d155ae241b6cf3b2861049138acf3a.svg
C:\Projects\DB\ORM3\CLIENT\uLookupListForm.dfm	uLookupListForm.pas	dfm	TfrmLookupList	dxBarManager1.btnExit	btnExit	TdxBarButton			Glyph.Data	single		svg	3033	0	0	0	0							39e5933d6f88188b2c66d8c653d769e7684d9a23c349e93e39b61c6384fc2a9e	images\39e5933d6f88188b2c66d8c653d769e7684d9a23c349e93e39b61c6384fc2a9e.svg
C:\Projects\DB\ORM3\CLIENT\uMachineListForm.dfm	uMachineListForm.pas	dfm	TfrmMachineList	dxBarManager1.dxBarDBNavFirst1	dxBarDBNavFirst1	TdxBarDBNavButton			Glyph.Data	single		svg	473	0	0	0	0							4f6b5e7feb872030cf8c07f4b0a9154dba561d068f0bbe851f401038888deb73	images\4f6b5e7feb872030cf8c07f4b0a9154dba561d068f0bbe851f401038888deb73.svg
C:\Projects\DB\ORM3\CLIENT\uMachineListForm.dfm	uMachineListForm.pas	dfm	TfrmMachineList	dxBarManager1.dxBarDBNavPrev1	dxBarDBNavPrev1	TdxBarDBNavButton			Glyph.Data	single		svg	326	0	0	0	0							9affc86233a3c5214b39371064995d1a618b6351e5fc4ea3fcc737d5adee7301	images\9affc86233a3c5214b39371064995d1a618b6351e5fc4ea3fcc737d5adee7301.svg
C:\Projects\DB\ORM3\CLIENT\uMachineListForm.dfm	uMachineListForm.pas	dfm	TfrmMachineList	dxBarManager1.dxBarDBNavNext1	dxBarDBNavNext1	TdxBarDBNavButton			Glyph.Data	single		svg	326	0	0	0	0							31c86d717e300180306624b9f136bc00ee9996221aef9eb76e66c80b91008bf7	images\31c86d717e300180306624b9f136bc00ee9996221aef9eb76e66c80b91008bf7.svg
C:\Projects\DB\ORM3\CLIENT\uMachineListForm.dfm	uMachineListForm.pas	dfm	TfrmMachineList	dxBarManager1.dxBarDBNavLast1	dxBarDBNavLast1	TdxBarDBNavButton			Glyph.Data	single		svg	433	0	0	0	0							44036aa63309d06887b4983c8a4fc4e7f96de9af23f3593af004275785272ced	images\44036aa63309d06887b4983c8a4fc4e7f96de9af23f3593af004275785272ced.svg
C:\Projects\DB\ORM3\CLIENT\uMachineListForm.dfm	uMachineListForm.pas	dfm	TfrmMachineList	dxBarManager1.dxBarDBNavInsert1	dxBarDBNavInsert1	TdxBarDBNavButton			Glyph.Data	single		svg	421	0	0	0	0							213250362e820808f9afeae33d37fe36d29446da8156945b7c706b08cd1f8ef6	images\213250362e820808f9afeae33d37fe36d29446da8156945b7c706b08cd1f8ef6.svg
C:\Projects\DB\ORM3\CLIENT\uMachineListForm.dfm	uMachineListForm.pas	dfm	TfrmMachineList	dxBarManager1.dxBarDBNavDelete1	dxBarDBNavDelete1	TdxBarDBNavButton			Glyph.Data	single		svg	331	0	0	0	0							3426812018064253d38559294ae768a24bc1f0e2b55e1155b259650d305523b2	images\3426812018064253d38559294ae768a24bc1f0e2b55e1155b259650d305523b2.svg
C:\Projects\DB\ORM3\CLIENT\uMachineListForm.dfm	uMachineListForm.pas	dfm	TfrmMachineList	dxBarManager1.dxBarDBNavEdit1	dxBarDBNavEdit1	TdxBarDBNavButton			Glyph.Data	single		svg	299	0	0	0	0							d7cef1afe0805720b049c349aa2273488c1eee83041ed56aa0d6d8502f8f2708	images\d7cef1afe0805720b049c349aa2273488c1eee83041ed56aa0d6d8502f8f2708.svg
C:\Projects\DB\ORM3\CLIENT\uMachineListForm.dfm	uMachineListForm.pas	dfm	TfrmMachineList	dxBarManager1.dxBarDBNavPost1	dxBarDBNavPost1	TdxBarDBNavButton			Glyph.Data	single		svg	337	0	0	0	0							8f9b13bab01903aac5c507b4e8cabbe899263cd4f3aa5b9a02b0cf8d69d57e03	images\8f9b13bab01903aac5c507b4e8cabbe899263cd4f3aa5b9a02b0cf8d69d57e03.svg
C:\Projects\DB\ORM3\CLIENT\uMachineListForm.dfm	uMachineListForm.pas	dfm	TfrmMachineList	dxBarManager1.dxBarDBNavCancel1	dxBarDBNavCancel1	TdxBarDBNavButton			Glyph.Data	single		svg	581	0	0	0	0							0bf670167728fb629118e442f19cb6d896033afa8289ac7bed141f4aa7ee9093	images\0bf670167728fb629118e442f19cb6d896033afa8289ac7bed141f4aa7ee9093.svg
C:\Projects\DB\ORM3\CLIENT\uMachineListForm.dfm	uMachineListForm.pas	dfm	TfrmMachineList	dxBarManager1.dxBarDBNavRefresh1	dxBarDBNavRefresh1	TdxBarDBNavButton			Glyph.Data	single		svg	426	0	0	0	0							fe976aa73cfd0d6bdb8e57cba9f19670367d0f5a0ad38d7ed106e3af5b2d2eae	images\fe976aa73cfd0d6bdb8e57cba9f19670367d0f5a0ad38d7ed106e3af5b2d2eae.svg
C:\Projects\DB\ORM3\CLIENT\uMachineListForm.dfm	uMachineListForm.pas	dfm	TfrmMachineList	dxBarManager1.btnLookup	btnLookup	TdxBarButton			Glyph.Data	single		svg	333	0	0	0	0							cde92b9450c660a28d44f1a5a9d742a250cb43071f34fc57979eef48d37851a3	images\cde92b9450c660a28d44f1a5a9d742a250cb43071f34fc57979eef48d37851a3.svg
C:\Projects\DB\ORM3\CLIENT\uMachineListForm.dfm	uMachineListForm.pas	dfm	TfrmMachineList	dxBarManager1.btnRefresh	btnRefresh	TdxBarButton			Glyph.Data	single		svg	332	0	0	0	0							a467659f0ca6289bb9af8c8efa23a7b773d155ae241b6cf3b2861049138acf3a	images\a467659f0ca6289bb9af8c8efa23a7b773d155ae241b6cf3b2861049138acf3a.svg
C:\Projects\DB\ORM3\CLIENT\uMachineListForm.dfm	uMachineListForm.pas	dfm	TfrmMachineList	dxBarManager1.btnExit	btnExit	TdxBarButton			Glyph.Data	single		svg	3033	0	0	0	0							39e5933d6f88188b2c66d8c653d769e7684d9a23c349e93e39b61c6384fc2a9e	images\39e5933d6f88188b2c66d8c653d769e7684d9a23c349e93e39b61c6384fc2a9e.svg
C:\Projects\DB\ORM3\CLIENT\uMain.dfm	uMain.pas	dfm	TfrmMAIN		frmMAIN	TfrmMAIN	Unit1		Icon.Data	single		ico	1150	0	0	0	0							a738c9d62b9d77ee7c16e4b83c490ad8aa37072147418c79ea79c041bb30378c	images\a738c9d62b9d77ee7c16e4b83c490ad8aa37072147418c79ea79c041bb30378c.ico
C:\Projects\DB\ORM3\CLIENT\uMain.dfm	uMain.pas	dfm	TfrmMAIN	dxRibbon1	dxRibbon1	TdxRibbon			ApplicationButton.Glyph.Data	single		svg	729	0	0	0	0							19d035d2e4c6c2a76acbca52aabe15ad62348b0818118e8656a2f43f24a8fc17	images\19d035d2e4c6c2a76acbca52aabe15ad62348b0818118e8656a2f43f24a8fc17.svg
C:\Projects\DB\ORM3\CLIENT\uMain.dfm	uMain.pas	dfm	TfrmMAIN	dxBarManager1.btnExit	btnExit	TdxBarButton			Glyph.Data	single		svg	311	0	0	0	0							0ee1495aec6055b09c0b955b8c775269b4e80c1981cd549a9b54fee39bde96ea	images\0ee1495aec6055b09c0b955b8c775269b4e80c1981cd549a9b54fee39bde96ea.svg
C:\Projects\DB\ORM3\CLIENT\uMain.dfm	uMain.pas	dfm	TfrmMAIN	dxBarManager1.SetupDataChannels1	SetupDataChannels1	TdxBarButton			Glyph.Data	single		svg	3108	0	0	0	0							86b548fe6d0ac687e8fad0291d131dd20efc53b4c453b6bcb3ff20cf2234a27f	images\86b548fe6d0ac687e8fad0291d131dd20efc53b4c453b6bcb3ff20cf2234a27f.svg
C:\Projects\DB\ORM3\CLIENT\uMain.dfm	uMain.pas	dfm	TfrmMAIN	dxBarManager1.DefaultSettings1	DefaultSettings1	TdxBarButton			Glyph.Data	single		svg	1080	0	0	0	0							0f15ac9bee1876b0ae0ce54602e2173d812f0b1f33612d9a74228a39601c893e	images\0f15ac9bee1876b0ae0ce54602e2173d812f0b1f33612d9a74228a39601c893e.svg
C:\Projects\DB\ORM3\CLIENT\uMain.dfm	uMain.pas	dfm	TfrmMAIN	dxBarManager1.DefaultSettings1	DefaultSettings1	TdxBarButton			LargeGlyph.Data	single		svg	1080	0	0	0	0							0f15ac9bee1876b0ae0ce54602e2173d812f0b1f33612d9a74228a39601c893e	images\0f15ac9bee1876b0ae0ce54602e2173d812f0b1f33612d9a74228a39601c893e.svg
C:\Projects\DB\ORM3\CLIENT\uMain.dfm	uMain.pas	dfm	TfrmMAIN	dxBarManager1.Station1	Station1	TdxBarButton			Glyph.Data	single		svg	920	0	0	0	0							33ee90db0ea1a8cb1959a52392e6cfd6f1ed5fa809bacfe3a5bcce4328ac916b	images\33ee90db0ea1a8cb1959a52392e6cfd6f1ed5fa809bacfe3a5bcce4328ac916b.svg
C:\Projects\DB\ORM3\CLIENT\uMain.dfm	uMain.pas	dfm	TfrmMAIN	dxBarManager1.Station1	Station1	TdxBarButton			LargeGlyph.Data	single		svg	920	0	0	0	0							33ee90db0ea1a8cb1959a52392e6cfd6f1ed5fa809bacfe3a5bcce4328ac916b	images\33ee90db0ea1a8cb1959a52392e6cfd6f1ed5fa809bacfe3a5bcce4328ac916b.svg
C:\Projects\DB\ORM3\CLIENT\uMain.dfm	uMain.pas	dfm	TfrmMAIN	dxBarManager1.PrinterSetup1	PrinterSetup1	TdxBarButton			Glyph.Data	single		svg	819	0	0	0	0							4ba55ff88e8cf3f39a716d1dd6eb4e744836948baa8d84db637a15a904e50cdb	images\4ba55ff88e8cf3f39a716d1dd6eb4e744836948baa8d84db637a15a904e50cdb.svg
C:\Projects\DB\ORM3\CLIENT\uMain.dfm	uMain.pas	dfm	TfrmMAIN	dxBarManager1.PrinterSetup1	PrinterSetup1	TdxBarButton			LargeGlyph.Data	single		svg	819	0	0	0	0							4ba55ff88e8cf3f39a716d1dd6eb4e744836948baa8d84db637a15a904e50cdb	images\4ba55ff88e8cf3f39a716d1dd6eb4e744836948baa8d84db637a15a904e50cdb.svg
C:\Projects\DB\ORM3\CLIENT\uMain.dfm	uMain.pas	dfm	TfrmMAIN	dxBarManager1.PageSetup	PageSetup	TdxBarButton			Glyph.Data	single		svg	840	0	0	0	0							c3262b88c2e90cd31e13932c266ce9bf09a087c3b68b66f81277f43d925eb27e	images\c3262b88c2e90cd31e13932c266ce9bf09a087c3b68b66f81277f43d925eb27e.svg
C:\Projects\DB\ORM3\CLIENT\uMain.dfm	uMain.pas	dfm	TfrmMAIN	dxBarManager1.PageSetup	PageSetup	TdxBarButton			LargeGlyph.Data	single		svg	840	0	0	0	0							c3262b88c2e90cd31e13932c266ce9bf09a087c3b68b66f81277f43d925eb27e	images\c3262b88c2e90cd31e13932c266ce9bf09a087c3b68b66f81277f43d925eb27e.svg
C:\Projects\DB\ORM3\CLIENT\uMain.dfm	uMain.pas	dfm	TfrmMAIN	dxBarManager1.Stylesetup	Stylesetup	TdxBarButton			Glyph.Data	single		svg	566	0	0	0	0							620e27d11096d9596165cc53ca5de099d5c2704df6701226279625126a6b2190	images\620e27d11096d9596165cc53ca5de099d5c2704df6701226279625126a6b2190.svg
C:\Projects\DB\ORM3\CLIENT\uMain.dfm	uMain.pas	dfm	TfrmMAIN	dxBarManager1.Stylesetup	Stylesetup	TdxBarButton			LargeGlyph.Data	single		svg	566	0	0	0	0							620e27d11096d9596165cc53ca5de099d5c2704df6701226279625126a6b2190	images\620e27d11096d9596165cc53ca5de099d5c2704df6701226279625126a6b2190.svg
C:\Projects\DB\ORM3\CLIENT\uMain.dfm	uMain.pas	dfm	TfrmMAIN	dxBarManager1.ListofVariableNames1	ListofVariableNames1	TdxBarButton			Glyph.Data	single		svg	4036	0	0	0	0							137d4e5ce8287471908e3096e4eebc6da8b15a3e05704cce86b1da60003643d8	images\137d4e5ce8287471908e3096e4eebc6da8b15a3e05704cce86b1da60003643d8.svg
C:\Projects\DB\ORM3\CLIENT\uMain.dfm	uMain.pas	dfm	TfrmMAIN	dxBarManager1.ListofVariableNames1	ListofVariableNames1	TdxBarButton			LargeGlyph.Data	single		svg	4036	0	0	0	0							137d4e5ce8287471908e3096e4eebc6da8b15a3e05704cce86b1da60003643d8	images\137d4e5ce8287471908e3096e4eebc6da8b15a3e05704cce86b1da60003643d8.svg
C:\Projects\DB\ORM3\CLIENT\uMain.dfm	uMain.pas	dfm	TfrmMAIN	dxBarManager1.DefectList1	DefectList1	TdxBarButton			Glyph.Data	single		svg	2215	0	0	0	0							098c311d285e9409d52e0d3357b41b5fea609fbddd47d828f8f4573f05106cd6	images\098c311d285e9409d52e0d3357b41b5fea609fbddd47d828f8f4573f05106cd6.svg
C:\Projects\DB\ORM3\CLIENT\uMain.dfm	uMain.pas	dfm	TfrmMAIN	dxBarManager1.DefectList1	DefectList1	TdxBarButton			LargeGlyph.Data	single		svg	2215	0	0	0	0							098c311d285e9409d52e0d3357b41b5fea609fbddd47d828f8f4573f05106cd6	images\098c311d285e9409d52e0d3357b41b5fea609fbddd47d828f8f4573f05106cd6.svg
C:\Projects\DB\ORM3\CLIENT\uMain.dfm	uMain.pas	dfm	TfrmMAIN	dxBarManager1.PersonellList1	PersonellList1	TdxBarButton			Glyph.Data	single		svg	1424	0	0	0	0							981983aad8913ca5cc098a2aec3b71e8c3a15f71d0aadfa82070a06b59e1e87e	images\981983aad8913ca5cc098a2aec3b71e8c3a15f71d0aadfa82070a06b59e1e87e.svg
C:\Projects\DB\ORM3\CLIENT\uMain.dfm	uMain.pas	dfm	TfrmMAIN	dxBarManager1.PersonellList1	PersonellList1	TdxBarButton			LargeGlyph.Data	single		svg	1424	0	0	0	0							981983aad8913ca5cc098a2aec3b71e8c3a15f71d0aadfa82070a06b59e1e87e	images\981983aad8913ca5cc098a2aec3b71e8c3a15f71d0aadfa82070a06b59e1e87e.svg
C:\Projects\DB\ORM3\CLIENT\uMain.dfm	uMain.pas	dfm	TfrmMAIN	dxBarManager1.MachineList1	MachineList1	TdxBarButton			Glyph.Data	single		svg	6010	0	0	0	0							345268146b80a391cfe09ff7fea65c5a0905caacc101109f4e6dbfa08cb76fed	images\345268146b80a391cfe09ff7fea65c5a0905caacc101109f4e6dbfa08cb76fed.svg
C:\Projects\DB\ORM3\CLIENT\uMain.dfm	uMain.pas	dfm	TfrmMAIN	dxBarManager1.MachineList1	MachineList1	TdxBarButton			LargeGlyph.Data	single		svg	6010	0	0	0	0							345268146b80a391cfe09ff7fea65c5a0905caacc101109f4e6dbfa08cb76fed	images\345268146b80a391cfe09ff7fea65c5a0905caacc101109f4e6dbfa08cb76fed.svg
C:\Projects\DB\ORM3\CLIENT\uMain.dfm	uMain.pas	dfm	TfrmMAIN	dxBarManager1.CustomerList1	CustomerList1	TdxBarButton			Glyph.Data	single		svg	1354	0	0	0	0							6707bb90b47f39ba7a6e58cf61cf9afd2c44fccc7bae3d791b7d1da7c3f0e059	images\6707bb90b47f39ba7a6e58cf61cf9afd2c44fccc7bae3d791b7d1da7c3f0e059.svg
C:\Projects\DB\ORM3\CLIENT\uMain.dfm	uMain.pas	dfm	TfrmMAIN	dxBarManager1.CustomerList1	CustomerList1	TdxBarButton			LargeGlyph.Data	single		svg	1354	0	0	0	0							6707bb90b47f39ba7a6e58cf61cf9afd2c44fccc7bae3d791b7d1da7c3f0e059	images\6707bb90b47f39ba7a6e58cf61cf9afd2c44fccc7bae3d791b7d1da7c3f0e059.svg
C:\Projects\DB\ORM3\CLIENT\uMain.dfm	uMain.pas	dfm	TfrmMAIN	dxBarManager1.ToolList1	ToolList1	TdxBarButton			Glyph.Data	single		svg	2694	0	0	0	0							2f3727d16ae94c4953b6418d3a16cc8830ddb644a337cbd6345be01147b7d7bc	images\2f3727d16ae94c4953b6418d3a16cc8830ddb644a337cbd6345be01147b7d7bc.svg
C:\Projects\DB\ORM3\CLIENT\uMain.dfm	uMain.pas	dfm	TfrmMAIN	dxBarManager1.ToolList1	ToolList1	TdxBarButton			LargeGlyph.Data	single		svg	2694	0	0	0	0							2f3727d16ae94c4953b6418d3a16cc8830ddb644a337cbd6345be01147b7d7bc	images\2f3727d16ae94c4953b6418d3a16cc8830ddb644a337cbd6345be01147b7d7bc.svg
C:\Projects\DB\ORM3\CLIENT\uMain.dfm	uMain.pas	dfm	TfrmMAIN	dxBarManager1.ReasonforProcessstop1	ReasonforProcessstop1	TdxBarButton			Glyph.Data	single		svg	3293	0	0	0	0							8613214a22caf0d370503bb22e97d2648393a91fc29c857425149e983e105182	images\8613214a22caf0d370503bb22e97d2648393a91fc29c857425149e983e105182.svg
C:\Projects\DB\ORM3\CLIENT\uMain.dfm	uMain.pas	dfm	TfrmMAIN	dxBarManager1.ReasonforProcessstop1	ReasonforProcessstop1	TdxBarButton			LargeGlyph.Data	single		svg	3293	0	0	0	0							8613214a22caf0d370503bb22e97d2648393a91fc29c857425149e983e105182	images\8613214a22caf0d370503bb22e97d2648393a91fc29c857425149e983e105182.svg
C:\Projects\DB\ORM3\CLIENT\uMain.dfm	uMain.pas	dfm	TfrmMAIN	dxBarManager1.Toolwearandfailuremode1	Toolwearandfailuremode1	TdxBarButton			Glyph.Data	single		svg	6200	0	0	0	0							dd584c650cce9b7fbe4b22523776bf8d6640d9122ea6d8de32f70da1bbd6e730	images\dd584c650cce9b7fbe4b22523776bf8d6640d9122ea6d8de32f70da1bbd6e730.svg
C:\Projects\DB\ORM3\CLIENT\uMain.dfm	uMain.pas	dfm	TfrmMAIN	dxBarManager1.Toolwearandfailuremode1	Toolwearandfailuremode1	TdxBarButton			LargeGlyph.Data	single		svg	6200	0	0	0	0							dd584c650cce9b7fbe4b22523776bf8d6640d9122ea6d8de32f70da1bbd6e730	images\dd584c650cce9b7fbe4b22523776bf8d6640d9122ea6d8de32f70da1bbd6e730.svg
C:\Projects\DB\ORM3\CLIENT\uMain.dfm	uMain.pas	dfm	TfrmMAIN	dxBarManager1.Surfacefinish1	Surfacefinish1	TdxBarButton			Glyph.Data	single		svg	876	0	0	0	0							49c8bcdc89897a857f52ec3bb51b50d778df0a87ef11af4fea0a479d28fe922b	images\49c8bcdc89897a857f52ec3bb51b50d778df0a87ef11af4fea0a479d28fe922b.svg
C:\Projects\DB\ORM3\CLIENT\uMain.dfm	uMain.pas	dfm	TfrmMAIN	dxBarManager1.Surfacefinish1	Surfacefinish1	TdxBarButton			LargeGlyph.Data	single		svg	876	0	0	0	0							49c8bcdc89897a857f52ec3bb51b50d778df0a87ef11af4fea0a479d28fe922b	images\49c8bcdc89897a857f52ec3bb51b50d778df0a87ef11af4fea0a479d28fe922b.svg
C:\Projects\DB\ORM3\CLIENT\uMain.dfm	uMain.pas	dfm	TfrmMAIN	dxBarManager1.ChipFormation1	ChipFormation1	TdxBarButton			Glyph.Data	single		svg	898	0	0	0	0							b1106189a64dbc14489be011e638e0d22f30cf7178938f3616d804bf1e1baf01	images\b1106189a64dbc14489be011e638e0d22f30cf7178938f3616d804bf1e1baf01.svg
C:\Projects\DB\ORM3\CLIENT\uMain.dfm	uMain.pas	dfm	TfrmMAIN	dxBarManager1.ChipFormation1	ChipFormation1	TdxBarButton			LargeGlyph.Data	single		svg	898	0	0	0	0							b1106189a64dbc14489be011e638e0d22f30cf7178938f3616d804bf1e1baf01	images\b1106189a64dbc14489be011e638e0d22f30cf7178938f3616d804bf1e1baf01.svg
C:\Projects\DB\ORM3\CLIENT\uMain.dfm	uMain.pas	dfm	TfrmMAIN	dxBarManager1.CauseofFailure1	CauseofFailure1	TdxBarButton			Glyph.Data	single		svg	874	0	0	0	0							74d72105fe5f4eaffacc15ec032bf5d3cc7dddd4292ffc0d20a70089ea257fce	images\74d72105fe5f4eaffacc15ec032bf5d3cc7dddd4292ffc0d20a70089ea257fce.svg
C:\Projects\DB\ORM3\CLIENT\uMain.dfm	uMain.pas	dfm	TfrmMAIN	dxBarManager1.CauseofFailure1	CauseofFailure1	TdxBarButton			LargeGlyph.Data	single		svg	874	0	0	0	0							74d72105fe5f4eaffacc15ec032bf5d3cc7dddd4292ffc0d20a70089ea257fce	images\74d72105fe5f4eaffacc15ec032bf5d3cc7dddd4292ffc0d20a70089ea257fce.svg
C:\Projects\DB\ORM3\CLIENT\uMain.dfm	uMain.pas	dfm	TfrmMAIN	dxBarManager1.CorrectiveActions1	CorrectiveActions1	TdxBarButton			Glyph.Data	single		svg	900	0	0	0	0							e03a54e2c27376545bf92648f3267eff4932d8348242035bd8f245f08a2dd1ae	images\e03a54e2c27376545bf92648f3267eff4932d8348242035bd8f245f08a2dd1ae.svg
C:\Projects\DB\ORM3\CLIENT\uMain.dfm	uMain.pas	dfm	TfrmMAIN	dxBarManager1.CorrectiveActions1	CorrectiveActions1	TdxBarButton			LargeGlyph.Data	single		svg	900	0	0	0	0							e03a54e2c27376545bf92648f3267eff4932d8348242035bd8f245f08a2dd1ae	images\e03a54e2c27376545bf92648f3267eff4932d8348242035bd8f245f08a2dd1ae.svg
C:\Projects\DB\ORM3\CLIENT\uMain.dfm	uMain.pas	dfm	TfrmMAIN	dxBarManager1.btnOperationNames	btnOperationNames	TdxBarButton			Glyph.Data	single		svg	1791	0	0	0	0							e50c369e9177ce44314e414d78e78da6d95f56ac9433ce22d69807598b78c11f	images\e50c369e9177ce44314e414d78e78da6d95f56ac9433ce22d69807598b78c11f.svg
C:\Projects\DB\ORM3\CLIENT\uMain.dfm	uMain.pas	dfm	TfrmMAIN	dxBarManager1.btnOperationNames	btnOperationNames	TdxBarButton			LargeGlyph.Data	single		svg	1791	0	0	0	0							e50c369e9177ce44314e414d78e78da6d95f56ac9433ce22d69807598b78c11f	images\e50c369e9177ce44314e414d78e78da6d95f56ac9433ce22d69807598b78c11f.svg
C:\Projects\DB\ORM3\CLIENT\uMain.dfm	uMain.pas	dfm	TfrmMAIN	dxBarManager1.btnGagingNotes	btnGagingNotes	TdxBarButton			Glyph.Data	single		svg	2822	0	0	0	0							04f4e5c2486b6fa973bf0767abd266e0d0245d3c8840abb1d0b00d850bbea65a	images\04f4e5c2486b6fa973bf0767abd266e0d0245d3c8840abb1d0b00d850bbea65a.svg
C:\Projects\DB\ORM3\CLIENT\uMain.dfm	uMain.pas	dfm	TfrmMAIN	dxBarManager1.btnGagingNotes	btnGagingNotes	TdxBarButton			LargeGlyph.Data	single		svg	2822	0	0	0	0							04f4e5c2486b6fa973bf0767abd266e0d0245d3c8840abb1d0b00d850bbea65a	images\04f4e5c2486b6fa973bf0767abd266e0d0245d3c8840abb1d0b00d850bbea65a.svg
C:\Projects\DB\ORM3\CLIENT\uMain.dfm	uMain.pas	dfm	TfrmMAIN	dxBarManager1.btnPDOESampling	btnPDOESampling	TdxBarButton			Glyph.Data	single		svg	1871	0	0	0	0							10747d2646821fd5e1e85cc648f41fbf858301ca85f81e553b604c284361476b	images\10747d2646821fd5e1e85cc648f41fbf858301ca85f81e553b604c284361476b.svg
C:\Projects\DB\ORM3\CLIENT\uMain.dfm	uMain.pas	dfm	TfrmMAIN	dxBarManager1.btnPDOESampling	btnPDOESampling	TdxBarButton			LargeGlyph.Data	single		svg	1871	0	0	0	0							10747d2646821fd5e1e85cc648f41fbf858301ca85f81e553b604c284361476b	images\10747d2646821fd5e1e85cc648f41fbf858301ca85f81e553b604c284361476b.svg
C:\Projects\DB\ORM3\CLIENT\uMain.dfm	uMain.pas	dfm	TfrmMAIN	dxBarManager1.btnSPCSamplingDesigns	btnSPCSamplingDesigns	TdxBarButton			Glyph.Data	single		svg	2225	0	0	0	0							19e95b8d7d7373a7104ae44c2450bb333ac18e60286d3a1c4f8c63015f7de268	images\19e95b8d7d7373a7104ae44c2450bb333ac18e60286d3a1c4f8c63015f7de268.svg
C:\Projects\DB\ORM3\CLIENT\uMain.dfm	uMain.pas	dfm	TfrmMAIN	dxBarManager1.btnSPCSamplingDesigns	btnSPCSamplingDesigns	TdxBarButton			LargeGlyph.Data	single		svg	2225	0	0	0	0							19e95b8d7d7373a7104ae44c2450bb333ac18e60286d3a1c4f8c63015f7de268	images\19e95b8d7d7373a7104ae44c2450bb333ac18e60286d3a1c4f8c63015f7de268.svg
C:\Projects\DB\ORM3\CLIENT\uMain.dfm	uMain.pas	dfm	TfrmMAIN	dxBarManager1.btnWhatAction	btnWhatAction	TdxBarButton			Glyph.Data	single		svg	3546	0	0	0	0							38b6eaf6a28224bef4c50359cd7b36f5ede084369187c4a407979f9b12b0ed5d	images\38b6eaf6a28224bef4c50359cd7b36f5ede084369187c4a407979f9b12b0ed5d.svg
C:\Projects\DB\ORM3\CLIENT\uMain.dfm	uMain.pas	dfm	TfrmMAIN	dxBarManager1.btnWhatAction	btnWhatAction	TdxBarButton			LargeGlyph.Data	single		svg	3546	0	0	0	0							38b6eaf6a28224bef4c50359cd7b36f5ede084369187c4a407979f9b12b0ed5d	images\38b6eaf6a28224bef4c50359cd7b36f5ede084369187c4a407979f9b12b0ed5d.svg
C:\Projects\DB\ORM3\CLIENT\uMain.dfm	uMain.pas	dfm	TfrmMAIN	dxBarManager1.btnDowntime	btnDowntime	TdxBarButton			Glyph.Data	single		svg	2012	0	0	0	0							724a6a37d72e6fb92d2b639f7e0e76fa0d9e1587f7addc31149680a86dd1d8c6	images\724a6a37d72e6fb92d2b639f7e0e76fa0d9e1587f7addc31149680a86dd1d8c6.svg
C:\Projects\DB\ORM3\CLIENT\uMain.dfm	uMain.pas	dfm	TfrmMAIN	dxBarManager1.btnDowntime	btnDowntime	TdxBarButton			LargeGlyph.Data	single		svg	2012	0	0	0	0							724a6a37d72e6fb92d2b639f7e0e76fa0d9e1587f7addc31149680a86dd1d8c6	images\724a6a37d72e6fb92d2b639f7e0e76fa0d9e1587f7addc31149680a86dd1d8c6.svg
C:\Projects\DB\ORM3\CLIENT\uMain.dfm	uMain.pas	dfm	TfrmMAIN	dxBarManager1.btnFullStopReasonsList	btnFullStopReasonsList	TdxBarButton			Glyph.Data	single		svg	4070	0	0	0	0							0ceb89ed694a951a743d20c8e42723bec9240ba318f0eeb263a396140fb6684b	images\0ceb89ed694a951a743d20c8e42723bec9240ba318f0eeb263a396140fb6684b.svg
C:\Projects\DB\ORM3\CLIENT\uMain.dfm	uMain.pas	dfm	TfrmMAIN	dxBarManager1.btnFullStopReasonsList	btnFullStopReasonsList	TdxBarButton			LargeGlyph.Data	single		svg	4070	0	0	0	0							0ceb89ed694a951a743d20c8e42723bec9240ba318f0eeb263a396140fb6684b	images\0ceb89ed694a951a743d20c8e42723bec9240ba318f0eeb263a396140fb6684b.svg
C:\Projects\DB\ORM3\CLIENT\uMain.dfm	uMain.pas	dfm	TfrmMAIN	dxBarManager1.Exit2	Exit2	TdxBarButton			Glyph.Data	single		svg	625	0	0	0	0							53c9f23f60ba66078f10fe9b7ead1c775480c0d61a588268d4c1905355598524	images\53c9f23f60ba66078f10fe9b7ead1c775480c0d61a588268d4c1905355598524.svg
C:\Projects\DB\ORM3\CLIENT\uMain.dfm	uMain.pas	dfm	TfrmMAIN	dxBarManager1.Exit2	Exit2	TdxBarButton			LargeGlyph.Data	single		svg	625	0	0	0	0							53c9f23f60ba66078f10fe9b7ead1c775480c0d61a588268d4c1905355598524	images\53c9f23f60ba66078f10fe9b7ead1c775480c0d61a588268d4c1905355598524.svg
C:\Projects\DB\ORM3\CLIENT\uMain.dfm	uMain.pas	dfm	TfrmMAIN	dxScreenTipRepository2.tipSetupDataChannel	tipSetupDataChannel	TdxScreenTip			Description.Glyph.Data	single		svg	3108	0	0	0	0							86b548fe6d0ac687e8fad0291d131dd20efc53b4c453b6bcb3ff20cf2234a27f	images\86b548fe6d0ac687e8fad0291d131dd20efc53b4c453b6bcb3ff20cf2234a27f.svg
C:\Projects\DB\ORM3\CLIENT\uMain.dfm	uMain.pas	dfm	TfrmMAIN	dxScreenTipRepository2.tipActiveUsers	tipActiveUsers	TdxScreenTip			Description.Glyph.Data	single		svg	2733	0	0	0	0							7df4435f27fbd907d2c025be2a94375a35f4b16292259be05f3469fbfc4fc9ec	images\7df4435f27fbd907d2c025be2a94375a35f4b16292259be05f3469fbfc4fc9ec.svg
C:\Projects\DB\ORM3\CLIENT\uOperNameForm.dfm	uOperNameForm.pas	dfm	TfrmOperName	dxBarManager1.dxBarDBNavFirst1	dxBarDBNavFirst1	TdxBarDBNavButton			Glyph.Data	single		svg	473	0	0	0	0							4f6b5e7feb872030cf8c07f4b0a9154dba561d068f0bbe851f401038888deb73	images\4f6b5e7feb872030cf8c07f4b0a9154dba561d068f0bbe851f401038888deb73.svg
C:\Projects\DB\ORM3\CLIENT\uOperNameForm.dfm	uOperNameForm.pas	dfm	TfrmOperName	dxBarManager1.dxBarDBNavPrev1	dxBarDBNavPrev1	TdxBarDBNavButton			Glyph.Data	single		svg	326	0	0	0	0							9affc86233a3c5214b39371064995d1a618b6351e5fc4ea3fcc737d5adee7301	images\9affc86233a3c5214b39371064995d1a618b6351e5fc4ea3fcc737d5adee7301.svg
C:\Projects\DB\ORM3\CLIENT\uOperNameForm.dfm	uOperNameForm.pas	dfm	TfrmOperName	dxBarManager1.dxBarDBNavNext1	dxBarDBNavNext1	TdxBarDBNavButton			Glyph.Data	single		svg	326	0	0	0	0							31c86d717e300180306624b9f136bc00ee9996221aef9eb76e66c80b91008bf7	images\31c86d717e300180306624b9f136bc00ee9996221aef9eb76e66c80b91008bf7.svg
C:\Projects\DB\ORM3\CLIENT\uOperNameForm.dfm	uOperNameForm.pas	dfm	TfrmOperName	dxBarManager1.dxBarDBNavLast1	dxBarDBNavLast1	TdxBarDBNavButton			Glyph.Data	single		svg	433	0	0	0	0							44036aa63309d06887b4983c8a4fc4e7f96de9af23f3593af004275785272ced	images\44036aa63309d06887b4983c8a4fc4e7f96de9af23f3593af004275785272ced.svg
C:\Projects\DB\ORM3\CLIENT\uOperNameForm.dfm	uOperNameForm.pas	dfm	TfrmOperName	dxBarManager1.dxBarDBNavInsert1	dxBarDBNavInsert1	TdxBarDBNavButton			Glyph.Data	single		svg	421	0	0	0	0							213250362e820808f9afeae33d37fe36d29446da8156945b7c706b08cd1f8ef6	images\213250362e820808f9afeae33d37fe36d29446da8156945b7c706b08cd1f8ef6.svg
C:\Projects\DB\ORM3\CLIENT\uOperNameForm.dfm	uOperNameForm.pas	dfm	TfrmOperName	dxBarManager1.dxBarDBNavDelete1	dxBarDBNavDelete1	TdxBarDBNavButton			Glyph.Data	single		svg	331	0	0	0	0							3426812018064253d38559294ae768a24bc1f0e2b55e1155b259650d305523b2	images\3426812018064253d38559294ae768a24bc1f0e2b55e1155b259650d305523b2.svg
C:\Projects\DB\ORM3\CLIENT\uOperNameForm.dfm	uOperNameForm.pas	dfm	TfrmOperName	dxBarManager1.dxBarDBNavEdit1	dxBarDBNavEdit1	TdxBarDBNavButton			Glyph.Data	single		svg	299	0	0	0	0							d7cef1afe0805720b049c349aa2273488c1eee83041ed56aa0d6d8502f8f2708	images\d7cef1afe0805720b049c349aa2273488c1eee83041ed56aa0d6d8502f8f2708.svg
C:\Projects\DB\ORM3\CLIENT\uOperNameForm.dfm	uOperNameForm.pas	dfm	TfrmOperName	dxBarManager1.dxBarDBNavPost1	dxBarDBNavPost1	TdxBarDBNavButton			Glyph.Data	single		svg	337	0	0	0	0							8f9b13bab01903aac5c507b4e8cabbe899263cd4f3aa5b9a02b0cf8d69d57e03	images\8f9b13bab01903aac5c507b4e8cabbe899263cd4f3aa5b9a02b0cf8d69d57e03.svg
C:\Projects\DB\ORM3\CLIENT\uOperNameForm.dfm	uOperNameForm.pas	dfm	TfrmOperName	dxBarManager1.dxBarDBNavCancel1	dxBarDBNavCancel1	TdxBarDBNavButton			Glyph.Data	single		svg	581	0	0	0	0							0bf670167728fb629118e442f19cb6d896033afa8289ac7bed141f4aa7ee9093	images\0bf670167728fb629118e442f19cb6d896033afa8289ac7bed141f4aa7ee9093.svg
C:\Projects\DB\ORM3\CLIENT\uOperNameForm.dfm	uOperNameForm.pas	dfm	TfrmOperName	dxBarManager1.dxBarDBNavRefresh1	dxBarDBNavRefresh1	TdxBarDBNavButton			Glyph.Data	single		svg	426	0	0	0	0							fe976aa73cfd0d6bdb8e57cba9f19670367d0f5a0ad38d7ed106e3af5b2d2eae	images\fe976aa73cfd0d6bdb8e57cba9f19670367d0f5a0ad38d7ed106e3af5b2d2eae.svg
C:\Projects\DB\ORM3\CLIENT\uOperNameForm.dfm	uOperNameForm.pas	dfm	TfrmOperName	dxBarManager1.btnLookup	btnLookup	TdxBarButton			Glyph.Data	single		svg	333	0	0	0	0							cde92b9450c660a28d44f1a5a9d742a250cb43071f34fc57979eef48d37851a3	images\cde92b9450c660a28d44f1a5a9d742a250cb43071f34fc57979eef48d37851a3.svg
C:\Projects\DB\ORM3\CLIENT\uOperNameForm.dfm	uOperNameForm.pas	dfm	TfrmOperName	dxBarManager1.btnRefresh	btnRefresh	TdxBarButton			Glyph.Data	single		svg	332	0	0	0	0							a467659f0ca6289bb9af8c8efa23a7b773d155ae241b6cf3b2861049138acf3a	images\a467659f0ca6289bb9af8c8efa23a7b773d155ae241b6cf3b2861049138acf3a.svg
C:\Projects\DB\ORM3\CLIENT\uOperNameForm.dfm	uOperNameForm.pas	dfm	TfrmOperName	dxBarManager1.btnExit	btnExit	TdxBarButton			Glyph.Data	single		svg	3033	0	0	0	0							39e5933d6f88188b2c66d8c653d769e7684d9a23c349e93e39b61c6384fc2a9e	images\39e5933d6f88188b2c66d8c653d769e7684d9a23c349e93e39b61c6384fc2a9e.svg
C:\Projects\DB\ORM3\CLIENT\uProblemListForm.dfm	uProblemListForm.pas	dfm	TfrmProblemList	dxBarManager1.dxBarDBNavFirst1	dxBarDBNavFirst1	TdxBarDBNavButton			Glyph.Data	single		svg	473	0	0	0	0							4f6b5e7feb872030cf8c07f4b0a9154dba561d068f0bbe851f401038888deb73	images\4f6b5e7feb872030cf8c07f4b0a9154dba561d068f0bbe851f401038888deb73.svg
C:\Projects\DB\ORM3\CLIENT\uProblemListForm.dfm	uProblemListForm.pas	dfm	TfrmProblemList	dxBarManager1.dxBarDBNavPrev1	dxBarDBNavPrev1	TdxBarDBNavButton			Glyph.Data	single		svg	326	0	0	0	0							9affc86233a3c5214b39371064995d1a618b6351e5fc4ea3fcc737d5adee7301	images\9affc86233a3c5214b39371064995d1a618b6351e5fc4ea3fcc737d5adee7301.svg
C:\Projects\DB\ORM3\CLIENT\uProblemListForm.dfm	uProblemListForm.pas	dfm	TfrmProblemList	dxBarManager1.dxBarDBNavNext1	dxBarDBNavNext1	TdxBarDBNavButton			Glyph.Data	single		svg	326	0	0	0	0							31c86d717e300180306624b9f136bc00ee9996221aef9eb76e66c80b91008bf7	images\31c86d717e300180306624b9f136bc00ee9996221aef9eb76e66c80b91008bf7.svg
C:\Projects\DB\ORM3\CLIENT\uProblemListForm.dfm	uProblemListForm.pas	dfm	TfrmProblemList	dxBarManager1.dxBarDBNavLast1	dxBarDBNavLast1	TdxBarDBNavButton			Glyph.Data	single		svg	433	0	0	0	0							44036aa63309d06887b4983c8a4fc4e7f96de9af23f3593af004275785272ced	images\44036aa63309d06887b4983c8a4fc4e7f96de9af23f3593af004275785272ced.svg
C:\Projects\DB\ORM3\CLIENT\uProblemListForm.dfm	uProblemListForm.pas	dfm	TfrmProblemList	dxBarManager1.dxBarDBNavInsert1	dxBarDBNavInsert1	TdxBarDBNavButton			Glyph.Data	single		svg	421	0	0	0	0							213250362e820808f9afeae33d37fe36d29446da8156945b7c706b08cd1f8ef6	images\213250362e820808f9afeae33d37fe36d29446da8156945b7c706b08cd1f8ef6.svg
C:\Projects\DB\ORM3\CLIENT\uProblemListForm.dfm	uProblemListForm.pas	dfm	TfrmProblemList	dxBarManager1.dxBarDBNavDelete1	dxBarDBNavDelete1	TdxBarDBNavButton			Glyph.Data	single		svg	331	0	0	0	0							3426812018064253d38559294ae768a24bc1f0e2b55e1155b259650d305523b2	images\3426812018064253d38559294ae768a24bc1f0e2b55e1155b259650d305523b2.svg
C:\Projects\DB\ORM3\CLIENT\uProblemListForm.dfm	uProblemListForm.pas	dfm	TfrmProblemList	dxBarManager1.dxBarDBNavEdit1	dxBarDBNavEdit1	TdxBarDBNavButton			Glyph.Data	single		svg	299	0	0	0	0							d7cef1afe0805720b049c349aa2273488c1eee83041ed56aa0d6d8502f8f2708	images\d7cef1afe0805720b049c349aa2273488c1eee83041ed56aa0d6d8502f8f2708.svg
C:\Projects\DB\ORM3\CLIENT\uProblemListForm.dfm	uProblemListForm.pas	dfm	TfrmProblemList	dxBarManager1.dxBarDBNavPost1	dxBarDBNavPost1	TdxBarDBNavButton			Glyph.Data	single		svg	337	0	0	0	0							8f9b13bab01903aac5c507b4e8cabbe899263cd4f3aa5b9a02b0cf8d69d57e03	images\8f9b13bab01903aac5c507b4e8cabbe899263cd4f3aa5b9a02b0cf8d69d57e03.svg
C:\Projects\DB\ORM3\CLIENT\uProblemListForm.dfm	uProblemListForm.pas	dfm	TfrmProblemList	dxBarManager1.dxBarDBNavCancel1	dxBarDBNavCancel1	TdxBarDBNavButton			Glyph.Data	single		svg	581	0	0	0	0							0bf670167728fb629118e442f19cb6d896033afa8289ac7bed141f4aa7ee9093	images\0bf670167728fb629118e442f19cb6d896033afa8289ac7bed141f4aa7ee9093.svg
C:\Projects\DB\ORM3\CLIENT\uProblemListForm.dfm	uProblemListForm.pas	dfm	TfrmProblemList	dxBarManager1.dxBarDBNavRefresh1	dxBarDBNavRefresh1	TdxBarDBNavButton			Glyph.Data	single		svg	426	0	0	0	0							fe976aa73cfd0d6bdb8e57cba9f19670367d0f5a0ad38d7ed106e3af5b2d2eae	images\fe976aa73cfd0d6bdb8e57cba9f19670367d0f5a0ad38d7ed106e3af5b2d2eae.svg
C:\Projects\DB\ORM3\CLIENT\uProblemListForm.dfm	uProblemListForm.pas	dfm	TfrmProblemList	dxBarManager1.btnLookup	btnLookup	TdxBarButton			Glyph.Data	single		svg	341	0	0	0	0							b6ebd3bc675a2389eade9f8930edabb64080bd48e28f383e4d2e1bfa6d2f3a5e	images\b6ebd3bc675a2389eade9f8930edabb64080bd48e28f383e4d2e1bfa6d2f3a5e.svg
C:\Projects\DB\ORM3\CLIENT\uProblemListForm.dfm	uProblemListForm.pas	dfm	TfrmProblemList	dxBarManager1.btnRefresh	btnRefresh	TdxBarButton			Glyph.Data	single		svg	340	0	0	0	0							7d8073261023afb71c6fb87cb76fd2a20a79de0e8e72475940de869333f1d5d6	images\7d8073261023afb71c6fb87cb76fd2a20a79de0e8e72475940de869333f1d5d6.svg
C:\Projects\DB\ORM3\CLIENT\uProblemListForm.dfm	uProblemListForm.pas	dfm	TfrmProblemList	dxBarManager1.btnExit	btnExit	TdxBarButton			Glyph.Data	single		svg	3033	0	0	0	0							39e5933d6f88188b2c66d8c653d769e7684d9a23c349e93e39b61c6384fc2a9e	images\39e5933d6f88188b2c66d8c653d769e7684d9a23c349e93e39b61c6384fc2a9e.svg
C:\Projects\DB\ORM3\CLIENT\uSetupDefaultsFrm - Copy.dfm	uSetupDefaultsFrm - Copy.pas	dfm	TdlgSetupDefaults		dlgSetupDefaults	TdlgSetupDefaults	uSetupDefaultsFrm		Icon.Data	single		ico	1150	0	0	0	0							87829c566615525191dec99da56caf00d42442aaa72a701af21d38cb4d4598be	images\87829c566615525191dec99da56caf00d42442aaa72a701af21d38cb4d4598be.ico
C:\Projects\DB\ORM3\CLIENT\uSetupDefaultsFrm - Copy.dfm	uSetupDefaultsFrm - Copy.pas	dfm	TdlgSetupDefaults	dxRibbon1	dxRibbon1	TdxRibbon			ApplicationButton.Glyph.Data	single		svg	6695	0	0	0	0							2ef16cbae2e702e3cf172d62899bb51ec4f9892d4331aa3c11102588eed9dfd6	images\2ef16cbae2e702e3cf172d62899bb51ec4f9892d4331aa3c11102588eed9dfd6.svg
C:\Projects\DB\ORM3\CLIENT\uSetupDefaultsFrm - Copy.dfm	uSetupDefaultsFrm - Copy.pas	dfm	TdlgSetupDefaults	dxRibbon1	dxRibbon1	TdxRibbon			BackgroundImage.Data	single		svg	6695	0	0	0	0							2ef16cbae2e702e3cf172d62899bb51ec4f9892d4331aa3c11102588eed9dfd6	images\2ef16cbae2e702e3cf172d62899bb51ec4f9892d4331aa3c11102588eed9dfd6.svg
C:\Projects\DB\ORM3\CLIENT\uSetupDefaultsFrm - Copy.dfm	uSetupDefaultsFrm - Copy.pas	dfm	TdlgSetupDefaults	Panel1.cxImage1	cxImage1	TcxImage			Picture.Data	single	TdxSmartImage		6709	0	0	0	0							322222c79f9dffa7339c7209ff1871c6e9446c4d93317cc49750f7a08e23ff38	images\322222c79f9dffa7339c7209ff1871c6e9446c4d93317cc49750f7a08e23ff38.bin
C:\Projects\DB\ORM3\CLIENT\uSetupDefaultsFrm - Copy.dfm	uSetupDefaultsFrm - Copy.pas	dfm	TdlgSetupDefaults	OvcNotebook1.cxTabSheet1.edtFPDefaultLimits	edtFPDefaultLimits	TOvcNumberEdit			ButtonGlyph.Data	single		bmp	334	11	11	16	0					1		ce63b9d610d13e2c79f4f55cfa8d9ba43ba1a397fed73be375873f63f88bc27e	images\ce63b9d610d13e2c79f4f55cfa8d9ba43ba1a397fed73be375873f63f88bc27e.bmp
C:\Projects\DB\ORM3\CLIENT\uSetupDefaultsFrm - Copy.dfm	uSetupDefaultsFrm - Copy.pas	dfm	TdlgSetupDefaults	dxBarManager1.btnExit	btnExit	TdxBarLargeButton			Glyph.Data	single		svg	3033	0	0	0	0							39e5933d6f88188b2c66d8c653d769e7684d9a23c349e93e39b61c6384fc2a9e	images\39e5933d6f88188b2c66d8c653d769e7684d9a23c349e93e39b61c6384fc2a9e.svg
C:\Projects\DB\ORM3\CLIENT\uSetupDefaultsFrm - Copy.dfm	uSetupDefaultsFrm - Copy.pas	dfm	TdlgSetupDefaults	dxBarManager1.btnExit	btnExit	TdxBarLargeButton			LargeGlyph.Data	single		svg	3033	0	0	0	0							39e5933d6f88188b2c66d8c653d769e7684d9a23c349e93e39b61c6384fc2a9e	images\39e5933d6f88188b2c66d8c653d769e7684d9a23c349e93e39b61c6384fc2a9e.svg
C:\Projects\DB\ORM3\CLIENT\uSetupDefaultsFrm - Copy.dfm	uSetupDefaultsFrm - Copy.pas	dfm	TdlgSetupDefaults	dxBarManager1.btnExit	btnExit	TdxBarLargeButton			HotGlyph.Data	single		svg	3033	0	0	0	0							39e5933d6f88188b2c66d8c653d769e7684d9a23c349e93e39b61c6384fc2a9e	images\39e5933d6f88188b2c66d8c653d769e7684d9a23c349e93e39b61c6384fc2a9e.svg
C:\Projects\DB\ORM3\CLIENT\uSetupDefaultsFrm - Copy.dfm	uSetupDefaultsFrm - Copy.pas	dfm	TdlgSetupDefaults	dxBarManager1.btnCancel	btnCancel	TdxBarLargeButton			Glyph.Data	single		svg	1125	0	0	0	0							4780018cc1b819c19827d7e966443a762408f21b94521faebebd19b89c6a084f	images\4780018cc1b819c19827d7e966443a762408f21b94521faebebd19b89c6a084f.svg
C:\Projects\DB\ORM3\CLIENT\uSetupDefaultsFrm - Copy.dfm	uSetupDefaultsFrm - Copy.pas	dfm	TdlgSetupDefaults	dxBarManager1.btnCancel	btnCancel	TdxBarLargeButton			LargeGlyph.Data	single		svg	1125	0	0	0	0							4780018cc1b819c19827d7e966443a762408f21b94521faebebd19b89c6a084f	images\4780018cc1b819c19827d7e966443a762408f21b94521faebebd19b89c6a084f.svg
C:\Projects\DB\ORM3\CLIENT\uSetupDefaultsFrm - Copy.dfm	uSetupDefaultsFrm - Copy.pas	dfm	TdlgSetupDefaults	dxBarManager1.btnCancel	btnCancel	TdxBarLargeButton			HotGlyph.Data	single		svg	1125	0	0	0	0							4780018cc1b819c19827d7e966443a762408f21b94521faebebd19b89c6a084f	images\4780018cc1b819c19827d7e966443a762408f21b94521faebebd19b89c6a084f.svg
C:\Projects\DB\ORM3\CLIENT\uSetupDefaultsFrm.dfm	uSetupDefaultsFrm.pas	dfm	TdlgSetupDefaults		dlgSetupDefaults	TdlgSetupDefaults	uSetupDefaultsFrm		Icon.Data	single		ico	1150	0	0	0	0							87829c566615525191dec99da56caf00d42442aaa72a701af21d38cb4d4598be	images\87829c566615525191dec99da56caf00d42442aaa72a701af21d38cb4d4598be.ico
C:\Projects\DB\ORM3\CLIENT\uSetupDefaultsFrm.dfm	uSetupDefaultsFrm.pas	dfm	TdlgSetupDefaults	dxRibbon1	dxRibbon1	TdxRibbon			ApplicationButton.Glyph.Data	single		svg	6695	0	0	0	0							2ef16cbae2e702e3cf172d62899bb51ec4f9892d4331aa3c11102588eed9dfd6	images\2ef16cbae2e702e3cf172d62899bb51ec4f9892d4331aa3c11102588eed9dfd6.svg
C:\Projects\DB\ORM3\CLIENT\uSetupDefaultsFrm.dfm	uSetupDefaultsFrm.pas	dfm	TdlgSetupDefaults	dxRibbon1	dxRibbon1	TdxRibbon			BackgroundImage.Data	single		svg	6695	0	0	0	0							2ef16cbae2e702e3cf172d62899bb51ec4f9892d4331aa3c11102588eed9dfd6	images\2ef16cbae2e702e3cf172d62899bb51ec4f9892d4331aa3c11102588eed9dfd6.svg
C:\Projects\DB\ORM3\CLIENT\uSetupDefaultsFrm.dfm	uSetupDefaultsFrm.pas	dfm	TdlgSetupDefaults	Panel1.cxImage1	cxImage1	TcxImage			Picture.Data	single	TdxSmartImage		6709	0	0	0	0							322222c79f9dffa7339c7209ff1871c6e9446c4d93317cc49750f7a08e23ff38	images\322222c79f9dffa7339c7209ff1871c6e9446c4d93317cc49750f7a08e23ff38.bin
C:\Projects\DB\ORM3\CLIENT\uSetupDefaultsFrm.dfm	uSetupDefaultsFrm.pas	dfm	TdlgSetupDefaults	dxLayoutControl1.Shape5	Shape5	TdxLayoutImageItem			Image.Data	single		svg	557	0	0	0	0							596184591e7a113aade59c93b858e657707e754857b872a18e4f15d1d5ab770e	images\596184591e7a113aade59c93b858e657707e754857b872a18e4f15d1d5ab770e.svg
C:\Projects\DB\ORM3\CLIENT\uSetupDefaultsFrm.dfm	uSetupDefaultsFrm.pas	dfm	TdlgSetupDefaults	dxBarManager1.btnExit	btnExit	TdxBarLargeButton			Glyph.Data	single		svg	3033	0	0	0	0							39e5933d6f88188b2c66d8c653d769e7684d9a23c349e93e39b61c6384fc2a9e	images\39e5933d6f88188b2c66d8c653d769e7684d9a23c349e93e39b61c6384fc2a9e.svg
C:\Projects\DB\ORM3\CLIENT\uSetupDefaultsFrm.dfm	uSetupDefaultsFrm.pas	dfm	TdlgSetupDefaults	dxBarManager1.btnExit	btnExit	TdxBarLargeButton			LargeGlyph.Data	single		svg	3033	0	0	0	0							39e5933d6f88188b2c66d8c653d769e7684d9a23c349e93e39b61c6384fc2a9e	images\39e5933d6f88188b2c66d8c653d769e7684d9a23c349e93e39b61c6384fc2a9e.svg
C:\Projects\DB\ORM3\CLIENT\uSetupDefaultsFrm.dfm	uSetupDefaultsFrm.pas	dfm	TdlgSetupDefaults	dxBarManager1.btnExit	btnExit	TdxBarLargeButton			HotGlyph.Data	single		svg	3033	0	0	0	0							39e5933d6f88188b2c66d8c653d769e7684d9a23c349e93e39b61c6384fc2a9e	images\39e5933d6f88188b2c66d8c653d769e7684d9a23c349e93e39b61c6384fc2a9e.svg
C:\Projects\DB\ORM3\CLIENT\uSetupDefaultsFrm.dfm	uSetupDefaultsFrm.pas	dfm	TdlgSetupDefaults	dxBarManager1.btnCancel	btnCancel	TdxBarLargeButton			Glyph.Data	single		svg	1125	0	0	0	0							4780018cc1b819c19827d7e966443a762408f21b94521faebebd19b89c6a084f	images\4780018cc1b819c19827d7e966443a762408f21b94521faebebd19b89c6a084f.svg
C:\Projects\DB\ORM3\CLIENT\uSetupDefaultsFrm.dfm	uSetupDefaultsFrm.pas	dfm	TdlgSetupDefaults	dxBarManager1.btnCancel	btnCancel	TdxBarLargeButton			LargeGlyph.Data	single		svg	1125	0	0	0	0							4780018cc1b819c19827d7e966443a762408f21b94521faebebd19b89c6a084f	images\4780018cc1b819c19827d7e966443a762408f21b94521faebebd19b89c6a084f.svg
C:\Projects\DB\ORM3\CLIENT\uSetupDefaultsFrm.dfm	uSetupDefaultsFrm.pas	dfm	TdlgSetupDefaults	dxBarManager1.btnCancel	btnCancel	TdxBarLargeButton			HotGlyph.Data	single		svg	1125	0	0	0	0							4780018cc1b819c19827d7e966443a762408f21b94521faebebd19b89c6a084f	images\4780018cc1b819c19827d7e966443a762408f21b94521faebebd19b89c6a084f.svg
C:\Projects\DB\ORM3\CLIENT\uSolutionListForm.dfm	uSolutionListForm.pas	dfm	TfrmSolList	dxBarManager1.dxBarDBNavFirst1	dxBarDBNavFirst1	TdxBarDBNavButton			Glyph.Data	single		svg	473	0	0	0	0							4f6b5e7feb872030cf8c07f4b0a9154dba561d068f0bbe851f401038888deb73	images\4f6b5e7feb872030cf8c07f4b0a9154dba561d068f0bbe851f401038888deb73.svg
C:\Projects\DB\ORM3\CLIENT\uSolutionListForm.dfm	uSolutionListForm.pas	dfm	TfrmSolList	dxBarManager1.dxBarDBNavPrev1	dxBarDBNavPrev1	TdxBarDBNavButton			Glyph.Data	single		svg	326	0	0	0	0							9affc86233a3c5214b39371064995d1a618b6351e5fc4ea3fcc737d5adee7301	images\9affc86233a3c5214b39371064995d1a618b6351e5fc4ea3fcc737d5adee7301.svg
C:\Projects\DB\ORM3\CLIENT\uSolutionListForm.dfm	uSolutionListForm.pas	dfm	TfrmSolList	dxBarManager1.dxBarDBNavNext1	dxBarDBNavNext1	TdxBarDBNavButton			Glyph.Data	single		svg	326	0	0	0	0							31c86d717e300180306624b9f136bc00ee9996221aef9eb76e66c80b91008bf7	images\31c86d717e300180306624b9f136bc00ee9996221aef9eb76e66c80b91008bf7.svg
C:\Projects\DB\ORM3\CLIENT\uSolutionListForm.dfm	uSolutionListForm.pas	dfm	TfrmSolList	dxBarManager1.dxBarDBNavLast1	dxBarDBNavLast1	TdxBarDBNavButton			Glyph.Data	single		svg	433	0	0	0	0							44036aa63309d06887b4983c8a4fc4e7f96de9af23f3593af004275785272ced	images\44036aa63309d06887b4983c8a4fc4e7f96de9af23f3593af004275785272ced.svg
C:\Projects\DB\ORM3\CLIENT\uSolutionListForm.dfm	uSolutionListForm.pas	dfm	TfrmSolList	dxBarManager1.dxBarDBNavInsert1	dxBarDBNavInsert1	TdxBarDBNavButton			Glyph.Data	single		svg	421	0	0	0	0							213250362e820808f9afeae33d37fe36d29446da8156945b7c706b08cd1f8ef6	images\213250362e820808f9afeae33d37fe36d29446da8156945b7c706b08cd1f8ef6.svg
C:\Projects\DB\ORM3\CLIENT\uSolutionListForm.dfm	uSolutionListForm.pas	dfm	TfrmSolList	dxBarManager1.dxBarDBNavDelete1	dxBarDBNavDelete1	TdxBarDBNavButton			Glyph.Data	single		svg	331	0	0	0	0							3426812018064253d38559294ae768a24bc1f0e2b55e1155b259650d305523b2	images\3426812018064253d38559294ae768a24bc1f0e2b55e1155b259650d305523b2.svg
C:\Projects\DB\ORM3\CLIENT\uSolutionListForm.dfm	uSolutionListForm.pas	dfm	TfrmSolList	dxBarManager1.dxBarDBNavEdit1	dxBarDBNavEdit1	TdxBarDBNavButton			Glyph.Data	single		svg	299	0	0	0	0							d7cef1afe0805720b049c349aa2273488c1eee83041ed56aa0d6d8502f8f2708	images\d7cef1afe0805720b049c349aa2273488c1eee83041ed56aa0d6d8502f8f2708.svg
C:\Projects\DB\ORM3\CLIENT\uSolutionListForm.dfm	uSolutionListForm.pas	dfm	TfrmSolList	dxBarManager1.dxBarDBNavPost1	dxBarDBNavPost1	TdxBarDBNavButton			Glyph.Data	single		svg	337	0	0	0	0							8f9b13bab01903aac5c507b4e8cabbe899263cd4f3aa5b9a02b0cf8d69d57e03	images\8f9b13bab01903aac5c507b4e8cabbe899263cd4f3aa5b9a02b0cf8d69d57e03.svg
C:\Projects\DB\ORM3\CLIENT\uSolutionListForm.dfm	uSolutionListForm.pas	dfm	TfrmSolList	dxBarManager1.dxBarDBNavCancel1	dxBarDBNavCancel1	TdxBarDBNavButton			Glyph.Data	single		svg	581	0	0	0	0							0bf670167728fb629118e442f19cb6d896033afa8289ac7bed141f4aa7ee9093	images\0bf670167728fb629118e442f19cb6d896033afa8289ac7bed141f4aa7ee9093.svg
C:\Projects\DB\ORM3\CLIENT\uSolutionListForm.dfm	uSolutionListForm.pas	dfm	TfrmSolList	dxBarManager1.dxBarDBNavRefresh1	dxBarDBNavRefresh1	TdxBarDBNavButton			Glyph.Data	single		svg	426	0	0	0	0							fe976aa73cfd0d6bdb8e57cba9f19670367d0f5a0ad38d7ed106e3af5b2d2eae	images\fe976aa73cfd0d6bdb8e57cba9f19670367d0f5a0ad38d7ed106e3af5b2d2eae.svg
C:\Projects\DB\ORM3\CLIENT\uSolutionListForm.dfm	uSolutionListForm.pas	dfm	TfrmSolList	dxBarManager1.btnLookup	btnLookup	TdxBarButton			Glyph.Data	single		svg	341	0	0	0	0							b6ebd3bc675a2389eade9f8930edabb64080bd48e28f383e4d2e1bfa6d2f3a5e	images\b6ebd3bc675a2389eade9f8930edabb64080bd48e28f383e4d2e1bfa6d2f3a5e.svg
C:\Projects\DB\ORM3\CLIENT\uSolutionListForm.dfm	uSolutionListForm.pas	dfm	TfrmSolList	dxBarManager1.btnRefresh	btnRefresh	TdxBarButton			Glyph.Data	single		svg	340	0	0	0	0							7d8073261023afb71c6fb87cb76fd2a20a79de0e8e72475940de869333f1d5d6	images\7d8073261023afb71c6fb87cb76fd2a20a79de0e8e72475940de869333f1d5d6.svg
C:\Projects\DB\ORM3\CLIENT\uSolutionListForm.dfm	uSolutionListForm.pas	dfm	TfrmSolList	dxBarManager1.btnExit	btnExit	TdxBarButton			Glyph.Data	single		svg	3033	0	0	0	0							39e5933d6f88188b2c66d8c653d769e7684d9a23c349e93e39b61c6384fc2a9e	images\39e5933d6f88188b2c66d8c653d769e7684d9a23c349e93e39b61c6384fc2a9e.svg
C:\Projects\DB\ORM3\CLIENT\uStationsForm.dfm	uStationsForm.pas	dfm	TfrmStations	dxBarManager1.dxBarDBNavFirst1	dxBarDBNavFirst1	TdxBarDBNavButton			Glyph.Data	single		svg	473	0	0	0	0							4f6b5e7feb872030cf8c07f4b0a9154dba561d068f0bbe851f401038888deb73	images\4f6b5e7feb872030cf8c07f4b0a9154dba561d068f0bbe851f401038888deb73.svg
C:\Projects\DB\ORM3\CLIENT\uStationsForm.dfm	uStationsForm.pas	dfm	TfrmStations	dxBarManager1.dxBarDBNavPrev1	dxBarDBNavPrev1	TdxBarDBNavButton			Glyph.Data	single		svg	326	0	0	0	0							9affc86233a3c5214b39371064995d1a618b6351e5fc4ea3fcc737d5adee7301	images\9affc86233a3c5214b39371064995d1a618b6351e5fc4ea3fcc737d5adee7301.svg
C:\Projects\DB\ORM3\CLIENT\uStationsForm.dfm	uStationsForm.pas	dfm	TfrmStations	dxBarManager1.dxBarDBNavNext1	dxBarDBNavNext1	TdxBarDBNavButton			Glyph.Data	single		svg	326	0	0	0	0							31c86d717e300180306624b9f136bc00ee9996221aef9eb76e66c80b91008bf7	images\31c86d717e300180306624b9f136bc00ee9996221aef9eb76e66c80b91008bf7.svg
C:\Projects\DB\ORM3\CLIENT\uStationsForm.dfm	uStationsForm.pas	dfm	TfrmStations	dxBarManager1.dxBarDBNavLast1	dxBarDBNavLast1	TdxBarDBNavButton			Glyph.Data	single		svg	433	0	0	0	0							44036aa63309d06887b4983c8a4fc4e7f96de9af23f3593af004275785272ced	images\44036aa63309d06887b4983c8a4fc4e7f96de9af23f3593af004275785272ced.svg
C:\Projects\DB\ORM3\CLIENT\uStationsForm.dfm	uStationsForm.pas	dfm	TfrmStations	dxBarManager1.dxBarDBNavRefresh1	dxBarDBNavRefresh1	TdxBarDBNavButton			Glyph.Data	single		svg	426	0	0	0	0							fe976aa73cfd0d6bdb8e57cba9f19670367d0f5a0ad38d7ed106e3af5b2d2eae	images\fe976aa73cfd0d6bdb8e57cba9f19670367d0f5a0ad38d7ed106e3af5b2d2eae.svg
C:\Projects\DB\ORM3\CLIENT\uStationsForm.dfm	uStationsForm.pas	dfm	TfrmStations	dxBarManager1.btnLookup	btnLookup	TdxBarButton			Glyph.Data	single		svg	333	0	0	0	0							cde92b9450c660a28d44f1a5a9d742a250cb43071f34fc57979eef48d37851a3	images\cde92b9450c660a28d44f1a5a9d742a250cb43071f34fc57979eef48d37851a3.svg
C:\Projects\DB\ORM3\CLIENT\uStationsForm.dfm	uStationsForm.pas	dfm	TfrmStations	dxBarManager1.btnRefresh	btnRefresh	TdxBarButton			Glyph.Data	single		svg	332	0	0	0	0							a467659f0ca6289bb9af8c8efa23a7b773d155ae241b6cf3b2861049138acf3a	images\a467659f0ca6289bb9af8c8efa23a7b773d155ae241b6cf3b2861049138acf3a.svg
C:\Projects\DB\ORM3\CLIENT\uStationsForm.dfm	uStationsForm.pas	dfm	TfrmStations	dxBarManager1.btnExit	btnExit	TdxBarButton			Glyph.Data	single		svg	3033	0	0	0	0							39e5933d6f88188b2c66d8c653d769e7684d9a23c349e93e39b61c6384fc2a9e	images\39e5933d6f88188b2c66d8c653d769e7684d9a23c349e93e39b61c6384fc2a9e.svg
C:\Projects\DB\ORM3\CLIENT\uStopReasForm.dfm	uStopReasForm.pas	dfm	TfrmStopReas	dxBarManager1.dxBarDBNavFirst1	dxBarDBNavFirst1	TdxBarDBNavButton			Glyph.Data	single		svg	473	0	0	0	0							4f6b5e7feb872030cf8c07f4b0a9154dba561d068f0bbe851f401038888deb73	images\4f6b5e7feb872030cf8c07f4b0a9154dba561d068f0bbe851f401038888deb73.svg
C:\Projects\DB\ORM3\CLIENT\uStopReasForm.dfm	uStopReasForm.pas	dfm	TfrmStopReas	dxBarManager1.dxBarDBNavPrev1	dxBarDBNavPrev1	TdxBarDBNavButton			Glyph.Data	single		svg	326	0	0	0	0							9affc86233a3c5214b39371064995d1a618b6351e5fc4ea3fcc737d5adee7301	images\9affc86233a3c5214b39371064995d1a618b6351e5fc4ea3fcc737d5adee7301.svg
C:\Projects\DB\ORM3\CLIENT\uStopReasForm.dfm	uStopReasForm.pas	dfm	TfrmStopReas	dxBarManager1.dxBarDBNavNext1	dxBarDBNavNext1	TdxBarDBNavButton			Glyph.Data	single		svg	326	0	0	0	0							31c86d717e300180306624b9f136bc00ee9996221aef9eb76e66c80b91008bf7	images\31c86d717e300180306624b9f136bc00ee9996221aef9eb76e66c80b91008bf7.svg
C:\Projects\DB\ORM3\CLIENT\uStopReasForm.dfm	uStopReasForm.pas	dfm	TfrmStopReas	dxBarManager1.dxBarDBNavLast1	dxBarDBNavLast1	TdxBarDBNavButton			Glyph.Data	single		svg	433	0	0	0	0							44036aa63309d06887b4983c8a4fc4e7f96de9af23f3593af004275785272ced	images\44036aa63309d06887b4983c8a4fc4e7f96de9af23f3593af004275785272ced.svg
C:\Projects\DB\ORM3\CLIENT\uStopReasForm.dfm	uStopReasForm.pas	dfm	TfrmStopReas	dxBarManager1.dxBarDBNavInsert1	dxBarDBNavInsert1	TdxBarDBNavButton			Glyph.Data	single		svg	421	0	0	0	0							213250362e820808f9afeae33d37fe36d29446da8156945b7c706b08cd1f8ef6	images\213250362e820808f9afeae33d37fe36d29446da8156945b7c706b08cd1f8ef6.svg
C:\Projects\DB\ORM3\CLIENT\uStopReasForm.dfm	uStopReasForm.pas	dfm	TfrmStopReas	dxBarManager1.dxBarDBNavDelete1	dxBarDBNavDelete1	TdxBarDBNavButton			Glyph.Data	single		svg	331	0	0	0	0							3426812018064253d38559294ae768a24bc1f0e2b55e1155b259650d305523b2	images\3426812018064253d38559294ae768a24bc1f0e2b55e1155b259650d305523b2.svg
C:\Projects\DB\ORM3\CLIENT\uStopReasForm.dfm	uStopReasForm.pas	dfm	TfrmStopReas	dxBarManager1.dxBarDBNavEdit1	dxBarDBNavEdit1	TdxBarDBNavButton			Glyph.Data	single		svg	299	0	0	0	0							d7cef1afe0805720b049c349aa2273488c1eee83041ed56aa0d6d8502f8f2708	images\d7cef1afe0805720b049c349aa2273488c1eee83041ed56aa0d6d8502f8f2708.svg
C:\Projects\DB\ORM3\CLIENT\uStopReasForm.dfm	uStopReasForm.pas	dfm	TfrmStopReas	dxBarManager1.dxBarDBNavPost1	dxBarDBNavPost1	TdxBarDBNavButton			Glyph.Data	single		svg	337	0	0	0	0							8f9b13bab01903aac5c507b4e8cabbe899263cd4f3aa5b9a02b0cf8d69d57e03	images\8f9b13bab01903aac5c507b4e8cabbe899263cd4f3aa5b9a02b0cf8d69d57e03.svg
C:\Projects\DB\ORM3\CLIENT\uStopReasForm.dfm	uStopReasForm.pas	dfm	TfrmStopReas	dxBarManager1.dxBarDBNavCancel1	dxBarDBNavCancel1	TdxBarDBNavButton			Glyph.Data	single		svg	581	0	0	0	0							0bf670167728fb629118e442f19cb6d896033afa8289ac7bed141f4aa7ee9093	images\0bf670167728fb629118e442f19cb6d896033afa8289ac7bed141f4aa7ee9093.svg
C:\Projects\DB\ORM3\CLIENT\uStopReasForm.dfm	uStopReasForm.pas	dfm	TfrmStopReas	dxBarManager1.dxBarDBNavRefresh1	dxBarDBNavRefresh1	TdxBarDBNavButton			Glyph.Data	single		svg	426	0	0	0	0							fe976aa73cfd0d6bdb8e57cba9f19670367d0f5a0ad38d7ed106e3af5b2d2eae	images\fe976aa73cfd0d6bdb8e57cba9f19670367d0f5a0ad38d7ed106e3af5b2d2eae.svg
C:\Projects\DB\ORM3\CLIENT\uStopReasForm.dfm	uStopReasForm.pas	dfm	TfrmStopReas	dxBarManager1.btnLookup	btnLookup	TdxBarButton			Glyph.Data	single		svg	341	0	0	0	0							b6ebd3bc675a2389eade9f8930edabb64080bd48e28f383e4d2e1bfa6d2f3a5e	images\b6ebd3bc675a2389eade9f8930edabb64080bd48e28f383e4d2e1bfa6d2f3a5e.svg
C:\Projects\DB\ORM3\CLIENT\uStopReasForm.dfm	uStopReasForm.pas	dfm	TfrmStopReas	dxBarManager1.btnRefresh	btnRefresh	TdxBarButton			Glyph.Data	single		svg	340	0	0	0	0							7d8073261023afb71c6fb87cb76fd2a20a79de0e8e72475940de869333f1d5d6	images\7d8073261023afb71c6fb87cb76fd2a20a79de0e8e72475940de869333f1d5d6.svg
C:\Projects\DB\ORM3\CLIENT\uStopReasForm.dfm	uStopReasForm.pas	dfm	TfrmStopReas	dxBarManager1.btnExit	btnExit	TdxBarButton			Glyph.Data	single		svg	3033	0	0	0	0							39e5933d6f88188b2c66d8c653d769e7684d9a23c349e93e39b61c6384fc2a9e	images\39e5933d6f88188b2c66d8c653d769e7684d9a23c349e93e39b61c6384fc2a9e.svg
C:\Projects\DB\ORM3\CLIENT\uStyles.dfm	uStyles.pas	dfm	TdmStyles	dxPrinter	dxPrinter	TdxComponentPrinter			PreviewOptions.PreviewBoundsRect	single			16	0	0	0	0							18d8151f66606a942343a741d4656ace0b528084a1d56efeb3ece946689ff1af	images\18d8151f66606a942343a741d4656ace0b528084a1d56efeb3ece946689ff1af.bin
C:\Projects\DB\ORM3\CLIENT\uStyles.dfm	uStyles.pas	dfm	TdmStyles	imgGridButtonGlyphs	imgGridButtonGlyphs	TcxImageList			Bitmap	container			8614	0	0	0	0							9014e71e00f08b1d825b6b13d4ae993d0d05c696de4c6de8cde6878884830349	images\9014e71e00f08b1d825b6b13d4ae993d0d05c696de4c6de8cde6878884830349.bin
C:\Projects\DB\ORM3\CLIENT\uStyles.dfm	uStyles.pas	dfm	TdmStyles	imgGridButtonGlyphs	imgGridButtonGlyphs	TcxImageList			ImageInfo[0].Image.Data	container		svg	1447	0	0	0	0							f7eb725bbd8fe7c6212a526f3bd200d4050bb500ee27e1b72351e7237720736b	images\f7eb725bbd8fe7c6212a526f3bd200d4050bb500ee27e1b72351e7237720736b.svg
C:\Projects\DB\ORM3\CLIENT\uStyles.dfm	uStyles.pas	dfm	TdmStyles	imgGridButtonGlyphs	imgGridButtonGlyphs	TcxImageList			ImageInfo[1].Image.Data	container		svg	1024	0	0	0	0							e1a678ccec9ca757ef7083081be8a95a310fa5072080f44bc3da8eaeff98f13f	images\e1a678ccec9ca757ef7083081be8a95a310fa5072080f44bc3da8eaeff98f13f.svg
C:\Projects\DB\ORM3\CLIENT\uStyles.dfm	uStyles.pas	dfm	TdmStyles	imgGridButtonGlyphs	imgGridButtonGlyphs	TcxImageList			ImageInfo[2].Image.Data	container		svg	3619	0	0	0	0							0ba7782d33f18ed7c063e00d4eea2ce91ae49eb4cc0a0bf7abc674e5fb9832c8	images\0ba7782d33f18ed7c063e00d4eea2ce91ae49eb4cc0a0bf7abc674e5fb9832c8.svg
C:\Projects\DB\ORM3\CLIENT\uStyles.dfm	uStyles.pas	dfm	TdmStyles	imgGridButtonGlyphs	imgGridButtonGlyphs	TcxImageList			ImageInfo[3].Image.Data	container		svg	1008	0	0	0	0							a767358d3036384148b384d968b653e672dcb145171d8798d9e1e26bd86488b7	images\a767358d3036384148b384d968b653e672dcb145171d8798d9e1e26bd86488b7.svg
C:\Projects\DB\ORM3\CLIENT\uSurfFinForm.dfm	uSurfFinForm.pas	dfm	TfrmSurfFin	dxBarManager1.dxBarDBNavFirst1	dxBarDBNavFirst1	TdxBarDBNavButton			Glyph.Data	single		svg	473	0	0	0	0							4f6b5e7feb872030cf8c07f4b0a9154dba561d068f0bbe851f401038888deb73	images\4f6b5e7feb872030cf8c07f4b0a9154dba561d068f0bbe851f401038888deb73.svg
C:\Projects\DB\ORM3\CLIENT\uSurfFinForm.dfm	uSurfFinForm.pas	dfm	TfrmSurfFin	dxBarManager1.dxBarDBNavPrev1	dxBarDBNavPrev1	TdxBarDBNavButton			Glyph.Data	single		svg	326	0	0	0	0							9affc86233a3c5214b39371064995d1a618b6351e5fc4ea3fcc737d5adee7301	images\9affc86233a3c5214b39371064995d1a618b6351e5fc4ea3fcc737d5adee7301.svg
C:\Projects\DB\ORM3\CLIENT\uSurfFinForm.dfm	uSurfFinForm.pas	dfm	TfrmSurfFin	dxBarManager1.dxBarDBNavNext1	dxBarDBNavNext1	TdxBarDBNavButton			Glyph.Data	single		svg	326	0	0	0	0							31c86d717e300180306624b9f136bc00ee9996221aef9eb76e66c80b91008bf7	images\31c86d717e300180306624b9f136bc00ee9996221aef9eb76e66c80b91008bf7.svg
C:\Projects\DB\ORM3\CLIENT\uSurfFinForm.dfm	uSurfFinForm.pas	dfm	TfrmSurfFin	dxBarManager1.dxBarDBNavLast1	dxBarDBNavLast1	TdxBarDBNavButton			Glyph.Data	single		svg	433	0	0	0	0							44036aa63309d06887b4983c8a4fc4e7f96de9af23f3593af004275785272ced	images\44036aa63309d06887b4983c8a4fc4e7f96de9af23f3593af004275785272ced.svg
C:\Projects\DB\ORM3\CLIENT\uSurfFinForm.dfm	uSurfFinForm.pas	dfm	TfrmSurfFin	dxBarManager1.dxBarDBNavInsert1	dxBarDBNavInsert1	TdxBarDBNavButton			Glyph.Data	single		svg	421	0	0	0	0							213250362e820808f9afeae33d37fe36d29446da8156945b7c706b08cd1f8ef6	images\213250362e820808f9afeae33d37fe36d29446da8156945b7c706b08cd1f8ef6.svg
C:\Projects\DB\ORM3\CLIENT\uSurfFinForm.dfm	uSurfFinForm.pas	dfm	TfrmSurfFin	dxBarManager1.dxBarDBNavDelete1	dxBarDBNavDelete1	TdxBarDBNavButton			Glyph.Data	single		svg	331	0	0	0	0							3426812018064253d38559294ae768a24bc1f0e2b55e1155b259650d305523b2	images\3426812018064253d38559294ae768a24bc1f0e2b55e1155b259650d305523b2.svg
C:\Projects\DB\ORM3\CLIENT\uSurfFinForm.dfm	uSurfFinForm.pas	dfm	TfrmSurfFin	dxBarManager1.dxBarDBNavEdit1	dxBarDBNavEdit1	TdxBarDBNavButton			Glyph.Data	single		svg	299	0	0	0	0							d7cef1afe0805720b049c349aa2273488c1eee83041ed56aa0d6d8502f8f2708	images\d7cef1afe0805720b049c349aa2273488c1eee83041ed56aa0d6d8502f8f2708.svg
C:\Projects\DB\ORM3\CLIENT\uSurfFinForm.dfm	uSurfFinForm.pas	dfm	TfrmSurfFin	dxBarManager1.dxBarDBNavPost1	dxBarDBNavPost1	TdxBarDBNavButton			Glyph.Data	single		svg	337	0	0	0	0							8f9b13bab01903aac5c507b4e8cabbe899263cd4f3aa5b9a02b0cf8d69d57e03	images\8f9b13bab01903aac5c507b4e8cabbe899263cd4f3aa5b9a02b0cf8d69d57e03.svg
C:\Projects\DB\ORM3\CLIENT\uSurfFinForm.dfm	uSurfFinForm.pas	dfm	TfrmSurfFin	dxBarManager1.dxBarDBNavCancel1	dxBarDBNavCancel1	TdxBarDBNavButton			Glyph.Data	single		svg	581	0	0	0	0							0bf670167728fb629118e442f19cb6d896033afa8289ac7bed141f4aa7ee9093	images\0bf670167728fb629118e442f19cb6d896033afa8289ac7bed141f4aa7ee9093.svg
C:\Projects\DB\ORM3\CLIENT\uSurfFinForm.dfm	uSurfFinForm.pas	dfm	TfrmSurfFin	dxBarManager1.dxBarDBNavRefresh1	dxBarDBNavRefresh1	TdxBarDBNavButton			Glyph.Data	single		svg	426	0	0	0	0							fe976aa73cfd0d6bdb8e57cba9f19670367d0f5a0ad38d7ed106e3af5b2d2eae	images\fe976aa73cfd0d6bdb8e57cba9f19670367d0f5a0ad38d7ed106e3af5b2d2eae.svg
C:\Projects\DB\ORM3\CLIENT\uSurfFinForm.dfm	uSurfFinForm.pas	dfm	TfrmSurfFin	dxBarManager1.btnLookup	btnLookup	TdxBarButton			Glyph.Data	single		svg	341	0	0	0	0							b6ebd3bc675a2389eade9f8930edabb64080bd48e28f383e4d2e1bfa6d2f3a5e	images\b6ebd3bc675a2389eade9f8930edabb64080bd48e28f383e4d2e1bfa6d2f3a5e.svg
C:\Projects\DB\ORM3\CLIENT\uSurfFinForm.dfm	uSurfFinForm.pas	dfm	TfrmSurfFin	dxBarManager1.btnRefresh	btnRefresh	TdxBarButton			Glyph.Data	single		svg	340	0	0	0	0							7d8073261023afb71c6fb87cb76fd2a20a79de0e8e72475940de869333f1d5d6	images\7d8073261023afb71c6fb87cb76fd2a20a79de0e8e72475940de869333f1d5d6.svg
C:\Projects\DB\ORM3\CLIENT\uSurfFinForm.dfm	uSurfFinForm.pas	dfm	TfrmSurfFin	dxBarManager1.btnExit	btnExit	TdxBarButton			Glyph.Data	single		svg	3033	0	0	0	0							39e5933d6f88188b2c66d8c653d769e7684d9a23c349e93e39b61c6384fc2a9e	images\39e5933d6f88188b2c66d8c653d769e7684d9a23c349e93e39b61c6384fc2a9e.svg
C:\Projects\DB\ORM3\CLIENT\uTllWearForm.dfm	uTllWearForm.pas	dfm	TfrmTllWear	dxBarManager1.dxBarDBNavFirst1	dxBarDBNavFirst1	TdxBarDBNavButton			Glyph.Data	single		svg	473	0	0	0	0							4f6b5e7feb872030cf8c07f4b0a9154dba561d068f0bbe851f401038888deb73	images\4f6b5e7feb872030cf8c07f4b0a9154dba561d068f0bbe851f401038888deb73.svg
C:\Projects\DB\ORM3\CLIENT\uTllWearForm.dfm	uTllWearForm.pas	dfm	TfrmTllWear	dxBarManager1.dxBarDBNavPrev1	dxBarDBNavPrev1	TdxBarDBNavButton			Glyph.Data	single		svg	326	0	0	0	0							9affc86233a3c5214b39371064995d1a618b6351e5fc4ea3fcc737d5adee7301	images\9affc86233a3c5214b39371064995d1a618b6351e5fc4ea3fcc737d5adee7301.svg
C:\Projects\DB\ORM3\CLIENT\uTllWearForm.dfm	uTllWearForm.pas	dfm	TfrmTllWear	dxBarManager1.dxBarDBNavNext1	dxBarDBNavNext1	TdxBarDBNavButton			Glyph.Data	single		svg	326	0	0	0	0							31c86d717e300180306624b9f136bc00ee9996221aef9eb76e66c80b91008bf7	images\31c86d717e300180306624b9f136bc00ee9996221aef9eb76e66c80b91008bf7.svg
C:\Projects\DB\ORM3\CLIENT\uTllWearForm.dfm	uTllWearForm.pas	dfm	TfrmTllWear	dxBarManager1.dxBarDBNavLast1	dxBarDBNavLast1	TdxBarDBNavButton			Glyph.Data	single		svg	433	0	0	0	0							44036aa63309d06887b4983c8a4fc4e7f96de9af23f3593af004275785272ced	images\44036aa63309d06887b4983c8a4fc4e7f96de9af23f3593af004275785272ced.svg
C:\Projects\DB\ORM3\CLIENT\uTllWearForm.dfm	uTllWearForm.pas	dfm	TfrmTllWear	dxBarManager1.dxBarDBNavInsert1	dxBarDBNavInsert1	TdxBarDBNavButton			Glyph.Data	single		svg	421	0	0	0	0							213250362e820808f9afeae33d37fe36d29446da8156945b7c706b08cd1f8ef6	images\213250362e820808f9afeae33d37fe36d29446da8156945b7c706b08cd1f8ef6.svg
C:\Projects\DB\ORM3\CLIENT\uTllWearForm.dfm	uTllWearForm.pas	dfm	TfrmTllWear	dxBarManager1.dxBarDBNavDelete1	dxBarDBNavDelete1	TdxBarDBNavButton			Glyph.Data	single		svg	331	0	0	0	0							3426812018064253d38559294ae768a24bc1f0e2b55e1155b259650d305523b2	images\3426812018064253d38559294ae768a24bc1f0e2b55e1155b259650d305523b2.svg
C:\Projects\DB\ORM3\CLIENT\uTllWearForm.dfm	uTllWearForm.pas	dfm	TfrmTllWear	dxBarManager1.dxBarDBNavEdit1	dxBarDBNavEdit1	TdxBarDBNavButton			Glyph.Data	single		svg	299	0	0	0	0							d7cef1afe0805720b049c349aa2273488c1eee83041ed56aa0d6d8502f8f2708	images\d7cef1afe0805720b049c349aa2273488c1eee83041ed56aa0d6d8502f8f2708.svg
C:\Projects\DB\ORM3\CLIENT\uTllWearForm.dfm	uTllWearForm.pas	dfm	TfrmTllWear	dxBarManager1.dxBarDBNavPost1	dxBarDBNavPost1	TdxBarDBNavButton			Glyph.Data	single		svg	337	0	0	0	0							8f9b13bab01903aac5c507b4e8cabbe899263cd4f3aa5b9a02b0cf8d69d57e03	images\8f9b13bab01903aac5c507b4e8cabbe899263cd4f3aa5b9a02b0cf8d69d57e03.svg
C:\Projects\DB\ORM3\CLIENT\uTllWearForm.dfm	uTllWearForm.pas	dfm	TfrmTllWear	dxBarManager1.dxBarDBNavCancel1	dxBarDBNavCancel1	TdxBarDBNavButton			Glyph.Data	single		svg	581	0	0	0	0							0bf670167728fb629118e442f19cb6d896033afa8289ac7bed141f4aa7ee9093	images\0bf670167728fb629118e442f19cb6d896033afa8289ac7bed141f4aa7ee9093.svg
C:\Projects\DB\ORM3\CLIENT\uTllWearForm.dfm	uTllWearForm.pas	dfm	TfrmTllWear	dxBarManager1.dxBarDBNavRefresh1	dxBarDBNavRefresh1	TdxBarDBNavButton			Glyph.Data	single		svg	426	0	0	0	0							fe976aa73cfd0d6bdb8e57cba9f19670367d0f5a0ad38d7ed106e3af5b2d2eae	images\fe976aa73cfd0d6bdb8e57cba9f19670367d0f5a0ad38d7ed106e3af5b2d2eae.svg
C:\Projects\DB\ORM3\CLIENT\uTllWearForm.dfm	uTllWearForm.pas	dfm	TfrmTllWear	dxBarManager1.btnLookup	btnLookup	TdxBarButton			Glyph.Data	single		svg	341	0	0	0	0							b6ebd3bc675a2389eade9f8930edabb64080bd48e28f383e4d2e1bfa6d2f3a5e	images\b6ebd3bc675a2389eade9f8930edabb64080bd48e28f383e4d2e1bfa6d2f3a5e.svg
C:\Projects\DB\ORM3\CLIENT\uTllWearForm.dfm	uTllWearForm.pas	dfm	TfrmTllWear	dxBarManager1.btnRefresh	btnRefresh	TdxBarButton			Glyph.Data	single		svg	340	0	0	0	0							7d8073261023afb71c6fb87cb76fd2a20a79de0e8e72475940de869333f1d5d6	images\7d8073261023afb71c6fb87cb76fd2a20a79de0e8e72475940de869333f1d5d6.svg
C:\Projects\DB\ORM3\CLIENT\uTllWearForm.dfm	uTllWearForm.pas	dfm	TfrmTllWear	dxBarManager1.btnExit	btnExit	TdxBarButton			Glyph.Data	single		svg	3033	0	0	0	0							39e5933d6f88188b2c66d8c653d769e7684d9a23c349e93e39b61c6384fc2a9e	images\39e5933d6f88188b2c66d8c653d769e7684d9a23c349e93e39b61c6384fc2a9e.svg
C:\Projects\DB\ORM3\CLIENT\uToolDefForm.dfm	uToolDefForm.pas	dfm	TfrmToolDef	dxBarManager1.dxBarDBNavFirst1	dxBarDBNavFirst1	TdxBarDBNavButton			Glyph.Data	single		svg	473	0	0	0	0							4f6b5e7feb872030cf8c07f4b0a9154dba561d068f0bbe851f401038888deb73	images\4f6b5e7feb872030cf8c07f4b0a9154dba561d068f0bbe851f401038888deb73.svg
C:\Projects\DB\ORM3\CLIENT\uToolDefForm.dfm	uToolDefForm.pas	dfm	TfrmToolDef	dxBarManager1.dxBarDBNavPrev1	dxBarDBNavPrev1	TdxBarDBNavButton			Glyph.Data	single		svg	326	0	0	0	0							9affc86233a3c5214b39371064995d1a618b6351e5fc4ea3fcc737d5adee7301	images\9affc86233a3c5214b39371064995d1a618b6351e5fc4ea3fcc737d5adee7301.svg
C:\Projects\DB\ORM3\CLIENT\uToolDefForm.dfm	uToolDefForm.pas	dfm	TfrmToolDef	dxBarManager1.dxBarDBNavNext1	dxBarDBNavNext1	TdxBarDBNavButton			Glyph.Data	single		svg	326	0	0	0	0							31c86d717e300180306624b9f136bc00ee9996221aef9eb76e66c80b91008bf7	images\31c86d717e300180306624b9f136bc00ee9996221aef9eb76e66c80b91008bf7.svg
C:\Projects\DB\ORM3\CLIENT\uToolDefForm.dfm	uToolDefForm.pas	dfm	TfrmToolDef	dxBarManager1.dxBarDBNavLast1	dxBarDBNavLast1	TdxBarDBNavButton			Glyph.Data	single		svg	433	0	0	0	0							44036aa63309d06887b4983c8a4fc4e7f96de9af23f3593af004275785272ced	images\44036aa63309d06887b4983c8a4fc4e7f96de9af23f3593af004275785272ced.svg
C:\Projects\DB\ORM3\CLIENT\uToolDefForm.dfm	uToolDefForm.pas	dfm	TfrmToolDef	dxBarManager1.dxBarDBNavInsert1	dxBarDBNavInsert1	TdxBarDBNavButton			Glyph.Data	single		svg	421	0	0	0	0							213250362e820808f9afeae33d37fe36d29446da8156945b7c706b08cd1f8ef6	images\213250362e820808f9afeae33d37fe36d29446da8156945b7c706b08cd1f8ef6.svg
C:\Projects\DB\ORM3\CLIENT\uToolDefForm.dfm	uToolDefForm.pas	dfm	TfrmToolDef	dxBarManager1.dxBarDBNavDelete1	dxBarDBNavDelete1	TdxBarDBNavButton			Glyph.Data	single		svg	331	0	0	0	0							3426812018064253d38559294ae768a24bc1f0e2b55e1155b259650d305523b2	images\3426812018064253d38559294ae768a24bc1f0e2b55e1155b259650d305523b2.svg
C:\Projects\DB\ORM3\CLIENT\uToolDefForm.dfm	uToolDefForm.pas	dfm	TfrmToolDef	dxBarManager1.dxBarDBNavEdit1	dxBarDBNavEdit1	TdxBarDBNavButton			Glyph.Data	single		svg	299	0	0	0	0							d7cef1afe0805720b049c349aa2273488c1eee83041ed56aa0d6d8502f8f2708	images\d7cef1afe0805720b049c349aa2273488c1eee83041ed56aa0d6d8502f8f2708.svg
C:\Projects\DB\ORM3\CLIENT\uToolDefForm.dfm	uToolDefForm.pas	dfm	TfrmToolDef	dxBarManager1.dxBarDBNavPost1	dxBarDBNavPost1	TdxBarDBNavButton			Glyph.Data	single		svg	337	0	0	0	0							8f9b13bab01903aac5c507b4e8cabbe899263cd4f3aa5b9a02b0cf8d69d57e03	images\8f9b13bab01903aac5c507b4e8cabbe899263cd4f3aa5b9a02b0cf8d69d57e03.svg
C:\Projects\DB\ORM3\CLIENT\uToolDefForm.dfm	uToolDefForm.pas	dfm	TfrmToolDef	dxBarManager1.dxBarDBNavCancel1	dxBarDBNavCancel1	TdxBarDBNavButton			Glyph.Data	single		svg	581	0	0	0	0							0bf670167728fb629118e442f19cb6d896033afa8289ac7bed141f4aa7ee9093	images\0bf670167728fb629118e442f19cb6d896033afa8289ac7bed141f4aa7ee9093.svg
C:\Projects\DB\ORM3\CLIENT\uToolDefForm.dfm	uToolDefForm.pas	dfm	TfrmToolDef	dxBarManager1.dxBarDBNavRefresh1	dxBarDBNavRefresh1	TdxBarDBNavButton			Glyph.Data	single		svg	426	0	0	0	0							fe976aa73cfd0d6bdb8e57cba9f19670367d0f5a0ad38d7ed106e3af5b2d2eae	images\fe976aa73cfd0d6bdb8e57cba9f19670367d0f5a0ad38d7ed106e3af5b2d2eae.svg
C:\Projects\DB\ORM3\CLIENT\uToolDefForm.dfm	uToolDefForm.pas	dfm	TfrmToolDef	dxBarManager1.btnLookup	btnLookup	TdxBarButton			Glyph.Data	single		svg	333	0	0	0	0							cde92b9450c660a28d44f1a5a9d742a250cb43071f34fc57979eef48d37851a3	images\cde92b9450c660a28d44f1a5a9d742a250cb43071f34fc57979eef48d37851a3.svg
C:\Projects\DB\ORM3\CLIENT\uToolDefForm.dfm	uToolDefForm.pas	dfm	TfrmToolDef	dxBarManager1.btnRefresh	btnRefresh	TdxBarButton			Glyph.Data	single		svg	332	0	0	0	0							a467659f0ca6289bb9af8c8efa23a7b773d155ae241b6cf3b2861049138acf3a	images\a467659f0ca6289bb9af8c8efa23a7b773d155ae241b6cf3b2861049138acf3a.svg
C:\Projects\DB\ORM3\CLIENT\uToolDefForm.dfm	uToolDefForm.pas	dfm	TfrmToolDef	dxBarManager1.btnExit	btnExit	TdxBarButton			Glyph.Data	single		svg	3033	0	0	0	0							39e5933d6f88188b2c66d8c653d769e7684d9a23c349e93e39b61c6384fc2a9e	images\39e5933d6f88188b2c66d8c653d769e7684d9a23c349e93e39b61c6384fc2a9e.svg
C:\Projects\DB\ORM3\CLIENT\VARINSP.dfm	VARINSP.pas	dfm	TVarInspDlg		VarInspDlg	TVarInspDlg			Icon.Data	single		ico	1150	0	0	0	0							87829c566615525191dec99da56caf00d42442aaa72a701af21d38cb4d4598be	images\87829c566615525191dec99da56caf00d42442aaa72a701af21d38cb4d4598be.ico
C:\Projects\DB\ORM3\CLIENT\VARINSP.dfm	VARINSP.pas	dfm	TVarInspDlg	Panel63.Panel76.Panel5.Panel49.edtSsize	edtSsize	TOvcDbSimpleField			RangeHigh	single			10	0	0	0	0							f8085fb4c654c6e3627a51f27013c1aa0e49b7fcfe0bbd525bcedfcccdfbf013	images\f8085fb4c654c6e3627a51f27013c1aa0e49b7fcfe0bbd525bcedfcccdfbf013.bin
C:\Projects\DB\ORM3\CLIENT\VARINSP.dfm	VARINSP.pas	dfm	TVarInspDlg	Panel63.Panel76.Panel5.Panel49.edtSsize	edtSsize	TOvcDbSimpleField			RangeLow	single			10	0	0	0	0							01d448afd928065458cf670b60f5a594d735af0172c8d67f22a81680132681ca	images\01d448afd928065458cf670b60f5a594d735af0172c8d67f22a81680132681ca.bin
C:\Projects\DB\ORM3\CLIENT\VARINSP.dfm	VARINSP.pas	dfm	TVarInspDlg	PnlVarHeader.tbcInspView.TabSheet3.Panel21.Panel144.btnEWAcAQL	btnEWAcAQL	TabcToggleBtn	Abcbtn		Picture.Data	strip	TBitmap	bmp	2178	128	32	4	16	NumGlyphs	4	1	4	4	Y	57f8486bc7d2d3dc02ea38de604805f5fecf0207ed0dacbc0e2f3885bb30ea45	images\57f8486bc7d2d3dc02ea38de604805f5fecf0207ed0dacbc0e2f3885bb30ea45.bmp
C:\Projects\DB\ORM3\CLIENT\VARINSP.dfm	VARINSP.pas	dfm	TVarInspDlg	PnlVarHeader.tbcInspView.TabSheet3.Panel21.Panel144.btnEWReAQL	btnEWReAQL	TabcToggleBtn	Abcbtn		Picture.Data	strip	TBitmap	bmp	2178	128	32	4	16	NumGlyphs	4	1	4	4	Y	30023e14281a93987e379a7041afd0b72747156adca158b3052ba1a6e75c2b70	images\30023e14281a93987e379a7041afd0b72747156adca158b3052ba1a6e75c2b70.bmp
C:\Projects\DB\ORM3\CLIENT\VARINSP.dfm	VARINSP.pas	dfm	TVarInspDlg	PnlVarHeader.tbcInspView.TabSheet3.Panel21.Panel144.btnEWACPPk	btnEWACPPk	TabcToggleBtn	Abcbtn		Picture.Data	strip	TBitmap	bmp	2178	128	32	4	16	NumGlyphs	4	1	4	4	Y	57f8486bc7d2d3dc02ea38de604805f5fecf0207ed0dacbc0e2f3885bb30ea45	images\57f8486bc7d2d3dc02ea38de604805f5fecf0207ed0dacbc0e2f3885bb30ea45.bmp
C:\Projects\DB\ORM3\CLIENT\VARINSP.dfm	VARINSP.pas	dfm	TVarInspDlg	PnlVarHeader.tbcInspView.TabSheet3.Panel21.Panel144.btnEWRePPk	btnEWRePPk	TabcToggleBtn	Abcbtn		Picture.Data	strip	TBitmap	bmp	2178	128	32	4	16	NumGlyphs	4	1	4	4	Y	30023e14281a93987e379a7041afd0b72747156adca158b3052ba1a6e75c2b70	images\30023e14281a93987e379a7041afd0b72747156adca158b3052ba1a6e75c2b70.bmp
C:\Projects\DB\ORM3\CLIENT\VARINSP.dfm	VARINSP.pas	dfm	TVarInspDlg	PnlVarHeader.tbcInspView.TabSheet3.Panel21.Panel144.btnEWACPP	btnEWACPP	TabcToggleBtn	Abcbtn		Picture.Data	strip	TBitmap	bmp	2178	128	32	4	16	NumGlyphs	4	1	4	4	Y	57f8486bc7d2d3dc02ea38de604805f5fecf0207ed0dacbc0e2f3885bb30ea45	images\57f8486bc7d2d3dc02ea38de604805f5fecf0207ed0dacbc0e2f3885bb30ea45.bmp
C:\Projects\DB\ORM3\CLIENT\VARINSP.dfm	VARINSP.pas	dfm	TVarInspDlg	PnlVarHeader.tbcInspView.TabSheet3.Panel21.Panel144.btnEWRePP	btnEWRePP	TabcToggleBtn	Abcbtn		Picture.Data	strip	TBitmap	bmp	2178	128	32	4	16	NumGlyphs	4	1	4	4	Y	30023e14281a93987e379a7041afd0b72747156adca158b3052ba1a6e75c2b70	images\30023e14281a93987e379a7041afd0b72747156adca158b3052ba1a6e75c2b70.bmp
C:\Projects\DB\ORM3\CLIENT\VARINSP.dfm	VARINSP.pas	dfm	TVarInspDlg	PnlVarHeader.tbcInspView.TabSheet3.Panel21.Panel144.btnEWAcOut	btnEWAcOut	TabcToggleBtn	Abcbtn		Picture.Data	strip	TBitmap	bmp	2178	128	32	4	16	NumGlyphs	4	1	4	4	Y	57f8486bc7d2d3dc02ea38de604805f5fecf0207ed0dacbc0e2f3885bb30ea45	images\57f8486bc7d2d3dc02ea38de604805f5fecf0207ed0dacbc0e2f3885bb30ea45.bmp
C:\Projects\DB\ORM3\CLIENT\VARINSP.dfm	VARINSP.pas	dfm	TVarInspDlg	PnlVarHeader.tbcInspView.TabSheet3.Panel21.Panel144.btnEWReOut	btnEWReOut	TabcToggleBtn	Abcbtn		Picture.Data	strip	TBitmap	bmp	2178	128	32	4	16	NumGlyphs	4	1	4	4	Y	30023e14281a93987e379a7041afd0b72747156adca158b3052ba1a6e75c2b70	images\30023e14281a93987e379a7041afd0b72747156adca158b3052ba1a6e75c2b70.bmp
C:\Projects\DB\ORM3\CLIENT\VARINSP.dfm	VARINSP.pas	dfm	TVarInspDlg	PnlVarHeader.tbcInspView.tbsPPk.Panel72.edtPPPP	edtPPPP	TOvcSimpleField			RangeHigh	single			10	0	0	0	0							9483f9056815883183295e72b5a9f35cfabf0051984545ac79b422c8069049f5	images\9483f9056815883183295e72b5a9f35cfabf0051984545ac79b422c8069049f5.bin
C:\Projects\DB\ORM3\CLIENT\VARINSP.dfm	VARINSP.pas	dfm	TVarInspDlg	PnlVarHeader.tbcInspView.tbsPPk.Panel72.edtPPPP	edtPPPP	TOvcSimpleField			RangeLow	single			10	0	0	0	0							01d448afd928065458cf670b60f5a594d735af0172c8d67f22a81680132681ca	images\01d448afd928065458cf670b60f5a594d735af0172c8d67f22a81680132681ca.bin
C:\Projects\DB\ORM3\CLIENT\VARINSP.dfm	VARINSP.pas	dfm	TVarInspDlg	PnlVarHeader.tbcInspView.tbsPPk.Panel72.edtPPPpk	edtPPPpk	TOvcSimpleField			RangeHigh	single			10	0	0	0	0							9483f9056815883183295e72b5a9f35cfabf0051984545ac79b422c8069049f5	images\9483f9056815883183295e72b5a9f35cfabf0051984545ac79b422c8069049f5.bin
C:\Projects\DB\ORM3\CLIENT\VARINSP.dfm	VARINSP.pas	dfm	TVarInspDlg	PnlVarHeader.tbcInspView.tbsPPk.Panel72.edtPPPpk	edtPPPpk	TOvcSimpleField			RangeLow	single			10	0	0	0	0							01d448afd928065458cf670b60f5a594d735af0172c8d67f22a81680132681ca	images\01d448afd928065458cf670b60f5a594d735af0172c8d67f22a81680132681ca.bin
C:\Projects\DB\ORM3\CLIENT\VARINSP.dfm	VARINSP.pas	dfm	TVarInspDlg	PnlVarHeader.tbcInspView.tbsPPk.Panel72.edtPPRunSize	edtPPRunSize	TOvcSimpleField			RangeHigh	single			10	0	0	0	0							f8085fb4c654c6e3627a51f27013c1aa0e49b7fcfe0bbd525bcedfcccdfbf013	images\f8085fb4c654c6e3627a51f27013c1aa0e49b7fcfe0bbd525bcedfcccdfbf013.bin
C:\Projects\DB\ORM3\CLIENT\VARINSP.dfm	VARINSP.pas	dfm	TVarInspDlg	PnlVarHeader.tbcInspView.tbsPPk.Panel72.edtPPRunSize	edtPPRunSize	TOvcSimpleField			RangeLow	single			10	0	0	0	0							01d448afd928065458cf670b60f5a594d735af0172c8d67f22a81680132681ca	images\01d448afd928065458cf670b60f5a594d735af0172c8d67f22a81680132681ca.bin
C:\Projects\DB\ORM3\CLIENT\VARINSP.dfm	VARINSP.pas	dfm	TVarInspDlg	PnlVarHeader.tbcInspView.tbsPPk.Panel72.edtSssize15	edtSssize15	TOvcSimpleField			RangeHigh	single			10	0	0	0	0							7aef47f1de3be50d508efbbfb6db945c4a0ad740a15a3542bea0ceaeb3fa915f	images\7aef47f1de3be50d508efbbfb6db945c4a0ad740a15a3542bea0ceaeb3fa915f.bin
C:\Projects\DB\ORM3\CLIENT\VARINSP.dfm	VARINSP.pas	dfm	TVarInspDlg	PnlVarHeader.tbcInspView.tbsPPk.Panel72.edtSssize15	edtSssize15	TOvcSimpleField			RangeLow	single			10	0	0	0	0							96eeff563b3135e3f77964e8c062328fd207c8bc9e754fc423abaf83eb3f1490	images\96eeff563b3135e3f77964e8c062328fd207c8bc9e754fc423abaf83eb3f1490.bin
C:\Projects\DB\ORM3\CLIENT\VARINSP.dfm	VARINSP.pas	dfm	TVarInspDlg	PnlVarHeader.tbcInspView.tbsPPk.edtSssize14	edtSssize14	TOvcSimpleField			RangeHigh	single			10	0	0	0	0							dcbd805fe83f7a4aa602b199c06a6ddd239816bc8f6ea59026cbabc0b6e1fac3	images\dcbd805fe83f7a4aa602b199c06a6ddd239816bc8f6ea59026cbabc0b6e1fac3.bin
C:\Projects\DB\ORM3\CLIENT\VARINSP.dfm	VARINSP.pas	dfm	TVarInspDlg	PnlVarHeader.tbcInspView.tbsPPk.edtSssize14	edtSssize14	TOvcSimpleField			RangeLow	single			10	0	0	0	0							96eeff563b3135e3f77964e8c062328fd207c8bc9e754fc423abaf83eb3f1490	images\96eeff563b3135e3f77964e8c062328fd207c8bc9e754fc423abaf83eb3f1490.bin
C:\Projects\DB\ORM3\CLIENT\VARINSP.dfm	VARINSP.pas	dfm	TVarInspDlg	PnlVarHeader.tbcInspView.tbsCP.Panel65.edtCPCP	edtCPCP	TOvcSimpleField			RangeHigh	single			10	0	0	0	0							9483f9056815883183295e72b5a9f35cfabf0051984545ac79b422c8069049f5	images\9483f9056815883183295e72b5a9f35cfabf0051984545ac79b422c8069049f5.bin
C:\Projects\DB\ORM3\CLIENT\VARINSP.dfm	VARINSP.pas	dfm	TVarInspDlg	PnlVarHeader.tbcInspView.tbsCP.Panel65.edtCPCP	edtCPCP	TOvcSimpleField			RangeLow	single			10	0	0	0	0							01d448afd928065458cf670b60f5a594d735af0172c8d67f22a81680132681ca	images\01d448afd928065458cf670b60f5a594d735af0172c8d67f22a81680132681ca.bin
C:\Projects\DB\ORM3\CLIENT\VARINSP.dfm	VARINSP.pas	dfm	TVarInspDlg	PnlVarHeader.tbcInspView.tbsCP.Panel65.edtCPCpk	edtCPCpk	TOvcSimpleField			RangeHigh	single			10	0	0	0	0							9483f9056815883183295e72b5a9f35cfabf0051984545ac79b422c8069049f5	images\9483f9056815883183295e72b5a9f35cfabf0051984545ac79b422c8069049f5.bin
C:\Projects\DB\ORM3\CLIENT\VARINSP.dfm	VARINSP.pas	dfm	TVarInspDlg	PnlVarHeader.tbcInspView.tbsCP.Panel65.edtCPCpk	edtCPCpk	TOvcSimpleField			RangeLow	single			10	0	0	0	0							01d448afd928065458cf670b60f5a594d735af0172c8d67f22a81680132681ca	images\01d448afd928065458cf670b60f5a594d735af0172c8d67f22a81680132681ca.bin
C:\Projects\DB\ORM3\CLIENT\VARINSP.dfm	VARINSP.pas	dfm	TVarInspDlg	PnlVarHeader.tbcInspView.tbsCP.Panel65.edtCPCollected	edtCPCollected	TOvcSimpleField			RangeHigh	single			10	0	0	0	0							f8085fb4c654c6e3627a51f27013c1aa0e49b7fcfe0bbd525bcedfcccdfbf013	images\f8085fb4c654c6e3627a51f27013c1aa0e49b7fcfe0bbd525bcedfcccdfbf013.bin
C:\Projects\DB\ORM3\CLIENT\VARINSP.dfm	VARINSP.pas	dfm	TVarInspDlg	PnlVarHeader.tbcInspView.tbsCP.Panel65.edtCPCollected	edtCPCollected	TOvcSimpleField			RangeLow	single			10	0	0	0	0							01d448afd928065458cf670b60f5a594d735af0172c8d67f22a81680132681ca	images\01d448afd928065458cf670b60f5a594d735af0172c8d67f22a81680132681ca.bin
C:\Projects\DB\ORM3\CLIENT\VARINSP.dfm	VARINSP.pas	dfm	TVarInspDlg	PnlVarHeader.tbcInspView.tbsByColumns.btnLastProcOnly1	btnLastProcOnly1	TabcToggleBtn	Abcbtn		Picture.Data	strip	TBitmap	bmp	642	64	16	4	16	NumGlyphs	4	1	4	4	Y	b4cd5b9fdd2112906f445f642bd790e88ba12584a67ac48c45676a75513ef264	images\b4cd5b9fdd2112906f445f642bd790e88ba12584a67ac48c45676a75513ef264.bmp
C:\Projects\DB\ORM3\CLIENT\VARINSP.dfm	VARINSP.pas	dfm	TVarInspDlg	PnlVarHeader.tbcInspView.tbcColumnsTol.btnLastProcOnly2	btnLastProcOnly2	TabcToggleBtn	Abcbtn		Picture.Data	strip	TBitmap	bmp	642	64	16	4	16	NumGlyphs	4	1	4	4	Y	b4cd5b9fdd2112906f445f642bd790e88ba12584a67ac48c45676a75513ef264	images\b4cd5b9fdd2112906f445f642bd790e88ba12584a67ac48c45676a75513ef264.bmp
C:\Projects\DB\ORM3\CLIENT\VARINSP.dfm	VARINSP.pas	dfm	TVarInspDlg	PnlVarHeader.tbcInspView.tabStatsman1.Panel157.Panel165.btnZ19ACAQL	btnZ19ACAQL	TabcToggleBtn	Abcbtn		Picture.Data	strip	TBitmap	bmp	2178	128	32	4	16	NumGlyphs	4	1	4	4	Y	57f8486bc7d2d3dc02ea38de604805f5fecf0207ed0dacbc0e2f3885bb30ea45	images\57f8486bc7d2d3dc02ea38de604805f5fecf0207ed0dacbc0e2f3885bb30ea45.bmp
C:\Projects\DB\ORM3\CLIENT\VARINSP.dfm	VARINSP.pas	dfm	TVarInspDlg	PnlVarHeader.tbcInspView.tabStatsman1.Panel157.Panel165.btnZ19REAQL	btnZ19REAQL	TabcToggleBtn	Abcbtn		Picture.Data	strip	TBitmap	bmp	2178	128	32	4	16	NumGlyphs	4	1	4	4	Y	30023e14281a93987e379a7041afd0b72747156adca158b3052ba1a6e75c2b70	images\30023e14281a93987e379a7041afd0b72747156adca158b3052ba1a6e75c2b70.bmp
C:\Projects\DB\ORM3\CLIENT\VARINSP.dfm	VARINSP.pas	dfm	TVarInspDlg	PnlVarHeader.tbcInspView.tabStatsman1.Panel157.Panel165.btnZ19ACPpk	btnZ19ACPpk	TabcToggleBtn	Abcbtn		Picture.Data	strip	TBitmap	bmp	2178	128	32	4	16	NumGlyphs	4	1	4	4	Y	57f8486bc7d2d3dc02ea38de604805f5fecf0207ed0dacbc0e2f3885bb30ea45	images\57f8486bc7d2d3dc02ea38de604805f5fecf0207ed0dacbc0e2f3885bb30ea45.bmp
C:\Projects\DB\ORM3\CLIENT\VARINSP.dfm	VARINSP.pas	dfm	TVarInspDlg	PnlVarHeader.tbcInspView.tabStatsman1.Panel157.Panel165.btnZ19REPpk	btnZ19REPpk	TabcToggleBtn	Abcbtn		Picture.Data	strip	TBitmap	bmp	2178	128	32	4	16	NumGlyphs	4	1	4	4	Y	30023e14281a93987e379a7041afd0b72747156adca158b3052ba1a6e75c2b70	images\30023e14281a93987e379a7041afd0b72747156adca158b3052ba1a6e75c2b70.bmp
C:\Projects\DB\ORM3\CLIENT\VARINSP.dfm	VARINSP.pas	dfm	TVarInspDlg	PnlVarHeader.tbcInspView.tabStatsman1.Panel157.Panel165.btnZ19ACPP	btnZ19ACPP	TabcToggleBtn	Abcbtn		Picture.Data	strip	TBitmap	bmp	2178	128	32	4	16	NumGlyphs	4	1	4	4	Y	57f8486bc7d2d3dc02ea38de604805f5fecf0207ed0dacbc0e2f3885bb30ea45	images\57f8486bc7d2d3dc02ea38de604805f5fecf0207ed0dacbc0e2f3885bb30ea45.bmp
C:\Projects\DB\ORM3\CLIENT\VARINSP.dfm	VARINSP.pas	dfm	TVarInspDlg	PnlVarHeader.tbcInspView.tabStatsman1.Panel157.Panel165.btnZ19REPP	btnZ19REPP	TabcToggleBtn	Abcbtn		Picture.Data	strip	TBitmap	bmp	2178	128	32	4	16	NumGlyphs	4	1	4	4	Y	30023e14281a93987e379a7041afd0b72747156adca158b3052ba1a6e75c2b70	images\30023e14281a93987e379a7041afd0b72747156adca158b3052ba1a6e75c2b70.bmp
C:\Projects\DB\ORM3\CLIENT\VARINSP.dfm	VARINSP.pas	dfm	TVarInspDlg	PnlVarHeader.tbcInspView.tabStatsman1.Panel157.Panel165.btnZ19ACOut	btnZ19ACOut	TabcToggleBtn	Abcbtn		Picture.Data	strip	TBitmap	bmp	2178	128	32	4	16	NumGlyphs	4	1	4	4	Y	57f8486bc7d2d3dc02ea38de604805f5fecf0207ed0dacbc0e2f3885bb30ea45	images\57f8486bc7d2d3dc02ea38de604805f5fecf0207ed0dacbc0e2f3885bb30ea45.bmp
C:\Projects\DB\ORM3\CLIENT\VARINSP.dfm	VARINSP.pas	dfm	TVarInspDlg	PnlVarHeader.tbcInspView.tabStatsman1.Panel157.Panel165.btnZ19REOut	btnZ19REOut	TabcToggleBtn	Abcbtn		Picture.Data	strip	TBitmap	bmp	2178	128	32	4	16	NumGlyphs	4	1	4	4	Y	30023e14281a93987e379a7041afd0b72747156adca158b3052ba1a6e75c2b70	images\30023e14281a93987e379a7041afd0b72747156adca158b3052ba1a6e75c2b70.bmp
C:\Projects\DB\ORM3\CLIENT\VARINSP.dfm	VARINSP.pas	dfm	TVarInspDlg	PnlVarHeader.tbcInspView.tbcSBFinal.Panel176.btnSB100AC	btnSB100AC	TabcToggleBtn	Abcbtn		Picture.Data	strip	TBitmap	bmp	2178	128	32	4	16	NumGlyphs	4	1	4	4	Y	57f8486bc7d2d3dc02ea38de604805f5fecf0207ed0dacbc0e2f3885bb30ea45	images\57f8486bc7d2d3dc02ea38de604805f5fecf0207ed0dacbc0e2f3885bb30ea45.bmp
C:\Projects\DB\ORM3\CLIENT\VARINSP.dfm	VARINSP.pas	dfm	TVarInspDlg	PnlVarHeader.tbcInspView.tbcSBFinal.Panel176.btnSB100RE	btnSB100RE	TabcToggleBtn	Abcbtn		Picture.Data	strip	TBitmap	bmp	2178	128	32	4	16	NumGlyphs	4	1	4	4	Y	30023e14281a93987e379a7041afd0b72747156adca158b3052ba1a6e75c2b70	images\30023e14281a93987e379a7041afd0b72747156adca158b3052ba1a6e75c2b70.bmp
C:\Projects\DB\ORM3\CLIENT\VARINSP.dfm	VARINSP.pas	dfm	TVarInspDlg	imlEOProcess	imlEOProcess	TImageList			Bitmap	container			30082	0	0	0	0							d836085c35cb8b9607a9c95668fe6e7ef920539ac3f38b31b85e061a77c20ab9	images\d836085c35cb8b9607a9c95668fe6e7ef920539ac3f38b31b85e061a77c20ab9.bin
C:\Projects\DB\ORM3\CLIENT\VARINSP.dfm	VARINSP.pas	dfm	TVarInspDlg	qryIPCousin	qryIPCousin	TQuery			Data	single			1962	0	0	0	0							5bf185183919ba9edad9ef0fc2f6830c97db8011402e8006bd627d606916bdfe	images\5bf185183919ba9edad9ef0fc2f6830c97db8011402e8006bd627d606916bdfe.bin
C:\Projects\DB\ORM3\CLIENT\VARINSP.dfm	VARINSP.pas	dfm	TVarInspDlg	qryProcessChange	qryProcessChange	TQuery			Data	single			1712	0	0	0	0							36acde0afdd6b5982c1e0c9aba2ab817aed5ca0b0b67fe411fcf50ca75dace33	images\36acde0afdd6b5982c1e0c9aba2ab817aed5ca0b0b67fe411fcf50ca75dace33.bin
C:\Projects\DB\ORM3\CLIENT\VARINSP.dfm	VARINSP.pas	dfm	TVarInspDlg	imlGlyphList	imlGlyphList	TImageList			Bitmap	container			17062	0	0	0	0							c135fcfa49807102e3a4c8f21397902c1988da3ee3f9ee9fddae673f4132fa88	images\c135fcfa49807102e3a4c8f21397902c1988da3ee3f9ee9fddae673f4132fa88.bin
C:\Projects\DB\ORM3\CLIENT\VARINSP.dfm	VARINSP.pas	dfm	TVarInspDlg	cllMENum2	cllMENum2	TOvcTCSimpleField			RangeHigh	single			10	0	0	0	0							9483f9056815883183295e72b5a9f35cfabf0051984545ac79b422c8069049f5	images\9483f9056815883183295e72b5a9f35cfabf0051984545ac79b422c8069049f5.bin
C:\Projects\DB\ORM3\CLIENT\VARINSP.dfm	VARINSP.pas	dfm	TVarInspDlg	cllMENum2	cllMENum2	TOvcTCSimpleField			RangeLow	single			10	0	0	0	0							7fc2e2ece3a1418ce6dcff0d3f525ea5ff0e03026275c036e5b2a67f63cb2d7b	images\7fc2e2ece3a1418ce6dcff0d3f525ea5ff0e03026275c036e5b2a67f63cb2d7b.bin
C:\Projects\DB\ORM3\CLIENT\VARINSP.dfm	VARINSP.pas	dfm	TVarInspDlg	cllMegNum2	cllMegNum2	TOvcTCSimpleField			RangeHigh	single			10	0	0	0	0							9483f9056815883183295e72b5a9f35cfabf0051984545ac79b422c8069049f5	images\9483f9056815883183295e72b5a9f35cfabf0051984545ac79b422c8069049f5.bin
C:\Projects\DB\ORM3\CLIENT\VARINSP.dfm	VARINSP.pas	dfm	TVarInspDlg	cllMegNum2	cllMegNum2	TOvcTCSimpleField			RangeLow	single			10	0	0	0	0							7fc2e2ece3a1418ce6dcff0d3f525ea5ff0e03026275c036e5b2a67f63cb2d7b	images\7fc2e2ece3a1418ce6dcff0d3f525ea5ff0e03026275c036e5b2a67f63cb2d7b.bin
C:\Projects\DB\ORM3\CLIENT\VARINSP.dfm	VARINSP.pas	dfm	TVarInspDlg	cllMENum3	cllMENum3	TOvcTCSimpleField			RangeHigh	single			10	0	0	0	0							73a62e8941d781f8a40242bd2693b452e3f5084c8295d0b887713c82caad588c	images\73a62e8941d781f8a40242bd2693b452e3f5084c8295d0b887713c82caad588c.bin
C:\Projects\DB\ORM3\CLIENT\VARINSP.dfm	VARINSP.pas	dfm	TVarInspDlg	cllMENum3	cllMENum3	TOvcTCSimpleField			RangeLow	single			10	0	0	0	0							01d448afd928065458cf670b60f5a594d735af0172c8d67f22a81680132681ca	images\01d448afd928065458cf670b60f5a594d735af0172c8d67f22a81680132681ca.bin
C:\Projects\DB\ORM3\CLIENT\VARINSP.dfm	VARINSP.pas	dfm	TVarInspDlg	imlSmallBatch	imlSmallBatch	TImageList			Bitmap	container			4390	0	0	0	0							b129855d32164a7c276595f6426866db3a14229c2b181556faf4476d107f932a	images\b129855d32164a7c276595f6426866db3a14229c2b181556faf4476d107f932a.bin
C:\Projects\DB\ORM3\CLIENT\VARINSP.dfm	VARINSP.pas	dfm	TVarInspDlg	imlSBRank	imlSBRank	TImageList			Bitmap	container			33862	0	0	0	0							64f91132886cd37cf765aa115b0587cf3a103f90755fba164a8bc64888ad3de4	images\64f91132886cd37cf765aa115b0587cf3a103f90755fba164a8bc64888ad3de4.bin
C:\Projects\DB\ORM3\CLIENT\VARINSP.dfm	VARINSP.pas	dfm	TVarInspDlg	Sreading	Sreading	TOvcTCSimpleField			RangeHigh	single			10	0	0	0	0							9483f9056815883183295e72b5a9f35cfabf0051984545ac79b422c8069049f5	images\9483f9056815883183295e72b5a9f35cfabf0051984545ac79b422c8069049f5.bin
C:\Projects\DB\ORM3\CLIENT\VARINSP.dfm	VARINSP.pas	dfm	TVarInspDlg	Sreading	Sreading	TOvcTCSimpleField			RangeLow	single			10	0	0	0	0							7fc2e2ece3a1418ce6dcff0d3f525ea5ff0e03026275c036e5b2a67f63cb2d7b	images\7fc2e2ece3a1418ce6dcff0d3f525ea5ff0e03026275c036e5b2a67f63cb2d7b.bin
C:\Projects\DB\ORM3\CLIENT\VARINSP.dfm	VARINSP.pas	dfm	TVarInspDlg	cllMEGNum	cllMEGNum	TOvcTCSimpleField			RangeHigh	single			10	0	0	0	0							9483f9056815883183295e72b5a9f35cfabf0051984545ac79b422c8069049f5	images\9483f9056815883183295e72b5a9f35cfabf0051984545ac79b422c8069049f5.bin
C:\Projects\DB\ORM3\CLIENT\VARINSP.dfm	VARINSP.pas	dfm	TVarInspDlg	cllMEGNum	cllMEGNum	TOvcTCSimpleField			RangeLow	single			10	0	0	0	0							7fc2e2ece3a1418ce6dcff0d3f525ea5ff0e03026275c036e5b2a67f63cb2d7b	images\7fc2e2ece3a1418ce6dcff0d3f525ea5ff0e03026275c036e5b2a67f63cb2d7b.bin
C:\Projects\DB\ORM3\CLIENT\VARINSP.dfm	VARINSP.pas	dfm	TVarInspDlg	cllMENum	cllMENum	TOvcTCSimpleField			RangeHigh	single			10	0	0	0	0							9483f9056815883183295e72b5a9f35cfabf0051984545ac79b422c8069049f5	images\9483f9056815883183295e72b5a9f35cfabf0051984545ac79b422c8069049f5.bin
C:\Projects\DB\ORM3\CLIENT\VARINSP.dfm	VARINSP.pas	dfm	TVarInspDlg	cllMENum	cllMENum	TOvcTCSimpleField			RangeLow	single			10	0	0	0	0							7fc2e2ece3a1418ce6dcff0d3f525ea5ff0e03026275c036e5b2a67f63cb2d7b	images\7fc2e2ece3a1418ce6dcff0d3f525ea5ff0e03026275c036e5b2a67f63cb2d7b.bin
C:\Projects\DB\ORM3\CLIENT\VARINSP.dfm	VARINSP.pas	dfm	TVarInspDlg	cllMEStr4	cllMEStr4	TOvcTCSimpleField			RangeHigh	single			10	0	0	0	0							01d448afd928065458cf670b60f5a594d735af0172c8d67f22a81680132681ca	images\01d448afd928065458cf670b60f5a594d735af0172c8d67f22a81680132681ca.bin
C:\Projects\DB\ORM3\CLIENT\VARINSP.dfm	VARINSP.pas	dfm	TVarInspDlg	cllMEStr4	cllMEStr4	TOvcTCSimpleField			RangeLow	single			10	0	0	0	0							01d448afd928065458cf670b60f5a594d735af0172c8d67f22a81680132681ca	images\01d448afd928065458cf670b60f5a594d735af0172c8d67f22a81680132681ca.bin
C:\Projects\DB\ORM3\CLIENT\VARINSP.dfm	VARINSP.pas	dfm	TVarInspDlg	cllMENotes4	cllMENotes4	TOvcTCSimpleField			RangeHigh	single			10	0	0	0	0							01d448afd928065458cf670b60f5a594d735af0172c8d67f22a81680132681ca	images\01d448afd928065458cf670b60f5a594d735af0172c8d67f22a81680132681ca.bin
C:\Projects\DB\ORM3\CLIENT\VARINSP.dfm	VARINSP.pas	dfm	TVarInspDlg	cllMENotes4	cllMENotes4	TOvcTCSimpleField			RangeLow	single			10	0	0	0	0							01d448afd928065458cf670b60f5a594d735af0172c8d67f22a81680132681ca	images\01d448afd928065458cf670b60f5a594d735af0172c8d67f22a81680132681ca.bin
C:\Projects\DB\ORM3\CLIENT\VARINSP.dfm	VARINSP.pas	dfm	TVarInspDlg	cxHintStyleController1	cxHintStyleController1	TcxHintStyleController			HintStyle.Icon.Data	single		ico	1150	0	0	0	0							87829c566615525191dec99da56caf00d42442aaa72a701af21d38cb4d4598be	images\87829c566615525191dec99da56caf00d42442aaa72a701af21d38cb4d4598be.ico
C:\Projects\DB\ORM3\CLIENT\varnames.dfm	varnames.pas	dfm	TfrmVarNames		frmVarNames	TfrmVarNames	varnames		Icon.Data	single		ico	1150	0	0	0	0							87829c566615525191dec99da56caf00d42442aaa72a701af21d38cb4d4598be	images\87829c566615525191dec99da56caf00d42442aaa72a701af21d38cb4d4598be.ico
C:\Projects\DB\ORM3\CLIENT\varnames.dfm	varnames.pas	dfm	TfrmVarNames	Panel2.BitBtn1	BitBtn1	TcxButton			OptionsImage.Glyph.Data	single		svg	641	0	0	0	0							43d09d8100ecb7f4c632645ae2ddc3554203c1076f98ab79ba8ba72d65623e7f	images\43d09d8100ecb7f4c632645ae2ddc3554203c1076f98ab79ba8ba72d65623e7f.svg
C:\Projects\DB\ORM3\CLIENT\varnames.dfm	varnames.pas	dfm	TfrmVarNames	dxBarManager1.btnPrint	btnPrint	TdxBarButton			Glyph.Data	single		svg	819	0	0	0	0							4ba55ff88e8cf3f39a716d1dd6eb4e744836948baa8d84db637a15a904e50cdb	images\4ba55ff88e8cf3f39a716d1dd6eb4e744836948baa8d84db637a15a904e50cdb.svg
C:\Projects\DB\ORM3\CLIENT\varnames.dfm	varnames.pas	dfm	TfrmVarNames	dxBarManager1.btnPrint	btnPrint	TdxBarButton			LargeGlyph.Data	single		svg	819	0	0	0	0							4ba55ff88e8cf3f39a716d1dd6eb4e744836948baa8d84db637a15a904e50cdb	images\4ba55ff88e8cf3f39a716d1dd6eb4e744836948baa8d84db637a15a904e50cdb.svg
C:\Projects\DB\ORM3\CLIENT\varnames.dfm	varnames.pas	dfm	TfrmVarNames	dxBarManager1.btnExit	btnExit	TdxBarButton			Glyph.Data	single		svg	3033	0	0	0	0							39e5933d6f88188b2c66d8c653d769e7684d9a23c349e93e39b61c6384fc2a9e	images\39e5933d6f88188b2c66d8c653d769e7684d9a23c349e93e39b61c6384fc2a9e.svg
C:\Projects\DB\ORM3\CLIENT\varnames.dfm	varnames.pas	dfm	TfrmVarNames	dxBarManager1.btnExit	btnExit	TdxBarButton			LargeGlyph.Data	single		svg	582	0	0	0	0							0f81df5c433377e3b5fc44dff9f57aa3aefe45a5c31105e2016acd7c53ce3379	images\0f81df5c433377e3b5fc44dff9f57aa3aefe45a5c31105e2016acd7c53ce3379.svg
C:\Projects\DB\ORM3\CLIENT\varnames.dfm	varnames.pas	dfm	TfrmVarNames	dxBarManager1.btnLookup	btnLookup	TdxBarButton			Glyph.Data	single		svg	333	0	0	0	0							cde92b9450c660a28d44f1a5a9d742a250cb43071f34fc57979eef48d37851a3	images\cde92b9450c660a28d44f1a5a9d742a250cb43071f34fc57979eef48d37851a3.svg
C:\Projects\DB\ORM3\CLIENT\varnames.dfm	varnames.pas	dfm	TfrmVarNames	dxBarManager1.dxBarDBNavFirst1	dxBarDBNavFirst1	TdxBarDBNavButton			Glyph.Data	single		svg	473	0	0	0	0							4f6b5e7feb872030cf8c07f4b0a9154dba561d068f0bbe851f401038888deb73	images\4f6b5e7feb872030cf8c07f4b0a9154dba561d068f0bbe851f401038888deb73.svg
C:\Projects\DB\ORM3\CLIENT\varnames.dfm	varnames.pas	dfm	TfrmVarNames	dxBarManager1.dxBarDBNavPrev1	dxBarDBNavPrev1	TdxBarDBNavButton			Glyph.Data	single		svg	326	0	0	0	0							9affc86233a3c5214b39371064995d1a618b6351e5fc4ea3fcc737d5adee7301	images\9affc86233a3c5214b39371064995d1a618b6351e5fc4ea3fcc737d5adee7301.svg
C:\Projects\DB\ORM3\CLIENT\varnames.dfm	varnames.pas	dfm	TfrmVarNames	dxBarManager1.dxBarDBNavNext1	dxBarDBNavNext1	TdxBarDBNavButton			Glyph.Data	single		svg	326	0	0	0	0							31c86d717e300180306624b9f136bc00ee9996221aef9eb76e66c80b91008bf7	images\31c86d717e300180306624b9f136bc00ee9996221aef9eb76e66c80b91008bf7.svg
C:\Projects\DB\ORM3\CLIENT\varnames.dfm	varnames.pas	dfm	TfrmVarNames	dxBarManager1.dxBarDBNavLast1	dxBarDBNavLast1	TdxBarDBNavButton			Glyph.Data	single		svg	433	0	0	0	0							44036aa63309d06887b4983c8a4fc4e7f96de9af23f3593af004275785272ced	images\44036aa63309d06887b4983c8a4fc4e7f96de9af23f3593af004275785272ced.svg
C:\Projects\DB\ORM3\CLIENT\varnames.dfm	varnames.pas	dfm	TfrmVarNames	dxBarManager1.dxBarDBNavInsert1	dxBarDBNavInsert1	TdxBarDBNavButton			Glyph.Data	single		svg	421	0	0	0	0							213250362e820808f9afeae33d37fe36d29446da8156945b7c706b08cd1f8ef6	images\213250362e820808f9afeae33d37fe36d29446da8156945b7c706b08cd1f8ef6.svg
C:\Projects\DB\ORM3\CLIENT\varnames.dfm	varnames.pas	dfm	TfrmVarNames	dxBarManager1.dxBarDBNavDelete1	dxBarDBNavDelete1	TdxBarDBNavButton			Glyph.Data	single		svg	331	0	0	0	0							3426812018064253d38559294ae768a24bc1f0e2b55e1155b259650d305523b2	images\3426812018064253d38559294ae768a24bc1f0e2b55e1155b259650d305523b2.svg
C:\Projects\DB\ORM3\CLIENT\varnames.dfm	varnames.pas	dfm	TfrmVarNames	dxBarManager1.dxBarDBNavEdit1	dxBarDBNavEdit1	TdxBarDBNavButton			Glyph.Data	single		svg	299	0	0	0	0							d7cef1afe0805720b049c349aa2273488c1eee83041ed56aa0d6d8502f8f2708	images\d7cef1afe0805720b049c349aa2273488c1eee83041ed56aa0d6d8502f8f2708.svg
C:\Projects\DB\ORM3\CLIENT\varnames.dfm	varnames.pas	dfm	TfrmVarNames	dxBarManager1.dxBarDBNavPost1	dxBarDBNavPost1	TdxBarDBNavButton			Glyph.Data	single		svg	337	0	0	0	0							8f9b13bab01903aac5c507b4e8cabbe899263cd4f3aa5b9a02b0cf8d69d57e03	images\8f9b13bab01903aac5c507b4e8cabbe899263cd4f3aa5b9a02b0cf8d69d57e03.svg
C:\Projects\DB\ORM3\CLIENT\varnames.dfm	varnames.pas	dfm	TfrmVarNames	dxBarManager1.dxBarDBNavCancel1	dxBarDBNavCancel1	TdxBarDBNavButton			Glyph.Data	single		svg	581	0	0	0	0							0bf670167728fb629118e442f19cb6d896033afa8289ac7bed141f4aa7ee9093	images\0bf670167728fb629118e442f19cb6d896033afa8289ac7bed141f4aa7ee9093.svg
C:\Projects\DB\ORM3\CLIENT\varnames.dfm	varnames.pas	dfm	TfrmVarNames	dxBarManager1.dxBarDBNavRefresh1	dxBarDBNavRefresh1	TdxBarDBNavButton			Glyph.Data	single		svg	426	0	0	0	0							fe976aa73cfd0d6bdb8e57cba9f19670367d0f5a0ad38d7ed106e3af5b2d2eae	images\fe976aa73cfd0d6bdb8e57cba9f19670367d0f5a0ad38d7ed106e3af5b2d2eae.svg
C:\Projects\DB\ORM3\CLIENT\varnames.dfm	varnames.pas	dfm	TfrmVarNames	dxBarManager1.dxBarDBNavAppend1	dxBarDBNavAppend1	TdxBarDBNavButton			Glyph.Data	single		svg	370	0	0	0	0							1cc652cdffa3e7adfface918a6fcea8f0c700fc11ba39682e14b71de2890a6ba	images\1cc652cdffa3e7adfface918a6fcea8f0c700fc11ba39682e14b71de2890a6ba.svg
C:\Projects\DB\ORM3\CLIENT\WaitingToComplete.dfm	WaitingToComplete.pas	dfm	TfrmWaitingToComplete		frmWaitingToComplete	TfrmWaitingToComplete	WaitingToComplete		Icon.Data	single		ico	1150	0	0	0	0							87829c566615525191dec99da56caf00d42442aaa72a701af21d38cb4d4598be	images\87829c566615525191dec99da56caf00d42442aaa72a701af21d38cb4d4598be.ico
C:\Projects\DB\ORM3\CLIENT\WaitingToComplete.dfm	WaitingToComplete.pas	dfm	TfrmWaitingToComplete	dxPanel1.Button1	Button1	TcxButton			OptionsImage.Glyph.Data	single		svg	1125	0	0	0	0							4780018cc1b819c19827d7e966443a762408f21b94521faebebd19b89c6a084f	images\4780018cc1b819c19827d7e966443a762408f21b94521faebebd19b89c6a084f.svg
C:\Projects\DB\ORM3\CLIENT\Z14SLCT.dfm	Z14SLCT.pas	dfm	TZ14slctFrm		Z14slctFrm	TZ14slctFrm	Z14slct		Icon.Data	single		ico	766	0	0	0	0							ff66307bd79fe7ed8b4531ae81ef3204cb3be14d8de48ef8f75f7f95693b8981	images\ff66307bd79fe7ed8b4531ae81ef3204cb3be14d8de48ef8f75f7f95693b8981.ico
C:\Projects\DB\ORM3\CLIENT\Z14SLCT.dfm	Z14SLCT.pas	dfm	TZ14slctFrm	cxGroupBox3.btn_Cancel	btn_Cancel	TcxButton			OptionsImage.Glyph.Data	single		svg	409	0	0	0	0							d54e369bf2fe3347b79188a2797c38f2614c670a5bcd39d3d37ad80869232793	images\d54e369bf2fe3347b79188a2797c38f2614c670a5bcd39d3d37ad80869232793.svg
C:\Projects\DB\ORM3\CLIENT\Z14SLCT.dfm	Z14SLCT.pas	dfm	TZ14slctFrm	cxGroupBox3.btn_Ok	btn_Ok	TcxButton			OptionsImage.Glyph.Data	single		svg	311	0	0	0	0							ab2833c13bab5dcf5c52f24bf054fc6b3ced8666064942a91cc8b758a6e53202	images\ab2833c13bab5dcf5c52f24bf054fc6b3ced8666064942a91cc8b758a6e53202.svg
C:\Projects\DB\ORM3\CLIENT\Z19OSelect.dfm	Z19OSelect.pas	dfm	TfrmZ19OSelect		frmZ19OSelect	TfrmZ19OSelect	Z19OSelect		Icon.Data	single		ico	51262	0	0	0	0							adad2bc51732dcd9f6ba266123714c98295a19dc1825ce265486b70b67ab3b62	images\adad2bc51732dcd9f6ba266123714c98295a19dc1825ce265486b70b67ab3b62.ico
C:\Projects\DB\ORM3\CLIENT\Z19OSelect.dfm	Z19OSelect.pas	dfm	TfrmZ19OSelect	dxBarManager1.btnExit	btnExit	TdxBarButton			Glyph.Data	single		bmp	1078	16	16	32	0					1		d1f5d5f839df61eb3317ff82c09de63b57e908669df38bd26a96a6dd5b8d7ad7	images\d1f5d5f839df61eb3317ff82c09de63b57e908669df38bd26a96a6dd5b8d7ad7.bmp
C:\Projects\DB\ORM3\CLIENT\Z19OSelect.dfm	Z19OSelect.pas	dfm	TfrmZ19OSelect	dxBarManager1.btnMaximize	btnMaximize	TdxBarButton			Glyph.Data	single		bmp	1078	16	16	32	0					1		d979d0b7b77a3576b3ea07e84c5ebda63b9ff26d22cf4e477f50474bd456c113	images\d979d0b7b77a3576b3ea07e84c5ebda63b9ff26d22cf4e477f50474bd456c113.bmp
C:\Projects\DB\ORM3\CLIENT\z19Slct.dfm	z19Slct.pas	dfm	TZ19slctFrm		Z19slctFrm	TZ19slctFrm	z19Slct		Icon.Data	single		ico	1150	0	0	0	0							87829c566615525191dec99da56caf00d42442aaa72a701af21d38cb4d4598be	images\87829c566615525191dec99da56caf00d42442aaa72a701af21d38cb4d4598be.ico
C:\Projects\DB\ORM3\CLIENT\z19Slct.dfm	z19Slct.pas	dfm	TZ19slctFrm	cxGroupBox3.btn_Cancel	btn_Cancel	TcxButton			OptionsImage.Glyph.Data	single		svg	409	0	0	0	0							d54e369bf2fe3347b79188a2797c38f2614c670a5bcd39d3d37ad80869232793	images\d54e369bf2fe3347b79188a2797c38f2614c670a5bcd39d3d37ad80869232793.svg
C:\Projects\DB\ORM3\CLIENT\z19Slct.dfm	z19Slct.pas	dfm	TZ19slctFrm	cxGroupBox3.btn_Ok	btn_Ok	TcxButton			OptionsImage.Glyph.Data	single		svg	311	0	0	0	0							ab2833c13bab5dcf5c52f24bf054fc6b3ced8666064942a91cc8b758a6e53202	images\ab2833c13bab5dcf5c52f24bf054fc6b3ced8666064942a91cc8b758a6e53202.svg
C:\Projects\DB\ORM3\CLIENT\__dfm_backup_20260503_175226\DFCTLIST.dfm		dfm	TDefectListDlg		DefectListDlg	TDefectListDlg	Dfctlist		Icon.Data	single		ico	1150	0	0	0	0							87829c566615525191dec99da56caf00d42442aaa72a701af21d38cb4d4598be	images\87829c566615525191dec99da56caf00d42442aaa72a701af21d38cb4d4598be.ico
C:\Projects\DB\ORM3\CLIENT\__dfm_backup_20260503_175226\DFCTLIST.dfm		dfm	TDefectListDlg	dxBarManager1.dxBarDBNavFirst1	dxBarDBNavFirst1	TdxBarDBNavButton			Glyph.Data	single		svg	473	0	0	0	0							4f6b5e7feb872030cf8c07f4b0a9154dba561d068f0bbe851f401038888deb73	images\4f6b5e7feb872030cf8c07f4b0a9154dba561d068f0bbe851f401038888deb73.svg
C:\Projects\DB\ORM3\CLIENT\__dfm_backup_20260503_175226\DFCTLIST.dfm		dfm	TDefectListDlg	dxBarManager1.dxBarDBNavPrev1	dxBarDBNavPrev1	TdxBarDBNavButton			Glyph.Data	single		svg	326	0	0	0	0							9affc86233a3c5214b39371064995d1a618b6351e5fc4ea3fcc737d5adee7301	images\9affc86233a3c5214b39371064995d1a618b6351e5fc4ea3fcc737d5adee7301.svg
C:\Projects\DB\ORM3\CLIENT\__dfm_backup_20260503_175226\DFCTLIST.dfm		dfm	TDefectListDlg	dxBarManager1.dxBarDBNavNext1	dxBarDBNavNext1	TdxBarDBNavButton			Glyph.Data	single		svg	326	0	0	0	0							31c86d717e300180306624b9f136bc00ee9996221aef9eb76e66c80b91008bf7	images\31c86d717e300180306624b9f136bc00ee9996221aef9eb76e66c80b91008bf7.svg
C:\Projects\DB\ORM3\CLIENT\__dfm_backup_20260503_175226\DFCTLIST.dfm		dfm	TDefectListDlg	dxBarManager1.dxBarDBNavLast1	dxBarDBNavLast1	TdxBarDBNavButton			Glyph.Data	single		svg	433	0	0	0	0							44036aa63309d06887b4983c8a4fc4e7f96de9af23f3593af004275785272ced	images\44036aa63309d06887b4983c8a4fc4e7f96de9af23f3593af004275785272ced.svg
C:\Projects\DB\ORM3\CLIENT\__dfm_backup_20260503_175226\DFCTLIST.dfm		dfm	TDefectListDlg	dxBarManager1.dxBarDBNavInsert1	dxBarDBNavInsert1	TdxBarDBNavButton			Glyph.Data	single		svg	421	0	0	0	0							213250362e820808f9afeae33d37fe36d29446da8156945b7c706b08cd1f8ef6	images\213250362e820808f9afeae33d37fe36d29446da8156945b7c706b08cd1f8ef6.svg
C:\Projects\DB\ORM3\CLIENT\__dfm_backup_20260503_175226\DFCTLIST.dfm		dfm	TDefectListDlg	dxBarManager1.dxBarDBNavDelete1	dxBarDBNavDelete1	TdxBarDBNavButton			Glyph.Data	single		svg	331	0	0	0	0							3426812018064253d38559294ae768a24bc1f0e2b55e1155b259650d305523b2	images\3426812018064253d38559294ae768a24bc1f0e2b55e1155b259650d305523b2.svg
C:\Projects\DB\ORM3\CLIENT\__dfm_backup_20260503_175226\DFCTLIST.dfm		dfm	TDefectListDlg	dxBarManager1.dxBarDBNavEdit1	dxBarDBNavEdit1	TdxBarDBNavButton			Glyph.Data	single		svg	299	0	0	0	0							d7cef1afe0805720b049c349aa2273488c1eee83041ed56aa0d6d8502f8f2708	images\d7cef1afe0805720b049c349aa2273488c1eee83041ed56aa0d6d8502f8f2708.svg
C:\Projects\DB\ORM3\CLIENT\__dfm_backup_20260503_175226\DFCTLIST.dfm		dfm	TDefectListDlg	dxBarManager1.dxBarDBNavPost1	dxBarDBNavPost1	TdxBarDBNavButton			Glyph.Data	single		svg	337	0	0	0	0							8f9b13bab01903aac5c507b4e8cabbe899263cd4f3aa5b9a02b0cf8d69d57e03	images\8f9b13bab01903aac5c507b4e8cabbe899263cd4f3aa5b9a02b0cf8d69d57e03.svg
C:\Projects\DB\ORM3\CLIENT\__dfm_backup_20260503_175226\DFCTLIST.dfm		dfm	TDefectListDlg	dxBarManager1.dxBarDBNavCancel1	dxBarDBNavCancel1	TdxBarDBNavButton			Glyph.Data	single		svg	581	0	0	0	0							0bf670167728fb629118e442f19cb6d896033afa8289ac7bed141f4aa7ee9093	images\0bf670167728fb629118e442f19cb6d896033afa8289ac7bed141f4aa7ee9093.svg
C:\Projects\DB\ORM3\CLIENT\__dfm_backup_20260503_175226\DFCTLIST.dfm		dfm	TDefectListDlg	dxBarManager1.dxBarDBNavRefresh1	dxBarDBNavRefresh1	TdxBarDBNavButton			Glyph.Data	single		svg	426	0	0	0	0							fe976aa73cfd0d6bdb8e57cba9f19670367d0f5a0ad38d7ed106e3af5b2d2eae	images\fe976aa73cfd0d6bdb8e57cba9f19670367d0f5a0ad38d7ed106e3af5b2d2eae.svg
C:\Projects\DB\ORM3\CLIENT\__dfm_backup_20260503_175226\DFCTLIST.dfm		dfm	TDefectListDlg	dxBarManager1.btnPrint	btnPrint	TdxBarButton			Glyph.Data	single		svg	819	0	0	0	0							4ba55ff88e8cf3f39a716d1dd6eb4e744836948baa8d84db637a15a904e50cdb	images\4ba55ff88e8cf3f39a716d1dd6eb4e744836948baa8d84db637a15a904e50cdb.svg
C:\Projects\DB\ORM3\CLIENT\__dfm_backup_20260503_175226\DFCTLIST.dfm		dfm	TDefectListDlg	dxBarManager1.btnPrint	btnPrint	TdxBarButton			LargeGlyph.Data	single		svg	819	0	0	0	0							4ba55ff88e8cf3f39a716d1dd6eb4e744836948baa8d84db637a15a904e50cdb	images\4ba55ff88e8cf3f39a716d1dd6eb4e744836948baa8d84db637a15a904e50cdb.svg
C:\Projects\DB\ORM3\CLIENT\__dfm_backup_20260503_175226\DFCTLIST.dfm		dfm	TDefectListDlg	dxBarManager1.btnExit	btnExit	TdxBarButton			Glyph.Data	single		svg	3033	0	0	0	0							39e5933d6f88188b2c66d8c653d769e7684d9a23c349e93e39b61c6384fc2a9e	images\39e5933d6f88188b2c66d8c653d769e7684d9a23c349e93e39b61c6384fc2a9e.svg
C:\Projects\DB\ORM3\CLIENT\__dfm_backup_20260503_175226\DFCTLIST.dfm		dfm	TDefectListDlg	dxBarManager1.btnExit	btnExit	TdxBarButton			LargeGlyph.Data	single		svg	582	0	0	0	0							0f81df5c433377e3b5fc44dff9f57aa3aefe45a5c31105e2016acd7c53ce3379	images\0f81df5c433377e3b5fc44dff9f57aa3aefe45a5c31105e2016acd7c53ce3379.svg
C:\Projects\DB\ORM3\CLIENT\__dfm_backup_20260503_175226\EWrkSLCT.dfm		dfm	TfrmEwrkSlct		frmEwrkSlct	TfrmEwrkSlct	EWrkSLCT		Icon.Data	single		ico	1150	0	0	0	0							a738c9d62b9d77ee7c16e4b83c490ad8aa37072147418c79ea79c041bb30378c	images\a738c9d62b9d77ee7c16e4b83c490ad8aa37072147418c79ea79c041bb30378c.ico
C:\Projects\DB\ORM3\CLIENT\__dfm_backup_20260503_175226\GridLayout.dfm		dfm	TfrmGridLayout		frmGridLayout	TfrmGridLayout	GridLayout		Icon.Data	single		ico	1150	0	0	0	0							87829c566615525191dec99da56caf00d42442aaa72a701af21d38cb4d4598be	images\87829c566615525191dec99da56caf00d42442aaa72a701af21d38cb4d4598be.ico
C:\Projects\DB\ORM3\CLIENT\__dfm_backup_20260503_175226\GridLayout.dfm		dfm	TfrmGridLayout	RzPanel1.RzMenuButton1	RzMenuButton1	TcxButton			OptionsImage.Glyph.Data	single		svg	311	0	0	0	0							ab2833c13bab5dcf5c52f24bf054fc6b3ced8666064942a91cc8b758a6e53202	images\ab2833c13bab5dcf5c52f24bf054fc6b3ced8666064942a91cc8b758a6e53202.svg
C:\Projects\DB\ORM3\CLIENT\__dfm_backup_20260503_175226\GridLayout.dfm		dfm	TfrmGridLayout	RzPanel1.RzMenuButton2	RzMenuButton2	TcxButton			OptionsImage.Glyph.Data	single		svg	475	0	0	0	0							182dc8b95b3aacd3fb2a562fef0f9af9d1bcead5a2f8e9477f6910dfd29af2d0	images\182dc8b95b3aacd3fb2a562fef0f9af9d1bcead5a2f8e9477f6910dfd29af2d0.svg
C:\Projects\DB\ORM3\CLIENT\__dfm_backup_20260503_175226\GridLayout.dfm		dfm	TfrmGridLayout	dxBarManager1	dxBarManager1	TdxBarManager			HelpButtonGlyph.Data	single		bmp	1078	16	16	32	0					1		ac7fabcb83cb04ea347df7e26a69df04ec3759c43d3ffb6de6a747f1cbf1e0fc	images\ac7fabcb83cb04ea347df7e26a69df04ec3759c43d3ffb6de6a747f1cbf1e0fc.bmp
C:\Projects\DB\ORM3\CLIENT\__dfm_backup_20260503_175226\GridLayout.dfm		dfm	TfrmGridLayout	dxBarManager1.dxBarDBNavFirst1	dxBarDBNavFirst1	TdxBarDBNavButton			Glyph.Data	single		svg	473	0	0	0	0							4f6b5e7feb872030cf8c07f4b0a9154dba561d068f0bbe851f401038888deb73	images\4f6b5e7feb872030cf8c07f4b0a9154dba561d068f0bbe851f401038888deb73.svg
C:\Projects\DB\ORM3\CLIENT\__dfm_backup_20260503_175226\GridLayout.dfm		dfm	TfrmGridLayout	dxBarManager1.dxBarDBNavPrev1	dxBarDBNavPrev1	TdxBarDBNavButton			Glyph.Data	single		svg	326	0	0	0	0							9affc86233a3c5214b39371064995d1a618b6351e5fc4ea3fcc737d5adee7301	images\9affc86233a3c5214b39371064995d1a618b6351e5fc4ea3fcc737d5adee7301.svg
C:\Projects\DB\ORM3\CLIENT\__dfm_backup_20260503_175226\GridLayout.dfm		dfm	TfrmGridLayout	dxBarManager1.dxBarDBNavNext1	dxBarDBNavNext1	TdxBarDBNavButton			Glyph.Data	single		svg	326	0	0	0	0							31c86d717e300180306624b9f136bc00ee9996221aef9eb76e66c80b91008bf7	images\31c86d717e300180306624b9f136bc00ee9996221aef9eb76e66c80b91008bf7.svg
C:\Projects\DB\ORM3\CLIENT\__dfm_backup_20260503_175226\GridLayout.dfm		dfm	TfrmGridLayout	dxBarManager1.dxBarDBNavLast1	dxBarDBNavLast1	TdxBarDBNavButton			Glyph.Data	single		svg	433	0	0	0	0							44036aa63309d06887b4983c8a4fc4e7f96de9af23f3593af004275785272ced	images\44036aa63309d06887b4983c8a4fc4e7f96de9af23f3593af004275785272ced.svg
C:\Projects\DB\ORM3\CLIENT\__dfm_backup_20260503_175226\GridLayout.dfm		dfm	TfrmGridLayout	dxBarManager1.dxBarDBNavDelete1	dxBarDBNavDelete1	TdxBarDBNavButton			Glyph.Data	single		svg	331	0	0	0	0							3426812018064253d38559294ae768a24bc1f0e2b55e1155b259650d305523b2	images\3426812018064253d38559294ae768a24bc1f0e2b55e1155b259650d305523b2.svg
C:\Projects\DB\ORM3\CLIENT\__dfm_backup_20260503_175226\GridLayout.dfm		dfm	TfrmGridLayout	dxBarManager1.dxBarDBNavPost1	dxBarDBNavPost1	TdxBarDBNavButton			Glyph.Data	single		svg	337	0	0	0	0							8f9b13bab01903aac5c507b4e8cabbe899263cd4f3aa5b9a02b0cf8d69d57e03	images\8f9b13bab01903aac5c507b4e8cabbe899263cd4f3aa5b9a02b0cf8d69d57e03.svg
C:\Projects\DB\ORM3\CLIENT\__dfm_backup_20260503_175226\GridLayout.dfm		dfm	TfrmGridLayout	dxBarManager1.dxBarDBNavCancel1	dxBarDBNavCancel1	TdxBarDBNavButton			Glyph.Data	single		svg	581	0	0	0	0							0bf670167728fb629118e442f19cb6d896033afa8289ac7bed141f4aa7ee9093	images\0bf670167728fb629118e442f19cb6d896033afa8289ac7bed141f4aa7ee9093.svg
C:\Projects\DB\ORM3\CLIENT\__dfm_backup_20260503_175226\GridLayout.dfm		dfm	TfrmGridLayout	dxBarManager1.dxBarDBNavRefresh1	dxBarDBNavRefresh1	TdxBarDBNavButton			Glyph.Data	single		svg	426	0	0	0	0							fe976aa73cfd0d6bdb8e57cba9f19670367d0f5a0ad38d7ed106e3af5b2d2eae	images\fe976aa73cfd0d6bdb8e57cba9f19670367d0f5a0ad38d7ed106e3af5b2d2eae.svg
C:\Projects\DB\ORM3\CLIENT\__dfm_backup_20260503_175226\GridLayout.dfm		dfm	TfrmGridLayout	cxImageList1	cxImageList1	TcxImageList			Bitmap	container			2790	0	0	0	0							75f6b001c8535b7c33fde00d7dc9114d13c28bd433a0e6a131c29708691e6b22	images\75f6b001c8535b7c33fde00d7dc9114d13c28bd433a0e6a131c29708691e6b22.bin
C:\Projects\DB\ORM3\CLIENT\__dfm_backup_20260503_175226\GridLayout.dfm		dfm	TfrmGridLayout	cxImageList1	cxImageList1	TcxImageList			ImageInfo[0].Image.Data	container		svg	2823	0	0	0	0							995610dcf272a6240a71fc02b762110c36325f40620e026c0f527cb5b75d8949	images\995610dcf272a6240a71fc02b762110c36325f40620e026c0f527cb5b75d8949.svg
C:\Projects\DB\ORM3\CLIENT\__dfm_backup_20260503_175226\GridLayout.dfm		dfm	TfrmGridLayout	cxImageList1	cxImageList1	TcxImageList			ImageInfo[1].Image.Data	container		svg	2823	0	0	0	0							995610dcf272a6240a71fc02b762110c36325f40620e026c0f527cb5b75d8949	images\995610dcf272a6240a71fc02b762110c36325f40620e026c0f527cb5b75d8949.svg
C:\Projects\DB\ORM3\CLIENT\__dfm_backup_20260503_175226\MEPDOESampling.dfm		dfm	TfrmMEPDOESampling		frmMEPDOESampling	TfrmMEPDOESampling	MEPDOESampling		Icon.Data	single		ico	1150	0	0	0	0							87829c566615525191dec99da56caf00d42442aaa72a701af21d38cb4d4598be	images\87829c566615525191dec99da56caf00d42442aaa72a701af21d38cb4d4598be.ico
C:\Projects\DB\ORM3\CLIENT\__dfm_backup_20260503_175226\MEPDOESampling.dfm		dfm	TfrmMEPDOESampling	RzSplitter1.grdNotes	grdNotes	TcxTreeList			Data	single			485	0	0	0	0							c4ceeb4aad2073613ca9d551d55b33dcfc95f2d1d47706611b43b8c0a9513f78	images\c4ceeb4aad2073613ca9d551d55b33dcfc95f2d1d47706611b43b8c0a9513f78.bin
C:\Projects\DB\ORM3\CLIENT\__dfm_backup_20260503_175226\MEPDOESampling.dfm		dfm	TfrmMEPDOESampling	dxBarManager1.btnExit	btnExit	TdxBarButton			Glyph.Data	single		svg	3033	0	0	0	0							39e5933d6f88188b2c66d8c653d769e7684d9a23c349e93e39b61c6384fc2a9e	images\39e5933d6f88188b2c66d8c653d769e7684d9a23c349e93e39b61c6384fc2a9e.svg
C:\Projects\DB\ORM3\CLIENT\__dfm_backup_20260503_175226\MEPDOESampling.dfm		dfm	TfrmMEPDOESampling	dxBarManager1.btnNewCategory	btnNewCategory	TdxBarButton			Glyph.Data	single		svg	756	0	0	0	0							178274ee28506c32c3f207f65ec306693e15dcaea18fee45c2fb3265b7817362	images\178274ee28506c32c3f207f65ec306693e15dcaea18fee45c2fb3265b7817362.svg
C:\Projects\DB\ORM3\CLIENT\__dfm_backup_20260503_175226\MEPDOESampling.dfm		dfm	TfrmMEPDOESampling	dxBarManager1.btnPrint	btnPrint	TdxBarButton			Glyph.Data	single		svg	819	0	0	0	0							4ba55ff88e8cf3f39a716d1dd6eb4e744836948baa8d84db637a15a904e50cdb	images\4ba55ff88e8cf3f39a716d1dd6eb4e744836948baa8d84db637a15a904e50cdb.svg
C:\Projects\DB\ORM3\CLIENT\__dfm_backup_20260503_175226\MEPDOESampling.dfm		dfm	TfrmMEPDOESampling	dxBarManager1.dxBarDBNavInsert1	dxBarDBNavInsert1	TdxBarDBNavButton			Glyph.Data	single		svg	700	0	0	0	0							dda9215bd7720ded9782de095242c3f8d2cb4616a97049ad9f2b6c8efee5783b	images\dda9215bd7720ded9782de095242c3f8d2cb4616a97049ad9f2b6c8efee5783b.svg
C:\Projects\DB\ORM3\CLIENT\__dfm_backup_20260503_175226\METemplateSetup.dfm		dfm	TfrmMETemplateSetup		frmMETemplateSetup	TfrmMETemplateSetup	METemplateSetup		Icon.Data	single		ico	4286	0	0	0	0							0125ad05d2f3e161af7c97a03ff394d5e115bbdbbc2c8753b6bd399e1047e450	images\0125ad05d2f3e161af7c97a03ff394d5e115bbdbbc2c8753b6bd399e1047e450.ico
C:\Projects\DB\ORM3\CLIENT\__dfm_backup_20260503_175226\METemplateSetup.dfm		dfm	TfrmMETemplateSetup	RzSplitter1.grdNotes	grdNotes	TcxTreeList			Data	single			587	0	0	0	0							94e105db9b18d40d28c5dad9a5582e234a1f599936e5e804ad1772e8a420dff7	images\94e105db9b18d40d28c5dad9a5582e234a1f599936e5e804ad1772e8a420dff7.bin
C:\Projects\DB\ORM3\CLIENT\__dfm_backup_20260503_175226\METemplateSetup.dfm		dfm	TfrmMETemplateSetup	dxBarManager1.btnExit	btnExit	TdxBarButton			Glyph.Data	single		svg	3033	0	0	0	0							39e5933d6f88188b2c66d8c653d769e7684d9a23c349e93e39b61c6384fc2a9e	images\39e5933d6f88188b2c66d8c653d769e7684d9a23c349e93e39b61c6384fc2a9e.svg
C:\Projects\DB\ORM3\CLIENT\__dfm_backup_20260503_175226\METemplateSetup.dfm		dfm	TfrmMETemplateSetup	dxBarManager1.btnExit	btnExit	TdxBarButton			LargeGlyph.Data	single		svg	637	0	0	0	0							5005d5039ad9d5b569434b898177775d6afb5b1937b4f34b381add8db59b0bbf	images\5005d5039ad9d5b569434b898177775d6afb5b1937b4f34b381add8db59b0bbf.svg
C:\Projects\DB\ORM3\CLIENT\__dfm_backup_20260503_175226\METemplateSetup.dfm		dfm	TfrmMETemplateSetup	dxBarManager1.btnNewCategory	btnNewCategory	TdxBarButton			Glyph.Data	single		svg	756	0	0	0	0							178274ee28506c32c3f207f65ec306693e15dcaea18fee45c2fb3265b7817362	images\178274ee28506c32c3f207f65ec306693e15dcaea18fee45c2fb3265b7817362.svg
C:\Projects\DB\ORM3\CLIENT\__dfm_backup_20260503_175226\METemplateSetup.dfm		dfm	TfrmMETemplateSetup	dxBarManager1.btnPrint	btnPrint	TdxBarButton			Glyph.Data	single		svg	819	0	0	0	0							4ba55ff88e8cf3f39a716d1dd6eb4e744836948baa8d84db637a15a904e50cdb	images\4ba55ff88e8cf3f39a716d1dd6eb4e744836948baa8d84db637a15a904e50cdb.svg
C:\Projects\DB\ORM3\CLIENT\__dfm_backup_20260503_175226\METemplateSetup.dfm		dfm	TfrmMETemplateSetup	dxBarManager1.btnPrint	btnPrint	TdxBarButton			LargeGlyph.Data	single		svg	726	0	0	0	0							d4e1d6194de19fa2d2a84aded474174a8d5a835f4f2c9d44af21e6a74017b1eb	images\d4e1d6194de19fa2d2a84aded474174a8d5a835f4f2c9d44af21e6a74017b1eb.svg
C:\Projects\DB\ORM3\CLIENT\__dfm_backup_20260503_175226\METemplateSetup.dfm		dfm	TfrmMETemplateSetup	dxBarManager1.dxBarDBNavInsert1	dxBarDBNavInsert1	TdxBarDBNavButton			Glyph.Data	single		svg	700	0	0	0	0							dda9215bd7720ded9782de095242c3f8d2cb4616a97049ad9f2b6c8efee5783b	images\dda9215bd7720ded9782de095242c3f8d2cb4616a97049ad9f2b6c8efee5783b.svg
C:\Projects\DB\ORM3\CLIENT\__dfm_backup_20260503_175226\OperatorList.dfm		dfm	TdlgOperatorList	dxBarManager1.dxBarDBNavFirst1	dxBarDBNavFirst1	TdxBarDBNavButton			Glyph.Data	single		svg	473	0	0	0	0							4f6b5e7feb872030cf8c07f4b0a9154dba561d068f0bbe851f401038888deb73	images\4f6b5e7feb872030cf8c07f4b0a9154dba561d068f0bbe851f401038888deb73.svg
C:\Projects\DB\ORM3\CLIENT\__dfm_backup_20260503_175226\OperatorList.dfm		dfm	TdlgOperatorList	dxBarManager1.dxBarDBNavPrev1	dxBarDBNavPrev1	TdxBarDBNavButton			Glyph.Data	single		svg	326	0	0	0	0							9affc86233a3c5214b39371064995d1a618b6351e5fc4ea3fcc737d5adee7301	images\9affc86233a3c5214b39371064995d1a618b6351e5fc4ea3fcc737d5adee7301.svg
C:\Projects\DB\ORM3\CLIENT\__dfm_backup_20260503_175226\OperatorList.dfm		dfm	TdlgOperatorList	dxBarManager1.dxBarDBNavNext1	dxBarDBNavNext1	TdxBarDBNavButton			Glyph.Data	single		svg	326	0	0	0	0							31c86d717e300180306624b9f136bc00ee9996221aef9eb76e66c80b91008bf7	images\31c86d717e300180306624b9f136bc00ee9996221aef9eb76e66c80b91008bf7.svg
C:\Projects\DB\ORM3\CLIENT\__dfm_backup_20260503_175226\OperatorList.dfm		dfm	TdlgOperatorList	dxBarManager1.dxBarDBNavLast1	dxBarDBNavLast1	TdxBarDBNavButton			Glyph.Data	single		svg	433	0	0	0	0							44036aa63309d06887b4983c8a4fc4e7f96de9af23f3593af004275785272ced	images\44036aa63309d06887b4983c8a4fc4e7f96de9af23f3593af004275785272ced.svg
C:\Projects\DB\ORM3\CLIENT\__dfm_backup_20260503_175226\OperatorList.dfm		dfm	TdlgOperatorList	dxBarManager1.dxBarDBNavInsert1	dxBarDBNavInsert1	TdxBarDBNavButton			Glyph.Data	single		svg	421	0	0	0	0							213250362e820808f9afeae33d37fe36d29446da8156945b7c706b08cd1f8ef6	images\213250362e820808f9afeae33d37fe36d29446da8156945b7c706b08cd1f8ef6.svg
C:\Projects\DB\ORM3\CLIENT\__dfm_backup_20260503_175226\OperatorList.dfm		dfm	TdlgOperatorList	dxBarManager1.dxBarDBNavDelete1	dxBarDBNavDelete1	TdxBarDBNavButton			Glyph.Data	single		svg	331	0	0	0	0							3426812018064253d38559294ae768a24bc1f0e2b55e1155b259650d305523b2	images\3426812018064253d38559294ae768a24bc1f0e2b55e1155b259650d305523b2.svg
C:\Projects\DB\ORM3\CLIENT\__dfm_backup_20260503_175226\OperatorList.dfm		dfm	TdlgOperatorList	dxBarManager1.dxBarDBNavEdit1	dxBarDBNavEdit1	TdxBarDBNavButton			Glyph.Data	single		svg	299	0	0	0	0							d7cef1afe0805720b049c349aa2273488c1eee83041ed56aa0d6d8502f8f2708	images\d7cef1afe0805720b049c349aa2273488c1eee83041ed56aa0d6d8502f8f2708.svg
C:\Projects\DB\ORM3\CLIENT\__dfm_backup_20260503_175226\OperatorList.dfm		dfm	TdlgOperatorList	dxBarManager1.dxBarDBNavPost1	dxBarDBNavPost1	TdxBarDBNavButton			Glyph.Data	single		svg	337	0	0	0	0							8f9b13bab01903aac5c507b4e8cabbe899263cd4f3aa5b9a02b0cf8d69d57e03	images\8f9b13bab01903aac5c507b4e8cabbe899263cd4f3aa5b9a02b0cf8d69d57e03.svg
C:\Projects\DB\ORM3\CLIENT\__dfm_backup_20260503_175226\OperatorList.dfm		dfm	TdlgOperatorList	dxBarManager1.dxBarDBNavCancel1	dxBarDBNavCancel1	TdxBarDBNavButton			Glyph.Data	single		svg	581	0	0	0	0							0bf670167728fb629118e442f19cb6d896033afa8289ac7bed141f4aa7ee9093	images\0bf670167728fb629118e442f19cb6d896033afa8289ac7bed141f4aa7ee9093.svg
C:\Projects\DB\ORM3\CLIENT\__dfm_backup_20260503_175226\OperatorList.dfm		dfm	TdlgOperatorList	dxBarManager1.dxBarDBNavRefresh1	dxBarDBNavRefresh1	TdxBarDBNavButton			Glyph.Data	single		svg	426	0	0	0	0							fe976aa73cfd0d6bdb8e57cba9f19670367d0f5a0ad38d7ed106e3af5b2d2eae	images\fe976aa73cfd0d6bdb8e57cba9f19670367d0f5a0ad38d7ed106e3af5b2d2eae.svg
C:\Projects\DB\ORM3\CLIENT\__dfm_backup_20260503_175226\OperatorList.dfm		dfm	TdlgOperatorList	dxBarManager1.dxBarDBNavAppend1	dxBarDBNavAppend1	TdxBarDBNavButton			Glyph.Data	single		svg	370	0	0	0	0							1cc652cdffa3e7adfface918a6fcea8f0c700fc11ba39682e14b71de2890a6ba	images\1cc652cdffa3e7adfface918a6fcea8f0c700fc11ba39682e14b71de2890a6ba.svg
C:\Projects\DB\ORM3\CLIENT\__dfm_backup_20260503_175226\OperatorList.dfm		dfm	TdlgOperatorList	dxBarManager1.btnPrint	btnPrint	TdxBarButton			Glyph.Data	single		svg	1250	0	0	0	0							f3985f148c892524994c590303aa2e8be7986d918c096d7094fac860d3f59b30	images\f3985f148c892524994c590303aa2e8be7986d918c096d7094fac860d3f59b30.svg
C:\Projects\DB\ORM3\CLIENT\__dfm_backup_20260503_175226\OperatorList.dfm		dfm	TdlgOperatorList	dxBarManager1.btnExit	btnExit	TdxBarButton			Glyph.Data	single		svg	3033	0	0	0	0							39e5933d6f88188b2c66d8c653d769e7684d9a23c349e93e39b61c6384fc2a9e	images\39e5933d6f88188b2c66d8c653d769e7684d9a23c349e93e39b61c6384fc2a9e.svg
C:\Projects\DB\ORM3\CLIENT\__dfm_backup_20260503_175226\SmallBatch100Final.dfm		dfm	TfrmSmallBatch100FinalPlanSetup		frmSmallBatch100FinalPlanSetup	TfrmSmallBatch100FinalPlanSetup	SmallBatch100Final		Icon.Data	single		ico	51262	0	0	0	0							adad2bc51732dcd9f6ba266123714c98295a19dc1825ce265486b70b67ab3b62	images\adad2bc51732dcd9f6ba266123714c98295a19dc1825ce265486b70b67ab3b62.ico
C:\Projects\DB\ORM3\CLIENT\__dfm_backup_20260503_175226\SmallBatch100Final.dfm		dfm	TfrmSmallBatch100FinalPlanSetup	dxBarManager1.btnExit	btnExit	TdxBarButton			Glyph.Data	single		bmp	1078	16	16	32	0					1		d1f5d5f839df61eb3317ff82c09de63b57e908669df38bd26a96a6dd5b8d7ad7	images\d1f5d5f839df61eb3317ff82c09de63b57e908669df38bd26a96a6dd5b8d7ad7.bmp
C:\Projects\DB\ORM3\CLIENT\__dfm_backup_20260503_175226\SmallBatch100Final.dfm		dfm	TfrmSmallBatch100FinalPlanSetup	dxBarManager1.btnMaximize	btnMaximize	TdxBarButton			Glyph.Data	single		bmp	1078	16	16	32	0					1		d979d0b7b77a3576b3ea07e84c5ebda63b9ff26d22cf4e477f50474bd456c113	images\d979d0b7b77a3576b3ea07e84c5ebda63b9ff26d22cf4e477f50474bd456c113.bmp
C:\Projects\DB\ORM3\CLIENT\__dfm_backup_20260503_175226\SmallBatch100Final.dfm		dfm	TfrmSmallBatch100FinalPlanSetup	dxBarManager1.btnCancel	btnCancel	TdxBarButton			Glyph.Data	single		bmp	1078	16	16	32	0					1		d8be263f447bb2946a9ecf5e82e5052aebdb1fe0336a015e65e001415629d619	images\d8be263f447bb2946a9ecf5e82e5052aebdb1fe0336a015e65e001415629d619.bmp
C:\Projects\DB\ORM3\CLIENT\__dfm_backup_20260503_175226\SPCTplEdit.dfm		dfm	TfrmSPCTplEdit		frmSPCTplEdit	TfrmSPCTplEdit	SPCTplEdit		Icon.Data	single		ico	1150	0	0	0	0							87829c566615525191dec99da56caf00d42442aaa72a701af21d38cb4d4598be	images\87829c566615525191dec99da56caf00d42442aaa72a701af21d38cb4d4598be.ico
C:\Projects\DB\ORM3\CLIENT\__dfm_backup_20260503_175226\SPCTplEdit.dfm		dfm	TfrmSPCTplEdit	dxBarManager1.btnExit	btnExit	TdxBarButton			Glyph.Data	single		svg	3033	0	0	0	0							39e5933d6f88188b2c66d8c653d769e7684d9a23c349e93e39b61c6384fc2a9e	images\39e5933d6f88188b2c66d8c653d769e7684d9a23c349e93e39b61c6384fc2a9e.svg
C:\Projects\DB\ORM3\CLIENT\__dfm_backup_20260503_175226\SPCTplEdit.dfm		dfm	TfrmSPCTplEdit	dxBarManager1.btnPrint	btnPrint	TdxBarButton			Glyph.Data	single		svg	819	0	0	0	0							4ba55ff88e8cf3f39a716d1dd6eb4e744836948baa8d84db637a15a904e50cdb	images\4ba55ff88e8cf3f39a716d1dd6eb4e744836948baa8d84db637a15a904e50cdb.svg
C:\Projects\DB\ORM3\CLIENT\__dfm_backup_20260503_175226\TrpsSlct.dfm		dfm	TfrmTrpsSlct		frmTrpsSlct	TfrmTrpsSlct	TrpsSlct		Icon.Data	single		ico	51262	0	0	0	0							adad2bc51732dcd9f6ba266123714c98295a19dc1825ce265486b70b67ab3b62	images\adad2bc51732dcd9f6ba266123714c98295a19dc1825ce265486b70b67ab3b62.ico
C:\Projects\DB\ORM3\CLIENT\__dfm_backup_20260503_175226\TrpsSlct.dfm		dfm	TfrmTrpsSlct	dxLayoutControl1.btn_Cancel	btn_Cancel	TcxButton			OptionsImage.Glyph.Data	single		svg	475	0	0	0	0							182dc8b95b3aacd3fb2a562fef0f9af9d1bcead5a2f8e9477f6910dfd29af2d0	images\182dc8b95b3aacd3fb2a562fef0f9af9d1bcead5a2f8e9477f6910dfd29af2d0.svg
C:\Projects\DB\ORM3\CLIENT\__dfm_backup_20260503_175226\TrpsSlct.dfm		dfm	TfrmTrpsSlct	dxLayoutControl1.btn_Ok	btn_Ok	TcxButton			OptionsImage.Glyph.Data	single		svg	299	0	0	0	0							5f9097125b596ff5f333b4eede9a993e931d86775d5c07502ed29710865fc2f3	images\5f9097125b596ff5f333b4eede9a993e931d86775d5c07502ed29710865fc2f3.svg
C:\Projects\DB\ORM3\CLIENT\__dfm_backup_20260503_175226\uEnterPassword.dfm		dfm	TfrmEnterPassword		frmEnterPassword	TfrmEnterPassword	uEnterPassword		Icon.Data	single		ico	1150	0	0	0	0							87829c566615525191dec99da56caf00d42442aaa72a701af21d38cb4d4598be	images\87829c566615525191dec99da56caf00d42442aaa72a701af21d38cb4d4598be.ico
C:\Projects\DB\ORM3\CLIENT\__dfm_backup_20260503_175226\uEnterPassword.dfm		dfm	TfrmEnterPassword	btnCancel	btnCancel	TcxButton			OptionsImage.Glyph.Data	single		svg	475	0	0	0	0							182dc8b95b3aacd3fb2a562fef0f9af9d1bcead5a2f8e9477f6910dfd29af2d0	images\182dc8b95b3aacd3fb2a562fef0f9af9d1bcead5a2f8e9477f6910dfd29af2d0.svg
C:\Projects\DB\ORM3\CLIENT\__dfm_backup_20260503_175226\uEnterPassword.dfm		dfm	TfrmEnterPassword	btnOK	btnOK	TcxButton			OptionsImage.Glyph.Data	single		svg	311	0	0	0	0							ab2833c13bab5dcf5c52f24bf054fc6b3ced8666064942a91cc8b758a6e53202	images\ab2833c13bab5dcf5c52f24bf054fc6b3ced8666064942a91cc8b758a6e53202.svg
C:\Projects\DB\ORM3\CLIENT\__dfm_backup_20260503_175226\uJobList.dfm		dfm	TfrmJobList		frmJobList	TfrmJobList	uJobList		Icon.Data	single		ico	4286	0	0	0	0							0125ad05d2f3e161af7c97a03ff394d5e115bbdbbc2c8753b6bd399e1047e450	images\0125ad05d2f3e161af7c97a03ff394d5e115bbdbbc2c8753b6bd399e1047e450.ico
C:\Projects\DB\ORM3\CLIENT\__dfm_backup_20260503_175226\uJobList.dfm		dfm	TfrmJobList	dxBarManager1.dxBarDBNavFirst1	dxBarDBNavFirst1	TdxBarDBNavButton			Glyph.Data	single		svg	473	0	0	0	0							4f6b5e7feb872030cf8c07f4b0a9154dba561d068f0bbe851f401038888deb73	images\4f6b5e7feb872030cf8c07f4b0a9154dba561d068f0bbe851f401038888deb73.svg
C:\Projects\DB\ORM3\CLIENT\__dfm_backup_20260503_175226\uJobList.dfm		dfm	TfrmJobList	dxBarManager1.dxBarDBNavPrev1	dxBarDBNavPrev1	TdxBarDBNavButton			Glyph.Data	single		svg	326	0	0	0	0							9affc86233a3c5214b39371064995d1a618b6351e5fc4ea3fcc737d5adee7301	images\9affc86233a3c5214b39371064995d1a618b6351e5fc4ea3fcc737d5adee7301.svg
C:\Projects\DB\ORM3\CLIENT\__dfm_backup_20260503_175226\uJobList.dfm		dfm	TfrmJobList	dxBarManager1.dxBarDBNavNext1	dxBarDBNavNext1	TdxBarDBNavButton			Glyph.Data	single		svg	326	0	0	0	0							31c86d717e300180306624b9f136bc00ee9996221aef9eb76e66c80b91008bf7	images\31c86d717e300180306624b9f136bc00ee9996221aef9eb76e66c80b91008bf7.svg
C:\Projects\DB\ORM3\CLIENT\__dfm_backup_20260503_175226\uJobList.dfm		dfm	TfrmJobList	dxBarManager1.dxBarDBNavLast1	dxBarDBNavLast1	TdxBarDBNavButton			Glyph.Data	single		svg	433	0	0	0	0							44036aa63309d06887b4983c8a4fc4e7f96de9af23f3593af004275785272ced	images\44036aa63309d06887b4983c8a4fc4e7f96de9af23f3593af004275785272ced.svg
C:\Projects\DB\ORM3\CLIENT\__dfm_backup_20260503_175226\uJobList.dfm		dfm	TfrmJobList	dxBarManager1.dxBarDBNavDelete1	dxBarDBNavDelete1	TdxBarDBNavButton			Glyph.Data	single		svg	331	0	0	0	0							3426812018064253d38559294ae768a24bc1f0e2b55e1155b259650d305523b2	images\3426812018064253d38559294ae768a24bc1f0e2b55e1155b259650d305523b2.svg
C:\Projects\DB\ORM3\CLIENT\__dfm_backup_20260503_175226\uJobList.dfm		dfm	TfrmJobList	dxBarManager1.dxBarDBNavInsert1	dxBarDBNavInsert1	TdxBarDBNavButton			Glyph.Data	single		svg	421	0	0	0	0							213250362e820808f9afeae33d37fe36d29446da8156945b7c706b08cd1f8ef6	images\213250362e820808f9afeae33d37fe36d29446da8156945b7c706b08cd1f8ef6.svg
C:\Projects\DB\ORM3\CLIENT\__dfm_backup_20260503_175226\uJobList.dfm		dfm	TfrmJobList	dxBarManager1.dxBarDBNavPost1	dxBarDBNavPost1	TdxBarDBNavButton			Glyph.Data	single		svg	337	0	0	0	0							8f9b13bab01903aac5c507b4e8cabbe899263cd4f3aa5b9a02b0cf8d69d57e03	images\8f9b13bab01903aac5c507b4e8cabbe899263cd4f3aa5b9a02b0cf8d69d57e03.svg
C:\Projects\DB\ORM3\CLIENT\__dfm_backup_20260503_175226\uJobList.dfm		dfm	TfrmJobList	dxBarManager1.dxBarDBNavCancel1	dxBarDBNavCancel1	TdxBarDBNavButton			Glyph.Data	single		svg	581	0	0	0	0							0bf670167728fb629118e442f19cb6d896033afa8289ac7bed141f4aa7ee9093	images\0bf670167728fb629118e442f19cb6d896033afa8289ac7bed141f4aa7ee9093.svg
C:\Projects\DB\ORM3\CLIENT\__dfm_backup_20260503_175226\uJobList.dfm		dfm	TfrmJobList	dxBarManager1.dxBarDBNavRefresh1	dxBarDBNavRefresh1	TdxBarDBNavButton			Glyph.Data	single		svg	426	0	0	0	0							fe976aa73cfd0d6bdb8e57cba9f19670367d0f5a0ad38d7ed106e3af5b2d2eae	images\fe976aa73cfd0d6bdb8e57cba9f19670367d0f5a0ad38d7ed106e3af5b2d2eae.svg
C:\Projects\DB\ORM3\CLIENT\__dfm_backup_20260503_175226\uMain.dfm		dfm	TfrmMAIN		frmMAIN	TfrmMAIN	Unit1		Icon.Data	single		ico	1150	0	0	0	0							a738c9d62b9d77ee7c16e4b83c490ad8aa37072147418c79ea79c041bb30378c	images\a738c9d62b9d77ee7c16e4b83c490ad8aa37072147418c79ea79c041bb30378c.ico
C:\Projects\DB\ORM3\CLIENT\__dfm_backup_20260503_175226\uMain.dfm		dfm	TfrmMAIN	dxRibbon1	dxRibbon1	TdxRibbon			ApplicationButton.Glyph.Data	single		svg	729	0	0	0	0							19d035d2e4c6c2a76acbca52aabe15ad62348b0818118e8656a2f43f24a8fc17	images\19d035d2e4c6c2a76acbca52aabe15ad62348b0818118e8656a2f43f24a8fc17.svg
C:\Projects\DB\ORM3\CLIENT\__dfm_backup_20260503_175226\uMain.dfm		dfm	TfrmMAIN	dxBarManager1.btnExit	btnExit	TdxBarButton			Glyph.Data	single		svg	3033	0	0	0	0							39e5933d6f88188b2c66d8c653d769e7684d9a23c349e93e39b61c6384fc2a9e	images\39e5933d6f88188b2c66d8c653d769e7684d9a23c349e93e39b61c6384fc2a9e.svg
C:\Projects\DB\ORM3\CLIENT\__dfm_backup_20260503_175226\uMain.dfm		dfm	TfrmMAIN	dxBarManager1.SetupDataChannels1	SetupDataChannels1	TdxBarButton			Glyph.Data	single		svg	3108	0	0	0	0							86b548fe6d0ac687e8fad0291d131dd20efc53b4c453b6bcb3ff20cf2234a27f	images\86b548fe6d0ac687e8fad0291d131dd20efc53b4c453b6bcb3ff20cf2234a27f.svg
C:\Projects\DB\ORM3\CLIENT\__dfm_backup_20260503_175226\uMain.dfm		dfm	TfrmMAIN	dxBarManager1.DefaultSettings1	DefaultSettings1	TdxBarButton			Glyph.Data	single		svg	1080	0	0	0	0							0f15ac9bee1876b0ae0ce54602e2173d812f0b1f33612d9a74228a39601c893e	images\0f15ac9bee1876b0ae0ce54602e2173d812f0b1f33612d9a74228a39601c893e.svg
C:\Projects\DB\ORM3\CLIENT\__dfm_backup_20260503_175226\uMain.dfm		dfm	TfrmMAIN	dxBarManager1.DefaultSettings1	DefaultSettings1	TdxBarButton			LargeGlyph.Data	single		svg	1080	0	0	0	0							0f15ac9bee1876b0ae0ce54602e2173d812f0b1f33612d9a74228a39601c893e	images\0f15ac9bee1876b0ae0ce54602e2173d812f0b1f33612d9a74228a39601c893e.svg
C:\Projects\DB\ORM3\CLIENT\__dfm_backup_20260503_175226\uMain.dfm		dfm	TfrmMAIN	dxBarManager1.Station1	Station1	TdxBarButton			Glyph.Data	single		svg	920	0	0	0	0							33ee90db0ea1a8cb1959a52392e6cfd6f1ed5fa809bacfe3a5bcce4328ac916b	images\33ee90db0ea1a8cb1959a52392e6cfd6f1ed5fa809bacfe3a5bcce4328ac916b.svg
C:\Projects\DB\ORM3\CLIENT\__dfm_backup_20260503_175226\uMain.dfm		dfm	TfrmMAIN	dxBarManager1.Station1	Station1	TdxBarButton			LargeGlyph.Data	single		svg	920	0	0	0	0							33ee90db0ea1a8cb1959a52392e6cfd6f1ed5fa809bacfe3a5bcce4328ac916b	images\33ee90db0ea1a8cb1959a52392e6cfd6f1ed5fa809bacfe3a5bcce4328ac916b.svg
C:\Projects\DB\ORM3\CLIENT\__dfm_backup_20260503_175226\uMain.dfm		dfm	TfrmMAIN	dxBarManager1.ListofVariableNames1	ListofVariableNames1	TdxBarButton			Glyph.Data	single		svg	4036	0	0	0	0							137d4e5ce8287471908e3096e4eebc6da8b15a3e05704cce86b1da60003643d8	images\137d4e5ce8287471908e3096e4eebc6da8b15a3e05704cce86b1da60003643d8.svg
C:\Projects\DB\ORM3\CLIENT\__dfm_backup_20260503_175226\uMain.dfm		dfm	TfrmMAIN	dxBarManager1.ListofVariableNames1	ListofVariableNames1	TdxBarButton			LargeGlyph.Data	single		svg	4036	0	0	0	0							137d4e5ce8287471908e3096e4eebc6da8b15a3e05704cce86b1da60003643d8	images\137d4e5ce8287471908e3096e4eebc6da8b15a3e05704cce86b1da60003643d8.svg
C:\Projects\DB\ORM3\CLIENT\__dfm_backup_20260503_175226\uMain.dfm		dfm	TfrmMAIN	dxBarManager1.DefectList1	DefectList1	TdxBarButton			Glyph.Data	single		svg	2215	0	0	0	0							098c311d285e9409d52e0d3357b41b5fea609fbddd47d828f8f4573f05106cd6	images\098c311d285e9409d52e0d3357b41b5fea609fbddd47d828f8f4573f05106cd6.svg
C:\Projects\DB\ORM3\CLIENT\__dfm_backup_20260503_175226\uMain.dfm		dfm	TfrmMAIN	dxBarManager1.DefectList1	DefectList1	TdxBarButton			LargeGlyph.Data	single		svg	2215	0	0	0	0							098c311d285e9409d52e0d3357b41b5fea609fbddd47d828f8f4573f05106cd6	images\098c311d285e9409d52e0d3357b41b5fea609fbddd47d828f8f4573f05106cd6.svg
C:\Projects\DB\ORM3\CLIENT\__dfm_backup_20260503_175226\uMain.dfm		dfm	TfrmMAIN	dxBarManager1.PersonellList1	PersonellList1	TdxBarButton			Glyph.Data	single		svg	1424	0	0	0	0							981983aad8913ca5cc098a2aec3b71e8c3a15f71d0aadfa82070a06b59e1e87e	images\981983aad8913ca5cc098a2aec3b71e8c3a15f71d0aadfa82070a06b59e1e87e.svg
C:\Projects\DB\ORM3\CLIENT\__dfm_backup_20260503_175226\uMain.dfm		dfm	TfrmMAIN	dxBarManager1.PersonellList1	PersonellList1	TdxBarButton			LargeGlyph.Data	single		svg	1424	0	0	0	0							981983aad8913ca5cc098a2aec3b71e8c3a15f71d0aadfa82070a06b59e1e87e	images\981983aad8913ca5cc098a2aec3b71e8c3a15f71d0aadfa82070a06b59e1e87e.svg
C:\Projects\DB\ORM3\CLIENT\__dfm_backup_20260503_175226\uMain.dfm		dfm	TfrmMAIN	dxBarManager1.MachineList1	MachineList1	TdxBarButton			Glyph.Data	single		svg	6010	0	0	0	0							345268146b80a391cfe09ff7fea65c5a0905caacc101109f4e6dbfa08cb76fed	images\345268146b80a391cfe09ff7fea65c5a0905caacc101109f4e6dbfa08cb76fed.svg
C:\Projects\DB\ORM3\CLIENT\__dfm_backup_20260503_175226\uMain.dfm		dfm	TfrmMAIN	dxBarManager1.MachineList1	MachineList1	TdxBarButton			LargeGlyph.Data	single		svg	6010	0	0	0	0							345268146b80a391cfe09ff7fea65c5a0905caacc101109f4e6dbfa08cb76fed	images\345268146b80a391cfe09ff7fea65c5a0905caacc101109f4e6dbfa08cb76fed.svg
C:\Projects\DB\ORM3\CLIENT\__dfm_backup_20260503_175226\uMain.dfm		dfm	TfrmMAIN	dxBarManager1.CustomerList1	CustomerList1	TdxBarButton			Glyph.Data	single		svg	1354	0	0	0	0							6707bb90b47f39ba7a6e58cf61cf9afd2c44fccc7bae3d791b7d1da7c3f0e059	images\6707bb90b47f39ba7a6e58cf61cf9afd2c44fccc7bae3d791b7d1da7c3f0e059.svg
C:\Projects\DB\ORM3\CLIENT\__dfm_backup_20260503_175226\uMain.dfm		dfm	TfrmMAIN	dxBarManager1.CustomerList1	CustomerList1	TdxBarButton			LargeGlyph.Data	single		svg	1354	0	0	0	0							6707bb90b47f39ba7a6e58cf61cf9afd2c44fccc7bae3d791b7d1da7c3f0e059	images\6707bb90b47f39ba7a6e58cf61cf9afd2c44fccc7bae3d791b7d1da7c3f0e059.svg
C:\Projects\DB\ORM3\CLIENT\__dfm_backup_20260503_175226\uMain.dfm		dfm	TfrmMAIN	dxBarManager1.ToolList1	ToolList1	TdxBarButton			Glyph.Data	single		svg	2694	0	0	0	0							2f3727d16ae94c4953b6418d3a16cc8830ddb644a337cbd6345be01147b7d7bc	images\2f3727d16ae94c4953b6418d3a16cc8830ddb644a337cbd6345be01147b7d7bc.svg
C:\Projects\DB\ORM3\CLIENT\__dfm_backup_20260503_175226\uMain.dfm		dfm	TfrmMAIN	dxBarManager1.ToolList1	ToolList1	TdxBarButton			LargeGlyph.Data	single		svg	2694	0	0	0	0							2f3727d16ae94c4953b6418d3a16cc8830ddb644a337cbd6345be01147b7d7bc	images\2f3727d16ae94c4953b6418d3a16cc8830ddb644a337cbd6345be01147b7d7bc.svg
C:\Projects\DB\ORM3\CLIENT\__dfm_backup_20260503_175226\uMain.dfm		dfm	TfrmMAIN	dxBarManager1.ReasonforProcessstop1	ReasonforProcessstop1	TdxBarButton			Glyph.Data	single		svg	3293	0	0	0	0							8613214a22caf0d370503bb22e97d2648393a91fc29c857425149e983e105182	images\8613214a22caf0d370503bb22e97d2648393a91fc29c857425149e983e105182.svg
C:\Projects\DB\ORM3\CLIENT\__dfm_backup_20260503_175226\uMain.dfm		dfm	TfrmMAIN	dxBarManager1.ReasonforProcessstop1	ReasonforProcessstop1	TdxBarButton			LargeGlyph.Data	single		svg	3293	0	0	0	0							8613214a22caf0d370503bb22e97d2648393a91fc29c857425149e983e105182	images\8613214a22caf0d370503bb22e97d2648393a91fc29c857425149e983e105182.svg
C:\Projects\DB\ORM3\CLIENT\__dfm_backup_20260503_175226\uMain.dfm		dfm	TfrmMAIN	dxBarManager1.Toolwearandfailuremode1	Toolwearandfailuremode1	TdxBarButton			Glyph.Data	single		svg	6200	0	0	0	0							dd584c650cce9b7fbe4b22523776bf8d6640d9122ea6d8de32f70da1bbd6e730	images\dd584c650cce9b7fbe4b22523776bf8d6640d9122ea6d8de32f70da1bbd6e730.svg
C:\Projects\DB\ORM3\CLIENT\__dfm_backup_20260503_175226\uMain.dfm		dfm	TfrmMAIN	dxBarManager1.Toolwearandfailuremode1	Toolwearandfailuremode1	TdxBarButton			LargeGlyph.Data	single		svg	6200	0	0	0	0							dd584c650cce9b7fbe4b22523776bf8d6640d9122ea6d8de32f70da1bbd6e730	images\dd584c650cce9b7fbe4b22523776bf8d6640d9122ea6d8de32f70da1bbd6e730.svg
C:\Projects\DB\ORM3\CLIENT\__dfm_backup_20260503_175226\uMain.dfm		dfm	TfrmMAIN	dxBarManager1.Surfacefinish1	Surfacefinish1	TdxBarButton			Glyph.Data	single		svg	876	0	0	0	0							49c8bcdc89897a857f52ec3bb51b50d778df0a87ef11af4fea0a479d28fe922b	images\49c8bcdc89897a857f52ec3bb51b50d778df0a87ef11af4fea0a479d28fe922b.svg
C:\Projects\DB\ORM3\CLIENT\__dfm_backup_20260503_175226\uMain.dfm		dfm	TfrmMAIN	dxBarManager1.Surfacefinish1	Surfacefinish1	TdxBarButton			LargeGlyph.Data	single		svg	876	0	0	0	0							49c8bcdc89897a857f52ec3bb51b50d778df0a87ef11af4fea0a479d28fe922b	images\49c8bcdc89897a857f52ec3bb51b50d778df0a87ef11af4fea0a479d28fe922b.svg
C:\Projects\DB\ORM3\CLIENT\__dfm_backup_20260503_175226\uMain.dfm		dfm	TfrmMAIN	dxBarManager1.ChipFormation1	ChipFormation1	TdxBarButton			Glyph.Data	single		svg	898	0	0	0	0							b1106189a64dbc14489be011e638e0d22f30cf7178938f3616d804bf1e1baf01	images\b1106189a64dbc14489be011e638e0d22f30cf7178938f3616d804bf1e1baf01.svg
C:\Projects\DB\ORM3\CLIENT\__dfm_backup_20260503_175226\uMain.dfm		dfm	TfrmMAIN	dxBarManager1.ChipFormation1	ChipFormation1	TdxBarButton			LargeGlyph.Data	single		svg	898	0	0	0	0							b1106189a64dbc14489be011e638e0d22f30cf7178938f3616d804bf1e1baf01	images\b1106189a64dbc14489be011e638e0d22f30cf7178938f3616d804bf1e1baf01.svg
C:\Projects\DB\ORM3\CLIENT\__dfm_backup_20260503_175226\uMain.dfm		dfm	TfrmMAIN	dxBarManager1.CauseofFailure1	CauseofFailure1	TdxBarButton			Glyph.Data	single		svg	874	0	0	0	0							74d72105fe5f4eaffacc15ec032bf5d3cc7dddd4292ffc0d20a70089ea257fce	images\74d72105fe5f4eaffacc15ec032bf5d3cc7dddd4292ffc0d20a70089ea257fce.svg
C:\Projects\DB\ORM3\CLIENT\__dfm_backup_20260503_175226\uMain.dfm		dfm	TfrmMAIN	dxBarManager1.CauseofFailure1	CauseofFailure1	TdxBarButton			LargeGlyph.Data	single		svg	874	0	0	0	0							74d72105fe5f4eaffacc15ec032bf5d3cc7dddd4292ffc0d20a70089ea257fce	images\74d72105fe5f4eaffacc15ec032bf5d3cc7dddd4292ffc0d20a70089ea257fce.svg
C:\Projects\DB\ORM3\CLIENT\__dfm_backup_20260503_175226\uMain.dfm		dfm	TfrmMAIN	dxBarManager1.CorrectiveActions1	CorrectiveActions1	TdxBarButton			Glyph.Data	single		svg	900	0	0	0	0							e03a54e2c27376545bf92648f3267eff4932d8348242035bd8f245f08a2dd1ae	images\e03a54e2c27376545bf92648f3267eff4932d8348242035bd8f245f08a2dd1ae.svg
C:\Projects\DB\ORM3\CLIENT\__dfm_backup_20260503_175226\uMain.dfm		dfm	TfrmMAIN	dxBarManager1.CorrectiveActions1	CorrectiveActions1	TdxBarButton			LargeGlyph.Data	single		svg	900	0	0	0	0							e03a54e2c27376545bf92648f3267eff4932d8348242035bd8f245f08a2dd1ae	images\e03a54e2c27376545bf92648f3267eff4932d8348242035bd8f245f08a2dd1ae.svg
C:\Projects\DB\ORM3\CLIENT\__dfm_backup_20260503_175226\uMain.dfm		dfm	TfrmMAIN	dxBarManager1.btnOperationNames	btnOperationNames	TdxBarButton			Glyph.Data	single		svg	1791	0	0	0	0							e50c369e9177ce44314e414d78e78da6d95f56ac9433ce22d69807598b78c11f	images\e50c369e9177ce44314e414d78e78da6d95f56ac9433ce22d69807598b78c11f.svg
C:\Projects\DB\ORM3\CLIENT\__dfm_backup_20260503_175226\uMain.dfm		dfm	TfrmMAIN	dxBarManager1.btnOperationNames	btnOperationNames	TdxBarButton			LargeGlyph.Data	single		svg	1791	0	0	0	0							e50c369e9177ce44314e414d78e78da6d95f56ac9433ce22d69807598b78c11f	images\e50c369e9177ce44314e414d78e78da6d95f56ac9433ce22d69807598b78c11f.svg
C:\Projects\DB\ORM3\CLIENT\__dfm_backup_20260503_175226\uMain.dfm		dfm	TfrmMAIN	dxBarManager1.btnGagingNotes	btnGagingNotes	TdxBarButton			Glyph.Data	single		svg	2822	0	0	0	0							04f4e5c2486b6fa973bf0767abd266e0d0245d3c8840abb1d0b00d850bbea65a	images\04f4e5c2486b6fa973bf0767abd266e0d0245d3c8840abb1d0b00d850bbea65a.svg
C:\Projects\DB\ORM3\CLIENT\__dfm_backup_20260503_175226\uMain.dfm		dfm	TfrmMAIN	dxBarManager1.btnGagingNotes	btnGagingNotes	TdxBarButton			LargeGlyph.Data	single		svg	2822	0	0	0	0							04f4e5c2486b6fa973bf0767abd266e0d0245d3c8840abb1d0b00d850bbea65a	images\04f4e5c2486b6fa973bf0767abd266e0d0245d3c8840abb1d0b00d850bbea65a.svg
C:\Projects\DB\ORM3\CLIENT\__dfm_backup_20260503_175226\uMain.dfm		dfm	TfrmMAIN	dxBarManager1.btnPDOESampling	btnPDOESampling	TdxBarButton			Glyph.Data	single		svg	1871	0	0	0	0							10747d2646821fd5e1e85cc648f41fbf858301ca85f81e553b604c284361476b	images\10747d2646821fd5e1e85cc648f41fbf858301ca85f81e553b604c284361476b.svg
C:\Projects\DB\ORM3\CLIENT\__dfm_backup_20260503_175226\uMain.dfm		dfm	TfrmMAIN	dxBarManager1.btnPDOESampling	btnPDOESampling	TdxBarButton			LargeGlyph.Data	single		svg	1871	0	0	0	0							10747d2646821fd5e1e85cc648f41fbf858301ca85f81e553b604c284361476b	images\10747d2646821fd5e1e85cc648f41fbf858301ca85f81e553b604c284361476b.svg
C:\Projects\DB\ORM3\CLIENT\__dfm_backup_20260503_175226\uMain.dfm		dfm	TfrmMAIN	dxBarManager1.btnSPCSamplingDesigns	btnSPCSamplingDesigns	TdxBarButton			Glyph.Data	single		svg	2225	0	0	0	0							19e95b8d7d7373a7104ae44c2450bb333ac18e60286d3a1c4f8c63015f7de268	images\19e95b8d7d7373a7104ae44c2450bb333ac18e60286d3a1c4f8c63015f7de268.svg
C:\Projects\DB\ORM3\CLIENT\__dfm_backup_20260503_175226\uMain.dfm		dfm	TfrmMAIN	dxBarManager1.btnSPCSamplingDesigns	btnSPCSamplingDesigns	TdxBarButton			LargeGlyph.Data	single		svg	2225	0	0	0	0							19e95b8d7d7373a7104ae44c2450bb333ac18e60286d3a1c4f8c63015f7de268	images\19e95b8d7d7373a7104ae44c2450bb333ac18e60286d3a1c4f8c63015f7de268.svg
C:\Projects\DB\ORM3\CLIENT\__dfm_backup_20260503_175226\uMain.dfm		dfm	TfrmMAIN	dxBarManager1.btnWhatAction	btnWhatAction	TdxBarButton			Glyph.Data	single		svg	3546	0	0	0	0							38b6eaf6a28224bef4c50359cd7b36f5ede084369187c4a407979f9b12b0ed5d	images\38b6eaf6a28224bef4c50359cd7b36f5ede084369187c4a407979f9b12b0ed5d.svg
C:\Projects\DB\ORM3\CLIENT\__dfm_backup_20260503_175226\uMain.dfm		dfm	TfrmMAIN	dxBarManager1.btnWhatAction	btnWhatAction	TdxBarButton			LargeGlyph.Data	single		svg	3546	0	0	0	0							38b6eaf6a28224bef4c50359cd7b36f5ede084369187c4a407979f9b12b0ed5d	images\38b6eaf6a28224bef4c50359cd7b36f5ede084369187c4a407979f9b12b0ed5d.svg
C:\Projects\DB\ORM3\CLIENT\__dfm_backup_20260503_175226\uMain.dfm		dfm	TfrmMAIN	dxBarManager1.btnDowntime	btnDowntime	TdxBarButton			Glyph.Data	single		svg	2012	0	0	0	0							724a6a37d72e6fb92d2b639f7e0e76fa0d9e1587f7addc31149680a86dd1d8c6	images\724a6a37d72e6fb92d2b639f7e0e76fa0d9e1587f7addc31149680a86dd1d8c6.svg
C:\Projects\DB\ORM3\CLIENT\__dfm_backup_20260503_175226\uMain.dfm		dfm	TfrmMAIN	dxBarManager1.btnDowntime	btnDowntime	TdxBarButton			LargeGlyph.Data	single		svg	2012	0	0	0	0							724a6a37d72e6fb92d2b639f7e0e76fa0d9e1587f7addc31149680a86dd1d8c6	images\724a6a37d72e6fb92d2b639f7e0e76fa0d9e1587f7addc31149680a86dd1d8c6.svg
C:\Projects\DB\ORM3\CLIENT\__dfm_backup_20260503_175226\uMain.dfm		dfm	TfrmMAIN	dxBarManager1.btnFullStopReasonsList	btnFullStopReasonsList	TdxBarButton			Glyph.Data	single		svg	4070	0	0	0	0							0ceb89ed694a951a743d20c8e42723bec9240ba318f0eeb263a396140fb6684b	images\0ceb89ed694a951a743d20c8e42723bec9240ba318f0eeb263a396140fb6684b.svg
C:\Projects\DB\ORM3\CLIENT\__dfm_backup_20260503_175226\uMain.dfm		dfm	TfrmMAIN	dxBarManager1.btnFullStopReasonsList	btnFullStopReasonsList	TdxBarButton			LargeGlyph.Data	single		svg	4070	0	0	0	0							0ceb89ed694a951a743d20c8e42723bec9240ba318f0eeb263a396140fb6684b	images\0ceb89ed694a951a743d20c8e42723bec9240ba318f0eeb263a396140fb6684b.svg
C:\Projects\DB\ORM3\CLIENT\__dfm_backup_20260503_175226\uMain.dfm		dfm	TfrmMAIN	dxBarManager1.Exit2	Exit2	TdxBarButton			Glyph.Data	single		svg	625	0	0	0	0							53c9f23f60ba66078f10fe9b7ead1c775480c0d61a588268d4c1905355598524	images\53c9f23f60ba66078f10fe9b7ead1c775480c0d61a588268d4c1905355598524.svg
C:\Projects\DB\ORM3\CLIENT\__dfm_backup_20260503_175226\uMain.dfm		dfm	TfrmMAIN	dxBarManager1.Exit2	Exit2	TdxBarButton			LargeGlyph.Data	single		svg	625	0	0	0	0							53c9f23f60ba66078f10fe9b7ead1c775480c0d61a588268d4c1905355598524	images\53c9f23f60ba66078f10fe9b7ead1c775480c0d61a588268d4c1905355598524.svg
C:\Projects\DB\ORM3\CLIENT\__dfm_backup_20260503_175226\uMain.dfm		dfm	TfrmMAIN	dxScreenTipRepository2.tipSetupDataChannel	tipSetupDataChannel	TdxScreenTip			Description.Glyph.Data	single		svg	3108	0	0	0	0							86b548fe6d0ac687e8fad0291d131dd20efc53b4c453b6bcb3ff20cf2234a27f	images\86b548fe6d0ac687e8fad0291d131dd20efc53b4c453b6bcb3ff20cf2234a27f.svg
C:\Projects\DB\ORM3\CLIENT\__dfm_backup_20260503_175226\uMain.dfm		dfm	TfrmMAIN	dxScreenTipRepository2.tipActiveUsers	tipActiveUsers	TdxScreenTip			Description.Glyph.Data	single		svg	2733	0	0	0	0							7df4435f27fbd907d2c025be2a94375a35f4b16292259be05f3469fbfc4fc9ec	images\7df4435f27fbd907d2c025be2a94375a35f4b16292259be05f3469fbfc4fc9ec.svg
C:\Projects\DB\ORM3\CLIENT\__dfm_backup_20260503_175226\uSetupDefaultsFrm - Copy.dfm		dfm	TdlgSetupDefaults		dlgSetupDefaults	TdlgSetupDefaults	uSetupDefaultsFrm		Icon.Data	single		ico	1150	0	0	0	0							87829c566615525191dec99da56caf00d42442aaa72a701af21d38cb4d4598be	images\87829c566615525191dec99da56caf00d42442aaa72a701af21d38cb4d4598be.ico
C:\Projects\DB\ORM3\CLIENT\__dfm_backup_20260503_175226\uSetupDefaultsFrm - Copy.dfm		dfm	TdlgSetupDefaults	dxRibbon1	dxRibbon1	TdxRibbon			ApplicationButton.Glyph.Data	single		svg	6695	0	0	0	0							2ef16cbae2e702e3cf172d62899bb51ec4f9892d4331aa3c11102588eed9dfd6	images\2ef16cbae2e702e3cf172d62899bb51ec4f9892d4331aa3c11102588eed9dfd6.svg
C:\Projects\DB\ORM3\CLIENT\__dfm_backup_20260503_175226\uSetupDefaultsFrm - Copy.dfm		dfm	TdlgSetupDefaults	dxRibbon1	dxRibbon1	TdxRibbon			BackgroundImage.Data	single		svg	6695	0	0	0	0							2ef16cbae2e702e3cf172d62899bb51ec4f9892d4331aa3c11102588eed9dfd6	images\2ef16cbae2e702e3cf172d62899bb51ec4f9892d4331aa3c11102588eed9dfd6.svg
C:\Projects\DB\ORM3\CLIENT\__dfm_backup_20260503_175226\uSetupDefaultsFrm - Copy.dfm		dfm	TdlgSetupDefaults	Panel1.cxImage1	cxImage1	TcxImage			Picture.Data	single	TdxSmartImage		6709	0	0	0	0							322222c79f9dffa7339c7209ff1871c6e9446c4d93317cc49750f7a08e23ff38	images\322222c79f9dffa7339c7209ff1871c6e9446c4d93317cc49750f7a08e23ff38.bin
C:\Projects\DB\ORM3\CLIENT\__dfm_backup_20260503_175226\uSetupDefaultsFrm - Copy.dfm		dfm	TdlgSetupDefaults	OvcNotebook1.cxTabSheet1.edtFPDefaultLimits	edtFPDefaultLimits	TOvcNumberEdit			ButtonGlyph.Data	single		bmp	334	11	11	16	0					1		ce63b9d610d13e2c79f4f55cfa8d9ba43ba1a397fed73be375873f63f88bc27e	images\ce63b9d610d13e2c79f4f55cfa8d9ba43ba1a397fed73be375873f63f88bc27e.bmp
C:\Projects\DB\ORM3\CLIENT\__dfm_backup_20260503_175226\uSetupDefaultsFrm - Copy.dfm		dfm	TdlgSetupDefaults	dxBarManager1.btnExit	btnExit	TdxBarLargeButton			Glyph.Data	single		svg	3033	0	0	0	0							39e5933d6f88188b2c66d8c653d769e7684d9a23c349e93e39b61c6384fc2a9e	images\39e5933d6f88188b2c66d8c653d769e7684d9a23c349e93e39b61c6384fc2a9e.svg
C:\Projects\DB\ORM3\CLIENT\__dfm_backup_20260503_175226\uSetupDefaultsFrm - Copy.dfm		dfm	TdlgSetupDefaults	dxBarManager1.btnExit	btnExit	TdxBarLargeButton			LargeGlyph.Data	single		svg	3033	0	0	0	0							39e5933d6f88188b2c66d8c653d769e7684d9a23c349e93e39b61c6384fc2a9e	images\39e5933d6f88188b2c66d8c653d769e7684d9a23c349e93e39b61c6384fc2a9e.svg
C:\Projects\DB\ORM3\CLIENT\__dfm_backup_20260503_175226\uSetupDefaultsFrm - Copy.dfm		dfm	TdlgSetupDefaults	dxBarManager1.btnExit	btnExit	TdxBarLargeButton			HotGlyph.Data	single		svg	3033	0	0	0	0							39e5933d6f88188b2c66d8c653d769e7684d9a23c349e93e39b61c6384fc2a9e	images\39e5933d6f88188b2c66d8c653d769e7684d9a23c349e93e39b61c6384fc2a9e.svg
C:\Projects\DB\ORM3\CLIENT\__dfm_backup_20260503_175226\uSetupDefaultsFrm - Copy.dfm		dfm	TdlgSetupDefaults	dxBarManager1.btnCancel	btnCancel	TdxBarLargeButton			Glyph.Data	single		svg	1125	0	0	0	0							4780018cc1b819c19827d7e966443a762408f21b94521faebebd19b89c6a084f	images\4780018cc1b819c19827d7e966443a762408f21b94521faebebd19b89c6a084f.svg
C:\Projects\DB\ORM3\CLIENT\__dfm_backup_20260503_175226\uSetupDefaultsFrm - Copy.dfm		dfm	TdlgSetupDefaults	dxBarManager1.btnCancel	btnCancel	TdxBarLargeButton			LargeGlyph.Data	single		svg	1125	0	0	0	0							4780018cc1b819c19827d7e966443a762408f21b94521faebebd19b89c6a084f	images\4780018cc1b819c19827d7e966443a762408f21b94521faebebd19b89c6a084f.svg
C:\Projects\DB\ORM3\CLIENT\__dfm_backup_20260503_175226\uSetupDefaultsFrm - Copy.dfm		dfm	TdlgSetupDefaults	dxBarManager1.btnCancel	btnCancel	TdxBarLargeButton			HotGlyph.Data	single		svg	1125	0	0	0	0							4780018cc1b819c19827d7e966443a762408f21b94521faebebd19b89c6a084f	images\4780018cc1b819c19827d7e966443a762408f21b94521faebebd19b89c6a084f.svg
C:\Projects\DB\ORM3\CLIENT\__dfm_backup_20260503_175226\uSetupDefaultsFrm.dfm		dfm	TdlgSetupDefaults		dlgSetupDefaults	TdlgSetupDefaults	uSetupDefaultsFrm		Icon.Data	single		ico	1150	0	0	0	0							87829c566615525191dec99da56caf00d42442aaa72a701af21d38cb4d4598be	images\87829c566615525191dec99da56caf00d42442aaa72a701af21d38cb4d4598be.ico
C:\Projects\DB\ORM3\CLIENT\__dfm_backup_20260503_175226\uSetupDefaultsFrm.dfm		dfm	TdlgSetupDefaults	dxRibbon1	dxRibbon1	TdxRibbon			ApplicationButton.Glyph.Data	single		svg	6695	0	0	0	0							2ef16cbae2e702e3cf172d62899bb51ec4f9892d4331aa3c11102588eed9dfd6	images\2ef16cbae2e702e3cf172d62899bb51ec4f9892d4331aa3c11102588eed9dfd6.svg
C:\Projects\DB\ORM3\CLIENT\__dfm_backup_20260503_175226\uSetupDefaultsFrm.dfm		dfm	TdlgSetupDefaults	dxRibbon1	dxRibbon1	TdxRibbon			BackgroundImage.Data	single		svg	6695	0	0	0	0							2ef16cbae2e702e3cf172d62899bb51ec4f9892d4331aa3c11102588eed9dfd6	images\2ef16cbae2e702e3cf172d62899bb51ec4f9892d4331aa3c11102588eed9dfd6.svg
C:\Projects\DB\ORM3\CLIENT\__dfm_backup_20260503_175226\uSetupDefaultsFrm.dfm		dfm	TdlgSetupDefaults	Panel1.cxImage1	cxImage1	TcxImage			Picture.Data	single	TdxSmartImage		6709	0	0	0	0							322222c79f9dffa7339c7209ff1871c6e9446c4d93317cc49750f7a08e23ff38	images\322222c79f9dffa7339c7209ff1871c6e9446c4d93317cc49750f7a08e23ff38.bin
C:\Projects\DB\ORM3\CLIENT\__dfm_backup_20260503_175226\uSetupDefaultsFrm.dfm		dfm	TdlgSetupDefaults	dxLayoutControl1.Shape5	Shape5	TdxLayoutImageItem			Image.Data	single		svg	557	0	0	0	0							596184591e7a113aade59c93b858e657707e754857b872a18e4f15d1d5ab770e	images\596184591e7a113aade59c93b858e657707e754857b872a18e4f15d1d5ab770e.svg
C:\Projects\DB\ORM3\CLIENT\__dfm_backup_20260503_175226\uSetupDefaultsFrm.dfm		dfm	TdlgSetupDefaults	dxBarManager1.btnExit	btnExit	TdxBarLargeButton			Glyph.Data	single		svg	3033	0	0	0	0							39e5933d6f88188b2c66d8c653d769e7684d9a23c349e93e39b61c6384fc2a9e	images\39e5933d6f88188b2c66d8c653d769e7684d9a23c349e93e39b61c6384fc2a9e.svg
C:\Projects\DB\ORM3\CLIENT\__dfm_backup_20260503_175226\uSetupDefaultsFrm.dfm		dfm	TdlgSetupDefaults	dxBarManager1.btnExit	btnExit	TdxBarLargeButton			LargeGlyph.Data	single		svg	3033	0	0	0	0							39e5933d6f88188b2c66d8c653d769e7684d9a23c349e93e39b61c6384fc2a9e	images\39e5933d6f88188b2c66d8c653d769e7684d9a23c349e93e39b61c6384fc2a9e.svg
C:\Projects\DB\ORM3\CLIENT\__dfm_backup_20260503_175226\uSetupDefaultsFrm.dfm		dfm	TdlgSetupDefaults	dxBarManager1.btnExit	btnExit	TdxBarLargeButton			HotGlyph.Data	single		svg	3033	0	0	0	0							39e5933d6f88188b2c66d8c653d769e7684d9a23c349e93e39b61c6384fc2a9e	images\39e5933d6f88188b2c66d8c653d769e7684d9a23c349e93e39b61c6384fc2a9e.svg
C:\Projects\DB\ORM3\CLIENT\__dfm_backup_20260503_175226\uSetupDefaultsFrm.dfm		dfm	TdlgSetupDefaults	dxBarManager1.btnCancel	btnCancel	TdxBarLargeButton			Glyph.Data	single		svg	1125	0	0	0	0							4780018cc1b819c19827d7e966443a762408f21b94521faebebd19b89c6a084f	images\4780018cc1b819c19827d7e966443a762408f21b94521faebebd19b89c6a084f.svg
C:\Projects\DB\ORM3\CLIENT\__dfm_backup_20260503_175226\uSetupDefaultsFrm.dfm		dfm	TdlgSetupDefaults	dxBarManager1.btnCancel	btnCancel	TdxBarLargeButton			LargeGlyph.Data	single		svg	1125	0	0	0	0							4780018cc1b819c19827d7e966443a762408f21b94521faebebd19b89c6a084f	images\4780018cc1b819c19827d7e966443a762408f21b94521faebebd19b89c6a084f.svg
C:\Projects\DB\ORM3\CLIENT\__dfm_backup_20260503_175226\uSetupDefaultsFrm.dfm		dfm	TdlgSetupDefaults	dxBarManager1.btnCancel	btnCancel	TdxBarLargeButton			HotGlyph.Data	single		svg	1125	0	0	0	0							4780018cc1b819c19827d7e966443a762408f21b94521faebebd19b89c6a084f	images\4780018cc1b819c19827d7e966443a762408f21b94521faebebd19b89c6a084f.svg
C:\Projects\DB\ORM3\CLIENT\__dfm_backup_20260503_175226\uStyles.dfm		dfm	TdmStyles	dxPrinter	dxPrinter	TdxComponentPrinter			PreviewOptions.PreviewBoundsRect	single			16	0	0	0	0							18d8151f66606a942343a741d4656ace0b528084a1d56efeb3ece946689ff1af	images\18d8151f66606a942343a741d4656ace0b528084a1d56efeb3ece946689ff1af.bin
C:\Projects\DB\ORM3\CLIENT\__dfm_backup_20260503_175226\uStyles.dfm		dfm	TdmStyles	imgGridButtonGlyphs	imgGridButtonGlyphs	TcxImageList			Bitmap	container			8614	0	0	0	0							9014e71e00f08b1d825b6b13d4ae993d0d05c696de4c6de8cde6878884830349	images\9014e71e00f08b1d825b6b13d4ae993d0d05c696de4c6de8cde6878884830349.bin
C:\Projects\DB\ORM3\CLIENT\__dfm_backup_20260503_175226\uStyles.dfm		dfm	TdmStyles	imgGridButtonGlyphs	imgGridButtonGlyphs	TcxImageList			ImageInfo[0].Image.Data	container		svg	1447	0	0	0	0							f7eb725bbd8fe7c6212a526f3bd200d4050bb500ee27e1b72351e7237720736b	images\f7eb725bbd8fe7c6212a526f3bd200d4050bb500ee27e1b72351e7237720736b.svg
C:\Projects\DB\ORM3\CLIENT\__dfm_backup_20260503_175226\uStyles.dfm		dfm	TdmStyles	imgGridButtonGlyphs	imgGridButtonGlyphs	TcxImageList			ImageInfo[1].Image.Data	container		svg	1024	0	0	0	0							e1a678ccec9ca757ef7083081be8a95a310fa5072080f44bc3da8eaeff98f13f	images\e1a678ccec9ca757ef7083081be8a95a310fa5072080f44bc3da8eaeff98f13f.svg
C:\Projects\DB\ORM3\CLIENT\__dfm_backup_20260503_175226\uStyles.dfm		dfm	TdmStyles	imgGridButtonGlyphs	imgGridButtonGlyphs	TcxImageList			ImageInfo[2].Image.Data	container		svg	3619	0	0	0	0							0ba7782d33f18ed7c063e00d4eea2ce91ae49eb4cc0a0bf7abc674e5fb9832c8	images\0ba7782d33f18ed7c063e00d4eea2ce91ae49eb4cc0a0bf7abc674e5fb9832c8.svg
C:\Projects\DB\ORM3\CLIENT\__dfm_backup_20260503_175226\uStyles.dfm		dfm	TdmStyles	imgGridButtonGlyphs	imgGridButtonGlyphs	TcxImageList			ImageInfo[3].Image.Data	container		svg	1008	0	0	0	0							a767358d3036384148b384d968b653e672dcb145171d8798d9e1e26bd86488b7	images\a767358d3036384148b384d968b653e672dcb145171d8798d9e1e26bd86488b7.svg
C:\Projects\DB\ORM3\CLIENT\__dfm_backup_20260503_175226\varnames.dfm		dfm	TfrmVarNames		frmVarNames	TfrmVarNames	varnames		Icon.Data	single		ico	1150	0	0	0	0							87829c566615525191dec99da56caf00d42442aaa72a701af21d38cb4d4598be	images\87829c566615525191dec99da56caf00d42442aaa72a701af21d38cb4d4598be.ico
C:\Projects\DB\ORM3\CLIENT\__dfm_backup_20260503_175226\varnames.dfm		dfm	TfrmVarNames	Panel2.BitBtn1	BitBtn1	TcxButton			OptionsImage.Glyph.Data	single		svg	641	0	0	0	0							43d09d8100ecb7f4c632645ae2ddc3554203c1076f98ab79ba8ba72d65623e7f	images\43d09d8100ecb7f4c632645ae2ddc3554203c1076f98ab79ba8ba72d65623e7f.svg
C:\Projects\DB\ORM3\CLIENT\__dfm_backup_20260503_175226\varnames.dfm		dfm	TfrmVarNames	dxBarManager1.btnPrint	btnPrint	TdxBarButton			Glyph.Data	single		svg	819	0	0	0	0							4ba55ff88e8cf3f39a716d1dd6eb4e744836948baa8d84db637a15a904e50cdb	images\4ba55ff88e8cf3f39a716d1dd6eb4e744836948baa8d84db637a15a904e50cdb.svg
C:\Projects\DB\ORM3\CLIENT\__dfm_backup_20260503_175226\varnames.dfm		dfm	TfrmVarNames	dxBarManager1.btnPrint	btnPrint	TdxBarButton			LargeGlyph.Data	single		svg	819	0	0	0	0							4ba55ff88e8cf3f39a716d1dd6eb4e744836948baa8d84db637a15a904e50cdb	images\4ba55ff88e8cf3f39a716d1dd6eb4e744836948baa8d84db637a15a904e50cdb.svg
C:\Projects\DB\ORM3\CLIENT\__dfm_backup_20260503_175226\varnames.dfm		dfm	TfrmVarNames	dxBarManager1.btnExit	btnExit	TdxBarButton			Glyph.Data	single		svg	3033	0	0	0	0							39e5933d6f88188b2c66d8c653d769e7684d9a23c349e93e39b61c6384fc2a9e	images\39e5933d6f88188b2c66d8c653d769e7684d9a23c349e93e39b61c6384fc2a9e.svg
C:\Projects\DB\ORM3\CLIENT\__dfm_backup_20260503_175226\varnames.dfm		dfm	TfrmVarNames	dxBarManager1.btnExit	btnExit	TdxBarButton			LargeGlyph.Data	single		svg	582	0	0	0	0							0f81df5c433377e3b5fc44dff9f57aa3aefe45a5c31105e2016acd7c53ce3379	images\0f81df5c433377e3b5fc44dff9f57aa3aefe45a5c31105e2016acd7c53ce3379.svg
C:\Projects\DB\ORM3\CLIENT\__dfm_backup_20260503_175226\varnames.dfm		dfm	TfrmVarNames	dxBarManager1.dxBarDBNavFirst1	dxBarDBNavFirst1	TdxBarDBNavButton			Glyph.Data	single		svg	473	0	0	0	0							4f6b5e7feb872030cf8c07f4b0a9154dba561d068f0bbe851f401038888deb73	images\4f6b5e7feb872030cf8c07f4b0a9154dba561d068f0bbe851f401038888deb73.svg
C:\Projects\DB\ORM3\CLIENT\__dfm_backup_20260503_175226\varnames.dfm		dfm	TfrmVarNames	dxBarManager1.dxBarDBNavPrev1	dxBarDBNavPrev1	TdxBarDBNavButton			Glyph.Data	single		svg	326	0	0	0	0							9affc86233a3c5214b39371064995d1a618b6351e5fc4ea3fcc737d5adee7301	images\9affc86233a3c5214b39371064995d1a618b6351e5fc4ea3fcc737d5adee7301.svg
C:\Projects\DB\ORM3\CLIENT\__dfm_backup_20260503_175226\varnames.dfm		dfm	TfrmVarNames	dxBarManager1.dxBarDBNavNext1	dxBarDBNavNext1	TdxBarDBNavButton			Glyph.Data	single		svg	326	0	0	0	0							31c86d717e300180306624b9f136bc00ee9996221aef9eb76e66c80b91008bf7	images\31c86d717e300180306624b9f136bc00ee9996221aef9eb76e66c80b91008bf7.svg
C:\Projects\DB\ORM3\CLIENT\__dfm_backup_20260503_175226\varnames.dfm		dfm	TfrmVarNames	dxBarManager1.dxBarDBNavLast1	dxBarDBNavLast1	TdxBarDBNavButton			Glyph.Data	single		svg	433	0	0	0	0							44036aa63309d06887b4983c8a4fc4e7f96de9af23f3593af004275785272ced	images\44036aa63309d06887b4983c8a4fc4e7f96de9af23f3593af004275785272ced.svg
C:\Projects\DB\ORM3\CLIENT\__dfm_backup_20260503_175226\varnames.dfm		dfm	TfrmVarNames	dxBarManager1.dxBarDBNavInsert1	dxBarDBNavInsert1	TdxBarDBNavButton			Glyph.Data	single		svg	421	0	0	0	0							213250362e820808f9afeae33d37fe36d29446da8156945b7c706b08cd1f8ef6	images\213250362e820808f9afeae33d37fe36d29446da8156945b7c706b08cd1f8ef6.svg
C:\Projects\DB\ORM3\CLIENT\__dfm_backup_20260503_175226\varnames.dfm		dfm	TfrmVarNames	dxBarManager1.dxBarDBNavDelete1	dxBarDBNavDelete1	TdxBarDBNavButton			Glyph.Data	single		svg	331	0	0	0	0							3426812018064253d38559294ae768a24bc1f0e2b55e1155b259650d305523b2	images\3426812018064253d38559294ae768a24bc1f0e2b55e1155b259650d305523b2.svg
C:\Projects\DB\ORM3\CLIENT\__dfm_backup_20260503_175226\varnames.dfm		dfm	TfrmVarNames	dxBarManager1.dxBarDBNavEdit1	dxBarDBNavEdit1	TdxBarDBNavButton			Glyph.Data	single		svg	299	0	0	0	0							d7cef1afe0805720b049c349aa2273488c1eee83041ed56aa0d6d8502f8f2708	images\d7cef1afe0805720b049c349aa2273488c1eee83041ed56aa0d6d8502f8f2708.svg
C:\Projects\DB\ORM3\CLIENT\__dfm_backup_20260503_175226\varnames.dfm		dfm	TfrmVarNames	dxBarManager1.dxBarDBNavPost1	dxBarDBNavPost1	TdxBarDBNavButton			Glyph.Data	single		svg	337	0	0	0	0							8f9b13bab01903aac5c507b4e8cabbe899263cd4f3aa5b9a02b0cf8d69d57e03	images\8f9b13bab01903aac5c507b4e8cabbe899263cd4f3aa5b9a02b0cf8d69d57e03.svg
C:\Projects\DB\ORM3\CLIENT\__dfm_backup_20260503_175226\varnames.dfm		dfm	TfrmVarNames	dxBarManager1.dxBarDBNavCancel1	dxBarDBNavCancel1	TdxBarDBNavButton			Glyph.Data	single		svg	581	0	0	0	0							0bf670167728fb629118e442f19cb6d896033afa8289ac7bed141f4aa7ee9093	images\0bf670167728fb629118e442f19cb6d896033afa8289ac7bed141f4aa7ee9093.svg
C:\Projects\DB\ORM3\CLIENT\__dfm_backup_20260503_175226\varnames.dfm		dfm	TfrmVarNames	dxBarManager1.dxBarDBNavRefresh1	dxBarDBNavRefresh1	TdxBarDBNavButton			Glyph.Data	single		svg	426	0	0	0	0							fe976aa73cfd0d6bdb8e57cba9f19670367d0f5a0ad38d7ed106e3af5b2d2eae	images\fe976aa73cfd0d6bdb8e57cba9f19670367d0f5a0ad38d7ed106e3af5b2d2eae.svg
C:\Projects\DB\ORM3\CLIENT\__dfm_backup_20260503_175226\varnames.dfm		dfm	TfrmVarNames	dxBarManager1.dxBarDBNavAppend1	dxBarDBNavAppend1	TdxBarDBNavButton			Glyph.Data	single		svg	370	0	0	0	0							1cc652cdffa3e7adfface918a6fcea8f0c700fc11ba39682e14b71de2890a6ba	images\1cc652cdffa3e7adfface918a6fcea8f0c700fc11ba39682e14b71de2890a6ba.svg
C:\Projects\DB\ORM3\CLIENT\__dfm_backup_20260503_175226\Z14SLCT.dfm		dfm	TZ14slctFrm		Z14slctFrm	TZ14slctFrm	Z14slct		Icon.Data	single		ico	766	0	0	0	0							ff66307bd79fe7ed8b4531ae81ef3204cb3be14d8de48ef8f75f7f95693b8981	images\ff66307bd79fe7ed8b4531ae81ef3204cb3be14d8de48ef8f75f7f95693b8981.ico
C:\Projects\DB\ORM3\CLIENT\__dfm_backup_20260503_175226\Z14SLCT.dfm		dfm	TZ14slctFrm	cxGroupBox3.btn_Cancel	btn_Cancel	TcxButton			OptionsImage.Glyph.Data	single		svg	409	0	0	0	0							d54e369bf2fe3347b79188a2797c38f2614c670a5bcd39d3d37ad80869232793	images\d54e369bf2fe3347b79188a2797c38f2614c670a5bcd39d3d37ad80869232793.svg
C:\Projects\DB\ORM3\CLIENT\__dfm_backup_20260503_175226\Z14SLCT.dfm		dfm	TZ14slctFrm	cxGroupBox3.btn_Ok	btn_Ok	TcxButton			OptionsImage.Glyph.Data	single		svg	311	0	0	0	0							ab2833c13bab5dcf5c52f24bf054fc6b3ced8666064942a91cc8b758a6e53202	images\ab2833c13bab5dcf5c52f24bf054fc6b3ced8666064942a91cc8b758a6e53202.svg
C:\Projects\DB\ORM3\CLIENT\__dfm_backup_20260503_175226\Z19OSelect.dfm		dfm	TfrmZ19OSelect		frmZ19OSelect	TfrmZ19OSelect	Z19OSelect		Icon.Data	single		ico	51262	0	0	0	0							adad2bc51732dcd9f6ba266123714c98295a19dc1825ce265486b70b67ab3b62	images\adad2bc51732dcd9f6ba266123714c98295a19dc1825ce265486b70b67ab3b62.ico
C:\Projects\DB\ORM3\CLIENT\__dfm_backup_20260503_175226\Z19OSelect.dfm		dfm	TfrmZ19OSelect	dxBarManager1.btnExit	btnExit	TdxBarButton			Glyph.Data	single		bmp	1078	16	16	32	0					1		d1f5d5f839df61eb3317ff82c09de63b57e908669df38bd26a96a6dd5b8d7ad7	images\d1f5d5f839df61eb3317ff82c09de63b57e908669df38bd26a96a6dd5b8d7ad7.bmp
C:\Projects\DB\ORM3\CLIENT\__dfm_backup_20260503_175226\Z19OSelect.dfm		dfm	TfrmZ19OSelect	dxBarManager1.btnMaximize	btnMaximize	TdxBarButton			Glyph.Data	single		bmp	1078	16	16	32	0					1		d979d0b7b77a3576b3ea07e84c5ebda63b9ff26d22cf4e477f50474bd456c113	images\d979d0b7b77a3576b3ea07e84c5ebda63b9ff26d22cf4e477f50474bd456c113.bmp
C:\Projects\DB\ORM3\CLIENT\__dfm_backup_20260503_175226\z19Slct.dfm		dfm	TZ19slctFrm		Z19slctFrm	TZ19slctFrm	z19Slct		Icon.Data	single		ico	1150	0	0	0	0							87829c566615525191dec99da56caf00d42442aaa72a701af21d38cb4d4598be	images\87829c566615525191dec99da56caf00d42442aaa72a701af21d38cb4d4598be.ico
C:\Projects\DB\ORM3\CLIENT\__dfm_backup_20260503_175226\z19Slct.dfm		dfm	TZ19slctFrm	cxGroupBox3.btn_Cancel	btn_Cancel	TcxButton			OptionsImage.Glyph.Data	single		svg	409	0	0	0	0							d54e369bf2fe3347b79188a2797c38f2614c670a5bcd39d3d37ad80869232793	images\d54e369bf2fe3347b79188a2797c38f2614c670a5bcd39d3d37ad80869232793.svg
C:\Projects\DB\ORM3\CLIENT\__dfm_backup_20260503_175226\z19Slct.dfm		dfm	TZ19slctFrm	cxGroupBox3.btn_Ok	btn_Ok	TcxButton			OptionsImage.Glyph.Data	single		svg	311	0	0	0	0							ab2833c13bab5dcf5c52f24bf054fc6b3ced8666064942a91cc8b758a6e53202	images\ab2833c13bab5dcf5c52f24bf054fc6b3ced8666064942a91cc8b758a6e53202.svg
C:\Projects\DB\ORM3\COMMON\SetupDefaults.dfm	SetupDefaults.pas	dfm	TdlgSetupDefaults		dlgSetupDefaults	TdlgSetupDefaults	uSetupDefaultsFrm		Icon.Data	single		ico	1150	0	0	0	0							87829c566615525191dec99da56caf00d42442aaa72a701af21d38cb4d4598be	images\87829c566615525191dec99da56caf00d42442aaa72a701af21d38cb4d4598be.ico
C:\Projects\DB\ORM3\COMMON\SetupDefaults.dfm	SetupDefaults.pas	dfm	TdlgSetupDefaults	dxRibbon1	dxRibbon1	TdxRibbon			ApplicationButton.Glyph.Data	single		svg	6695	0	0	0	0							2ef16cbae2e702e3cf172d62899bb51ec4f9892d4331aa3c11102588eed9dfd6	images\2ef16cbae2e702e3cf172d62899bb51ec4f9892d4331aa3c11102588eed9dfd6.svg
C:\Projects\DB\ORM3\COMMON\SetupDefaults.dfm	SetupDefaults.pas	dfm	TdlgSetupDefaults	dxRibbon1	dxRibbon1	TdxRibbon			BackgroundImage.Data	single		svg	6695	0	0	0	0							2ef16cbae2e702e3cf172d62899bb51ec4f9892d4331aa3c11102588eed9dfd6	images\2ef16cbae2e702e3cf172d62899bb51ec4f9892d4331aa3c11102588eed9dfd6.svg
C:\Projects\DB\ORM3\COMMON\SetupDefaults.dfm	SetupDefaults.pas	dfm	TdlgSetupDefaults	Panel1.cxImage1	cxImage1	TcxImage			Picture.Data	single	TdxSmartImage		6709	0	0	0	0							322222c79f9dffa7339c7209ff1871c6e9446c4d93317cc49750f7a08e23ff38	images\322222c79f9dffa7339c7209ff1871c6e9446c4d93317cc49750f7a08e23ff38.bin
C:\Projects\DB\ORM3\COMMON\SetupDefaults.dfm	SetupDefaults.pas	dfm	TdlgSetupDefaults	OvcNotebook1.cxTabSheet1.edtFPDefaultLimits	edtFPDefaultLimits	TOvcNumberEdit			ButtonGlyph.Data	single		bmp	334	11	11	16	0					1		ce63b9d610d13e2c79f4f55cfa8d9ba43ba1a397fed73be375873f63f88bc27e	images\ce63b9d610d13e2c79f4f55cfa8d9ba43ba1a397fed73be375873f63f88bc27e.bmp
C:\Projects\DB\ORM3\COMMON\SetupDefaults.dfm	SetupDefaults.pas	dfm	TdlgSetupDefaults	dxBarManager1.btnExit	btnExit	TdxBarLargeButton			Glyph.Data	single		svg	3033	0	0	0	0							39e5933d6f88188b2c66d8c653d769e7684d9a23c349e93e39b61c6384fc2a9e	images\39e5933d6f88188b2c66d8c653d769e7684d9a23c349e93e39b61c6384fc2a9e.svg
C:\Projects\DB\ORM3\COMMON\SetupDefaults.dfm	SetupDefaults.pas	dfm	TdlgSetupDefaults	dxBarManager1.btnExit	btnExit	TdxBarLargeButton			LargeGlyph.Data	single		svg	3033	0	0	0	0							39e5933d6f88188b2c66d8c653d769e7684d9a23c349e93e39b61c6384fc2a9e	images\39e5933d6f88188b2c66d8c653d769e7684d9a23c349e93e39b61c6384fc2a9e.svg
C:\Projects\DB\ORM3\COMMON\SetupDefaults.dfm	SetupDefaults.pas	dfm	TdlgSetupDefaults	dxBarManager1.btnExit	btnExit	TdxBarLargeButton			HotGlyph.Data	single		svg	3033	0	0	0	0							39e5933d6f88188b2c66d8c653d769e7684d9a23c349e93e39b61c6384fc2a9e	images\39e5933d6f88188b2c66d8c653d769e7684d9a23c349e93e39b61c6384fc2a9e.svg
C:\Projects\DB\ORM3\COMMON\SetupDefaults.dfm	SetupDefaults.pas	dfm	TdlgSetupDefaults	dxBarManager1.btnCancel	btnCancel	TdxBarLargeButton			Glyph.Data	single		svg	1125	0	0	0	0							4780018cc1b819c19827d7e966443a762408f21b94521faebebd19b89c6a084f	images\4780018cc1b819c19827d7e966443a762408f21b94521faebebd19b89c6a084f.svg
C:\Projects\DB\ORM3\COMMON\SetupDefaults.dfm	SetupDefaults.pas	dfm	TdlgSetupDefaults	dxBarManager1.btnCancel	btnCancel	TdxBarLargeButton			LargeGlyph.Data	single		svg	1125	0	0	0	0							4780018cc1b819c19827d7e966443a762408f21b94521faebebd19b89c6a084f	images\4780018cc1b819c19827d7e966443a762408f21b94521faebebd19b89c6a084f.svg
C:\Projects\DB\ORM3\COMMON\SetupDefaults.dfm	SetupDefaults.pas	dfm	TdlgSetupDefaults	dxBarManager1.btnCancel	btnCancel	TdxBarLargeButton			HotGlyph.Data	single		svg	1125	0	0	0	0							4780018cc1b819c19827d7e966443a762408f21b94521faebebd19b89c6a084f	images\4780018cc1b819c19827d7e966443a762408f21b94521faebebd19b89c6a084f.svg
